{
"type": "FeatureCollection",
"name": "New_HP_Tehsil_Boundary",
"crs": { "type": "name", "properties": { "name": "urn:ogc:def:crs:OGC:1.3:CRS84" } },
"features": [
{ "type": "Feature", "properties": { "ID_0": 105, "ISO": "IND", "NAME_0": "India", "ID_1": 13, "NAME_1": "Himachal Pradesh", "ID_2": 187, "NAME_2": "Bilaspur", "ID_3": 575, "NAME_3": "Bilaspur", "CCN_3": 0, "CCA_3": null, "TYPE_3": "Taluk", "ENGTYPE_3": "Taluk", "NL_NAME_3": null, "VARNAME_3": null }, "geometry": { "type": "Polygon", "coordinates": [ [ [ 76.861389160156307, 31.357749938964901 ], [ 76.861648559570256, 31.357128143310661 ], [ 76.861488342285156, 31.353031158447266 ], [ 76.862976074218693, 31.349380493164119 ], [ 76.867561340331974, 31.343650817871151 ], [ 76.861686706542969, 31.334699630737418 ], [ 76.865882873535156, 31.330780029296875 ], [ 76.880661010742301, 31.322561264038086 ], [ 76.889877319335881, 31.319501876831055 ], [ 76.898582458496151, 31.319860458374023 ], [ 76.904991149902344, 31.317119598388615 ], [ 76.908752441406193, 31.306850433349609 ], [ 76.913681030273551, 31.305620193481559 ], [ 76.906356811523494, 31.292850494384879 ], [ 76.901977539062557, 31.287559509277401 ], [ 76.89599609375, 31.284530639648494 ], [ 76.890426635742301, 31.283620834350586 ], [ 76.8843994140625, 31.281570434570312 ], [ 76.881942749023494, 31.277141571044979 ], [ 76.885070800781364, 31.271551132202262 ], [ 76.882369995117244, 31.268209457397461 ], [ 76.875679016113338, 31.269569396972656 ], [ 76.868026733398494, 31.266260147094783 ], [ 76.862136840820369, 31.265481948852596 ], [ 76.857711791992244, 31.260339736938533 ], [ 76.85282135009777, 31.249769210815487 ], [ 76.856170654296875, 31.249679565429801 ], [ 76.860191345214901, 31.238779067993221 ], [ 76.869346618652401, 31.227329254150391 ], [ 76.859748840332031, 31.221990585327092 ], [ 76.846580505371037, 31.222249984741211 ], [ 76.835617065429744, 31.227199554443416 ], [ 76.830558776855412, 31.233150482177848 ], [ 76.82364654541027, 31.235370635986385 ], [ 76.817115783691463, 31.229621887207145 ], [ 76.8125, 31.229379653930664 ], [ 76.811630249023551, 31.228889465332145 ], [ 76.804389953613395, 31.231819152832031 ], [ 76.799156188964901, 31.231609344482479 ], [ 76.793807983398438, 31.233789443969727 ], [ 76.784919738769645, 31.229690551757812 ], [ 76.764961242675781, 31.223800659179688 ], [ 76.760848999023494, 31.23042106628418 ], [ 76.753890991210938, 31.231500625610352 ], [ 76.743576049804631, 31.231849670410213 ], [ 76.735038757324219, 31.236522674560604 ], [ 76.731216430664062, 31.239799499511719 ], [ 76.724029541015682, 31.242750167846793 ], [ 76.718521118164119, 31.243440628051871 ], [ 76.714607238769531, 31.237590789794865 ], [ 76.708763122558651, 31.233499526977653 ], [ 76.699119567871207, 31.229440689086971 ], [ 76.691680908203239, 31.227199554443416 ], [ 76.685913085937557, 31.224340438842773 ], [ 76.680068969726506, 31.220268249511832 ], [ 76.657897949218864, 31.218399047851676 ], [ 76.650260925293082, 31.215419769287223 ], [ 76.635421752929801, 31.212980270385856 ], [ 76.634147644042969, 31.215339660644645 ], [ 76.624526977539176, 31.221040725708065 ], [ 76.625946044921875, 31.227090835571289 ], [ 76.616256713867244, 31.229440689086971 ], [ 76.58676910400402, 31.216060638427734 ], [ 76.580612182617244, 31.216352462768612 ], [ 76.579353332519474, 31.220489501953239 ], [ 76.575965881347656, 31.225788116455078 ], [ 76.582527160644588, 31.230949401855582 ], [ 76.584709167480469, 31.239641189575138 ], [ 76.592681884765739, 31.246150970459098 ], [ 76.601615905761832, 31.250909805297852 ], [ 76.570503234863338, 31.280149459838981 ], [ 76.552246093750114, 31.264852523803825 ], [ 76.545921325683707, 31.255880355835018 ], [ 76.534950256347656, 31.255350112915096 ], [ 76.532646179199219, 31.266511917114371 ], [ 76.534812927246151, 31.272331237793026 ], [ 76.537170410156364, 31.283950805664119 ], [ 76.531227111816463, 31.283540725708008 ], [ 76.52789306640625, 31.269960403442326 ], [ 76.518112182617301, 31.262310028076229 ], [ 76.514282226562614, 31.264501571655387 ], [ 76.516586303711051, 31.277389526367188 ], [ 76.514266967773551, 31.283079147338867 ], [ 76.510910034179688, 31.282619476318359 ], [ 76.503402709961051, 31.277889251708984 ], [ 76.498237609863395, 31.273290634155387 ], [ 76.48858642578125, 31.27340126037592 ], [ 76.483207702636832, 31.284271240234375 ], [ 76.479728698730526, 31.289102554321289 ], [ 76.47564697265625, 31.292200088501033 ], [ 76.475059509277344, 31.298999786376896 ], [ 76.472450256347713, 31.306699752807617 ], [ 76.466712951660213, 31.310211181640625 ], [ 76.462089538574219, 31.30681037902832 ], [ 76.451011657714844, 31.296209335327148 ], [ 76.445777893066463, 31.289709091186467 ], [ 76.431137084961051, 31.282840728759766 ], [ 76.428497314453125, 31.289230346679688 ], [ 76.435806274414119, 31.294639587402401 ], [ 76.445587158203182, 31.300411224365291 ], [ 76.448272705078239, 31.305990219116268 ], [ 76.437446594238224, 31.317422866821403 ], [ 76.428016662597713, 31.325180053711051 ], [ 76.418167114257926, 31.337310791015625 ], [ 76.412849426269474, 31.347658157348633 ], [ 76.408836364746037, 31.353748321533146 ], [ 76.399246215820426, 31.365470886230412 ], [ 76.391052246093864, 31.378631591796818 ], [ 76.37924957275402, 31.391170501708984 ], [ 76.390396118164062, 31.397331237792912 ], [ 76.381629943847656, 31.410619735717887 ], [ 76.382362365722656, 31.415559768676758 ], [ 76.381576538085938, 31.424371719360408 ], [ 76.384590148925895, 31.429529190063533 ], [ 76.403076171875114, 31.415180206298828 ], [ 76.420776367187557, 31.414119720459041 ], [ 76.4273681640625, 31.417459487915039 ], [ 76.434806823730469, 31.419298171997184 ], [ 76.445503234863281, 31.425010681152344 ], [ 76.452590942382869, 31.426908493041992 ], [ 76.455757141113224, 31.427038192748967 ], [ 76.456497192382926, 31.423240661621207 ], [ 76.461311340332031, 31.417720794677791 ], [ 76.4674072265625, 31.41415977478033 ], [ 76.474639892578068, 31.411508560180664 ], [ 76.481536865234375, 31.402549743652401 ], [ 76.484672546386776, 31.39529991149908 ], [ 76.494720458984375, 31.392770767212028 ], [ 76.511909484863338, 31.375930786132926 ], [ 76.516242980957031, 31.369541168213004 ], [ 76.523193359375057, 31.370809555053711 ], [ 76.528038024902457, 31.365810394287109 ], [ 76.528617858886662, 31.360460281372127 ], [ 76.535568237304744, 31.355350494384822 ], [ 76.543586730957088, 31.355060577392692 ], [ 76.547622680664119, 31.349531173706112 ], [ 76.55832672119152, 31.330659866333008 ], [ 76.560256958007926, 31.319780349731445 ], [ 76.568153381347656, 31.316850662231559 ], [ 76.576927185058594, 31.317369461059627 ], [ 76.585678100585938, 31.309141159057731 ], [ 76.580467224121207, 31.29612922668457 ], [ 76.5843505859375, 31.294349670410156 ], [ 76.59287261962902, 31.296020507812614 ], [ 76.601036071777401, 31.295381546020508 ], [ 76.602355957031307, 31.289970397949219 ], [ 76.600059509277401, 31.282791137695369 ], [ 76.602806091308707, 31.272729873657283 ], [ 76.6080322265625, 31.269849777221793 ], [ 76.614616394043082, 31.272140502929744 ], [ 76.619819641113281, 31.270469665527457 ], [ 76.629776000976562, 31.265350341796875 ], [ 76.640663146972713, 31.257570266723576 ], [ 76.653442382812557, 31.257499694824332 ], [ 76.666671752929801, 31.259620666503849 ], [ 76.673843383789119, 31.263690948486442 ], [ 76.685913085937557, 31.281690597534123 ], [ 76.686050415039119, 31.287559509277401 ], [ 76.68155670166027, 31.29791069030756 ], [ 76.681777954101506, 31.305570602416992 ], [ 76.694252014160213, 31.309059143066406 ], [ 76.708229064941463, 31.302589416503906 ], [ 76.715301513671989, 31.292869567871094 ], [ 76.724617004394588, 31.298440933227539 ], [ 76.734062194824219, 31.308830261230412 ], [ 76.736831665039119, 31.316539764404411 ], [ 76.737266540527457, 31.323839187622127 ], [ 76.733978271484432, 31.334030151367188 ], [ 76.733467102050724, 31.33916091918951 ], [ 76.737075805664176, 31.337480545043888 ], [ 76.739295959472713, 31.340879440307617 ], [ 76.736747741699219, 31.35214805603033 ], [ 76.728012084960994, 31.359529495239315 ], [ 76.715682983398551, 31.364040374755803 ], [ 76.712303161621037, 31.368980407714901 ], [ 76.71720123291027, 31.383890151977539 ], [ 76.720748901367188, 31.38743972778326 ], [ 76.726753234863395, 31.389900207519531 ], [ 76.737220764160213, 31.390520095825195 ], [ 76.740097045898551, 31.392190933227653 ], [ 76.737556457519588, 31.396970748901424 ], [ 76.743026733398438, 31.399600982666072 ], [ 76.744781494140625, 31.401729583740291 ], [ 76.7481689453125, 31.409259796142578 ], [ 76.75461578369152, 31.412990570068416 ], [ 76.761726379394531, 31.413209915161076 ], [ 76.787872314453125, 31.407171249389762 ], [ 76.787483215332031, 31.410921096801701 ], [ 76.785362243652344, 31.41604042053234 ], [ 76.785270690918026, 31.422079086303654 ], [ 76.789649963378963, 31.425811767578125 ], [ 76.797515869140739, 31.426921844482479 ], [ 76.801986694335938, 31.423519134521598 ], [ 76.809852600097713, 31.421480178833065 ], [ 76.813529968261832, 31.423770904541016 ], [ 76.819511413574219, 31.424789428710881 ], [ 76.831428527832088, 31.419240951538086 ], [ 76.844696044921875, 31.416170120239315 ], [ 76.855346679687443, 31.416362762451172 ], [ 76.866065979003906, 31.415130615234375 ], [ 76.868438720703182, 31.404500961303825 ], [ 76.86905670166027, 31.391630172729549 ], [ 76.862266540527344, 31.388629913330192 ], [ 76.854820251464844, 31.387910842895565 ], [ 76.850723266601676, 31.384380340576229 ], [ 76.856346130371094, 31.377960205078182 ], [ 76.861289978027344, 31.370571136474609 ], [ 76.859466552734432, 31.364070892333984 ], [ 76.861389160156307, 31.357749938964901 ] ] ] } },
{ "type": "Feature", "properties": { "ID_0": 105, "ISO": "IND", "NAME_0": "India", "ID_1": 13, "NAME_1": "Himachal Pradesh", "ID_2": 187, "NAME_2": "Bilaspur", "ID_3": 576, "NAME_3": "Ghumarwin", "CCN_3": 0, "CCA_3": null, "TYPE_3": "Taluk", "ENGTYPE_3": "Taluk", "NL_NAME_3": null, "VARNAME_3": null }, "geometry": { "type": "Polygon", "coordinates": [ [ [ 76.77060699462902, 31.50592041015625 ], [ 76.771713256835994, 31.504768371582031 ], [ 76.774620056152457, 31.497640609741211 ], [ 76.771339416503963, 31.487180709838867 ], [ 76.777618408203182, 31.482389450073242 ], [ 76.783432006836051, 31.479270935058651 ], [ 76.784042358398438, 31.467710494995117 ], [ 76.787956237793026, 31.459869384765739 ], [ 76.788726806640739, 31.454580307006893 ], [ 76.784027099609375, 31.45482063293457 ], [ 76.782669067382926, 31.448780059814453 ], [ 76.789207458496094, 31.443479537963867 ], [ 76.79132080078125, 31.436098098754826 ], [ 76.788459777832031, 31.429960250854492 ], [ 76.789649963378963, 31.425811767578125 ], [ 76.785270690918026, 31.422079086303654 ], [ 76.785362243652344, 31.41604042053234 ], [ 76.787483215332031, 31.410921096801701 ], [ 76.787872314453125, 31.407171249389762 ], [ 76.761726379394531, 31.413209915161076 ], [ 76.75461578369152, 31.412990570068416 ], [ 76.7481689453125, 31.409259796142578 ], [ 76.744781494140625, 31.401729583740291 ], [ 76.743026733398438, 31.399600982666072 ], [ 76.737556457519588, 31.396970748901424 ], [ 76.740097045898551, 31.392190933227653 ], [ 76.737220764160213, 31.390520095825195 ], [ 76.726753234863395, 31.389900207519531 ], [ 76.720748901367188, 31.38743972778326 ], [ 76.71720123291027, 31.383890151977539 ], [ 76.712303161621037, 31.368980407714901 ], [ 76.715682983398551, 31.364040374755803 ], [ 76.728012084960994, 31.359529495239315 ], [ 76.736747741699219, 31.35214805603033 ], [ 76.739295959472713, 31.340879440307617 ], [ 76.737075805664176, 31.337480545043888 ], [ 76.733467102050724, 31.33916091918951 ], [ 76.733978271484432, 31.334030151367188 ], [ 76.737266540527457, 31.323839187622127 ], [ 76.736831665039119, 31.316539764404411 ], [ 76.734062194824219, 31.308830261230412 ], [ 76.724617004394588, 31.298440933227539 ], [ 76.715301513671989, 31.292869567871094 ], [ 76.708229064941463, 31.302589416503906 ], [ 76.694252014160213, 31.309059143066406 ], [ 76.681777954101506, 31.305570602416992 ], [ 76.68155670166027, 31.29791069030756 ], [ 76.686050415039119, 31.287559509277401 ], [ 76.685913085937557, 31.281690597534123 ], [ 76.673843383789119, 31.263690948486442 ], [ 76.666671752929801, 31.259620666503849 ], [ 76.653442382812557, 31.257499694824332 ], [ 76.640663146972713, 31.257570266723576 ], [ 76.629776000976562, 31.265350341796875 ], [ 76.619819641113281, 31.270469665527457 ], [ 76.614616394043082, 31.272140502929744 ], [ 76.6080322265625, 31.269849777221793 ], [ 76.602806091308707, 31.272729873657283 ], [ 76.600059509277401, 31.282791137695369 ], [ 76.602355957031307, 31.289970397949219 ], [ 76.601036071777401, 31.295381546020508 ], [ 76.59287261962902, 31.296020507812614 ], [ 76.5843505859375, 31.294349670410156 ], [ 76.580467224121207, 31.29612922668457 ], [ 76.585678100585938, 31.309141159057731 ], [ 76.576927185058594, 31.317369461059627 ], [ 76.568153381347656, 31.316850662231559 ], [ 76.560256958007926, 31.319780349731445 ], [ 76.55832672119152, 31.330659866333008 ], [ 76.547622680664119, 31.349531173706112 ], [ 76.543586730957088, 31.355060577392692 ], [ 76.535568237304744, 31.355350494384822 ], [ 76.528617858886662, 31.360460281372127 ], [ 76.528038024902457, 31.365810394287109 ], [ 76.523193359375057, 31.370809555053711 ], [ 76.516242980957031, 31.369541168213004 ], [ 76.511909484863338, 31.375930786132926 ], [ 76.494720458984375, 31.392770767212028 ], [ 76.484672546386776, 31.39529991149908 ], [ 76.481536865234375, 31.402549743652401 ], [ 76.474639892578068, 31.411508560180664 ], [ 76.4674072265625, 31.41415977478033 ], [ 76.461311340332031, 31.417720794677791 ], [ 76.456497192382926, 31.423240661621207 ], [ 76.455757141113224, 31.427038192748967 ], [ 76.45761871337902, 31.427089691162166 ], [ 76.459396362304688, 31.433429718017692 ], [ 76.45941162109375, 31.442859649658203 ], [ 76.464920043945256, 31.444528579711914 ], [ 76.463790893554688, 31.447469711303711 ], [ 76.457000732421932, 31.446760177612362 ], [ 76.450225830078068, 31.448999404907283 ], [ 76.452117919921989, 31.451419830322266 ], [ 76.456146240234318, 31.461320877075195 ], [ 76.444458007812614, 31.475772857666129 ], [ 76.438423156738281, 31.485750198364258 ], [ 76.444610595703182, 31.488630294799918 ], [ 76.449699401855469, 31.486690521240178 ], [ 76.453247070312614, 31.483180999755916 ], [ 76.469963073730526, 31.473411560058707 ], [ 76.477661132812614, 31.472099304199162 ], [ 76.485496520996207, 31.471820831298828 ], [ 76.498703002929688, 31.463020324707088 ], [ 76.503311157226562, 31.470609664917049 ], [ 76.511367797851619, 31.46366119384777 ], [ 76.518569946289062, 31.464008331298828 ], [ 76.520278930664062, 31.457281112670955 ], [ 76.539642333984489, 31.44457054138195 ], [ 76.542648315429744, 31.441629409789982 ], [ 76.546173095703068, 31.432149887085075 ], [ 76.557998657226506, 31.434610366821289 ], [ 76.575332641601676, 31.425020217895621 ], [ 76.578979492187443, 31.428569793701172 ], [ 76.587593078613281, 31.425069808960075 ], [ 76.593917846679688, 31.423971176147575 ], [ 76.599876403808651, 31.421609878540039 ], [ 76.603523254394645, 31.426441192626953 ], [ 76.601791381835994, 31.434200286865348 ], [ 76.610893249511719, 31.441730499267578 ], [ 76.61279296875, 31.448062896728572 ], [ 76.595756530761662, 31.472690582275447 ], [ 76.593490600585938, 31.493459701538086 ], [ 76.604766845703125, 31.517562866210994 ], [ 76.604812622070369, 31.523309707641602 ], [ 76.606185913085994, 31.530691146850643 ], [ 76.602302551269531, 31.535451889038143 ], [ 76.602043151855582, 31.542350769042969 ], [ 76.599739074707145, 31.54977989196783 ], [ 76.604736328125, 31.560060501098746 ], [ 76.602157592773494, 31.568468093872013 ], [ 76.607406616210938, 31.576240539550724 ], [ 76.608116149902457, 31.576370239257926 ], [ 76.617897033691406, 31.578371047973746 ], [ 76.629981994628963, 31.59008979797369 ], [ 76.640586853027287, 31.586980819702205 ], [ 76.652107238769588, 31.585710525512752 ], [ 76.658447265625057, 31.588291168213004 ], [ 76.666465759277457, 31.589960098266715 ], [ 76.670318603515739, 31.596000671386776 ], [ 76.690628051757869, 31.601829528808594 ], [ 76.714225769042969, 31.590070724487418 ], [ 76.715049743652401, 31.588310241699219 ], [ 76.716567993164119, 31.585119247436637 ], [ 76.716377258300838, 31.575859069824162 ], [ 76.713645935058594, 31.566709518432617 ], [ 76.720237731933651, 31.565670013427734 ], [ 76.714546203613395, 31.558490753173885 ], [ 76.715599060058594, 31.549510955810604 ], [ 76.721519470214844, 31.542768478393668 ], [ 76.720092773437614, 31.535869598388786 ], [ 76.725090026855469, 31.527980804443416 ], [ 76.722190856933707, 31.52511024475109 ], [ 76.718208312988224, 31.522869110107536 ], [ 76.72625732421875, 31.520839691162109 ], [ 76.732566833496094, 31.521810531616325 ], [ 76.748558044433594, 31.522249221801871 ], [ 76.752456665039119, 31.523109436035213 ], [ 76.757881164550724, 31.519130706787109 ], [ 76.77060699462902, 31.50592041015625 ] ] ] } },
{ "type": "Feature", "properties": { "ID_0": 105, "ISO": "IND", "NAME_0": "India", "ID_1": 13, "NAME_1": "Himachal Pradesh", "ID_2": 188, "NAME_2": "Chamba", "ID_3": 577, "NAME_3": "Brahmaur", "CCN_3": 0, "CCA_3": null, "TYPE_3": "Taluk", "ENGTYPE_3": "Taluk", "NL_NAME_3": null, "VARNAME_3": null }, "geometry": { "type": "Polygon", "coordinates": [ [ [ 76.447929382324332, 32.250411987304744 ], [ 76.442558288574332, 32.256809234619197 ], [ 76.433761596679744, 32.263679504394531 ], [ 76.424606323242244, 32.267311096191406 ], [ 76.41703033447277, 32.264759063720703 ], [ 76.408660888671875, 32.26609039306652 ], [ 76.403793334960994, 32.281490325927734 ], [ 76.391258239746207, 32.284328460693473 ], [ 76.36319732666027, 32.298690795898551 ], [ 76.357406616210938, 32.303840637207145 ], [ 76.347946166992301, 32.318740844726676 ], [ 76.339897155761776, 32.328041076660213 ], [ 76.341293334961051, 32.332489013671989 ], [ 76.329978942871151, 32.340629577636776 ], [ 76.322639465332031, 32.343978881835938 ], [ 76.324729919433537, 32.347869873046932 ], [ 76.327217102050781, 32.350151062011776 ], [ 76.342041015625114, 32.354530334472713 ], [ 76.339836120605469, 32.369152069091854 ], [ 76.335319519043026, 32.382701873779411 ], [ 76.337768554687557, 32.389171600341854 ], [ 76.342041015625114, 32.395870208740348 ], [ 76.352012634277344, 32.40692138671875 ], [ 76.358276367187614, 32.412620544433594 ], [ 76.368560791015739, 32.424518585205192 ], [ 76.374603271484432, 32.433231353759822 ], [ 76.378005981445312, 32.442661285400391 ], [ 76.377899169921989, 32.447940826416129 ], [ 76.368560791015739, 32.452751159668026 ], [ 76.357208251953125, 32.452671051025447 ], [ 76.350296020507812, 32.450599670410156 ], [ 76.348182678222599, 32.459629058837834 ], [ 76.345848083496207, 32.463970184326286 ], [ 76.339797973632756, 32.468029022216797 ], [ 76.342826843261832, 32.472808837890682 ], [ 76.353332519531193, 32.475971221923942 ], [ 76.364585876464787, 32.477771759033203 ], [ 76.373016357421875, 32.480361938476562 ], [ 76.374862670898551, 32.492309570312614 ], [ 76.379302978515625, 32.497451782226676 ], [ 76.398681640625114, 32.507659912109375 ], [ 76.408622741699332, 32.517089843750114 ], [ 76.406196594238281, 32.531768798828239 ], [ 76.407463073730582, 32.547248840332145 ], [ 76.410621643066406, 32.553241729736442 ], [ 76.410041809082031, 32.561538696289176 ], [ 76.406906127929801, 32.571529388427848 ], [ 76.410140991211051, 32.583599090576115 ], [ 76.409759521484489, 32.592861175537166 ], [ 76.404975891113395, 32.599658966064453 ], [ 76.407188415527344, 32.599658966064453 ], [ 76.419357299804688, 32.601970672607422 ], [ 76.426872253418026, 32.615219116210938 ], [ 76.426086425781307, 32.622322082519588 ], [ 76.423690795898551, 32.629589080810547 ], [ 76.413261413574219, 32.643169403076172 ], [ 76.417556762695426, 32.650840759277287 ], [ 76.426040649414062, 32.660659790039119 ], [ 76.435028076171875, 32.656070709228629 ], [ 76.447586059570312, 32.653850555419922 ], [ 76.475471496582031, 32.663230895996037 ], [ 76.487342834472713, 32.666210174560547 ], [ 76.49997711181652, 32.668128967285213 ], [ 76.505386352539062, 32.667079925537166 ], [ 76.513603210449219, 32.659019470214957 ], [ 76.521926879882926, 32.657119750976676 ], [ 76.533370971679801, 32.659542083740234 ], [ 76.559013366699219, 32.650859832763729 ], [ 76.576911926269531, 32.643840789795036 ], [ 76.580032348632869, 32.632228851318473 ], [ 76.586898803710994, 32.627101898193359 ], [ 76.586662292480469, 32.618869781494254 ], [ 76.587806701660156, 32.611831665039119 ], [ 76.592216491699276, 32.607700347900391 ], [ 76.59934234619152, 32.606060028076286 ], [ 76.614852905273438, 32.604530334472656 ], [ 76.612266540527401, 32.599681854248047 ], [ 76.608192443847656, 32.587688446044979 ], [ 76.608650207519588, 32.580020904541016 ], [ 76.613311767578068, 32.575710296630916 ], [ 76.622383117675838, 32.577510833740234 ], [ 76.632843017578182, 32.581909179687557 ], [ 76.65228271484375, 32.573890686035213 ], [ 76.663719177246094, 32.571640014648551 ], [ 76.672882080078125, 32.572158813476619 ], [ 76.688888549804688, 32.574909210205135 ], [ 76.693367004394645, 32.571189880371151 ], [ 76.692436218261832, 32.563049316406364 ], [ 76.689979553222599, 32.556011199951172 ], [ 76.68424224853527, 32.548049926757812 ], [ 76.69061279296875, 32.545230865478629 ], [ 76.698326110839957, 32.539878845214844 ], [ 76.708168029785156, 32.553852081298771 ], [ 76.714927673339957, 32.556808471679631 ], [ 76.7230224609375, 32.562431335449276 ], [ 76.729957580566463, 32.559928894043026 ], [ 76.737007141113338, 32.559490203857479 ], [ 76.741127014160156, 32.560150146484432 ], [ 76.751029968261719, 32.549140930175895 ], [ 76.755729675293082, 32.552639007568416 ], [ 76.764869689941463, 32.55430984497076 ], [ 76.775695800781307, 32.54595947265625 ], [ 76.778907775878906, 32.539001464843807 ], [ 76.785400390625, 32.536029815673885 ], [ 76.792366027832145, 32.535598754882926 ], [ 76.798233032226619, 32.536930084228516 ], [ 76.805076599121151, 32.539600372314453 ], [ 76.811302185058594, 32.540401458740291 ], [ 76.813591003417969, 32.532821655273438 ], [ 76.822586059570312, 32.528308868408203 ], [ 76.832046508789176, 32.530899047851562 ], [ 76.84014892578125, 32.534149169921875 ], [ 76.849182128906307, 32.535362243652401 ], [ 76.856697082519531, 32.533512115478572 ], [ 76.855018615722656, 32.529201507568473 ], [ 76.857551574707088, 32.523731231689453 ], [ 76.866561889648551, 32.521942138671875 ], [ 76.863067626953182, 32.519081115722656 ], [ 76.859298706054801, 32.511810302734375 ], [ 76.853561401367244, 32.506240844726676 ], [ 76.848587036132869, 32.498249053955135 ], [ 76.846443176269531, 32.491539001464957 ], [ 76.840629577636832, 32.485031127929801 ], [ 76.837272644042969, 32.478321075439396 ], [ 76.839225769043026, 32.471569061279354 ], [ 76.842620849609375, 32.466541290283203 ], [ 76.848815917968864, 32.463191986084098 ], [ 76.840896606445312, 32.458160400390739 ], [ 76.831039428710994, 32.449871063232536 ], [ 76.819091796875114, 32.443309783935604 ], [ 76.807701110839844, 32.439109802246207 ], [ 76.797569274902344, 32.429611206054688 ], [ 76.794937133789062, 32.420639038085938 ], [ 76.786605834960994, 32.414192199707031 ], [ 76.7705078125, 32.408260345459098 ], [ 76.7684326171875, 32.392059326171875 ], [ 76.769378662109375, 32.384010314941406 ], [ 76.771621704101506, 32.376689910888672 ], [ 76.766555786132869, 32.371292114257869 ], [ 76.761947631835938, 32.364109039306641 ], [ 76.756980895996094, 32.361541748046875 ], [ 76.742813110351506, 32.362091064453125 ], [ 76.737815856933707, 32.360321044921989 ], [ 76.741043090820426, 32.353858947753849 ], [ 76.746932983398494, 32.347309112548828 ], [ 76.756622314453182, 32.341239929199332 ], [ 76.760818481445369, 32.334918975830078 ], [ 76.762847900390568, 32.328861236572322 ], [ 76.769515991210881, 32.318759918212947 ], [ 76.764282226562557, 32.314750671386832 ], [ 76.755966186523551, 32.310649871826286 ], [ 76.758895874023438, 32.30271148681652 ], [ 76.760063171386776, 32.293231964111385 ], [ 76.754631042480582, 32.283828735351676 ], [ 76.763626098632812, 32.270191192627067 ], [ 76.759719848632869, 32.263679504394531 ], [ 76.753799438476619, 32.256198883056697 ], [ 76.755012512207145, 32.252529144287109 ], [ 76.762176513671932, 32.250759124755973 ], [ 76.755493164062557, 32.244689941406307 ], [ 76.75714111328125, 32.229381561279411 ], [ 76.755287170410213, 32.223419189453125 ], [ 76.750442504882756, 32.216251373290959 ], [ 76.744888305664176, 32.209331512451286 ], [ 76.738708496093807, 32.205612182617301 ], [ 76.723838806152401, 32.190879821777401 ], [ 76.721221923828239, 32.189899444580192 ], [ 76.712387084960994, 32.193340301513786 ], [ 76.705047607421818, 32.197769165039119 ], [ 76.697761535644645, 32.200691223144645 ], [ 76.693443298339844, 32.200859069824332 ], [ 76.682487487793082, 32.198970794677791 ], [ 76.677360534668082, 32.192089080810547 ], [ 76.671882629394531, 32.187808990478629 ], [ 76.666603088378963, 32.18180084228527 ], [ 76.657546997070426, 32.181110382080192 ], [ 76.650093078613395, 32.182361602783203 ], [ 76.643569946289119, 32.185329437255973 ], [ 76.609199523925838, 32.194511413574276 ], [ 76.597763061523494, 32.201080322265568 ], [ 76.591949462890568, 32.208869934082145 ], [ 76.583702087402457, 32.216770172119254 ], [ 76.574226379394531, 32.223030090332031 ], [ 76.5565185546875, 32.227569580078239 ], [ 76.54862213134777, 32.22703933715826 ], [ 76.540756225585994, 32.230838775634822 ], [ 76.532600402832145, 32.230361938476619 ], [ 76.510139465332031, 32.235069274902344 ], [ 76.508598327636662, 32.239501953125057 ], [ 76.497650146484432, 32.234649658203068 ], [ 76.48858642578125, 32.235080718994254 ], [ 76.47869873046875, 32.245090484619141 ], [ 76.473182678222656, 32.247470855713004 ], [ 76.466262817382812, 32.253639221191463 ], [ 76.460617065429744, 32.249740600585938 ], [ 76.454246520996094, 32.249511718750114 ], [ 76.447929382324332, 32.250411987304744 ] ] ] } },
{ "type": "Feature", "properties": { "ID_0": 105, "ISO": "IND", "NAME_0": "India", "ID_1": 13, "NAME_1": "Himachal Pradesh", "ID_2": 188, "NAME_2": "Chamba", "ID_3": 578, "NAME_3": "Chamba", "CCN_3": 0, "CCA_3": null, "TYPE_3": "Taluk", "ENGTYPE_3": "Taluk", "NL_NAME_3": null, "VARNAME_3": null }, "geometry": { "type": "Polygon", "coordinates": [ [ [ 76.259498596191349, 32.375499725341911 ], [ 76.257461547851562, 32.376609802246094 ], [ 76.250640869140682, 32.374900817871094 ], [ 76.245796203613281, 32.380840301513786 ], [ 76.243492126464844, 32.394149780273438 ], [ 76.238746643066406, 32.395450592041072 ], [ 76.226737976074219, 32.394580841064396 ], [ 76.207283020019531, 32.396579742431697 ], [ 76.204200744628906, 32.394920349121094 ], [ 76.199638366699219, 32.399600982666016 ], [ 76.192901611328239, 32.400669097900504 ], [ 76.180816650390682, 32.410308837890739 ], [ 76.174896240234432, 32.412422180175724 ], [ 76.166419982910099, 32.412448883056697 ], [ 76.158622741699219, 32.418109893798828 ], [ 76.14005279541027, 32.423240661621207 ], [ 76.135002136230469, 32.421089172363338 ], [ 76.128097534179688, 32.421401977539062 ], [ 76.121360778808707, 32.427009582519588 ], [ 76.115020751953182, 32.438411712646598 ], [ 76.109619140625, 32.445812225341854 ], [ 76.108116149902344, 32.451110839843864 ], [ 76.104187011718864, 32.454021453857479 ], [ 76.096336364746151, 32.457038879394645 ], [ 76.094017028808651, 32.46006011962902 ], [ 76.092140197753963, 32.469532012939567 ], [ 76.089118957519645, 32.475910186767635 ], [ 76.08780670166027, 32.483718872070426 ], [ 76.082305908203068, 32.486259460449219 ], [ 76.073570251464844, 32.484111785888729 ], [ 76.064506530761832, 32.485168457031307 ], [ 76.057357788085938, 32.487949371337947 ], [ 76.04498291015625, 32.487289428710994 ], [ 76.036628723144588, 32.490531921386776 ], [ 76.033859252929631, 32.497589111328182 ], [ 76.022315979003963, 32.517478942871207 ], [ 76.019805908203125, 32.524681091308651 ], [ 76.001060485839844, 32.524200439453125 ], [ 76.000297546386719, 32.528610229492188 ], [ 76.001052856445256, 32.537528991699332 ], [ 76.004936218261776, 32.551158905029411 ], [ 76.004173278808651, 32.561061859130973 ], [ 75.998931884765739, 32.571090698242301 ], [ 75.997261047363281, 32.577701568603516 ], [ 75.999252319335994, 32.586929321289176 ], [ 76.003532409667912, 32.593441009521541 ], [ 75.997756958007926, 32.600479125976506 ], [ 75.988739013671932, 32.607009887695312 ], [ 75.983787536621151, 32.607219696045036 ], [ 75.988296508789062, 32.610759735107479 ], [ 75.988601684570426, 32.616271972656364 ], [ 75.992210388183651, 32.620079040527457 ], [ 75.998435974121094, 32.623119354248047 ], [ 76.002243041992188, 32.631118774414119 ], [ 76.001342773437557, 32.637310028076229 ], [ 75.998336791992301, 32.643611907959041 ], [ 76.001083374023438, 32.647602081298885 ], [ 76.01035308837902, 32.654430389404297 ], [ 76.016799926757869, 32.664691925048828 ], [ 76.022026062011662, 32.669589996338004 ], [ 76.037986755371151, 32.681320190429801 ], [ 76.056343078613395, 32.699932098388786 ], [ 76.067436218261719, 32.714019775390625 ], [ 76.074508666992188, 32.709201812744197 ], [ 76.079460144042969, 32.700538635253963 ], [ 76.086471557617301, 32.691761016845703 ], [ 76.093032836914062, 32.685668945312557 ], [ 76.098297119140739, 32.679119110107536 ], [ 76.105529785156364, 32.675220489501953 ], [ 76.111549377441406, 32.673091888427734 ], [ 76.117523193359432, 32.674190521240348 ], [ 76.131599426269588, 32.675258636474666 ], [ 76.138236999511719, 32.677162170410099 ], [ 76.147529602050724, 32.681869506836051 ], [ 76.155899047851676, 32.675991058349666 ], [ 76.173187255859432, 32.689491271972713 ], [ 76.176567077636719, 32.688739776611328 ], [ 76.191192626953239, 32.688400268554801 ], [ 76.229537963867301, 32.680438995361442 ], [ 76.260627746582145, 32.672031402587947 ], [ 76.262802124023438, 32.666610717773551 ], [ 76.266403198242188, 32.660930633544979 ], [ 76.272750854492244, 32.656311035156364 ], [ 76.281440734863281, 32.651611328125 ], [ 76.28948974609375, 32.642742156982422 ], [ 76.296340942382812, 32.63975906372076 ], [ 76.311576843261719, 32.635959625244197 ], [ 76.319488525390682, 32.629219055175838 ], [ 76.323699951171932, 32.630699157714901 ], [ 76.336517333984489, 32.629779815673828 ], [ 76.352012634277344, 32.637969970703182 ], [ 76.350410461425838, 32.629970550537109 ], [ 76.355926513671932, 32.628551483154354 ], [ 76.356216430664062, 32.626220703125114 ], [ 76.360038757324219, 32.623859405517578 ], [ 76.357986450195369, 32.619670867919922 ], [ 76.362342834472656, 32.617450714111385 ], [ 76.367439270019645, 32.617191314697266 ], [ 76.36820220947277, 32.613430023193416 ], [ 76.3760986328125, 32.609840393066406 ], [ 76.383277893066349, 32.608680725097599 ], [ 76.380187988281364, 32.603031158447379 ], [ 76.381980895996094, 32.600040435791016 ], [ 76.391036987304744, 32.597221374511832 ], [ 76.400222778320426, 32.595829010009766 ], [ 76.402847290039119, 32.600589752197266 ], [ 76.404975891113395, 32.599658966064453 ], [ 76.409759521484489, 32.592861175537166 ], [ 76.410140991211051, 32.583599090576115 ], [ 76.406906127929801, 32.571529388427848 ], [ 76.410041809082031, 32.561538696289176 ], [ 76.410621643066406, 32.553241729736442 ], [ 76.407463073730582, 32.547248840332145 ], [ 76.406196594238281, 32.531768798828239 ], [ 76.408622741699332, 32.517089843750114 ], [ 76.398681640625114, 32.507659912109375 ], [ 76.379302978515625, 32.497451782226676 ], [ 76.374862670898551, 32.492309570312614 ], [ 76.373016357421875, 32.480361938476562 ], [ 76.364585876464787, 32.477771759033203 ], [ 76.353332519531193, 32.475971221923942 ], [ 76.342826843261832, 32.472808837890682 ], [ 76.339797973632756, 32.468029022216797 ], [ 76.345848083496207, 32.463970184326286 ], [ 76.348182678222599, 32.459629058837834 ], [ 76.350296020507812, 32.450599670410156 ], [ 76.357208251953125, 32.452671051025447 ], [ 76.368560791015739, 32.452751159668026 ], [ 76.377899169921989, 32.447940826416129 ], [ 76.378005981445312, 32.442661285400391 ], [ 76.374603271484432, 32.433231353759822 ], [ 76.368560791015739, 32.424518585205192 ], [ 76.358276367187614, 32.412620544433594 ], [ 76.352012634277344, 32.40692138671875 ], [ 76.342041015625114, 32.395870208740348 ], [ 76.337768554687557, 32.389171600341854 ], [ 76.335319519043026, 32.382701873779411 ], [ 76.339836120605469, 32.369152069091854 ], [ 76.342041015625114, 32.354530334472713 ], [ 76.327217102050781, 32.350151062011776 ], [ 76.324729919433537, 32.347869873046932 ], [ 76.322639465332031, 32.343978881835938 ], [ 76.329978942871151, 32.340629577636776 ], [ 76.341293334961051, 32.332489013671989 ], [ 76.339897155761776, 32.328041076660213 ], [ 76.3323974609375, 32.32720947265625 ], [ 76.322715759277401, 32.327590942382812 ], [ 76.314903259277401, 32.333889007568473 ], [ 76.30950927734375, 32.337120056152344 ], [ 76.301033020019645, 32.338661193847656 ], [ 76.293235778808707, 32.341510772705192 ], [ 76.285980224609489, 32.338989257812443 ], [ 76.27899169921875, 32.341419219970703 ], [ 76.271476745605582, 32.357810974121207 ], [ 76.270339965820426, 32.364761352539062 ], [ 76.268066406250114, 32.36912918090826 ], [ 76.259498596191349, 32.375499725341911 ] ] ] } },
{ "type": "Feature", "properties": { "ID_0": 105, "ISO": "IND", "NAME_0": "India", "ID_1": 13, "NAME_1": "Himachal Pradesh", "ID_2": 188, "NAME_2": "Chamba", "ID_3": 579, "NAME_3": "Chaurah", "CCN_3": 0, "CCA_3": null, "TYPE_3": "Taluk", "ENGTYPE_3": "Taluk", "NL_NAME_3": null, "VARNAME_3": null }, "geometry": { "type": "Polygon", "coordinates": [ [ [ 76.360290527343807, 32.820510864257869 ], [ 76.358322143554688, 32.810741424560661 ], [ 76.358657836914176, 32.797630310058651 ], [ 76.368370056152457, 32.793159484863281 ], [ 76.370201110839901, 32.785171508789062 ], [ 76.368049621582031, 32.775520324707145 ], [ 76.386810302734432, 32.738632202148438 ], [ 76.386810302734432, 32.728511810302848 ], [ 76.401123046875057, 32.720489501953125 ], [ 76.408782958984489, 32.713378906250114 ], [ 76.412536621093807, 32.707160949707031 ], [ 76.414176940917912, 32.699939727783317 ], [ 76.41229248046875, 32.692630767822322 ], [ 76.409751892089957, 32.689270019531307 ], [ 76.413810729980469, 32.68408203125 ], [ 76.419136047363224, 32.679290771484375 ], [ 76.422836303710994, 32.67710113525402 ], [ 76.429359436035213, 32.675441741943416 ], [ 76.426040649414062, 32.660659790039119 ], [ 76.417556762695426, 32.650840759277287 ], [ 76.413261413574219, 32.643169403076172 ], [ 76.423690795898551, 32.629589080810547 ], [ 76.426086425781307, 32.622322082519588 ], [ 76.426872253418026, 32.615219116210938 ], [ 76.419357299804688, 32.601970672607422 ], [ 76.407188415527344, 32.599658966064453 ], [ 76.404975891113395, 32.599658966064453 ], [ 76.402847290039119, 32.600589752197266 ], [ 76.400222778320426, 32.595829010009766 ], [ 76.391036987304744, 32.597221374511832 ], [ 76.381980895996094, 32.600040435791016 ], [ 76.380187988281364, 32.603031158447379 ], [ 76.383277893066349, 32.608680725097599 ], [ 76.3760986328125, 32.609840393066406 ], [ 76.36820220947277, 32.613430023193416 ], [ 76.367439270019645, 32.617191314697266 ], [ 76.362342834472656, 32.617450714111385 ], [ 76.357986450195369, 32.619670867919922 ], [ 76.360038757324219, 32.623859405517578 ], [ 76.356216430664062, 32.626220703125114 ], [ 76.355926513671932, 32.628551483154354 ], [ 76.350410461425838, 32.629970550537109 ], [ 76.352012634277344, 32.637969970703182 ], [ 76.336517333984489, 32.629779815673828 ], [ 76.323699951171932, 32.630699157714901 ], [ 76.319488525390682, 32.629219055175838 ], [ 76.311576843261719, 32.635959625244197 ], [ 76.296340942382812, 32.63975906372076 ], [ 76.28948974609375, 32.642742156982422 ], [ 76.281440734863281, 32.651611328125 ], [ 76.272750854492244, 32.656311035156364 ], [ 76.266403198242188, 32.660930633544979 ], [ 76.262802124023438, 32.666610717773551 ], [ 76.260627746582145, 32.672031402587947 ], [ 76.229537963867301, 32.680438995361442 ], [ 76.191192626953239, 32.688400268554801 ], [ 76.176567077636719, 32.688739776611328 ], [ 76.173187255859432, 32.689491271972713 ], [ 76.155899047851676, 32.675991058349666 ], [ 76.147529602050724, 32.681869506836051 ], [ 76.138236999511719, 32.677162170410099 ], [ 76.131599426269588, 32.675258636474666 ], [ 76.117523193359432, 32.674190521240348 ], [ 76.111549377441406, 32.673091888427734 ], [ 76.105529785156364, 32.675220489501953 ], [ 76.098297119140739, 32.679119110107536 ], [ 76.093032836914062, 32.685668945312557 ], [ 76.086471557617301, 32.691761016845703 ], [ 76.079460144042969, 32.700538635253963 ], [ 76.074508666992188, 32.709201812744197 ], [ 76.067436218261719, 32.714019775390625 ], [ 76.07218170166027, 32.719799041748047 ], [ 76.078521728515625, 32.725250244140625 ], [ 76.085258483886776, 32.734420776367188 ], [ 76.108947753906364, 32.751350402831974 ], [ 76.117218017578125, 32.758651733398438 ], [ 76.122177124023438, 32.764228820800838 ], [ 76.121246337890625, 32.771080017089901 ], [ 76.116676330566406, 32.775089263916129 ], [ 76.109489440918026, 32.776390075683594 ], [ 76.103942871093807, 32.775402069091854 ], [ 76.099639892578239, 32.771011352539062 ], [ 76.092788696289006, 32.766391754150391 ], [ 76.084587097167912, 32.763271331787053 ], [ 76.082756042480526, 32.767501831054744 ], [ 76.085189819335938, 32.772701263427791 ], [ 76.085456848144588, 32.777839660644645 ], [ 76.086662292480582, 32.781509399414062 ], [ 76.083236694336051, 32.789421081543026 ], [ 76.088516235351619, 32.799499511718807 ], [ 76.083732604980526, 32.803630828857479 ], [ 76.078872680664006, 32.802959442138672 ], [ 76.065658569336051, 32.795200347900447 ], [ 76.05423736572277, 32.795639038085938 ], [ 76.038566589355582, 32.804019927978572 ], [ 76.030731201171932, 32.805080413818359 ], [ 76.021507263183594, 32.807579040527457 ], [ 76.000312805175781, 32.807460784912166 ], [ 75.988800048828239, 32.811729431152401 ], [ 75.983383178710994, 32.815879821777344 ], [ 75.967620849609489, 32.8319091796875 ], [ 75.948837280273438, 32.847629547119141 ], [ 75.941558837890625, 32.858741760253849 ], [ 75.93377685546875, 32.884311676025447 ], [ 75.939552307128963, 32.884220123291016 ], [ 75.945770263671875, 32.885139465332088 ], [ 75.983200073242244, 32.900402069091911 ], [ 75.987419128418026, 32.900581359863338 ], [ 75.997528076171932, 32.909370422363338 ], [ 76.004631042480582, 32.914009094238395 ], [ 76.013511657714844, 32.915939331054801 ], [ 76.017189025878963, 32.91764068603527 ], [ 76.021171569824276, 32.924430847168026 ], [ 76.023651123046932, 32.931579589843864 ], [ 76.028076171875114, 32.937438964843807 ], [ 76.042602539062614, 32.940238952636719 ], [ 76.050399780273551, 32.944271087646598 ], [ 76.054466247558594, 32.950969696044922 ], [ 76.065879821777457, 32.957981109619254 ], [ 76.069999694824276, 32.962219238281307 ], [ 76.078346252441406, 32.966072082519645 ], [ 76.082206726074276, 32.96879959106451 ], [ 76.085670471191463, 32.975009918212891 ], [ 76.091239929199332, 32.992752075195369 ], [ 76.094558715820312, 33.000320434570312 ], [ 76.093688964843864, 33.004829406738395 ], [ 76.107322692871094, 33.007888793945256 ], [ 76.115966796875057, 33.008590698242244 ], [ 76.120491027832031, 33.010421752929688 ], [ 76.128196716308651, 33.01008224487299 ], [ 76.143890380859489, 33.016479492187443 ], [ 76.152236938476619, 33.022899627685547 ], [ 76.188301086425895, 33.027580261230469 ], [ 76.216156005859489, 33.028572082519588 ], [ 76.230461120605582, 33.000930786132869 ], [ 76.238128662109318, 32.991050720214957 ], [ 76.24533843994152, 32.988788604736328 ], [ 76.251747131347713, 32.989269256591911 ], [ 76.25638580322277, 32.990558624267635 ], [ 76.302673339843807, 32.976951599121207 ], [ 76.315582275390625, 32.977668762207088 ], [ 76.323860168457088, 32.975318908691406 ], [ 76.331336975097713, 32.97052001953125 ], [ 76.33966064453125, 32.953811645507869 ], [ 76.328392028808594, 32.947299957275504 ], [ 76.324058532714901, 32.942562103271428 ], [ 76.324859619140739, 32.93585205078125 ], [ 76.32871246337902, 32.932392120361385 ], [ 76.334251403808707, 32.93003082275402 ], [ 76.33841705322277, 32.922420501709041 ], [ 76.345268249511832, 32.919021606445312 ], [ 76.352882385253963, 32.917209625244141 ], [ 76.365631103515682, 32.908969879150504 ], [ 76.368476867675838, 32.902439117431697 ], [ 76.361442565918026, 32.888408660888672 ], [ 76.35626220703125, 32.87284088134777 ], [ 76.35349273681652, 32.869308471679744 ], [ 76.344276428222713, 32.864738464355526 ], [ 76.340812683105469, 32.857212066650447 ], [ 76.34881591796875, 32.854808807373161 ], [ 76.354522705078125, 32.851921081542969 ], [ 76.356636047363281, 32.84799957275402 ], [ 76.352256774902344, 32.843780517578182 ], [ 76.349212646484432, 32.839160919189567 ], [ 76.348747253418082, 32.825790405273438 ], [ 76.360290527343807, 32.820510864257869 ] ] ] } },
{ "type": "Feature", "properties": { "ID_0": 105, "ISO": "IND", "NAME_0": "India", "ID_1": 13, "NAME_1": "Himachal Pradesh", "ID_2": 188, "NAME_2": "Chamba", "ID_3": 580, "NAME_3": "Dalhousie", "CCN_3": 0, "CCA_3": null, "TYPE_3": "Taluk", "ENGTYPE_3": "Taluk", "NL_NAME_3": null, "VARNAME_3": "Bhattiyat" }, "geometry": { "type": "Polygon", "coordinates": [ [ [ 76.204200744628906, 32.394920349121094 ], [ 76.201072692871207, 32.388618469238281 ], [ 76.195472717285156, 32.379970550537166 ], [ 76.18985748291027, 32.37506103515625 ], [ 76.182891845703182, 32.370121002197379 ], [ 76.174263000488281, 32.366100311279354 ], [ 76.161430358886832, 32.358020782470703 ], [ 76.150596618652344, 32.354808807373104 ], [ 76.153861999511719, 32.352039337158317 ], [ 76.154747009277457, 32.34677886962902 ], [ 76.157669067382812, 32.341331481933594 ], [ 76.156982421875057, 32.338539123535213 ], [ 76.153808593750114, 32.333660125732479 ], [ 76.152557373046875, 32.327510833740234 ], [ 76.149909973144588, 32.323768615722656 ], [ 76.144660949707145, 32.319000244140625 ], [ 76.146842956543026, 32.313961029052734 ], [ 76.147041320800838, 32.299282073974609 ], [ 76.151252746582088, 32.289951324462947 ], [ 76.152290344238395, 32.284809112548885 ], [ 76.157539367675838, 32.28136062622076 ], [ 76.165771484375057, 32.277969360351562 ], [ 76.170867919921875, 32.273849487304744 ], [ 76.171356201171989, 32.26779937744152 ], [ 76.169136047363281, 32.257400512695312 ], [ 76.164878845214957, 32.24662017822277 ], [ 76.168617248535213, 32.233589172363338 ], [ 76.166107177734432, 32.228599548339844 ], [ 76.161247253418082, 32.226161956787053 ], [ 76.157730102539119, 32.226039886474609 ], [ 76.157142639160213, 32.231842041015625 ], [ 76.152999877929744, 32.238208770751953 ], [ 76.143867492675895, 32.231651306152344 ], [ 76.135147094726562, 32.228351593017635 ], [ 76.128158569335994, 32.226589202880859 ], [ 76.116668701171875, 32.229679107666072 ], [ 76.110488891601676, 32.229549407959098 ], [ 76.107040405273551, 32.229511260986385 ], [ 76.109542846679801, 32.236240386963004 ], [ 76.107986450195369, 32.24303054809576 ], [ 76.108535766601619, 32.252490997314396 ], [ 76.104179382324332, 32.257881164550895 ], [ 76.094566345214844, 32.259681701660156 ], [ 76.083946228027401, 32.264629364013729 ], [ 76.078147888183594, 32.269458770751896 ], [ 76.070953369140682, 32.272098541259879 ], [ 76.062797546386832, 32.272201538086051 ], [ 76.05657958984375, 32.269920349121207 ], [ 76.031806945800781, 32.265281677246151 ], [ 76.02587890625, 32.269901275634766 ], [ 76.015502929687614, 32.271369934082088 ], [ 76.011001586914062, 32.279510498046875 ], [ 76.001373291015739, 32.291671752929801 ], [ 76.001167297363338, 32.299690246581974 ], [ 76.004142761230469, 32.304229736328239 ], [ 76.005462646484375, 32.312900543213004 ], [ 76.007949829101562, 32.319110870361328 ], [ 76.007942199707031, 32.321620941162166 ], [ 76.000061035156364, 32.318931579589957 ], [ 76.002426147460938, 32.325389862060547 ], [ 76.006248474121094, 32.331459045410213 ], [ 76.004035949707088, 32.338680267334098 ], [ 75.989509582519588, 32.354862213134879 ], [ 75.984275817871094, 32.364341735839957 ], [ 75.975616455078182, 32.376270294189396 ], [ 75.963569641113338, 32.385681152343864 ], [ 75.958831787109432, 32.391498565673942 ], [ 75.951751708984432, 32.392459869384879 ], [ 75.943367004394588, 32.390819549560547 ], [ 75.931617736816349, 32.392780303955135 ], [ 75.921981811523494, 32.396049499511719 ], [ 75.91916656494152, 32.401111602783203 ], [ 75.911109924316463, 32.409191131591854 ], [ 75.915420532226562, 32.410259246826172 ], [ 75.925926208496094, 32.411781311035213 ], [ 75.93216705322277, 32.416820526123104 ], [ 75.934631347656364, 32.424758911132926 ], [ 75.931411743164176, 32.430789947509879 ], [ 75.9244384765625, 32.438980102539062 ], [ 75.915496826171932, 32.448699951171875 ], [ 75.895416259765625, 32.461860656738281 ], [ 75.88712310791027, 32.472030639648494 ], [ 75.868766784668026, 32.488681793212891 ], [ 75.855278015136832, 32.499580383300724 ], [ 75.850967407226562, 32.507869720459098 ], [ 75.851387023925781, 32.521308898925895 ], [ 75.856369018554744, 32.537689208984489 ], [ 75.870300292968807, 32.558769226074219 ], [ 75.875450134277401, 32.570861816406364 ], [ 75.872543334960938, 32.576190948486328 ], [ 75.88629150390625, 32.5919189453125 ], [ 75.904586791992188, 32.615219116210938 ], [ 75.91314697265625, 32.609169006347713 ], [ 75.922447204589957, 32.604381561279411 ], [ 75.917022705078182, 32.594039916992188 ], [ 75.928276062011776, 32.591491699218864 ], [ 75.931312561035213, 32.582248687744254 ], [ 75.939765930175895, 32.591941833496094 ], [ 75.950462341308707, 32.591659545898551 ], [ 75.960845947265625, 32.602840423584098 ], [ 75.983787536621151, 32.607219696045036 ], [ 75.988739013671932, 32.607009887695312 ], [ 75.997756958007926, 32.600479125976506 ], [ 76.003532409667912, 32.593441009521541 ], [ 75.999252319335994, 32.586929321289176 ], [ 75.997261047363281, 32.577701568603516 ], [ 75.998931884765739, 32.571090698242301 ], [ 76.004173278808651, 32.561061859130973 ], [ 76.004936218261776, 32.551158905029411 ], [ 76.001052856445256, 32.537528991699332 ], [ 76.000297546386719, 32.528610229492188 ], [ 76.001060485839844, 32.524200439453125 ], [ 76.019805908203125, 32.524681091308651 ], [ 76.022315979003963, 32.517478942871207 ], [ 76.033859252929631, 32.497589111328182 ], [ 76.036628723144588, 32.490531921386776 ], [ 76.04498291015625, 32.487289428710994 ], [ 76.057357788085938, 32.487949371337947 ], [ 76.064506530761832, 32.485168457031307 ], [ 76.073570251464844, 32.484111785888729 ], [ 76.082305908203068, 32.486259460449219 ], [ 76.08780670166027, 32.483718872070426 ], [ 76.089118957519645, 32.475910186767635 ], [ 76.092140197753963, 32.469532012939567 ], [ 76.094017028808651, 32.46006011962902 ], [ 76.096336364746151, 32.457038879394645 ], [ 76.104187011718864, 32.454021453857479 ], [ 76.108116149902344, 32.451110839843864 ], [ 76.109619140625, 32.445812225341854 ], [ 76.115020751953182, 32.438411712646598 ], [ 76.121360778808707, 32.427009582519588 ], [ 76.128097534179688, 32.421401977539062 ], [ 76.135002136230469, 32.421089172363338 ], [ 76.14005279541027, 32.423240661621207 ], [ 76.158622741699219, 32.418109893798828 ], [ 76.166419982910099, 32.412448883056697 ], [ 76.174896240234432, 32.412422180175724 ], [ 76.180816650390682, 32.410308837890739 ], [ 76.192901611328239, 32.400669097900504 ], [ 76.199638366699219, 32.399600982666016 ], [ 76.204200744628906, 32.394920349121094 ] ] ] } },
{ "type": "Feature", "properties": { "ID_0": 105, "ISO": "IND", "NAME_0": "India", "ID_1": 13, "NAME_1": "Himachal Pradesh", "ID_2": 188, "NAME_2": "Chamba", "ID_3": 581, "NAME_3": "Pangi", "CCN_3": 0, "CCA_3": null, "TYPE_3": "Taluk", "ENGTYPE_3": "Taluk", "NL_NAME_3": null, "VARNAME_3": null }, "geometry": { "type": "Polygon", "coordinates": [ [ [ 76.729866027832031, 33.179431915283317 ], [ 76.728836059570426, 33.159599304199276 ], [ 76.726562500000114, 33.155441284179744 ], [ 76.730445861816406, 33.149681091308651 ], [ 76.731079101562557, 33.140998840332145 ], [ 76.729942321777401, 33.131462097168082 ], [ 76.727935791015568, 33.126659393310547 ], [ 76.723052978515682, 33.121871948242244 ], [ 76.723365783691349, 33.115901947021598 ], [ 76.720191955566463, 33.107540130615348 ], [ 76.718032836914062, 33.097930908203125 ], [ 76.719589233398438, 33.090820312500114 ], [ 76.718215942382756, 33.084030151367188 ], [ 76.719833374023494, 33.076400756835938 ], [ 76.726165771484489, 33.065151214599723 ], [ 76.728248596191463, 33.054580688476676 ], [ 76.737953186035213, 33.045700073242188 ], [ 76.736640930175838, 33.039890289306641 ], [ 76.740020751953125, 33.038082122802848 ], [ 76.739181518554801, 33.026760101318416 ], [ 76.745056152343864, 33.019458770751953 ], [ 76.751289367675838, 33.019031524658317 ], [ 76.758110046386719, 33.01593017578125 ], [ 76.755630493164062, 33.011081695556641 ], [ 76.75714111328125, 33.003601074218807 ], [ 76.756072998046932, 33.001800537109375 ], [ 76.756919860839957, 32.995170593261719 ], [ 76.762809753418082, 32.993850708007869 ], [ 76.768173217773551, 32.991508483886719 ], [ 76.769622802734432, 32.989559173584041 ], [ 76.762542724609432, 32.985340118408203 ], [ 76.759208679199332, 32.981880187988338 ], [ 76.762573242187557, 32.969249725341911 ], [ 76.762336730957031, 32.962459564208984 ], [ 76.768096923828182, 32.962829589843864 ], [ 76.773788452148494, 32.962081909179801 ], [ 76.759849548339844, 32.9468994140625 ], [ 76.756278991699276, 32.938919067382869 ], [ 76.750808715820426, 32.937622070312557 ], [ 76.748062133789119, 32.935081481933594 ], [ 76.745857238769645, 32.930961608886776 ], [ 76.727371215820256, 32.927219390869197 ], [ 76.701820373535156, 32.924018859863281 ], [ 76.700675964355469, 32.914798736572322 ], [ 76.700256347656364, 32.891490936279297 ], [ 76.684745788574276, 32.882621765136719 ], [ 76.680541992187557, 32.879440307617244 ], [ 76.679252624511832, 32.872371673583928 ], [ 76.6732177734375, 32.865581512451229 ], [ 76.667793273925838, 32.855369567871094 ], [ 76.661651611328182, 32.853000640869197 ], [ 76.653732299804801, 32.846969604492188 ], [ 76.646957397460994, 32.847511291503906 ], [ 76.639678955078125, 32.849948883056697 ], [ 76.630470275878849, 32.845230102539062 ], [ 76.622962951660213, 32.842971801757812 ], [ 76.612953186035156, 32.844539642333984 ], [ 76.605720520019531, 32.849449157714844 ], [ 76.600799560546932, 32.854278564453182 ], [ 76.595268249511776, 32.855339050292969 ], [ 76.586708068847713, 32.84978103637701 ], [ 76.574180603027457, 32.839199066162109 ], [ 76.558639526367244, 32.829509735107422 ], [ 76.545516967773494, 32.825199127197322 ], [ 76.537277221679744, 32.818370819091911 ], [ 76.529891967773494, 32.813991546630973 ], [ 76.519439697265739, 32.812629699707031 ], [ 76.510307312011662, 32.807819366455135 ], [ 76.496276855468807, 32.804180145263729 ], [ 76.456413269043026, 32.80625152587902 ], [ 76.453140258789062, 32.813442230224553 ], [ 76.454116821289119, 32.821788787841911 ], [ 76.447853088378963, 32.826610565185547 ], [ 76.43994140625, 32.847171783447379 ], [ 76.438552856445426, 32.852909088134879 ], [ 76.426841735839901, 32.854568481445312 ], [ 76.416328430175781, 32.851940155029411 ], [ 76.401206970214787, 32.846141815185604 ], [ 76.393356323242301, 32.842281341552734 ], [ 76.38803863525402, 32.837348937988395 ], [ 76.381896972656364, 32.829608917236442 ], [ 76.376213073730582, 32.823940277099609 ], [ 76.365966796875, 32.822330474853572 ], [ 76.360290527343807, 32.820510864257869 ], [ 76.348747253418082, 32.825790405273438 ], [ 76.349212646484432, 32.839160919189567 ], [ 76.352256774902344, 32.843780517578182 ], [ 76.356636047363281, 32.84799957275402 ], [ 76.354522705078125, 32.851921081542969 ], [ 76.34881591796875, 32.854808807373161 ], [ 76.340812683105469, 32.857212066650447 ], [ 76.344276428222713, 32.864738464355526 ], [ 76.35349273681652, 32.869308471679744 ], [ 76.35626220703125, 32.87284088134777 ], [ 76.361442565918026, 32.888408660888672 ], [ 76.368476867675838, 32.902439117431697 ], [ 76.365631103515682, 32.908969879150504 ], [ 76.352882385253963, 32.917209625244141 ], [ 76.345268249511832, 32.919021606445312 ], [ 76.33841705322277, 32.922420501709041 ], [ 76.334251403808707, 32.93003082275402 ], [ 76.32871246337902, 32.932392120361385 ], [ 76.324859619140739, 32.93585205078125 ], [ 76.324058532714901, 32.942562103271428 ], [ 76.328392028808594, 32.947299957275504 ], [ 76.33966064453125, 32.953811645507869 ], [ 76.331336975097713, 32.97052001953125 ], [ 76.323860168457088, 32.975318908691406 ], [ 76.315582275390625, 32.977668762207088 ], [ 76.302673339843807, 32.976951599121207 ], [ 76.25638580322277, 32.990558624267635 ], [ 76.251747131347713, 32.989269256591911 ], [ 76.24533843994152, 32.988788604736328 ], [ 76.238128662109318, 32.991050720214957 ], [ 76.230461120605582, 33.000930786132869 ], [ 76.216156005859489, 33.028572082519588 ], [ 76.229469299316463, 33.030261993408317 ], [ 76.229789733886719, 33.030830383300781 ], [ 76.237289428710994, 33.032588958740178 ], [ 76.255241394043082, 33.052280426025391 ], [ 76.26751708984375, 33.08610916137701 ], [ 76.271232604980526, 33.096359252929801 ], [ 76.275840759277457, 33.098030090332088 ], [ 76.276870727539062, 33.100631713867188 ], [ 76.275001525878906, 33.103988647461051 ], [ 76.288002014160213, 33.113159179687614 ], [ 76.291946411132812, 33.120208740234489 ], [ 76.306922912597713, 33.127220153808651 ], [ 76.315536499023551, 33.130199432373161 ], [ 76.335586547851676, 33.146270751953182 ], [ 76.352127075195369, 33.154838562011776 ], [ 76.355789184570426, 33.15460205078125 ], [ 76.358856201171989, 33.157501220703182 ], [ 76.360809326171875, 33.162750244140739 ], [ 76.366157531738281, 33.168041229248047 ], [ 76.37351226806652, 33.1734619140625 ], [ 76.379852294921818, 33.176460266113395 ], [ 76.38455963134777, 33.182891845703182 ], [ 76.391677856445256, 33.186691284179744 ], [ 76.400672912597656, 33.18656158447277 ], [ 76.407691955566349, 33.188419342040959 ], [ 76.421775817871207, 33.181808471679801 ], [ 76.429771423339957, 33.182811737060604 ], [ 76.44181060791027, 33.180469512939453 ], [ 76.450202941894645, 33.182918548583984 ], [ 76.455551147461051, 33.183319091796989 ], [ 76.466140747070369, 33.179882049560547 ], [ 76.469062805175895, 33.17990875244152 ], [ 76.488777160644531, 33.190158843994141 ], [ 76.495971679687614, 33.196029663085994 ], [ 76.498832702636832, 33.196689605712891 ], [ 76.505760192871094, 33.195781707763729 ], [ 76.520233154296818, 33.200408935546875 ], [ 76.5341796875, 33.199348449707145 ], [ 76.541961669921989, 33.206771850586051 ], [ 76.547477722168082, 33.209529876709041 ], [ 76.555892944335881, 33.206851959228572 ], [ 76.562950134277287, 33.206180572509766 ], [ 76.567619323730526, 33.207050323486385 ], [ 76.576736450195312, 33.205799102783203 ], [ 76.581901550292969, 33.206871032714844 ], [ 76.586189270019645, 33.204219818115348 ], [ 76.584701538085881, 33.19956207275402 ], [ 76.584037780761776, 33.193069458007926 ], [ 76.587997436523438, 33.189998626708984 ], [ 76.592536926269531, 33.190631866455135 ], [ 76.597328186035156, 33.188030242920036 ], [ 76.598861694335938, 33.183910369873047 ], [ 76.598472595214844, 33.176509857177791 ], [ 76.599586486816406, 33.173759460449276 ], [ 76.612556457519531, 33.165969848632926 ], [ 76.627006530761832, 33.162479400634709 ], [ 76.640747070312614, 33.164680480956974 ], [ 76.651107788085938, 33.171829223632869 ], [ 76.658737182617188, 33.171169281005916 ], [ 76.659446716308707, 33.171112060546989 ], [ 76.660552978515739, 33.171348571777287 ], [ 76.669479370117244, 33.173320770263786 ], [ 76.685272216796875, 33.174041748046875 ], [ 76.693656921386719, 33.177600860595703 ], [ 76.69671630859375, 33.181480407714844 ], [ 76.70847320556652, 33.181301116943416 ], [ 76.714187622070426, 33.177440643310604 ], [ 76.729866027832031, 33.179431915283317 ] ] ] } },
{ "type": "Feature", "properties": { "ID_0": 105, "ISO": "IND", "NAME_0": "India", "ID_1": 13, "NAME_1": "Himachal Pradesh", "ID_2": 188, "NAME_2": "Chamba", "ID_3": 582, "NAME_3": "Saluni", "CCN_3": 0, "CCA_3": null, "TYPE_3": "Taluk", "ENGTYPE_3": "Taluk", "NL_NAME_3": null, "VARNAME_3": null }, "geometry": { "type": "Polygon", "coordinates": [ [ [ 75.983787536621151, 32.607219696045036 ], [ 75.960845947265625, 32.602840423584098 ], [ 75.950462341308707, 32.591659545898551 ], [ 75.939765930175895, 32.591941833496094 ], [ 75.931312561035213, 32.582248687744254 ], [ 75.928276062011776, 32.591491699218864 ], [ 75.917022705078182, 32.594039916992188 ], [ 75.922447204589957, 32.604381561279411 ], [ 75.91314697265625, 32.609169006347713 ], [ 75.904586791992188, 32.615219116210938 ], [ 75.907760620117301, 32.619140625000114 ], [ 75.923622131347656, 32.643699645996151 ], [ 75.925437927246151, 32.654270172119197 ], [ 75.924057006835938, 32.658222198486328 ], [ 75.914756774902401, 32.665931701660156 ], [ 75.905403137207088, 32.672248840332031 ], [ 75.898857116699219, 32.680622100830135 ], [ 75.896575927734375, 32.691059112548885 ], [ 75.899063110351562, 32.700248718261719 ], [ 75.904861450195426, 32.709362030029297 ], [ 75.909835815429801, 32.720939636230526 ], [ 75.914047241211051, 32.742019653320312 ], [ 75.912483215332088, 32.757122039795036 ], [ 75.900062561035213, 32.769859313964787 ], [ 75.88568115234375, 32.795478820800781 ], [ 75.873786926269645, 32.813690185546989 ], [ 75.855239868164119, 32.826141357421875 ], [ 75.837387084961051, 32.83676910400402 ], [ 75.827529907226562, 32.84037017822277 ], [ 75.821060180664062, 32.842761993408317 ], [ 75.815811157226676, 32.847061157226676 ], [ 75.808311462402401, 32.85319900512701 ], [ 75.805511474609489, 32.856140136718807 ], [ 75.795372009277401, 32.869258880615291 ], [ 75.794647216796989, 32.870189666748104 ], [ 75.789833068847713, 32.881401062011832 ], [ 75.789176940917969, 32.88462066650402 ], [ 75.787422180175724, 32.893321990966911 ], [ 75.789878845214957, 32.893981933593864 ], [ 75.793807983398494, 32.897312164306754 ], [ 75.798355102539062, 32.902164459228516 ], [ 75.800003051757926, 32.90391921997076 ], [ 75.8017578125, 32.910270690917969 ], [ 75.798309326171875, 32.91942214965826 ], [ 75.803321838378906, 32.923549652099609 ], [ 75.807952880859432, 32.929790496826115 ], [ 75.821426391601562, 32.933471679687614 ], [ 75.828117370605469, 32.934082031249943 ], [ 75.833892822265682, 32.934600830078239 ], [ 75.850067138671932, 32.931159973144645 ], [ 75.867118835449332, 32.930210113525391 ], [ 75.880897521972656, 32.924770355224723 ], [ 75.900115966796989, 32.915699005126953 ], [ 75.913566589355469, 32.906211853027457 ], [ 75.923233032226506, 32.898090362548942 ], [ 75.93377685546875, 32.884311676025447 ], [ 75.941558837890625, 32.858741760253849 ], [ 75.948837280273438, 32.847629547119141 ], [ 75.967620849609489, 32.8319091796875 ], [ 75.983383178710994, 32.815879821777344 ], [ 75.988800048828239, 32.811729431152401 ], [ 76.000312805175781, 32.807460784912166 ], [ 76.021507263183594, 32.807579040527457 ], [ 76.030731201171932, 32.805080413818359 ], [ 76.038566589355582, 32.804019927978572 ], [ 76.05423736572277, 32.795639038085938 ], [ 76.065658569336051, 32.795200347900447 ], [ 76.078872680664006, 32.802959442138672 ], [ 76.083732604980526, 32.803630828857479 ], [ 76.088516235351619, 32.799499511718807 ], [ 76.083236694336051, 32.789421081543026 ], [ 76.086662292480582, 32.781509399414062 ], [ 76.085456848144588, 32.777839660644645 ], [ 76.085189819335938, 32.772701263427791 ], [ 76.082756042480526, 32.767501831054744 ], [ 76.084587097167912, 32.763271331787053 ], [ 76.092788696289006, 32.766391754150391 ], [ 76.099639892578239, 32.771011352539062 ], [ 76.103942871093807, 32.775402069091854 ], [ 76.109489440918026, 32.776390075683594 ], [ 76.116676330566406, 32.775089263916129 ], [ 76.121246337890625, 32.771080017089901 ], [ 76.122177124023438, 32.764228820800838 ], [ 76.117218017578125, 32.758651733398438 ], [ 76.108947753906364, 32.751350402831974 ], [ 76.085258483886776, 32.734420776367188 ], [ 76.078521728515625, 32.725250244140625 ], [ 76.07218170166027, 32.719799041748047 ], [ 76.067436218261719, 32.714019775390625 ], [ 76.056343078613395, 32.699932098388786 ], [ 76.037986755371151, 32.681320190429801 ], [ 76.022026062011662, 32.669589996338004 ], [ 76.016799926757869, 32.664691925048828 ], [ 76.01035308837902, 32.654430389404297 ], [ 76.001083374023438, 32.647602081298885 ], [ 75.998336791992301, 32.643611907959041 ], [ 76.001342773437557, 32.637310028076229 ], [ 76.002243041992188, 32.631118774414119 ], [ 75.998435974121094, 32.623119354248047 ], [ 75.992210388183651, 32.620079040527457 ], [ 75.988601684570426, 32.616271972656364 ], [ 75.988296508789062, 32.610759735107479 ], [ 75.983787536621151, 32.607219696045036 ] ] ] } },
{ "type": "Feature", "properties": { "ID_0": 105, "ISO": "IND", "NAME_0": "India", "ID_1": 13, "NAME_1": "Himachal Pradesh", "ID_2": 189, "NAME_2": "Hamirpur", "ID_3": 583, "NAME_3": "Barsar", "CCN_3": 0, "CCA_3": null, "TYPE_3": "Taluk", "ENGTYPE_3": "Taluk", "NL_NAME_3": null, "VARNAME_3": null }, "geometry": { "type": "Polygon", "coordinates": [ [ [ 76.444610595703182, 31.488630294799918 ], [ 76.430801391601562, 31.505990982055721 ], [ 76.424789428710994, 31.516580581664982 ], [ 76.421310424804744, 31.524681091308707 ], [ 76.423393249511719, 31.527280807495174 ], [ 76.422462463378963, 31.529920578002987 ], [ 76.424957275390682, 31.539289474487362 ], [ 76.421272277832031, 31.5430908203125 ], [ 76.418136596679801, 31.548091888427848 ], [ 76.393516540527401, 31.592689514160156 ], [ 76.385482788085994, 31.612871170044059 ], [ 76.381027221679688, 31.61602973937994 ], [ 76.387725830078125, 31.621110916137638 ], [ 76.401496887207088, 31.624008178710994 ], [ 76.411170959472656, 31.612970352172852 ], [ 76.418083190918026, 31.602621078491268 ], [ 76.425453186035156, 31.590490341186467 ], [ 76.430526733398551, 31.579109191894531 ], [ 76.441680908203125, 31.580511093139705 ], [ 76.449501037597656, 31.587699890136719 ], [ 76.456779479980469, 31.599630355835075 ], [ 76.46317291259777, 31.604110717773438 ], [ 76.473922729492188, 31.601881027221793 ], [ 76.477821350097713, 31.606540679931697 ], [ 76.479896545410213, 31.612640380859489 ], [ 76.483078002929688, 31.610399246215934 ], [ 76.486717224121094, 31.614250183105469 ], [ 76.492286682128963, 31.612590789794922 ], [ 76.49405670166027, 31.615760803222656 ], [ 76.518280029296989, 31.624219894409293 ], [ 76.514518737792969, 31.635311126708984 ], [ 76.516822814941406, 31.641330718994254 ], [ 76.518249511718807, 31.645111083984375 ], [ 76.518569946289062, 31.656431198120231 ], [ 76.524337768554744, 31.66167068481451 ], [ 76.529838562011776, 31.654539108276481 ], [ 76.532562255859432, 31.644590377807674 ], [ 76.538658142089901, 31.636648178100529 ], [ 76.549468994140625, 31.628999710083065 ], [ 76.565551757812557, 31.610700607299918 ], [ 76.577079772949219, 31.602939605712947 ], [ 76.578369140625114, 31.602760314941406 ], [ 76.593070983886832, 31.600812911987305 ], [ 76.605018615722713, 31.600410461425895 ], [ 76.613601684570369, 31.591762542724723 ], [ 76.608116149902457, 31.576370239257926 ], [ 76.607406616210938, 31.576240539550724 ], [ 76.602157592773494, 31.568468093872013 ], [ 76.604736328125, 31.560060501098746 ], [ 76.599739074707145, 31.54977989196783 ], [ 76.602043151855582, 31.542350769042969 ], [ 76.602302551269531, 31.535451889038143 ], [ 76.606185913085994, 31.530691146850643 ], [ 76.604812622070369, 31.523309707641602 ], [ 76.604766845703125, 31.517562866210994 ], [ 76.593490600585938, 31.493459701538086 ], [ 76.595756530761662, 31.472690582275447 ], [ 76.61279296875, 31.448062896728572 ], [ 76.610893249511719, 31.441730499267578 ], [ 76.601791381835994, 31.434200286865348 ], [ 76.603523254394645, 31.426441192626953 ], [ 76.599876403808651, 31.421609878540039 ], [ 76.593917846679688, 31.423971176147575 ], [ 76.587593078613281, 31.425069808960075 ], [ 76.578979492187443, 31.428569793701172 ], [ 76.575332641601676, 31.425020217895621 ], [ 76.557998657226506, 31.434610366821289 ], [ 76.546173095703068, 31.432149887085075 ], [ 76.542648315429744, 31.441629409789982 ], [ 76.539642333984489, 31.44457054138195 ], [ 76.520278930664062, 31.457281112670955 ], [ 76.518569946289062, 31.464008331298828 ], [ 76.511367797851619, 31.46366119384777 ], [ 76.503311157226562, 31.470609664917049 ], [ 76.498703002929688, 31.463020324707088 ], [ 76.485496520996207, 31.471820831298828 ], [ 76.477661132812614, 31.472099304199162 ], [ 76.469963073730526, 31.473411560058707 ], [ 76.453247070312614, 31.483180999755916 ], [ 76.449699401855469, 31.486690521240178 ], [ 76.444610595703182, 31.488630294799918 ] ] ] } },
{ "type": "Feature", "properties": { "ID_0": 105, "ISO": "IND", "NAME_0": "India", "ID_1": 13, "NAME_1": "Himachal Pradesh", "ID_2": 189, "NAME_2": "Hamirpur", "ID_3": 584, "NAME_3": "Bhoranj", "CCN_3": 0, "CCA_3": null, "TYPE_3": "Taluk", "ENGTYPE_3": "Taluk", "NL_NAME_3": null, "VARNAME_3": null }, "geometry": { "type": "Polygon", "coordinates": [ [ [ 76.608116149902457, 31.576370239257926 ], [ 76.613601684570369, 31.591762542724723 ], [ 76.605018615722713, 31.600410461425895 ], [ 76.593070983886832, 31.600812911987305 ], [ 76.578369140625114, 31.602760314941406 ], [ 76.576019287109432, 31.614040374755973 ], [ 76.577552795410213, 31.625200271606502 ], [ 76.584922790527344, 31.634700775146428 ], [ 76.574516296386776, 31.641380310058651 ], [ 76.569679260253906, 31.646490097045955 ], [ 76.576179504394531, 31.658451080322322 ], [ 76.585357666015682, 31.664619445800838 ], [ 76.592010498046875, 31.667020797729492 ], [ 76.595817565917969, 31.678180694580021 ], [ 76.603286743164119, 31.675359725952262 ], [ 76.610626220703239, 31.681400299072379 ], [ 76.595497131347713, 31.698720932006893 ], [ 76.591957092285156, 31.705799102783317 ], [ 76.601768493652401, 31.70803260803234 ], [ 76.61234283447277, 31.707870483398438 ], [ 76.614456176757756, 31.712221145629996 ], [ 76.610031127929801, 31.718620300293026 ], [ 76.601440429687614, 31.724830627441406 ], [ 76.603202819824162, 31.726560592651424 ], [ 76.612617492675838, 31.727140426635799 ], [ 76.620269775390682, 31.721269607543945 ], [ 76.626670837402344, 31.726840972900391 ], [ 76.628807067871094, 31.735691070556697 ], [ 76.635192871093864, 31.744590759277401 ], [ 76.642616271972713, 31.742481231689453 ], [ 76.651512145996094, 31.741430282592773 ], [ 76.658866882324332, 31.734758377075309 ], [ 76.657211303710938, 31.72445106506359 ], [ 76.661026000976562, 31.717430114746094 ], [ 76.673652648925838, 31.711509704589844 ], [ 76.671936035156307, 31.704139709472713 ], [ 76.677040100097656, 31.70022010803234 ], [ 76.676818847656193, 31.696310043335075 ], [ 76.67877197265625, 31.684970855712947 ], [ 76.703216552734432, 31.674770355224609 ], [ 76.712806701660213, 31.667680740356445 ], [ 76.708999633789176, 31.660261154174918 ], [ 76.700736999511776, 31.63352012634283 ], [ 76.701431274414006, 31.623910903930778 ], [ 76.709167480468807, 31.609809875488224 ], [ 76.714012145996037, 31.595880508422965 ], [ 76.715049743652401, 31.588310241699219 ], [ 76.714225769042969, 31.590070724487418 ], [ 76.690628051757869, 31.601829528808594 ], [ 76.670318603515739, 31.596000671386776 ], [ 76.666465759277457, 31.589960098266715 ], [ 76.658447265625057, 31.588291168213004 ], [ 76.652107238769588, 31.585710525512752 ], [ 76.640586853027287, 31.586980819702205 ], [ 76.629981994628963, 31.59008979797369 ], [ 76.617897033691406, 31.578371047973746 ], [ 76.608116149902457, 31.576370239257926 ] ] ] } },
{ "type": "Feature", "properties": { "ID_0": 105, "ISO": "IND", "NAME_0": "India", "ID_1": 13, "NAME_1": "Himachal Pradesh", "ID_2": 189, "NAME_2": "Hamirpur", "ID_3": 585, "NAME_3": "Hamirpur", "CCN_3": 0, "CCA_3": null, "TYPE_3": "Taluk", "ENGTYPE_3": "Taluk", "NL_NAME_3": null, "VARNAME_3": null }, "geometry": { "type": "Polygon", "coordinates": [ [ [ 76.516822814941406, 31.641330718994254 ], [ 76.508338928222713, 31.655910491943359 ], [ 76.500686645507869, 31.665969848632869 ], [ 76.496147155761832, 31.676679611206168 ], [ 76.490440368652457, 31.682479858398381 ], [ 76.490753173828182, 31.700201034545898 ], [ 76.484458923339901, 31.715959548950195 ], [ 76.464248657226619, 31.741020202636832 ], [ 76.462539672851619, 31.757120132446289 ], [ 76.458786010742301, 31.768049240112418 ], [ 76.438766479492301, 31.787710189819279 ], [ 76.434013366699162, 31.79696083068842 ], [ 76.429992675781364, 31.805120468139648 ], [ 76.435775756835938, 31.805360794067326 ], [ 76.446479797363281, 31.80755805969244 ], [ 76.44036865234375, 31.816200256347656 ], [ 76.44415283203125, 31.820381164550724 ], [ 76.450157165527401, 31.81792068481451 ], [ 76.453697204589844, 31.812690734863395 ], [ 76.459075927734432, 31.813028335571289 ], [ 76.460189819335938, 31.818500518798885 ], [ 76.452789306640682, 31.829259872436637 ], [ 76.455230712890625, 31.83147048950201 ], [ 76.458312988281307, 31.832849502563477 ], [ 76.464271545410213, 31.833831787109432 ], [ 76.484550476074332, 31.841630935668945 ], [ 76.504852294921932, 31.846250534057731 ], [ 76.505607604980469, 31.85297966003418 ], [ 76.501388549804688, 31.859249114990234 ], [ 76.501747131347656, 31.860519409179744 ], [ 76.508186340332145, 31.866451263427734 ], [ 76.52231597900402, 31.873701095581168 ], [ 76.537246704101562, 31.884361267089901 ], [ 76.553146362304744, 31.892110824584961 ], [ 76.576843261718864, 31.898500442504883 ], [ 76.590766906738395, 31.896379470825195 ], [ 76.625473022461051, 31.877090454101562 ], [ 76.621177673339844, 31.871179580688477 ], [ 76.618843078613224, 31.853620529174862 ], [ 76.613029479980526, 31.845159530639648 ], [ 76.612487792968864, 31.837408065795955 ], [ 76.613533020019531, 31.827640533447322 ], [ 76.612373352050781, 31.818790435791016 ], [ 76.606163024902401, 31.792579650878906 ], [ 76.610382080078182, 31.778129577636776 ], [ 76.614486694335938, 31.771221160888786 ], [ 76.621742248535156, 31.752349853515625 ], [ 76.633056640625057, 31.745019912719783 ], [ 76.635192871093864, 31.744590759277401 ], [ 76.628807067871094, 31.735691070556697 ], [ 76.626670837402344, 31.726840972900391 ], [ 76.620269775390682, 31.721269607543945 ], [ 76.612617492675838, 31.727140426635799 ], [ 76.603202819824162, 31.726560592651424 ], [ 76.601440429687614, 31.724830627441406 ], [ 76.610031127929801, 31.718620300293026 ], [ 76.614456176757756, 31.712221145629996 ], [ 76.61234283447277, 31.707870483398438 ], [ 76.601768493652401, 31.70803260803234 ], [ 76.591957092285156, 31.705799102783317 ], [ 76.595497131347713, 31.698720932006893 ], [ 76.610626220703239, 31.681400299072379 ], [ 76.603286743164119, 31.675359725952262 ], [ 76.595817565917969, 31.678180694580021 ], [ 76.592010498046875, 31.667020797729492 ], [ 76.585357666015682, 31.664619445800838 ], [ 76.576179504394531, 31.658451080322322 ], [ 76.569679260253906, 31.646490097045955 ], [ 76.574516296386776, 31.641380310058651 ], [ 76.584922790527344, 31.634700775146428 ], [ 76.577552795410213, 31.625200271606502 ], [ 76.576019287109432, 31.614040374755973 ], [ 76.578369140625114, 31.602760314941406 ], [ 76.577079772949219, 31.602939605712947 ], [ 76.565551757812557, 31.610700607299918 ], [ 76.549468994140625, 31.628999710083065 ], [ 76.538658142089901, 31.636648178100529 ], [ 76.532562255859432, 31.644590377807674 ], [ 76.529838562011776, 31.654539108276481 ], [ 76.524337768554744, 31.66167068481451 ], [ 76.518569946289062, 31.656431198120231 ], [ 76.518249511718807, 31.645111083984375 ], [ 76.516822814941406, 31.641330718994254 ] ] ] } },
{ "type": "Feature", "properties": { "ID_0": 105, "ISO": "IND", "NAME_0": "India", "ID_1": 13, "NAME_1": "Himachal Pradesh", "ID_2": 189, "NAME_2": "Hamirpur", "ID_3": 586, "NAME_3": "Nadaun", "CCN_3": 0, "CCA_3": null, "TYPE_3": "Taluk", "ENGTYPE_3": "Taluk", "NL_NAME_3": null, "VARNAME_3": null }, "geometry": { "type": "Polygon", "coordinates": [ [ [ 76.381027221679688, 31.61602973937994 ], [ 76.379226684570426, 31.617298126220817 ], [ 76.379791259765739, 31.622480392456168 ], [ 76.363342285156307, 31.636819839477596 ], [ 76.353050231933651, 31.642860412597656 ], [ 76.342437744140739, 31.654399871826172 ], [ 76.337615966796932, 31.666749954223633 ], [ 76.329811096191463, 31.67755126953125 ], [ 76.32108306884777, 31.685022354125977 ], [ 76.313339233398438, 31.697139739990291 ], [ 76.304885864257756, 31.714719772338867 ], [ 76.300163269042969, 31.720752716064453 ], [ 76.299171447753849, 31.723819732666016 ], [ 76.302597045898381, 31.728010177612248 ], [ 76.304817199707088, 31.733360290527457 ], [ 76.301376342773494, 31.735870361328239 ], [ 76.301109313964844, 31.741979598999023 ], [ 76.297889709472656, 31.7445583343507 ], [ 76.295738220214787, 31.750312805175838 ], [ 76.29666900634777, 31.758190155029354 ], [ 76.293167114257869, 31.759849548339901 ], [ 76.29532623291027, 31.766069412231388 ], [ 76.29801177978527, 31.770610809326229 ], [ 76.288002014160213, 31.778181076049748 ], [ 76.286315917968807, 31.78457069396967 ], [ 76.286453247070312, 31.789911270141545 ], [ 76.289741516113338, 31.789520263671875 ], [ 76.291969299316406, 31.784240722656307 ], [ 76.293846130371094, 31.782110214233455 ], [ 76.299575805664062, 31.780109405517635 ], [ 76.306518554687557, 31.780929565429688 ], [ 76.32334136962902, 31.78660964965826 ], [ 76.337760925292969, 31.795490264892521 ], [ 76.341751098632812, 31.793380737304744 ], [ 76.347846984863281, 31.788150787353572 ], [ 76.352783203125, 31.783491134643668 ], [ 76.355186462402457, 31.779710769653377 ], [ 76.367462158203125, 31.783069610595817 ], [ 76.378509521484318, 31.794942855835075 ], [ 76.384292602539062, 31.79972076416027 ], [ 76.393188476562614, 31.79347038269043 ], [ 76.397811889648438, 31.786909103393668 ], [ 76.399589538574276, 31.798120498657227 ], [ 76.415412902832088, 31.796819686889762 ], [ 76.421623229980412, 31.799081802368164 ], [ 76.425346374511776, 31.812311172485408 ], [ 76.431266784668026, 31.812379837036246 ], [ 76.429992675781364, 31.805120468139648 ], [ 76.434013366699162, 31.79696083068842 ], [ 76.438766479492301, 31.787710189819279 ], [ 76.458786010742301, 31.768049240112418 ], [ 76.462539672851619, 31.757120132446289 ], [ 76.464248657226619, 31.741020202636832 ], [ 76.484458923339901, 31.715959548950195 ], [ 76.490753173828182, 31.700201034545898 ], [ 76.490440368652457, 31.682479858398381 ], [ 76.496147155761832, 31.676679611206168 ], [ 76.500686645507869, 31.665969848632869 ], [ 76.508338928222713, 31.655910491943359 ], [ 76.516822814941406, 31.641330718994254 ], [ 76.514518737792969, 31.635311126708984 ], [ 76.518280029296989, 31.624219894409293 ], [ 76.49405670166027, 31.615760803222656 ], [ 76.492286682128963, 31.612590789794922 ], [ 76.486717224121094, 31.614250183105469 ], [ 76.483078002929688, 31.610399246215934 ], [ 76.479896545410213, 31.612640380859489 ], [ 76.477821350097713, 31.606540679931697 ], [ 76.473922729492188, 31.601881027221793 ], [ 76.46317291259777, 31.604110717773438 ], [ 76.456779479980469, 31.599630355835075 ], [ 76.449501037597656, 31.587699890136719 ], [ 76.441680908203125, 31.580511093139705 ], [ 76.430526733398551, 31.579109191894531 ], [ 76.425453186035156, 31.590490341186467 ], [ 76.418083190918026, 31.602621078491268 ], [ 76.411170959472656, 31.612970352172852 ], [ 76.401496887207088, 31.624008178710994 ], [ 76.387725830078125, 31.621110916137638 ], [ 76.381027221679688, 31.61602973937994 ] ] ] } },
{ "type": "Feature", "properties": { "ID_0": 105, "ISO": "IND", "NAME_0": "India", "ID_1": 13, "NAME_1": "Himachal Pradesh", "ID_2": 190, "NAME_2": "Kangra", "ID_3": 587, "NAME_3": "Baijnath", "CCN_3": 0, "CCA_3": null, "TYPE_3": "Taluk", "ENGTYPE_3": "Taluk", "NL_NAME_3": null, "VARNAME_3": null }, "geometry": { "type": "Polygon", "coordinates": [ [ [ 76.605369567871151, 32.003120422363281 ], [ 76.602996826171989, 32.00830078125 ], [ 76.600639343261776, 32.018451690673771 ], [ 76.603256225585938, 32.020999908447266 ], [ 76.604850769043026, 32.025600433349666 ], [ 76.603172302246207, 32.027221679687557 ], [ 76.606986999511832, 32.030120849609432 ], [ 76.604888916015739, 32.04071044921875 ], [ 76.606178283691463, 32.044349670410156 ], [ 76.606010437011832, 32.052459716796989 ], [ 76.607650756835938, 32.057220458984489 ], [ 76.607986450195312, 32.063259124755973 ], [ 76.606796264648551, 32.069561004638786 ], [ 76.604049682617244, 32.076339721679631 ], [ 76.590446472167969, 32.083610534667969 ], [ 76.587837219238338, 32.087329864501953 ], [ 76.581787109375114, 32.101459503173828 ], [ 76.586456298828125, 32.106639862060547 ], [ 76.593391418457088, 32.106220245361328 ], [ 76.60544586181652, 32.101459503173828 ], [ 76.608306884765739, 32.103099822998161 ], [ 76.609169006347656, 32.106288909912166 ], [ 76.603538513183707, 32.120571136474666 ], [ 76.601097106933537, 32.129112243652401 ], [ 76.603630065917969, 32.137760162353572 ], [ 76.608367919921875, 32.147418975830078 ], [ 76.610572814941463, 32.154289245605526 ], [ 76.612640380859432, 32.167049407958984 ], [ 76.6182861328125, 32.174270629882869 ], [ 76.628570556640568, 32.180160522460938 ], [ 76.638175964355526, 32.182559967041072 ], [ 76.643569946289119, 32.185329437255973 ], [ 76.650093078613395, 32.182361602783203 ], [ 76.657546997070426, 32.181110382080192 ], [ 76.666603088378963, 32.18180084228527 ], [ 76.671882629394531, 32.187808990478629 ], [ 76.677360534668082, 32.192089080810547 ], [ 76.682487487793082, 32.198970794677791 ], [ 76.693443298339844, 32.200859069824332 ], [ 76.697761535644645, 32.200691223144645 ], [ 76.705047607421818, 32.197769165039119 ], [ 76.712387084960994, 32.193340301513786 ], [ 76.721221923828239, 32.189899444580192 ], [ 76.723838806152401, 32.190879821777401 ], [ 76.738708496093807, 32.205612182617301 ], [ 76.744888305664176, 32.209331512451286 ], [ 76.750442504882756, 32.216251373290959 ], [ 76.755287170410213, 32.223419189453125 ], [ 76.75714111328125, 32.229381561279411 ], [ 76.755493164062557, 32.244689941406307 ], [ 76.762176513671932, 32.250759124755973 ], [ 76.755012512207145, 32.252529144287109 ], [ 76.753799438476619, 32.256198883056697 ], [ 76.759719848632869, 32.263679504394531 ], [ 76.763626098632812, 32.270191192627067 ], [ 76.754631042480582, 32.283828735351676 ], [ 76.760063171386776, 32.293231964111385 ], [ 76.758895874023438, 32.30271148681652 ], [ 76.755966186523551, 32.310649871826286 ], [ 76.764282226562557, 32.314750671386832 ], [ 76.769515991210881, 32.318759918212947 ], [ 76.762847900390568, 32.328861236572322 ], [ 76.760818481445369, 32.334918975830078 ], [ 76.756622314453182, 32.341239929199332 ], [ 76.746932983398494, 32.347309112548828 ], [ 76.741043090820426, 32.353858947753849 ], [ 76.737815856933707, 32.360321044921989 ], [ 76.742813110351506, 32.362091064453125 ], [ 76.756980895996094, 32.361541748046875 ], [ 76.761947631835938, 32.364109039306641 ], [ 76.766555786132869, 32.371292114257869 ], [ 76.771621704101506, 32.376689910888672 ], [ 76.769378662109375, 32.384010314941406 ], [ 76.7684326171875, 32.392059326171875 ], [ 76.7705078125, 32.408260345459098 ], [ 76.786605834960994, 32.414192199707031 ], [ 76.794937133789062, 32.420639038085938 ], [ 76.797569274902344, 32.429611206054688 ], [ 76.807701110839844, 32.439109802246207 ], [ 76.819091796875114, 32.443309783935604 ], [ 76.831039428710994, 32.449871063232536 ], [ 76.840896606445312, 32.458160400390739 ], [ 76.848815917968864, 32.463191986084098 ], [ 76.865615844726676, 32.469169616699276 ], [ 76.877090454101506, 32.471519470214957 ], [ 76.884757995605469, 32.472309112548885 ], [ 76.892257690429744, 32.469310760498161 ], [ 76.891380310058707, 32.462322235107422 ], [ 76.883506774902401, 32.455600738525504 ], [ 76.878967285156364, 32.448982238769645 ], [ 76.874946594238395, 32.44092941284174 ], [ 76.883926391601676, 32.444358825683651 ], [ 76.893066406250114, 32.443820953369141 ], [ 76.90128326416027, 32.437870025634879 ], [ 76.901145935058594, 32.430820465087834 ], [ 76.895668029785213, 32.422039031982536 ], [ 76.902671813964844, 32.418880462646541 ], [ 76.9095458984375, 32.417789459228572 ], [ 76.920089721679744, 32.421661376953182 ], [ 76.926567077636776, 32.42533111572277 ], [ 76.932060241699219, 32.427379608154411 ], [ 76.937171936035099, 32.426921844482479 ], [ 76.935188293457088, 32.411819458007926 ], [ 76.93609619140625, 32.405460357665959 ], [ 76.945472717285213, 32.405601501464844 ], [ 76.954467773437557, 32.408390045166072 ], [ 76.964897155761719, 32.407299041748104 ], [ 76.974533081054801, 32.413940429687443 ], [ 76.979202270507812, 32.412609100341854 ], [ 76.986381530761662, 32.41392898559576 ], [ 76.997657775878906, 32.418399810791129 ], [ 77.015830993652401, 32.422481536865234 ], [ 77.03000640869152, 32.426509857177791 ], [ 77.042182922363338, 32.431541442871094 ], [ 77.048530578613395, 32.427501678466854 ], [ 77.050926208496151, 32.424560546875057 ], [ 77.052436828613281, 32.419391632080078 ], [ 77.061927795410156, 32.419731140136719 ], [ 77.063896179199276, 32.414920806884822 ], [ 77.064201354980412, 32.411571502685547 ], [ 77.062149047851562, 32.402980804443303 ], [ 77.058135986328125, 32.399398803711051 ], [ 77.059577941894645, 32.396450042724723 ], [ 77.056068420410156, 32.392620086670036 ], [ 77.052673339843807, 32.385818481445369 ], [ 77.038665771484375, 32.372879028320426 ], [ 77.035972595214787, 32.368961334228572 ], [ 77.029808044433651, 32.350669860839844 ], [ 77.02451324462902, 32.342338562011776 ], [ 77.027656555175838, 32.335941314697322 ], [ 77.028686523437614, 32.330390930175895 ], [ 77.028602600097656, 32.325321197509879 ], [ 77.025627136230582, 32.320690155029354 ], [ 77.015518188476676, 32.312831878662166 ], [ 77.014366149902457, 32.309238433837947 ], [ 77.017967224121151, 32.296180725097713 ], [ 77.020362854003906, 32.292789459228516 ], [ 77.020156860351562, 32.287349700927848 ], [ 77.015281677246151, 32.278549194335938 ], [ 77.013946533203182, 32.274429321289119 ], [ 77.013862609863281, 32.263839721679631 ], [ 77.016296386718864, 32.259578704833984 ], [ 77.016647338867244, 32.25540924072277 ], [ 77.015457153320369, 32.249969482421875 ], [ 77.018127441406307, 32.245471954345703 ], [ 77.027175903320426, 32.238571166992244 ], [ 77.036216735839844, 32.228610992431754 ], [ 77.030570983886776, 32.218940734863338 ], [ 77.022422790527457, 32.209690093994197 ], [ 77.004997253418026, 32.208648681640682 ], [ 77.000343322753906, 32.203781127929688 ], [ 76.989356994628963, 32.202610015869197 ], [ 76.986152648925895, 32.199150085449332 ], [ 76.978889465332145, 32.189449310302791 ], [ 76.983459472656307, 32.184928894042969 ], [ 76.978965759277344, 32.17760086059576 ], [ 76.975273132324332, 32.166481018066463 ], [ 76.970962524414062, 32.156909942627067 ], [ 76.968658447265625, 32.134250640869141 ], [ 76.970863342285213, 32.119499206542969 ], [ 76.972740173339901, 32.113552093505916 ], [ 76.930282592773551, 32.114952087402401 ], [ 76.928886413574276, 32.107559204101619 ], [ 76.926521301269531, 32.101650238037109 ], [ 76.922866821289006, 32.095550537109489 ], [ 76.926986694335994, 32.088581085205135 ], [ 76.926345825195312, 32.082012176513672 ], [ 76.928062438964844, 32.069271087646541 ], [ 76.923576354980582, 32.065410614013672 ], [ 76.914016723632869, 32.062049865722656 ], [ 76.906356811523494, 32.061210632324276 ], [ 76.899040222167969, 32.063079833984432 ], [ 76.887130737304744, 32.062290191650504 ], [ 76.871589660644531, 32.060169219970817 ], [ 76.852622985839957, 32.053691864013786 ], [ 76.843193054199219, 32.052761077880973 ], [ 76.836059570312614, 32.050239562988281 ], [ 76.832595825195426, 32.046760559082145 ], [ 76.826667785644588, 32.043659210205078 ], [ 76.823539733886719, 32.04608154296875 ], [ 76.810432434082088, 32.051181793212947 ], [ 76.799217224121207, 32.060760498046875 ], [ 76.787940979003963, 32.068309783935604 ], [ 76.785400390625, 32.076042175293026 ], [ 76.776741027832145, 32.077079772949332 ], [ 76.771392822265739, 32.075851440429744 ], [ 76.766937255859432, 32.069179534912223 ], [ 76.761230468750057, 32.071289062500057 ], [ 76.754531860351619, 32.067588806152344 ], [ 76.745681762695256, 32.05596923828125 ], [ 76.728340148925781, 32.039958953857536 ], [ 76.722541809082145, 32.032489776611385 ], [ 76.715087890625057, 32.031620025634709 ], [ 76.714286804199276, 32.034759521484318 ], [ 76.707962036132812, 32.034870147705078 ], [ 76.698562622070256, 32.037410736084041 ], [ 76.690773010253906, 32.041728973388615 ], [ 76.69034576416027, 32.047321319580078 ], [ 76.687316894531193, 32.051280975341797 ], [ 76.672912597656307, 32.054111480713004 ], [ 76.664093017578125, 32.050418853759822 ], [ 76.660720825195369, 32.047618865966911 ], [ 76.65966796875, 32.043521881103572 ], [ 76.647216796875114, 32.032939910888786 ], [ 76.64914703369152, 32.014358520507756 ], [ 76.653686523437614, 32.003131866455135 ], [ 76.664932250976619, 31.989479064941463 ], [ 76.669006347656193, 31.979440689087028 ], [ 76.671302795410156, 31.969430923461914 ], [ 76.668952941894645, 31.963890075683651 ], [ 76.674133300781364, 31.957439422607422 ], [ 76.674812316894588, 31.950290679931697 ], [ 76.675796508789119, 31.946210861205998 ], [ 76.666893005371207, 31.950000762939453 ], [ 76.660629272460938, 31.955440521240291 ], [ 76.657371520996037, 31.959190368652457 ], [ 76.65464019775402, 31.965009689331112 ], [ 76.646125793457031, 31.974899291992188 ], [ 76.629936218261719, 31.98477935791027 ], [ 76.621879577636832, 31.987180709838981 ], [ 76.618263244628849, 31.986959457397518 ], [ 76.611076354980469, 31.992111206054744 ], [ 76.605369567871151, 32.003120422363281 ] ] ] } },
{ "type": "Feature", "properties": { "ID_0": 105, "ISO": "IND", "NAME_0": "India", "ID_1": 13, "NAME_1": "Himachal Pradesh", "ID_2": 190, "NAME_2": "Kangra", "ID_3": 588, "NAME_3": "Baroh", "CCN_3": 0, "CCA_3": null, "TYPE_3": "Taluk", "ENGTYPE_3": "Taluk", "NL_NAME_3": null, "VARNAME_3": null }, "geometry": { "type": "Polygon", "coordinates": [ [ [ 76.394371032714844, 31.972879409790039 ], [ 76.389770507812443, 31.970849990844783 ], [ 76.382408142089901, 31.969350814819336 ], [ 76.365837097168026, 31.968971252441406 ], [ 76.345642089843807, 31.966619491577092 ], [ 76.335586547851676, 31.963979721069336 ], [ 76.313179016113338, 31.960920333862305 ], [ 76.284477233886662, 31.959949493408203 ], [ 76.278579711914062, 31.956020355224666 ], [ 76.269340515136776, 31.947580337524471 ], [ 76.26059722900402, 31.944400787353629 ], [ 76.255226135253963, 31.939210891723746 ], [ 76.247299194335938, 31.93976020812994 ], [ 76.24371337890625, 31.952421188354549 ], [ 76.239936828613338, 31.958120346069393 ], [ 76.234169006347656, 31.960840225219727 ], [ 76.232276916503906, 31.965740203857479 ], [ 76.227752685546932, 31.971549987793026 ], [ 76.219642639160156, 31.979549407958928 ], [ 76.214859008789006, 31.989019393920955 ], [ 76.211875915527344, 31.996629714965934 ], [ 76.211936950683651, 32.002220153808651 ], [ 76.220108032226619, 32.00957107543951 ], [ 76.220962524414006, 32.01836013793951 ], [ 76.229972839355469, 32.022850036621151 ], [ 76.235542297363338, 32.026779174804688 ], [ 76.239898681640625, 32.032829284668082 ], [ 76.246452331543026, 32.036201477050838 ], [ 76.262771606445312, 32.038921356201172 ], [ 76.274322509765739, 32.048809051513672 ], [ 76.280471801757756, 32.059532165527457 ], [ 76.286293029785213, 32.06071853637701 ], [ 76.289878845214844, 32.055950164794979 ], [ 76.300209045410213, 32.055309295654297 ], [ 76.306480407714844, 32.056381225585938 ], [ 76.316825866699276, 32.055961608886719 ], [ 76.326507568359375, 32.059310913086051 ], [ 76.33184814453125, 32.056430816650391 ], [ 76.330230712890739, 32.038719177246207 ], [ 76.331779479980412, 32.032341003417969 ], [ 76.324531555175724, 32.023208618164119 ], [ 76.331146240234432, 32.023971557617244 ], [ 76.338882446289062, 32.026760101318416 ], [ 76.346878051757812, 32.027641296386776 ], [ 76.354896545410156, 32.011299133300724 ], [ 76.367332458496151, 32.012451171874943 ], [ 76.375495910644531, 32.012168884277401 ], [ 76.385879516601619, 32.00883865356451 ], [ 76.39353179931652, 32.002799987793026 ], [ 76.399375915527401, 31.994752883911076 ], [ 76.404808044433707, 31.985090255737418 ], [ 76.404617309570426, 31.975080490112305 ], [ 76.400321960449219, 31.972940444946346 ], [ 76.394371032714844, 31.972879409790039 ] ] ] } },
{ "type": "Feature", "properties": { "ID_0": 105, "ISO": "IND", "NAME_0": "India", "ID_1": 13, "NAME_1": "Himachal Pradesh", "ID_2": 190, "NAME_2": "Kangra", "ID_3": 589, "NAME_3": "Dera Gopipur", "CCN_3": 0, "CCA_3": null, "TYPE_3": "Taluk", "ENGTYPE_3": "Taluk", "NL_NAME_3": null, "VARNAME_3": null }, "geometry": { "type": "Polygon", "coordinates": [ [ [ 76.429992675781364, 31.805120468139648 ], [ 76.431266784668026, 31.812379837036246 ], [ 76.425346374511776, 31.812311172485408 ], [ 76.421623229980412, 31.799081802368164 ], [ 76.415412902832088, 31.796819686889762 ], [ 76.399589538574276, 31.798120498657227 ], [ 76.397811889648438, 31.786909103393668 ], [ 76.393188476562614, 31.79347038269043 ], [ 76.384292602539062, 31.79972076416027 ], [ 76.378509521484318, 31.794942855835075 ], [ 76.367462158203125, 31.783069610595817 ], [ 76.355186462402457, 31.779710769653377 ], [ 76.352783203125, 31.783491134643668 ], [ 76.347846984863281, 31.788150787353572 ], [ 76.341751098632812, 31.793380737304744 ], [ 76.337760925292969, 31.795490264892521 ], [ 76.32334136962902, 31.78660964965826 ], [ 76.306518554687557, 31.780929565429688 ], [ 76.299575805664062, 31.780109405517635 ], [ 76.293846130371094, 31.782110214233455 ], [ 76.291969299316406, 31.784240722656307 ], [ 76.289741516113338, 31.789520263671875 ], [ 76.286453247070312, 31.789911270141545 ], [ 76.286315917968807, 31.78457069396967 ], [ 76.288002014160213, 31.778181076049748 ], [ 76.29801177978527, 31.770610809326229 ], [ 76.29532623291027, 31.766069412231388 ], [ 76.293167114257869, 31.759849548339901 ], [ 76.29666900634777, 31.758190155029354 ], [ 76.295738220214787, 31.750312805175838 ], [ 76.297889709472656, 31.7445583343507 ], [ 76.301109313964844, 31.741979598999023 ], [ 76.301376342773494, 31.735870361328239 ], [ 76.304817199707088, 31.733360290527457 ], [ 76.302597045898381, 31.728010177612248 ], [ 76.299171447753849, 31.723819732666016 ], [ 76.297821044921989, 31.722177505493278 ], [ 76.280036926269645, 31.693321228027457 ], [ 76.275009155273438, 31.68871116638195 ], [ 76.269821166992188, 31.692888259887695 ], [ 76.264556884765682, 31.700700759887695 ], [ 76.256507873535156, 31.707761764526481 ], [ 76.242248535156307, 31.716619491577148 ], [ 76.236602783203068, 31.720220565795898 ], [ 76.234123229980412, 31.724300384521598 ], [ 76.209228515625057, 31.744581222534293 ], [ 76.19525146484375, 31.765130996704102 ], [ 76.194511413574219, 31.770282745361442 ], [ 76.189048767089901, 31.774740219116154 ], [ 76.179946899414176, 31.773990631103516 ], [ 76.174842834472656, 31.769901275634879 ], [ 76.16796875, 31.771820068359432 ], [ 76.169906616210938, 31.778390884399471 ], [ 76.165519714355469, 31.78582954406744 ], [ 76.157028198242301, 31.790399551391658 ], [ 76.151306152343864, 31.795339584350529 ], [ 76.145233154296989, 31.797899246215934 ], [ 76.117149353027457, 31.801841735839957 ], [ 76.10019683837902, 31.807130813598633 ], [ 76.087165832519588, 31.820671081543026 ], [ 76.075622558593693, 31.825210571289062 ], [ 76.070831298828239, 31.832042694091854 ], [ 76.078361511230469, 31.83897972106945 ], [ 76.085441589355526, 31.841810226440487 ], [ 76.097129821777457, 31.848699569702262 ], [ 76.10288238525402, 31.854881286621207 ], [ 76.105957031249943, 31.861640930175781 ], [ 76.106773376464844, 31.871040344238338 ], [ 76.105278015136776, 31.879051208496151 ], [ 76.107772827148494, 31.88701057434082 ], [ 76.115417480468807, 31.892879486084041 ], [ 76.133049011230469, 31.912981033325195 ], [ 76.135131835937443, 31.921361923217887 ], [ 76.133880615234432, 31.925989151001033 ], [ 76.127555847167969, 31.924980163574276 ], [ 76.110206604003906, 31.926851272582951 ], [ 76.104263305664062, 31.927988052368278 ], [ 76.096481323242188, 31.932912826538086 ], [ 76.089408874511719, 31.934480667114201 ], [ 76.082176208496094, 31.933780670166016 ], [ 76.082580566406307, 31.938970565795842 ], [ 76.064201354980469, 31.942319869995174 ], [ 76.058647155761662, 31.94597053527832 ], [ 76.054626464843864, 31.945552825927848 ], [ 76.044548034667969, 31.937910079956112 ], [ 76.03708648681652, 31.938310623168945 ], [ 76.028221130371151, 31.934291839599723 ], [ 76.028511047363224, 31.942499160766545 ], [ 76.018081665039062, 31.948820114135799 ], [ 76.007843017578182, 31.95175933837902 ], [ 75.997695922851619, 31.956811904907227 ], [ 75.991516113281193, 31.953460693359489 ], [ 75.985168457031364, 31.941150665283317 ], [ 75.983848571777457, 31.940521240234489 ], [ 75.980873107910156, 31.937709808349666 ], [ 75.968696594238338, 31.933490753173885 ], [ 75.967208862304744, 31.937570571899414 ], [ 75.970565795898438, 31.945318222045898 ], [ 75.967437744140739, 31.95050048828125 ], [ 75.96878814697277, 31.955400466919002 ], [ 75.960617065429631, 31.955898284912053 ], [ 75.95639801025402, 31.949201583862362 ], [ 75.952423095703125, 31.945470809936523 ], [ 75.948593139648381, 31.954650878906193 ], [ 75.939758300781307, 31.960178375244197 ], [ 75.928787231445312, 31.961839675903377 ], [ 75.933036804199276, 31.969539642334041 ], [ 75.926567077636776, 31.977411270141602 ], [ 75.943252563476506, 31.98024940490734 ], [ 75.951286315917969, 31.982820510864315 ], [ 75.948455810546875, 31.987159729003963 ], [ 75.940422058105469, 31.995899200439567 ], [ 75.956123352050838, 31.996379852294922 ], [ 75.961051940917969, 32.000209808349609 ], [ 75.958236694335994, 32.008468627929688 ], [ 75.947586059570426, 32.00946044921875 ], [ 75.948211669921818, 32.017551422119141 ], [ 75.953422546386719, 32.020221710205078 ], [ 75.958236694335994, 32.020488739013729 ], [ 75.964363098144588, 32.019119262695256 ], [ 75.967781066894588, 32.020259857177791 ], [ 75.971069335937614, 32.025081634521598 ], [ 75.970298767089957, 32.035560607910156 ], [ 75.967567443847713, 32.038261413574219 ], [ 75.961135864257926, 32.03900146484375 ], [ 75.960716247558651, 32.044792175293026 ], [ 75.966156005859375, 32.045680999755973 ], [ 75.9669189453125, 32.049610137939453 ], [ 75.954170227050781, 32.053859710693416 ], [ 75.946777343750057, 32.053180694580078 ], [ 75.939582824707145, 32.053520202636719 ], [ 75.939697265625, 32.059711456298828 ], [ 75.949012756347656, 32.06145095825201 ], [ 75.956306457519588, 32.061290740966854 ], [ 75.966110229492301, 32.057159423828182 ], [ 75.965660095214901, 32.062480926513786 ], [ 75.962188720703125, 32.065670013427791 ], [ 75.956260681152344, 32.068778991699219 ], [ 75.946983337402401, 32.068710327148381 ], [ 75.942131042480469, 32.072601318359432 ], [ 75.945213317871094, 32.08147048950201 ], [ 75.943809509277457, 32.084701538086051 ], [ 75.933929443359375, 32.09563064575201 ], [ 75.928108215332088, 32.09849929809576 ], [ 75.923393249511832, 32.097579956054688 ], [ 75.922012329101619, 32.103248596191406 ], [ 75.923843383789062, 32.107318878173942 ], [ 75.927421569824162, 32.111980438232422 ], [ 75.926292419433594, 32.121631622314567 ], [ 75.927848815917969, 32.130310058593864 ], [ 75.930778503418026, 32.139980316162109 ], [ 75.936286926269588, 32.149372100830135 ], [ 75.941421508789119, 32.154830932617244 ], [ 75.946685791015568, 32.143321990966854 ], [ 75.948646545410156, 32.131710052490348 ], [ 75.949661254882869, 32.114940643310661 ], [ 75.954452514648551, 32.105758666992188 ], [ 75.984817504882926, 32.089019775390682 ], [ 75.989509582519588, 32.083728790283203 ], [ 76.000091552734318, 32.085880279541072 ], [ 76.002021789550781, 32.089611053466797 ], [ 75.999526977539006, 32.099910736083984 ], [ 75.990432739257812, 32.118492126464787 ], [ 75.991981506347713, 32.127960205078182 ], [ 75.994796752929688, 32.13494873046875 ], [ 75.996109008789062, 32.143039703369141 ], [ 76.001296997070312, 32.143569946289119 ], [ 76.003791809082088, 32.141490936279297 ], [ 76.005599975586051, 32.136878967285213 ], [ 76.004127502441406, 32.121929168701229 ], [ 76.006607055664062, 32.115779876708984 ], [ 76.01206207275402, 32.110580444335994 ], [ 76.019256591796932, 32.105350494384822 ], [ 76.023460388183651, 32.099491119384879 ], [ 76.027816772460938, 32.095550537109489 ], [ 76.033470153808537, 32.094951629638672 ], [ 76.041709899902344, 32.088600158691406 ], [ 76.047042846679688, 32.089340209960938 ], [ 76.053253173828239, 32.085781097412053 ], [ 76.056381225585938, 32.083141326904297 ], [ 76.058578491210994, 32.084999084472713 ], [ 76.061363220214844, 32.094760894775391 ], [ 76.070152282714844, 32.111930847168026 ], [ 76.076797485351562, 32.114448547363395 ], [ 76.087997436523551, 32.093250274658203 ], [ 76.092697143554744, 32.091361999511832 ], [ 76.097686767578182, 32.093620300293026 ], [ 76.099876403808594, 32.096851348876896 ], [ 76.103721618652344, 32.099121093750057 ], [ 76.107406616210994, 32.095970153808707 ], [ 76.111732482910156, 32.094409942626953 ], [ 76.11572265625, 32.091529846191463 ], [ 76.118339538574332, 32.093879699707145 ], [ 76.124076843261662, 32.093379974365348 ], [ 76.129959106445426, 32.094810485839957 ], [ 76.14013671875, 32.088340759277457 ], [ 76.144332885742188, 32.086959838867244 ], [ 76.148536682128906, 32.08837890625 ], [ 76.152030944824276, 32.086959838867244 ], [ 76.157142639160213, 32.074680328369254 ], [ 76.163223266601562, 32.070400238037109 ], [ 76.164077758789176, 32.06431961059576 ], [ 76.166168212890739, 32.058460235595817 ], [ 76.165596008300895, 32.053070068359318 ], [ 76.167945861816349, 32.049068450927791 ], [ 76.168006896972656, 32.045330047607536 ], [ 76.171066284179744, 32.038478851318303 ], [ 76.1746826171875, 32.038070678710938 ], [ 76.177391052246151, 32.035091400146484 ], [ 76.175270080566463, 32.026050567627067 ], [ 76.179145812988395, 32.026378631591854 ], [ 76.187896728515682, 32.013339996337891 ], [ 76.196456909179744, 32.018428802490348 ], [ 76.211936950683651, 32.002220153808651 ], [ 76.211875915527344, 31.996629714965934 ], [ 76.214859008789006, 31.989019393920955 ], [ 76.219642639160156, 31.979549407958928 ], [ 76.227752685546932, 31.971549987793026 ], [ 76.232276916503906, 31.965740203857479 ], [ 76.234169006347656, 31.960840225219727 ], [ 76.239936828613338, 31.958120346069393 ], [ 76.24371337890625, 31.952421188354549 ], [ 76.247299194335938, 31.93976020812994 ], [ 76.255226135253963, 31.939210891723746 ], [ 76.26059722900402, 31.944400787353629 ], [ 76.269340515136776, 31.947580337524471 ], [ 76.278579711914062, 31.956020355224666 ], [ 76.284477233886662, 31.959949493408203 ], [ 76.313179016113338, 31.960920333862305 ], [ 76.335586547851676, 31.963979721069336 ], [ 76.345642089843807, 31.966619491577092 ], [ 76.365837097168026, 31.968971252441406 ], [ 76.382408142089901, 31.969350814819336 ], [ 76.389770507812443, 31.970849990844783 ], [ 76.394371032714844, 31.972879409790039 ], [ 76.393310546875057, 31.966091156005916 ], [ 76.398117065429801, 31.961162567138729 ], [ 76.402442932128963, 31.954931259155387 ], [ 76.39935302734375, 31.948120117187614 ], [ 76.401519775390682, 31.932489395141658 ], [ 76.4046630859375, 31.923580169677791 ], [ 76.410232543945312, 31.914590835571403 ], [ 76.420257568359489, 31.902259826660156 ], [ 76.432586669921932, 31.893430709838867 ], [ 76.435096740722713, 31.890930175781364 ], [ 76.437271118164062, 31.888830184936523 ], [ 76.440689086914006, 31.883100509643555 ], [ 76.442001342773551, 31.875370025634879 ], [ 76.444969177246151, 31.869710922241325 ], [ 76.445152282714901, 31.866451263427734 ], [ 76.439712524414176, 31.863510131835938 ], [ 76.433540344238338, 31.856758117675895 ], [ 76.436798095703182, 31.85276031494152 ], [ 76.437171936035213, 31.847200393676815 ], [ 76.441352844238338, 31.840410232544059 ], [ 76.451126098632926, 31.835138320922852 ], [ 76.455230712890625, 31.83147048950201 ], [ 76.452789306640682, 31.829259872436637 ], [ 76.460189819335938, 31.818500518798885 ], [ 76.459075927734432, 31.813028335571289 ], [ 76.453697204589844, 31.812690734863395 ], [ 76.450157165527401, 31.81792068481451 ], [ 76.44415283203125, 31.820381164550724 ], [ 76.44036865234375, 31.816200256347656 ], [ 76.446479797363281, 31.80755805969244 ], [ 76.435775756835938, 31.805360794067326 ], [ 76.429992675781364, 31.805120468139648 ] ] ] } },
{ "type": "Feature", "properties": { "ID_0": 105, "ISO": "IND", "NAME_0": "India", "ID_1": 13, "NAME_1": "Himachal Pradesh", "ID_2": 190, "NAME_2": "Kangra", "ID_3": 590, "NAME_3": "Dharmshala", "CCN_3": 0, "CCA_3": null, "TYPE_3": "Taluk", "ENGTYPE_3": "Taluk", "NL_NAME_3": null, "VARNAME_3": null }, "geometry": { "type": "Polygon", "coordinates": [ [ [ 76.447929382324332, 32.250411987304744 ], [ 76.447761535644531, 32.243801116943416 ], [ 76.450126647949276, 32.235210418701229 ], [ 76.449920654296932, 32.218029022216797 ], [ 76.452331542968693, 32.212650299072266 ], [ 76.451438903808594, 32.209590911865234 ], [ 76.443817138671932, 32.205299377441406 ], [ 76.436920166015625, 32.199741363525447 ], [ 76.430831909179688, 32.185859680175781 ], [ 76.427841186523494, 32.164119720459098 ], [ 76.418426513671875, 32.160591125488395 ], [ 76.405166625976676, 32.152770996093864 ], [ 76.396125793457031, 32.146228790283317 ], [ 76.391510009765625, 32.14213943481451 ], [ 76.372261047363281, 32.137050628662223 ], [ 76.375816345214957, 32.143779754638672 ], [ 76.37888336181652, 32.147460937500114 ], [ 76.376670837402344, 32.150699615478516 ], [ 76.370010375976619, 32.148571014404297 ], [ 76.365379333496094, 32.141712188720703 ], [ 76.360336303711051, 32.144298553466911 ], [ 76.354942321777401, 32.149139404296932 ], [ 76.352890014648494, 32.154499053955078 ], [ 76.358451843261832, 32.165351867675838 ], [ 76.355308532714844, 32.170639038085994 ], [ 76.348007202148438, 32.165409088134822 ], [ 76.344116210937557, 32.163650512695426 ], [ 76.342689514160156, 32.155601501464901 ], [ 76.340187072753906, 32.150150299072322 ], [ 76.326072692871094, 32.141269683838004 ], [ 76.320487976074332, 32.139499664306697 ], [ 76.314392089843864, 32.139358520507869 ], [ 76.311012268066406, 32.146270751953182 ], [ 76.304550170898438, 32.149478912353629 ], [ 76.294876098632869, 32.146800994873161 ], [ 76.285629272460881, 32.147289276123104 ], [ 76.276062011718864, 32.14921951293951 ], [ 76.266792297363281, 32.152160644531307 ], [ 76.260528564453182, 32.156909942627067 ], [ 76.257652282714844, 32.16321945190424 ], [ 76.261009216308707, 32.175350189209041 ], [ 76.264358520507869, 32.179141998291072 ], [ 76.266471862793026, 32.184299468994197 ], [ 76.257415771484375, 32.181339263915959 ], [ 76.250679016113395, 32.177520751953182 ], [ 76.244537353515682, 32.175140380859318 ], [ 76.240753173828239, 32.177909851074276 ], [ 76.236946105957145, 32.182128906250057 ], [ 76.224212646484318, 32.182369232177791 ], [ 76.221282958984432, 32.18988037109375 ], [ 76.218536376953125, 32.193641662597599 ], [ 76.214447021484489, 32.195960998535156 ], [ 76.217979431152344, 32.203151702880859 ], [ 76.220611572265625, 32.213748931884879 ], [ 76.219749450683651, 32.222869873046875 ], [ 76.226058959961051, 32.22587966918951 ], [ 76.22891998291027, 32.228729248046989 ], [ 76.229446411132869, 32.232730865478572 ], [ 76.234626770019588, 32.245769500732536 ], [ 76.232246398925781, 32.252059936523438 ], [ 76.227867126464844, 32.256969451904354 ], [ 76.229927062988224, 32.268291473388786 ], [ 76.233718872070426, 32.268390655517635 ], [ 76.236442565917969, 32.269741058349666 ], [ 76.238716125488281, 32.273521423339957 ], [ 76.233535766601676, 32.277019500732479 ], [ 76.231613159179801, 32.290828704833928 ], [ 76.232803344726562, 32.311649322509766 ], [ 76.231666564941406, 32.320308685302791 ], [ 76.246040344238338, 32.340190887451286 ], [ 76.252410888671989, 32.345668792724666 ], [ 76.255271911621207, 32.349601745605526 ], [ 76.256439208984318, 32.366062164306697 ], [ 76.259498596191349, 32.375499725341911 ], [ 76.268066406250114, 32.36912918090826 ], [ 76.270339965820426, 32.364761352539062 ], [ 76.271476745605582, 32.357810974121207 ], [ 76.27899169921875, 32.341419219970703 ], [ 76.285980224609489, 32.338989257812443 ], [ 76.293235778808707, 32.341510772705192 ], [ 76.301033020019645, 32.338661193847656 ], [ 76.30950927734375, 32.337120056152344 ], [ 76.314903259277401, 32.333889007568473 ], [ 76.322715759277401, 32.327590942382812 ], [ 76.3323974609375, 32.32720947265625 ], [ 76.339897155761776, 32.328041076660213 ], [ 76.347946166992301, 32.318740844726676 ], [ 76.357406616210938, 32.303840637207145 ], [ 76.36319732666027, 32.298690795898551 ], [ 76.391258239746207, 32.284328460693473 ], [ 76.403793334960994, 32.281490325927734 ], [ 76.408660888671875, 32.26609039306652 ], [ 76.41703033447277, 32.264759063720703 ], [ 76.424606323242244, 32.267311096191406 ], [ 76.433761596679744, 32.263679504394531 ], [ 76.442558288574332, 32.256809234619197 ], [ 76.447929382324332, 32.250411987304744 ] ] ] } },
{ "type": "Feature", "properties": { "ID_0": 105, "ISO": "IND", "NAME_0": "India", "ID_1": 13, "NAME_1": "Himachal Pradesh", "ID_2": 190, "NAME_2": "Kangra", "ID_3": 591, "NAME_3": "Indora", "CCN_3": 0, "CCA_3": null, "TYPE_3": "Taluk", "ENGTYPE_3": "Taluk", "NL_NAME_3": null, "VARNAME_3": null }, "geometry": { "type": "Polygon", "coordinates": [ [ [ 75.738006591796989, 32.035800933838004 ], [ 75.733978271484489, 32.037330627441463 ], [ 75.723228454589901, 32.036170959472713 ], [ 75.710487365722713, 32.036022186279297 ], [ 75.700408935546989, 32.043590545654411 ], [ 75.692276000976562, 32.059452056884879 ], [ 75.6898193359375, 32.061531066894531 ], [ 75.673103332519588, 32.066921234130859 ], [ 75.649360656738281, 32.077171325683594 ], [ 75.640052795410156, 32.076740264892635 ], [ 75.625320434570312, 32.07266998291027 ], [ 75.609558105468807, 32.069469451904354 ], [ 75.598526000976619, 32.066009521484489 ], [ 75.578758239746037, 32.081680297851506 ], [ 75.610557556152457, 32.099609374999943 ], [ 75.63120269775402, 32.119499206542969 ], [ 75.647872924804688, 32.137660980224553 ], [ 75.655479431152344, 32.146060943603459 ], [ 75.661827087402401, 32.164669036865291 ], [ 75.656158447265739, 32.176620483398551 ], [ 75.649589538574219, 32.179691314697266 ], [ 75.620216369628906, 32.185169219970703 ], [ 75.61944580078125, 32.189849853515625 ], [ 75.618331909179744, 32.197021484375114 ], [ 75.620117187500114, 32.220211029052848 ], [ 75.621772766113338, 32.230030059814453 ], [ 75.622543334960994, 32.23468017578125 ], [ 75.634078979492131, 32.24473953247076 ], [ 75.640922546386832, 32.247379302978516 ], [ 75.643821716308594, 32.243270874023438 ], [ 75.664115905761776, 32.23612213134777 ], [ 75.675186157226619, 32.234809875488395 ], [ 75.696372985839901, 32.233669281005859 ], [ 75.714431762695312, 32.234249114990291 ], [ 75.715263366699276, 32.233589172363338 ], [ 75.720382690429744, 32.226341247558651 ], [ 75.721542358398494, 32.219310760498047 ], [ 75.715103149414176, 32.214019775390739 ], [ 75.693092346191463, 32.207248687744254 ], [ 75.698318481445426, 32.198909759521484 ], [ 75.709106445312557, 32.194301605224723 ], [ 75.71396636962902, 32.189540863037053 ], [ 75.728042602539119, 32.182331085205078 ], [ 75.734306335449276, 32.182090759277401 ], [ 75.7352294921875, 32.179561614990291 ], [ 75.732040405273494, 32.177551269531307 ], [ 75.728469848632926, 32.172359466552848 ], [ 75.730148315429801, 32.169269561767692 ], [ 75.728736877441406, 32.166469573974553 ], [ 75.732650756836051, 32.162841796875057 ], [ 75.742408752441349, 32.160808563232422 ], [ 75.747856140136776, 32.166622161865348 ], [ 75.766448974609318, 32.179149627685604 ], [ 75.789405822753963, 32.175151824951229 ], [ 75.825126647949276, 32.177410125732479 ], [ 75.833580017089787, 32.176830291748047 ], [ 75.835662841796989, 32.177379608154297 ], [ 75.84393310546875, 32.189369201660213 ], [ 75.845870971679744, 32.189929962158146 ], [ 75.848121643066406, 32.184719085693473 ], [ 75.848556518554744, 32.181468963623104 ], [ 75.847381591796875, 32.170631408691406 ], [ 75.853988647460881, 32.154670715332088 ], [ 75.862075805664119, 32.151958465576286 ], [ 75.865737915039119, 32.149600982666072 ], [ 75.849578857421989, 32.145450592041129 ], [ 75.841567993164176, 32.147541046142692 ], [ 75.833236694335938, 32.151458740234489 ], [ 75.818756103515625, 32.152988433837891 ], [ 75.808769226074332, 32.151679992675724 ], [ 75.79931640625, 32.154029846191406 ], [ 75.784362792968864, 32.149478912353629 ], [ 75.768081665039119, 32.126770019531307 ], [ 75.769866943359489, 32.124839782714844 ], [ 75.777236938476619, 32.124401092529354 ], [ 75.783248901367188, 32.118961334228629 ], [ 75.786476135253849, 32.111499786377067 ], [ 75.792022705078125, 32.103569030761832 ], [ 75.796722412109489, 32.098281860351506 ], [ 75.808250427246094, 32.094310760498161 ], [ 75.813789367675781, 32.089050292968807 ], [ 75.815711975097656, 32.083419799804688 ], [ 75.824157714843807, 32.072700500488395 ], [ 75.826828002929744, 32.057441711425895 ], [ 75.834480285644645, 32.051670074462891 ], [ 75.838600158691406, 32.037940979003963 ], [ 75.836898803710994, 32.032199859619141 ], [ 75.832466125488281, 32.031318664550895 ], [ 75.822021484375057, 32.031890869140739 ], [ 75.811088562011719, 32.027900695800724 ], [ 75.807975769043082, 32.029010772705078 ], [ 75.805557250976562, 32.031742095947322 ], [ 75.804389953613395, 32.044578552246151 ], [ 75.797012329101562, 32.035881042480582 ], [ 75.7926025390625, 32.036399841308651 ], [ 75.790336608886719, 32.045059204101506 ], [ 75.792037963867188, 32.05022048950201 ], [ 75.786262512207145, 32.062351226806641 ], [ 75.769111633300724, 32.067619323730469 ], [ 75.762756347656307, 32.065971374511776 ], [ 75.757347106933594, 32.061672210693416 ], [ 75.751373291015568, 32.052669525146541 ], [ 75.742446899414062, 32.043651580810547 ], [ 75.738006591796989, 32.035800933838004 ] ] ] } },
{ "type": "Feature", "properties": { "ID_0": 105, "ISO": "IND", "NAME_0": "India", "ID_1": 13, "NAME_1": "Himachal Pradesh", "ID_2": 190, "NAME_2": "Kangra", "ID_3": 592, "NAME_3": "Jaisinghpur", "CCN_3": 0, "CCA_3": null, "TYPE_3": "Taluk", "ENGTYPE_3": "Taluk", "NL_NAME_3": null, "VARNAME_3": null }, "geometry": { "type": "Polygon", "coordinates": [ [ [ 76.660079956054688, 31.890281677246151 ], [ 76.660140991210994, 31.888420104980582 ], [ 76.662193298339844, 31.881740570068359 ], [ 76.662933349609375, 31.875930786132812 ], [ 76.653511047363395, 31.87572097778326 ], [ 76.644332885742244, 31.873300552368164 ], [ 76.634132385253906, 31.874559402465934 ], [ 76.625473022461051, 31.877090454101562 ], [ 76.590766906738395, 31.896379470825195 ], [ 76.576843261718864, 31.898500442504883 ], [ 76.553146362304744, 31.892110824584961 ], [ 76.537246704101562, 31.884361267089901 ], [ 76.52231597900402, 31.873701095581168 ], [ 76.508186340332145, 31.866451263427734 ], [ 76.501747131347656, 31.860519409179744 ], [ 76.501388549804688, 31.859249114990234 ], [ 76.505607604980469, 31.85297966003418 ], [ 76.504852294921932, 31.846250534057731 ], [ 76.484550476074332, 31.841630935668945 ], [ 76.464271545410213, 31.833831787109432 ], [ 76.458312988281307, 31.832849502563477 ], [ 76.455230712890625, 31.83147048950201 ], [ 76.451126098632926, 31.835138320922852 ], [ 76.441352844238338, 31.840410232544059 ], [ 76.437171936035213, 31.847200393676815 ], [ 76.436798095703182, 31.85276031494152 ], [ 76.433540344238338, 31.856758117675895 ], [ 76.439712524414176, 31.863510131835938 ], [ 76.445152282714901, 31.866451263427734 ], [ 76.444969177246151, 31.869710922241325 ], [ 76.442001342773551, 31.875370025634879 ], [ 76.440689086914006, 31.883100509643555 ], [ 76.437271118164062, 31.888830184936523 ], [ 76.435096740722713, 31.890930175781364 ], [ 76.47440338134777, 31.899610519409237 ], [ 76.474311828613281, 31.905878067016545 ], [ 76.46659088134777, 31.90625 ], [ 76.463783264160156, 31.910789489746037 ], [ 76.466262817382812, 31.917449951171989 ], [ 76.464271545410213, 31.922349929809627 ], [ 76.460922241210938, 31.926090240478629 ], [ 76.46128082275402, 31.930128097534237 ], [ 76.467247009277344, 31.941310882568416 ], [ 76.469383239746151, 31.943460464477539 ], [ 76.476600646972656, 31.940700531005859 ], [ 76.486076354980582, 31.93485069274908 ], [ 76.491065979003906, 31.934970855712891 ], [ 76.492256164550781, 31.936460494995231 ], [ 76.491729736328182, 31.961549758911246 ], [ 76.495391845703239, 31.963090896606388 ], [ 76.496551513671989, 31.957010269165039 ], [ 76.500740051269645, 31.955642700195312 ], [ 76.50302886962902, 31.972152709961051 ], [ 76.506072998046989, 31.985441207885799 ], [ 76.513572692871094, 31.99812126159668 ], [ 76.52097320556652, 32.003040313720703 ], [ 76.52475738525402, 32.008522033691463 ], [ 76.532821655273381, 32.012031555175895 ], [ 76.543212890625057, 32.01350021362299 ], [ 76.562019348144531, 32.012710571289119 ], [ 76.564788818359432, 32.00830078125 ], [ 76.564849853515739, 32.00308990478527 ], [ 76.565971374511832, 31.996379852294922 ], [ 76.568809509277457, 31.991790771484489 ], [ 76.574226379394531, 31.986919403076229 ], [ 76.57950592041027, 31.984359741211051 ], [ 76.596710205078068, 31.98555946350109 ], [ 76.600379943847656, 31.98722076416027 ], [ 76.603706359863338, 31.989679336547908 ], [ 76.605369567871151, 32.003120422363281 ], [ 76.611076354980469, 31.992111206054744 ], [ 76.618263244628849, 31.986959457397518 ], [ 76.621879577636832, 31.987180709838981 ], [ 76.629936218261719, 31.98477935791027 ], [ 76.646125793457031, 31.974899291992188 ], [ 76.65464019775402, 31.965009689331112 ], [ 76.657371520996037, 31.959190368652457 ], [ 76.660629272460938, 31.955440521240291 ], [ 76.666893005371207, 31.950000762939453 ], [ 76.675796508789119, 31.946210861205998 ], [ 76.678703308105582, 31.935060501098576 ], [ 76.673431396484375, 31.932929992675781 ], [ 76.671730041503906, 31.928691864013729 ], [ 76.671890258789062, 31.924150466919059 ], [ 76.667655944824332, 31.91328239440918 ], [ 76.662612915039119, 31.910350799560547 ], [ 76.662246704101619, 31.907180786132812 ], [ 76.663642883300895, 31.900659561157283 ], [ 76.659919738769588, 31.896930694580192 ], [ 76.660079956054688, 31.890281677246151 ] ] ] } },
{ "type": "Feature", "properties": { "ID_0": 105, "ISO": "IND", "NAME_0": "India", "ID_1": 13, "NAME_1": "Himachal Pradesh", "ID_2": 190, "NAME_2": "Kangra", "ID_3": 593, "NAME_3": "Jawali", "CCN_3": 0, "CCA_3": null, "TYPE_3": "Taluk", "ENGTYPE_3": "Taluk", "NL_NAME_3": null, "VARNAME_3": null }, "geometry": { "type": "Polygon", "coordinates": [ [ [ 75.926567077636776, 31.977411270141602 ], [ 75.919349670410213, 31.976160049438533 ], [ 75.88162994384777, 31.977060317993164 ], [ 75.868537902832031, 31.966909408569393 ], [ 75.866172790527457, 31.968820571899357 ], [ 75.856796264648551, 31.969459533691463 ], [ 75.851303100586051, 31.972530364990234 ], [ 75.841629028320312, 31.97361946105957 ], [ 75.836372375488338, 31.981649398803825 ], [ 75.814048767089901, 31.98340034484869 ], [ 75.80560302734375, 31.985019683838004 ], [ 75.795120239257812, 31.988580703735408 ], [ 75.784286499023494, 31.994329452514648 ], [ 75.774299621582031, 32.000789642334041 ], [ 75.766448974609318, 32.007640838623047 ], [ 75.761543273925781, 32.013900756835994 ], [ 75.753807067871207, 32.019882202148381 ], [ 75.748367309570312, 32.02716064453125 ], [ 75.740036010742244, 32.034481048583928 ], [ 75.738006591796989, 32.035800933838004 ], [ 75.742446899414062, 32.043651580810547 ], [ 75.751373291015568, 32.052669525146541 ], [ 75.757347106933594, 32.061672210693416 ], [ 75.762756347656307, 32.065971374511776 ], [ 75.769111633300724, 32.067619323730469 ], [ 75.786262512207145, 32.062351226806641 ], [ 75.792037963867188, 32.05022048950201 ], [ 75.790336608886719, 32.045059204101506 ], [ 75.7926025390625, 32.036399841308651 ], [ 75.797012329101562, 32.035881042480582 ], [ 75.804389953613395, 32.044578552246151 ], [ 75.805557250976562, 32.031742095947322 ], [ 75.807975769043082, 32.029010772705078 ], [ 75.811088562011719, 32.027900695800724 ], [ 75.822021484375057, 32.031890869140739 ], [ 75.832466125488281, 32.031318664550895 ], [ 75.836898803710994, 32.032199859619141 ], [ 75.838600158691406, 32.037940979003963 ], [ 75.834480285644645, 32.051670074462891 ], [ 75.826828002929744, 32.057441711425895 ], [ 75.824157714843807, 32.072700500488395 ], [ 75.815711975097656, 32.083419799804688 ], [ 75.813789367675781, 32.089050292968807 ], [ 75.808250427246094, 32.094310760498161 ], [ 75.796722412109489, 32.098281860351506 ], [ 75.792022705078125, 32.103569030761832 ], [ 75.786476135253849, 32.111499786377067 ], [ 75.783248901367188, 32.118961334228629 ], [ 75.777236938476619, 32.124401092529354 ], [ 75.769866943359489, 32.124839782714844 ], [ 75.768081665039119, 32.126770019531307 ], [ 75.784362792968864, 32.149478912353629 ], [ 75.79931640625, 32.154029846191406 ], [ 75.808769226074332, 32.151679992675724 ], [ 75.818756103515625, 32.152988433837891 ], [ 75.833236694335938, 32.151458740234489 ], [ 75.841567993164176, 32.147541046142692 ], [ 75.849578857421989, 32.145450592041129 ], [ 75.865737915039119, 32.149600982666072 ], [ 75.875160217285099, 32.145950317382926 ], [ 75.886161804199276, 32.144969940185547 ], [ 75.906379699707088, 32.140369415283203 ], [ 75.911117553710994, 32.144741058349609 ], [ 75.914642333984318, 32.155868530273551 ], [ 75.926750183105526, 32.161949157714957 ], [ 75.925506591796989, 32.172779083251953 ], [ 75.916061401367244, 32.188480377197322 ], [ 75.910606384277457, 32.193370819091797 ], [ 75.906486511230469, 32.200859069824332 ], [ 75.910690307617188, 32.202072143554688 ], [ 75.920433044433594, 32.201751708984432 ], [ 75.929992675781307, 32.203361511230582 ], [ 75.932838439941463, 32.20586013793951 ], [ 75.939163208007869, 32.224521636962947 ], [ 75.939666748046875, 32.231639862060661 ], [ 75.937416076660213, 32.236080169677678 ], [ 75.929458618164119, 32.238609313964957 ], [ 75.924423217773438, 32.248828887939567 ], [ 75.92822265625, 32.253582000732536 ], [ 75.935302734375, 32.248249053955192 ], [ 75.941818237304744, 32.244400024414062 ], [ 75.944450378417969, 32.243801116943416 ], [ 75.952758789062614, 32.247138977050838 ], [ 75.975723266601562, 32.261920928955135 ], [ 75.9844970703125, 32.256988525390625 ], [ 75.990806579589844, 32.254718780517692 ], [ 75.998237609863281, 32.249710083007926 ], [ 76.008605957031307, 32.236339569091797 ], [ 76.026016235351676, 32.234470367431697 ], [ 76.033287048339787, 32.232070922851619 ], [ 76.030860900878906, 32.224269866943359 ], [ 76.017738342285213, 32.217868804931697 ], [ 76.014923095703239, 32.211330413818359 ], [ 76.013442993164006, 32.204299926757926 ], [ 76.021575927734432, 32.178218841552791 ], [ 76.024078369140739, 32.173679351806754 ], [ 76.030410766601676, 32.176921844482536 ], [ 76.035049438476562, 32.177410125732479 ], [ 76.040748596191406, 32.174510955810547 ], [ 76.037101745605412, 32.171981811523494 ], [ 76.042068481445312, 32.160820007324332 ], [ 76.048591613769531, 32.154769897460938 ], [ 76.05710601806652, 32.151229858398494 ], [ 76.063987731933537, 32.149890899658203 ], [ 76.069740295410156, 32.145339965820426 ], [ 76.07273101806652, 32.138839721679744 ], [ 76.067390441894645, 32.136440277099666 ], [ 76.068443298339844, 32.130580902099723 ], [ 76.075302124023438, 32.120048522949219 ], [ 76.076797485351562, 32.114448547363395 ], [ 76.070152282714844, 32.111930847168026 ], [ 76.061363220214844, 32.094760894775391 ], [ 76.058578491210994, 32.084999084472713 ], [ 76.056381225585938, 32.083141326904297 ], [ 76.053253173828239, 32.085781097412053 ], [ 76.047042846679688, 32.089340209960938 ], [ 76.041709899902344, 32.088600158691406 ], [ 76.033470153808537, 32.094951629638672 ], [ 76.027816772460938, 32.095550537109489 ], [ 76.023460388183651, 32.099491119384879 ], [ 76.019256591796932, 32.105350494384822 ], [ 76.01206207275402, 32.110580444335994 ], [ 76.006607055664062, 32.115779876708984 ], [ 76.004127502441406, 32.121929168701229 ], [ 76.005599975586051, 32.136878967285213 ], [ 76.003791809082088, 32.141490936279297 ], [ 76.001296997070312, 32.143569946289119 ], [ 75.996109008789062, 32.143039703369141 ], [ 75.994796752929688, 32.13494873046875 ], [ 75.991981506347713, 32.127960205078182 ], [ 75.990432739257812, 32.118492126464787 ], [ 75.999526977539006, 32.099910736083984 ], [ 76.002021789550781, 32.089611053466797 ], [ 76.000091552734318, 32.085880279541072 ], [ 75.989509582519588, 32.083728790283203 ], [ 75.984817504882926, 32.089019775390682 ], [ 75.954452514648551, 32.105758666992188 ], [ 75.949661254882869, 32.114940643310661 ], [ 75.948646545410156, 32.131710052490348 ], [ 75.946685791015568, 32.143321990966854 ], [ 75.941421508789119, 32.154830932617244 ], [ 75.936286926269588, 32.149372100830135 ], [ 75.930778503418026, 32.139980316162109 ], [ 75.927848815917969, 32.130310058593864 ], [ 75.926292419433594, 32.121631622314567 ], [ 75.927421569824162, 32.111980438232422 ], [ 75.923843383789062, 32.107318878173942 ], [ 75.922012329101619, 32.103248596191406 ], [ 75.923393249511832, 32.097579956054688 ], [ 75.928108215332088, 32.09849929809576 ], [ 75.933929443359375, 32.09563064575201 ], [ 75.943809509277457, 32.084701538086051 ], [ 75.945213317871094, 32.08147048950201 ], [ 75.942131042480469, 32.072601318359432 ], [ 75.946983337402401, 32.068710327148381 ], [ 75.956260681152344, 32.068778991699219 ], [ 75.962188720703125, 32.065670013427791 ], [ 75.965660095214901, 32.062480926513786 ], [ 75.966110229492301, 32.057159423828182 ], [ 75.956306457519588, 32.061290740966854 ], [ 75.949012756347656, 32.06145095825201 ], [ 75.939697265625, 32.059711456298828 ], [ 75.939582824707145, 32.053520202636719 ], [ 75.946777343750057, 32.053180694580078 ], [ 75.954170227050781, 32.053859710693416 ], [ 75.9669189453125, 32.049610137939453 ], [ 75.966156005859375, 32.045680999755973 ], [ 75.960716247558651, 32.044792175293026 ], [ 75.961135864257926, 32.03900146484375 ], [ 75.967567443847713, 32.038261413574219 ], [ 75.970298767089957, 32.035560607910156 ], [ 75.971069335937614, 32.025081634521598 ], [ 75.967781066894588, 32.020259857177791 ], [ 75.964363098144588, 32.019119262695256 ], [ 75.958236694335994, 32.020488739013729 ], [ 75.953422546386719, 32.020221710205078 ], [ 75.948211669921818, 32.017551422119141 ], [ 75.947586059570426, 32.00946044921875 ], [ 75.958236694335994, 32.008468627929688 ], [ 75.961051940917969, 32.000209808349609 ], [ 75.956123352050838, 31.996379852294922 ], [ 75.940422058105469, 31.995899200439567 ], [ 75.948455810546875, 31.987159729003963 ], [ 75.951286315917969, 31.982820510864315 ], [ 75.943252563476506, 31.98024940490734 ], [ 75.926567077636776, 31.977411270141602 ] ] ] } },
{ "type": "Feature", "properties": { "ID_0": 105, "ISO": "IND", "NAME_0": "India", "ID_1": 13, "NAME_1": "Himachal Pradesh", "ID_2": 190, "NAME_2": "Kangra", "ID_3": 594, "NAME_3": "Kangra", "CCN_3": 0, "CCA_3": null, "TYPE_3": "Taluk", "ENGTYPE_3": "Taluk", "NL_NAME_3": null, "VARNAME_3": null }, "geometry": { "type": "Polygon", "coordinates": [ [ [ 76.396125793457031, 32.146228790283317 ], [ 76.396110534667969, 32.138240814208928 ], [ 76.403228759765682, 32.141220092773438 ], [ 76.408439636230582, 32.137580871582031 ], [ 76.419166564941406, 32.143310546875 ], [ 76.420867919921875, 32.133941650390568 ], [ 76.428176879882869, 32.117580413818473 ], [ 76.424888610839844, 32.113971710205192 ], [ 76.412887573242188, 32.110519409179688 ], [ 76.407966613769588, 32.104480743408146 ], [ 76.406486511230526, 32.083320617675838 ], [ 76.399696350097656, 32.077289581298885 ], [ 76.395477294921989, 32.081630706787109 ], [ 76.389190673828068, 32.083858489990348 ], [ 76.382110595703239, 32.079959869384822 ], [ 76.381790161132812, 32.073299407959041 ], [ 76.384521484375057, 32.060451507568359 ], [ 76.380241394042969, 32.053279876709041 ], [ 76.377571105957031, 32.046760559082145 ], [ 76.373786926269531, 32.044189453125057 ], [ 76.366371154785156, 32.043300628662109 ], [ 76.360656738281307, 32.039749145507812 ], [ 76.354087829589957, 32.033260345459041 ], [ 76.349647521972713, 32.031280517578239 ], [ 76.346878051757812, 32.027641296386776 ], [ 76.338882446289062, 32.026760101318416 ], [ 76.331146240234432, 32.023971557617244 ], [ 76.324531555175724, 32.023208618164119 ], [ 76.331779479980412, 32.032341003417969 ], [ 76.330230712890739, 32.038719177246207 ], [ 76.33184814453125, 32.056430816650391 ], [ 76.326507568359375, 32.059310913086051 ], [ 76.316825866699276, 32.055961608886719 ], [ 76.306480407714844, 32.056381225585938 ], [ 76.300209045410213, 32.055309295654297 ], [ 76.289878845214844, 32.055950164794979 ], [ 76.286293029785213, 32.06071853637701 ], [ 76.280471801757756, 32.059532165527457 ], [ 76.274322509765739, 32.048809051513672 ], [ 76.262771606445312, 32.038921356201172 ], [ 76.246452331543026, 32.036201477050838 ], [ 76.239898681640625, 32.032829284668082 ], [ 76.235542297363338, 32.026779174804688 ], [ 76.229972839355469, 32.022850036621151 ], [ 76.220962524414006, 32.01836013793951 ], [ 76.220108032226619, 32.00957107543951 ], [ 76.211936950683651, 32.002220153808651 ], [ 76.196456909179744, 32.018428802490348 ], [ 76.187896728515682, 32.013339996337891 ], [ 76.179145812988395, 32.026378631591854 ], [ 76.175270080566463, 32.026050567627067 ], [ 76.177391052246151, 32.035091400146484 ], [ 76.1746826171875, 32.038070678710938 ], [ 76.171066284179744, 32.038478851318303 ], [ 76.168006896972656, 32.045330047607536 ], [ 76.167945861816349, 32.049068450927791 ], [ 76.165596008300895, 32.053070068359318 ], [ 76.166168212890739, 32.058460235595817 ], [ 76.164077758789176, 32.06431961059576 ], [ 76.163223266601562, 32.070400238037109 ], [ 76.157142639160213, 32.074680328369254 ], [ 76.152030944824276, 32.086959838867244 ], [ 76.148536682128906, 32.08837890625 ], [ 76.144332885742188, 32.086959838867244 ], [ 76.14013671875, 32.088340759277457 ], [ 76.129959106445426, 32.094810485839957 ], [ 76.124076843261662, 32.093379974365348 ], [ 76.118339538574332, 32.093879699707145 ], [ 76.11572265625, 32.091529846191463 ], [ 76.111732482910156, 32.094409942626953 ], [ 76.107406616210994, 32.095970153808707 ], [ 76.103721618652344, 32.099121093750057 ], [ 76.099876403808594, 32.096851348876896 ], [ 76.097686767578182, 32.093620300293026 ], [ 76.092697143554744, 32.091361999511832 ], [ 76.087997436523551, 32.093250274658203 ], [ 76.076797485351562, 32.114448547363395 ], [ 76.075302124023438, 32.120048522949219 ], [ 76.068443298339844, 32.130580902099723 ], [ 76.067390441894645, 32.136440277099666 ], [ 76.07273101806652, 32.138839721679744 ], [ 76.069740295410156, 32.145339965820426 ], [ 76.063987731933537, 32.149890899658203 ], [ 76.05710601806652, 32.151229858398494 ], [ 76.048591613769531, 32.154769897460938 ], [ 76.042068481445312, 32.160820007324332 ], [ 76.037101745605412, 32.171981811523494 ], [ 76.040748596191406, 32.174510955810547 ], [ 76.045471191406364, 32.172481536865291 ], [ 76.04965972900402, 32.16913986206049 ], [ 76.061225891113338, 32.164470672607479 ], [ 76.064147949218864, 32.161689758300838 ], [ 76.077239990234432, 32.161731719970703 ], [ 76.083526611328182, 32.157451629638786 ], [ 76.099792480468864, 32.164638519287166 ], [ 76.107192993164119, 32.170558929443416 ], [ 76.113632202148438, 32.172069549560604 ], [ 76.119392395019588, 32.169639587402344 ], [ 76.122261047363338, 32.171562194824219 ], [ 76.121398925781193, 32.174499511718807 ], [ 76.114860534668082, 32.183650970458984 ], [ 76.120773315429801, 32.196369171142692 ], [ 76.121902465820369, 32.201702117920036 ], [ 76.125923156738395, 32.207519531250114 ], [ 76.125129699707088, 32.213539123535156 ], [ 76.118659973144588, 32.213031768798828 ], [ 76.113677978515682, 32.209758758544865 ], [ 76.109191894531193, 32.224731445312443 ], [ 76.110488891601676, 32.229549407959098 ], [ 76.116668701171875, 32.229679107666072 ], [ 76.128158569335994, 32.226589202880859 ], [ 76.135147094726562, 32.228351593017635 ], [ 76.143867492675895, 32.231651306152344 ], [ 76.152999877929744, 32.238208770751953 ], [ 76.157142639160213, 32.231842041015625 ], [ 76.157730102539119, 32.226039886474609 ], [ 76.161247253418082, 32.226161956787053 ], [ 76.166107177734432, 32.228599548339844 ], [ 76.168617248535213, 32.233589172363338 ], [ 76.164878845214957, 32.24662017822277 ], [ 76.169136047363281, 32.257400512695312 ], [ 76.171356201171989, 32.26779937744152 ], [ 76.170867919921875, 32.273849487304744 ], [ 76.165771484375057, 32.277969360351562 ], [ 76.157539367675838, 32.28136062622076 ], [ 76.152290344238395, 32.284809112548885 ], [ 76.151252746582088, 32.289951324462947 ], [ 76.147041320800838, 32.299282073974609 ], [ 76.146842956543026, 32.313961029052734 ], [ 76.144660949707145, 32.319000244140625 ], [ 76.149909973144588, 32.323768615722656 ], [ 76.152557373046875, 32.327510833740234 ], [ 76.153808593750114, 32.333660125732479 ], [ 76.156982421875057, 32.338539123535213 ], [ 76.157669067382812, 32.341331481933594 ], [ 76.154747009277457, 32.34677886962902 ], [ 76.153861999511719, 32.352039337158317 ], [ 76.150596618652344, 32.354808807373104 ], [ 76.161430358886832, 32.358020782470703 ], [ 76.174263000488281, 32.366100311279354 ], [ 76.182891845703182, 32.370121002197379 ], [ 76.18985748291027, 32.37506103515625 ], [ 76.195472717285156, 32.379970550537166 ], [ 76.201072692871207, 32.388618469238281 ], [ 76.204200744628906, 32.394920349121094 ], [ 76.207283020019531, 32.396579742431697 ], [ 76.226737976074219, 32.394580841064396 ], [ 76.238746643066406, 32.395450592041072 ], [ 76.243492126464844, 32.394149780273438 ], [ 76.245796203613281, 32.380840301513786 ], [ 76.250640869140682, 32.374900817871094 ], [ 76.257461547851562, 32.376609802246094 ], [ 76.259498596191349, 32.375499725341911 ], [ 76.256439208984318, 32.366062164306697 ], [ 76.255271911621207, 32.349601745605526 ], [ 76.252410888671989, 32.345668792724666 ], [ 76.246040344238338, 32.340190887451286 ], [ 76.231666564941406, 32.320308685302791 ], [ 76.232803344726562, 32.311649322509766 ], [ 76.231613159179801, 32.290828704833928 ], [ 76.233535766601676, 32.277019500732479 ], [ 76.238716125488281, 32.273521423339957 ], [ 76.236442565917969, 32.269741058349666 ], [ 76.233718872070426, 32.268390655517635 ], [ 76.229927062988224, 32.268291473388786 ], [ 76.227867126464844, 32.256969451904354 ], [ 76.232246398925781, 32.252059936523438 ], [ 76.234626770019588, 32.245769500732536 ], [ 76.229446411132869, 32.232730865478572 ], [ 76.22891998291027, 32.228729248046989 ], [ 76.226058959961051, 32.22587966918951 ], [ 76.219749450683651, 32.222869873046875 ], [ 76.220611572265625, 32.213748931884879 ], [ 76.217979431152344, 32.203151702880859 ], [ 76.214447021484489, 32.195960998535156 ], [ 76.218536376953125, 32.193641662597599 ], [ 76.221282958984432, 32.18988037109375 ], [ 76.224212646484318, 32.182369232177791 ], [ 76.236946105957145, 32.182128906250057 ], [ 76.240753173828239, 32.177909851074276 ], [ 76.244537353515682, 32.175140380859318 ], [ 76.250679016113395, 32.177520751953182 ], [ 76.257415771484375, 32.181339263915959 ], [ 76.266471862793026, 32.184299468994197 ], [ 76.264358520507869, 32.179141998291072 ], [ 76.261009216308707, 32.175350189209041 ], [ 76.257652282714844, 32.16321945190424 ], [ 76.260528564453182, 32.156909942627067 ], [ 76.266792297363281, 32.152160644531307 ], [ 76.276062011718864, 32.14921951293951 ], [ 76.285629272460881, 32.147289276123104 ], [ 76.294876098632869, 32.146800994873161 ], [ 76.304550170898438, 32.149478912353629 ], [ 76.311012268066406, 32.146270751953182 ], [ 76.314392089843864, 32.139358520507869 ], [ 76.320487976074332, 32.139499664306697 ], [ 76.326072692871094, 32.141269683838004 ], [ 76.340187072753906, 32.150150299072322 ], [ 76.342689514160156, 32.155601501464901 ], [ 76.344116210937557, 32.163650512695426 ], [ 76.348007202148438, 32.165409088134822 ], [ 76.355308532714844, 32.170639038085994 ], [ 76.358451843261832, 32.165351867675838 ], [ 76.352890014648494, 32.154499053955078 ], [ 76.354942321777401, 32.149139404296932 ], [ 76.360336303711051, 32.144298553466911 ], [ 76.365379333496094, 32.141712188720703 ], [ 76.370010375976619, 32.148571014404297 ], [ 76.376670837402344, 32.150699615478516 ], [ 76.37888336181652, 32.147460937500114 ], [ 76.375816345214957, 32.143779754638672 ], [ 76.372261047363281, 32.137050628662223 ], [ 76.391510009765625, 32.14213943481451 ], [ 76.396125793457031, 32.146228790283317 ] ] ] } },
{ "type": "Feature", "properties": { "ID_0": 105, "ISO": "IND", "NAME_0": "India", "ID_1": 13, "NAME_1": "Himachal Pradesh", "ID_2": 190, "NAME_2": "Kangra", "ID_3": 595, "NAME_3": "n.a. ( 42)", "CCN_3": 0, "CCA_3": null, "TYPE_3": "Taluk", "ENGTYPE_3": "Taluk", "NL_NAME_3": null, "VARNAME_3": null }, "geometry": { "type": "Polygon", "coordinates": [ [ [ 76.070831298828239, 31.832042694091854 ], [ 76.070259094238395, 31.832860946655387 ], [ 76.067878723144588, 31.845951080322322 ], [ 76.057975769043026, 31.840599060058537 ], [ 76.039619445800781, 31.855989456176815 ], [ 76.032699584961051, 31.863010406494084 ], [ 76.023338317871207, 31.865360260009766 ], [ 75.993843078613281, 31.864480972289982 ], [ 75.987106323242301, 31.856679916381893 ], [ 75.985282897949219, 31.852390289306641 ], [ 75.975006103515682, 31.850980758667106 ], [ 75.964569091796989, 31.850580215454102 ], [ 75.955383300781307, 31.854642868042106 ], [ 75.944252014160156, 31.857519149780217 ], [ 75.938400268554744, 31.867889404296875 ], [ 75.931442260742188, 31.883831024169922 ], [ 75.926170349121151, 31.889791488647461 ], [ 75.912689208984489, 31.916578292846737 ], [ 75.902763366699332, 31.92791938781744 ], [ 75.895957946777287, 31.940259933471793 ], [ 75.894546508789119, 31.949800491333008 ], [ 75.877716064453182, 31.961980819702205 ], [ 75.869720458984432, 31.965970993042049 ], [ 75.868537902832031, 31.966909408569393 ], [ 75.88162994384777, 31.977060317993164 ], [ 75.919349670410213, 31.976160049438533 ], [ 75.926567077636776, 31.977411270141602 ], [ 75.933036804199276, 31.969539642334041 ], [ 75.928787231445312, 31.961839675903377 ], [ 75.939758300781307, 31.960178375244197 ], [ 75.948593139648381, 31.954650878906193 ], [ 75.952423095703125, 31.945470809936523 ], [ 75.95639801025402, 31.949201583862362 ], [ 75.960617065429631, 31.955898284912053 ], [ 75.96878814697277, 31.955400466919002 ], [ 75.967437744140739, 31.95050048828125 ], [ 75.970565795898438, 31.945318222045898 ], [ 75.967208862304744, 31.937570571899414 ], [ 75.968696594238338, 31.933490753173885 ], [ 75.980873107910156, 31.937709808349666 ], [ 75.983848571777457, 31.940521240234489 ], [ 75.985168457031364, 31.941150665283317 ], [ 75.991516113281193, 31.953460693359489 ], [ 75.997695922851619, 31.956811904907227 ], [ 76.007843017578182, 31.95175933837902 ], [ 76.018081665039062, 31.948820114135799 ], [ 76.028511047363224, 31.942499160766545 ], [ 76.028221130371151, 31.934291839599723 ], [ 76.03708648681652, 31.938310623168945 ], [ 76.044548034667969, 31.937910079956112 ], [ 76.054626464843864, 31.945552825927848 ], [ 76.058647155761662, 31.94597053527832 ], [ 76.064201354980469, 31.942319869995174 ], [ 76.082580566406307, 31.938970565795842 ], [ 76.082176208496094, 31.933780670166016 ], [ 76.089408874511719, 31.934480667114201 ], [ 76.096481323242188, 31.932912826538086 ], [ 76.104263305664062, 31.927988052368278 ], [ 76.110206604003906, 31.926851272582951 ], [ 76.127555847167969, 31.924980163574276 ], [ 76.133880615234432, 31.925989151001033 ], [ 76.135131835937443, 31.921361923217887 ], [ 76.133049011230469, 31.912981033325195 ], [ 76.115417480468807, 31.892879486084041 ], [ 76.107772827148494, 31.88701057434082 ], [ 76.105278015136776, 31.879051208496151 ], [ 76.106773376464844, 31.871040344238338 ], [ 76.105957031249943, 31.861640930175781 ], [ 76.10288238525402, 31.854881286621207 ], [ 76.097129821777457, 31.848699569702262 ], [ 76.085441589355526, 31.841810226440487 ], [ 76.078361511230469, 31.83897972106945 ], [ 76.070831298828239, 31.832042694091854 ] ] ] } },
{ "type": "Feature", "properties": { "ID_0": 105, "ISO": "IND", "NAME_0": "India", "ID_1": 13, "NAME_1": "Himachal Pradesh", "ID_2": 190, "NAME_2": "Kangra", "ID_3": 596, "NAME_3": "Nurpur", "CCN_3": 0, "CCA_3": null, "TYPE_3": "Taluk", "ENGTYPE_3": "Taluk", "NL_NAME_3": null, "VARNAME_3": null }, "geometry": { "type": "Polygon", "coordinates": [ [ [ 75.640922546386832, 32.247379302978516 ], [ 75.652442932128906, 32.255439758300724 ], [ 75.654876708984375, 32.255851745605469 ], [ 75.675842285156193, 32.264019012451229 ], [ 75.684890747070369, 32.265018463134879 ], [ 75.704879760742188, 32.267238616943359 ], [ 75.736396789550838, 32.273761749267635 ], [ 75.751838684082088, 32.284172058105526 ], [ 75.754676818847656, 32.286079406738338 ], [ 75.761856079101676, 32.296112060546875 ], [ 75.763366699218864, 32.302150726318416 ], [ 75.783142089843807, 32.322200775146541 ], [ 75.785491943359489, 32.32379150390625 ], [ 75.793716430664006, 32.332382202148494 ], [ 75.799278259277344, 32.337371826171932 ], [ 75.813919067382926, 32.350559234619141 ], [ 75.818870544433707, 32.35503005981451 ], [ 75.837402343749943, 32.373020172119254 ], [ 75.843879699706974, 32.379310607910213 ], [ 75.866310119628963, 32.394561767578182 ], [ 75.871932983398438, 32.398448944091797 ], [ 75.911109924316463, 32.409191131591854 ], [ 75.91916656494152, 32.401111602783203 ], [ 75.921981811523494, 32.396049499511719 ], [ 75.931617736816349, 32.392780303955135 ], [ 75.943367004394588, 32.390819549560547 ], [ 75.951751708984432, 32.392459869384879 ], [ 75.958831787109432, 32.391498565673942 ], [ 75.963569641113338, 32.385681152343864 ], [ 75.975616455078182, 32.376270294189396 ], [ 75.984275817871094, 32.364341735839957 ], [ 75.989509582519588, 32.354862213134879 ], [ 76.004035949707088, 32.338680267334098 ], [ 76.006248474121094, 32.331459045410213 ], [ 76.002426147460938, 32.325389862060547 ], [ 76.000061035156364, 32.318931579589957 ], [ 76.007942199707031, 32.321620941162166 ], [ 76.007949829101562, 32.319110870361328 ], [ 76.005462646484375, 32.312900543213004 ], [ 76.004142761230469, 32.304229736328239 ], [ 76.001167297363338, 32.299690246581974 ], [ 76.001373291015739, 32.291671752929801 ], [ 76.011001586914062, 32.279510498046875 ], [ 76.015502929687614, 32.271369934082088 ], [ 76.02587890625, 32.269901275634766 ], [ 76.031806945800781, 32.265281677246151 ], [ 76.05657958984375, 32.269920349121207 ], [ 76.062797546386832, 32.272201538086051 ], [ 76.070953369140682, 32.272098541259879 ], [ 76.078147888183594, 32.269458770751896 ], [ 76.083946228027401, 32.264629364013729 ], [ 76.094566345214844, 32.259681701660156 ], [ 76.104179382324332, 32.257881164550895 ], [ 76.108535766601619, 32.252490997314396 ], [ 76.107986450195369, 32.24303054809576 ], [ 76.109542846679801, 32.236240386963004 ], [ 76.107040405273551, 32.229511260986385 ], [ 76.110488891601676, 32.229549407959098 ], [ 76.109191894531193, 32.224731445312443 ], [ 76.113677978515682, 32.209758758544865 ], [ 76.118659973144588, 32.213031768798828 ], [ 76.125129699707088, 32.213539123535156 ], [ 76.125923156738395, 32.207519531250114 ], [ 76.121902465820369, 32.201702117920036 ], [ 76.120773315429801, 32.196369171142692 ], [ 76.114860534668082, 32.183650970458984 ], [ 76.121398925781193, 32.174499511718807 ], [ 76.122261047363338, 32.171562194824219 ], [ 76.119392395019588, 32.169639587402344 ], [ 76.113632202148438, 32.172069549560604 ], [ 76.107192993164119, 32.170558929443416 ], [ 76.099792480468864, 32.164638519287166 ], [ 76.083526611328182, 32.157451629638786 ], [ 76.077239990234432, 32.161731719970703 ], [ 76.064147949218864, 32.161689758300838 ], [ 76.061225891113338, 32.164470672607479 ], [ 76.04965972900402, 32.16913986206049 ], [ 76.045471191406364, 32.172481536865291 ], [ 76.040748596191406, 32.174510955810547 ], [ 76.035049438476562, 32.177410125732479 ], [ 76.030410766601676, 32.176921844482536 ], [ 76.024078369140739, 32.173679351806754 ], [ 76.021575927734432, 32.178218841552791 ], [ 76.013442993164006, 32.204299926757926 ], [ 76.014923095703239, 32.211330413818359 ], [ 76.017738342285213, 32.217868804931697 ], [ 76.030860900878906, 32.224269866943359 ], [ 76.033287048339787, 32.232070922851619 ], [ 76.026016235351676, 32.234470367431697 ], [ 76.008605957031307, 32.236339569091797 ], [ 75.998237609863281, 32.249710083007926 ], [ 75.990806579589844, 32.254718780517692 ], [ 75.9844970703125, 32.256988525390625 ], [ 75.975723266601562, 32.261920928955135 ], [ 75.952758789062614, 32.247138977050838 ], [ 75.944450378417969, 32.243801116943416 ], [ 75.941818237304744, 32.244400024414062 ], [ 75.935302734375, 32.248249053955192 ], [ 75.92822265625, 32.253582000732536 ], [ 75.924423217773438, 32.248828887939567 ], [ 75.929458618164119, 32.238609313964957 ], [ 75.937416076660213, 32.236080169677678 ], [ 75.939666748046875, 32.231639862060661 ], [ 75.939163208007869, 32.224521636962947 ], [ 75.932838439941463, 32.20586013793951 ], [ 75.929992675781307, 32.203361511230582 ], [ 75.920433044433594, 32.201751708984432 ], [ 75.910690307617188, 32.202072143554688 ], [ 75.906486511230469, 32.200859069824332 ], [ 75.910606384277457, 32.193370819091797 ], [ 75.916061401367244, 32.188480377197322 ], [ 75.925506591796989, 32.172779083251953 ], [ 75.926750183105526, 32.161949157714957 ], [ 75.914642333984318, 32.155868530273551 ], [ 75.911117553710994, 32.144741058349609 ], [ 75.906379699707088, 32.140369415283203 ], [ 75.886161804199276, 32.144969940185547 ], [ 75.875160217285099, 32.145950317382926 ], [ 75.865737915039119, 32.149600982666072 ], [ 75.862075805664119, 32.151958465576286 ], [ 75.853988647460881, 32.154670715332088 ], [ 75.847381591796875, 32.170631408691406 ], [ 75.848556518554744, 32.181468963623104 ], [ 75.848121643066406, 32.184719085693473 ], [ 75.845870971679744, 32.189929962158146 ], [ 75.84393310546875, 32.189369201660213 ], [ 75.835662841796989, 32.177379608154297 ], [ 75.833580017089787, 32.176830291748047 ], [ 75.825126647949276, 32.177410125732479 ], [ 75.789405822753963, 32.175151824951229 ], [ 75.766448974609318, 32.179149627685604 ], [ 75.747856140136776, 32.166622161865348 ], [ 75.742408752441349, 32.160808563232422 ], [ 75.732650756836051, 32.162841796875057 ], [ 75.728736877441406, 32.166469573974553 ], [ 75.730148315429801, 32.169269561767692 ], [ 75.728469848632926, 32.172359466552848 ], [ 75.732040405273494, 32.177551269531307 ], [ 75.7352294921875, 32.179561614990291 ], [ 75.734306335449276, 32.182090759277401 ], [ 75.728042602539119, 32.182331085205078 ], [ 75.71396636962902, 32.189540863037053 ], [ 75.709106445312557, 32.194301605224723 ], [ 75.698318481445426, 32.198909759521484 ], [ 75.693092346191463, 32.207248687744254 ], [ 75.715103149414176, 32.214019775390739 ], [ 75.721542358398494, 32.219310760498047 ], [ 75.720382690429744, 32.226341247558651 ], [ 75.715263366699276, 32.233589172363338 ], [ 75.714431762695312, 32.234249114990291 ], [ 75.696372985839901, 32.233669281005859 ], [ 75.675186157226619, 32.234809875488395 ], [ 75.664115905761776, 32.23612213134777 ], [ 75.643821716308594, 32.243270874023438 ], [ 75.640922546386832, 32.247379302978516 ] ] ] } },
{ "type": "Feature", "properties": { "ID_0": 105, "ISO": "IND", "NAME_0": "India", "ID_1": 13, "NAME_1": "Himachal Pradesh", "ID_2": 190, "NAME_2": "Kangra", "ID_3": 597, "NAME_3": "Palampur", "CCN_3": 0, "CCA_3": null, "TYPE_3": "Taluk", "ENGTYPE_3": "Taluk", "NL_NAME_3": null, "VARNAME_3": null }, "geometry": { "type": "Polygon", "coordinates": [ [ [ 76.346878051757812, 32.027641296386776 ], [ 76.349647521972713, 32.031280517578239 ], [ 76.354087829589957, 32.033260345459041 ], [ 76.360656738281307, 32.039749145507812 ], [ 76.366371154785156, 32.043300628662109 ], [ 76.373786926269531, 32.044189453125057 ], [ 76.377571105957031, 32.046760559082145 ], [ 76.380241394042969, 32.053279876709041 ], [ 76.384521484375057, 32.060451507568359 ], [ 76.381790161132812, 32.073299407959041 ], [ 76.382110595703239, 32.079959869384822 ], [ 76.389190673828068, 32.083858489990348 ], [ 76.395477294921989, 32.081630706787109 ], [ 76.399696350097656, 32.077289581298885 ], [ 76.406486511230526, 32.083320617675838 ], [ 76.407966613769588, 32.104480743408146 ], [ 76.412887573242188, 32.110519409179688 ], [ 76.424888610839844, 32.113971710205192 ], [ 76.428176879882869, 32.117580413818473 ], [ 76.420867919921875, 32.133941650390568 ], [ 76.419166564941406, 32.143310546875 ], [ 76.408439636230582, 32.137580871582031 ], [ 76.403228759765682, 32.141220092773438 ], [ 76.396110534667969, 32.138240814208928 ], [ 76.396125793457031, 32.146228790283317 ], [ 76.405166625976676, 32.152770996093864 ], [ 76.418426513671875, 32.160591125488395 ], [ 76.427841186523494, 32.164119720459098 ], [ 76.430831909179688, 32.185859680175781 ], [ 76.436920166015625, 32.199741363525447 ], [ 76.443817138671932, 32.205299377441406 ], [ 76.451438903808594, 32.209590911865234 ], [ 76.452331542968693, 32.212650299072266 ], [ 76.449920654296932, 32.218029022216797 ], [ 76.450126647949276, 32.235210418701229 ], [ 76.447761535644531, 32.243801116943416 ], [ 76.447929382324332, 32.250411987304744 ], [ 76.454246520996094, 32.249511718750114 ], [ 76.460617065429744, 32.249740600585938 ], [ 76.466262817382812, 32.253639221191463 ], [ 76.473182678222656, 32.247470855713004 ], [ 76.47869873046875, 32.245090484619141 ], [ 76.48858642578125, 32.235080718994254 ], [ 76.497650146484432, 32.234649658203068 ], [ 76.508598327636662, 32.239501953125057 ], [ 76.510139465332031, 32.235069274902344 ], [ 76.532600402832145, 32.230361938476619 ], [ 76.540756225585994, 32.230838775634822 ], [ 76.54862213134777, 32.22703933715826 ], [ 76.5565185546875, 32.227569580078239 ], [ 76.574226379394531, 32.223030090332031 ], [ 76.583702087402457, 32.216770172119254 ], [ 76.591949462890568, 32.208869934082145 ], [ 76.597763061523494, 32.201080322265568 ], [ 76.609199523925838, 32.194511413574276 ], [ 76.643569946289119, 32.185329437255973 ], [ 76.638175964355526, 32.182559967041072 ], [ 76.628570556640568, 32.180160522460938 ], [ 76.6182861328125, 32.174270629882869 ], [ 76.612640380859432, 32.167049407958984 ], [ 76.610572814941463, 32.154289245605526 ], [ 76.608367919921875, 32.147418975830078 ], [ 76.603630065917969, 32.137760162353572 ], [ 76.601097106933537, 32.129112243652401 ], [ 76.603538513183707, 32.120571136474666 ], [ 76.609169006347656, 32.106288909912166 ], [ 76.608306884765739, 32.103099822998161 ], [ 76.60544586181652, 32.101459503173828 ], [ 76.593391418457088, 32.106220245361328 ], [ 76.586456298828125, 32.106639862060547 ], [ 76.581787109375114, 32.101459503173828 ], [ 76.587837219238338, 32.087329864501953 ], [ 76.590446472167969, 32.083610534667969 ], [ 76.604049682617244, 32.076339721679631 ], [ 76.606796264648551, 32.069561004638786 ], [ 76.607986450195312, 32.063259124755973 ], [ 76.607650756835938, 32.057220458984489 ], [ 76.606010437011832, 32.052459716796989 ], [ 76.606178283691463, 32.044349670410156 ], [ 76.604888916015739, 32.04071044921875 ], [ 76.606986999511832, 32.030120849609432 ], [ 76.603172302246207, 32.027221679687557 ], [ 76.604850769043026, 32.025600433349666 ], [ 76.603256225585938, 32.020999908447266 ], [ 76.600639343261776, 32.018451690673771 ], [ 76.602996826171989, 32.00830078125 ], [ 76.605369567871151, 32.003120422363281 ], [ 76.603706359863338, 31.989679336547908 ], [ 76.600379943847656, 31.98722076416027 ], [ 76.596710205078068, 31.98555946350109 ], [ 76.57950592041027, 31.984359741211051 ], [ 76.574226379394531, 31.986919403076229 ], [ 76.568809509277457, 31.991790771484489 ], [ 76.565971374511832, 31.996379852294922 ], [ 76.564849853515739, 32.00308990478527 ], [ 76.564788818359432, 32.00830078125 ], [ 76.562019348144531, 32.012710571289119 ], [ 76.543212890625057, 32.01350021362299 ], [ 76.532821655273381, 32.012031555175895 ], [ 76.52475738525402, 32.008522033691463 ], [ 76.52097320556652, 32.003040313720703 ], [ 76.513572692871094, 31.99812126159668 ], [ 76.506072998046989, 31.985441207885799 ], [ 76.50302886962902, 31.972152709961051 ], [ 76.500740051269645, 31.955642700195312 ], [ 76.496551513671989, 31.957010269165039 ], [ 76.495391845703239, 31.963090896606388 ], [ 76.491729736328182, 31.961549758911246 ], [ 76.492256164550781, 31.936460494995231 ], [ 76.491065979003906, 31.934970855712891 ], [ 76.486076354980582, 31.93485069274908 ], [ 76.476600646972656, 31.940700531005859 ], [ 76.469383239746151, 31.943460464477539 ], [ 76.467247009277344, 31.941310882568416 ], [ 76.46128082275402, 31.930128097534237 ], [ 76.460922241210938, 31.926090240478629 ], [ 76.464271545410213, 31.922349929809627 ], [ 76.466262817382812, 31.917449951171989 ], [ 76.463783264160156, 31.910789489746037 ], [ 76.46659088134777, 31.90625 ], [ 76.474311828613281, 31.905878067016545 ], [ 76.47440338134777, 31.899610519409237 ], [ 76.435096740722713, 31.890930175781364 ], [ 76.432586669921932, 31.893430709838867 ], [ 76.420257568359489, 31.902259826660156 ], [ 76.410232543945312, 31.914590835571403 ], [ 76.4046630859375, 31.923580169677791 ], [ 76.401519775390682, 31.932489395141658 ], [ 76.39935302734375, 31.948120117187614 ], [ 76.402442932128963, 31.954931259155387 ], [ 76.398117065429801, 31.961162567138729 ], [ 76.393310546875057, 31.966091156005916 ], [ 76.394371032714844, 31.972879409790039 ], [ 76.400321960449219, 31.972940444946346 ], [ 76.404617309570426, 31.975080490112305 ], [ 76.404808044433707, 31.985090255737418 ], [ 76.399375915527401, 31.994752883911076 ], [ 76.39353179931652, 32.002799987793026 ], [ 76.385879516601619, 32.00883865356451 ], [ 76.375495910644531, 32.012168884277401 ], [ 76.367332458496151, 32.012451171874943 ], [ 76.354896545410156, 32.011299133300724 ], [ 76.346878051757812, 32.027641296386776 ] ] ] } },
{ "type": "Feature", "properties": { "ID_0": 105, "ISO": "IND", "NAME_0": "India", "ID_1": 13, "NAME_1": "Himachal Pradesh", "ID_2": 191, "NAME_2": "Kinnaur", "ID_3": 598, "NAME_3": "Kalpa", "CCN_3": 0, "CCA_3": null, "TYPE_3": "Taluk", "ENGTYPE_3": "Taluk", "NL_NAME_3": null, "VARNAME_3": null }, "geometry": { "type": "Polygon", "coordinates": [ [ [ 78.355598449707088, 31.48274040222168 ], [ 78.355598449707088, 31.477519989013786 ], [ 78.350067138671932, 31.474880218505859 ], [ 78.343193054199276, 31.47025108337408 ], [ 78.333457946777401, 31.466907501220703 ], [ 78.329811096191463, 31.46476936340332 ], [ 78.326728820800781, 31.459920883178768 ], [ 78.320343017578239, 31.452909469604549 ], [ 78.309829711914119, 31.451368331909237 ], [ 78.303771972656364, 31.45243072509777 ], [ 78.29693603515625, 31.456291198730469 ], [ 78.286956787109489, 31.464519500732536 ], [ 78.287956237792912, 31.468778610229606 ], [ 78.276268005371207, 31.46907997131359 ], [ 78.258743286132926, 31.471748352050781 ], [ 78.248435974121207, 31.471820831298828 ], [ 78.222221374511719, 31.470331192016658 ], [ 78.208992004394474, 31.470512390136832 ], [ 78.18643951416027, 31.478939056396541 ], [ 78.183326721191463, 31.48051834106451 ], [ 78.179519653320369, 31.491031646728629 ], [ 78.163276672363281, 31.507320404052734 ], [ 78.155876159668026, 31.51387977600109 ], [ 78.151702880859432, 31.51670074462902 ], [ 78.144981384277401, 31.519758224487305 ], [ 78.151573181152457, 31.528419494628906 ], [ 78.153076171875114, 31.531400680541992 ], [ 78.155532836914176, 31.54224967956543 ], [ 78.15924072265625, 31.550989151001033 ], [ 78.169876098632926, 31.556489944458008 ], [ 78.174942016601619, 31.561109542846793 ], [ 78.176040649414062, 31.563180923461914 ], [ 78.177207946777344, 31.567600250244141 ], [ 78.176742553711051, 31.573049545288143 ], [ 78.175453186035156, 31.577159881591797 ], [ 78.172798156738281, 31.58102989196783 ], [ 78.174896240234375, 31.584720611572209 ], [ 78.177429199218807, 31.594770431518612 ], [ 78.17746734619152, 31.597349166870231 ], [ 78.175651550292969, 31.602739334106559 ], [ 78.170097351074219, 31.603610992431584 ], [ 78.169799804687557, 31.607498168945426 ], [ 78.166625976562614, 31.6102294921875 ], [ 78.160911560058707, 31.619819641113338 ], [ 78.157341003417969, 31.62301063537592 ], [ 78.154159545898494, 31.624710083007812 ], [ 78.146339416503963, 31.625289916992188 ], [ 78.142356872558651, 31.626871109008789 ], [ 78.140892028808707, 31.628351211547795 ], [ 78.140777587890625, 31.632020950317383 ], [ 78.138992309570256, 31.637220382690373 ], [ 78.137626647949332, 31.63920974731451 ], [ 78.135665893554744, 31.640350341796875 ], [ 78.119651794433651, 31.644250869750977 ], [ 78.115966796875, 31.643199920654354 ], [ 78.107933044433594, 31.637540817260799 ], [ 78.104866027832031, 31.636810302734432 ], [ 78.096878051757812, 31.645301818847656 ], [ 78.096542358398494, 31.652460098266658 ], [ 78.093772888183707, 31.653589248657227 ], [ 78.087219238281307, 31.661550521850643 ], [ 78.083732604980469, 31.668479919433651 ], [ 78.083541870117188, 31.672018051147518 ], [ 78.083000183105526, 31.67357063293457 ], [ 78.083808898925838, 31.678150177002067 ], [ 78.089752197265739, 31.681009292602539 ], [ 78.097007751464957, 31.689830780029297 ], [ 78.097717285156307, 31.693210601806754 ], [ 78.102058410644531, 31.694681167602653 ], [ 78.104759216308651, 31.696641921997013 ], [ 78.107368469238281, 31.699920654296932 ], [ 78.115547180175781, 31.700008392334041 ], [ 78.145812988281364, 31.692501068115234 ], [ 78.152465820312557, 31.68980979919445 ], [ 78.1590576171875, 31.685979843139705 ], [ 78.163139343261776, 31.685939788818416 ], [ 78.169082641601676, 31.694959640503043 ], [ 78.176132202148551, 31.696741104126033 ], [ 78.182952880859432, 31.695451736450309 ], [ 78.187217712402457, 31.693620681762695 ], [ 78.192329406738338, 31.694839477539176 ], [ 78.198707580566406, 31.695289611816406 ], [ 78.212615966796818, 31.694850921630916 ], [ 78.228050231933707, 31.690589904785213 ], [ 78.259468078613338, 31.675619125366211 ], [ 78.269676208496094, 31.668489456176815 ], [ 78.277740478515682, 31.660060882568303 ], [ 78.282646179199219, 31.657119750976562 ], [ 78.287902832031364, 31.650510787963924 ], [ 78.297271728515739, 31.64281082153326 ], [ 78.293601989746151, 31.639850616455021 ], [ 78.281433105468864, 31.636999130249137 ], [ 78.276962280273438, 31.634519577026481 ], [ 78.282890319824276, 31.621740341186637 ], [ 78.286361694335994, 31.617050170898381 ], [ 78.294403076171989, 31.611661911010685 ], [ 78.298370361328182, 31.604248046875114 ], [ 78.303916931152401, 31.598262786865178 ], [ 78.308425903320312, 31.591060638427734 ], [ 78.310737609863338, 31.584539413452262 ], [ 78.313629150390682, 31.571741104125977 ], [ 78.309982299804744, 31.564069747924862 ], [ 78.312828063964901, 31.557138442993221 ], [ 78.32950592041027, 31.545721054077148 ], [ 78.334877014160099, 31.542551040649414 ], [ 78.341659545898494, 31.539882659912223 ], [ 78.346755981445312, 31.535730361938533 ], [ 78.349807739257812, 31.530048370361328 ], [ 78.349716186523551, 31.523099899292049 ], [ 78.355926513671875, 31.519632339477482 ], [ 78.356437683105412, 31.512662887573356 ], [ 78.360557556152401, 31.506620407104492 ], [ 78.36163330078125, 31.500570297241268 ], [ 78.357002258300724, 31.495391845703125 ], [ 78.353889465332088, 31.488990783691463 ], [ 78.355598449707088, 31.48274040222168 ] ] ] } },
{ "type": "Feature", "properties": { "ID_0": 105, "ISO": "IND", "NAME_0": "India", "ID_1": 13, "NAME_1": "Himachal Pradesh", "ID_2": 191, "NAME_2": "Kinnaur", "ID_3": 599, "NAME_3": "Morang", "CCN_3": 0, "CCA_3": null, "TYPE_3": "Taluk", "ENGTYPE_3": "Taluk", "NL_NAME_3": null, "VARNAME_3": null }, "geometry": { "type": "Polygon", "coordinates": [ [ [ 78.107368469238281, 31.699920654296932 ], [ 78.093070983886719, 31.707820892334041 ], [ 78.084922790527401, 31.710319519042912 ], [ 78.086479187011776, 31.717210769653434 ], [ 78.083625793457145, 31.720401763916016 ], [ 78.076698303222713, 31.724210739135742 ], [ 78.076087951660156, 31.729219436645621 ], [ 78.079048156738395, 31.734479904174918 ], [ 78.079490661621037, 31.739900588989371 ], [ 78.078842163085994, 31.746280670165959 ], [ 78.083480834961051, 31.753080368042049 ], [ 78.091857910156364, 31.759330749511832 ], [ 78.096649169921818, 31.766639709472656 ], [ 78.085746765136832, 31.769500732421875 ], [ 78.080718994140682, 31.773519515991268 ], [ 78.071556091308651, 31.776609420776481 ], [ 78.065582275390625, 31.781272888183537 ], [ 78.060348510742244, 31.788040161132869 ], [ 78.067565917968807, 31.791719436645565 ], [ 78.068016052246207, 31.794879913330192 ], [ 78.066841125488395, 31.79823112487793 ], [ 78.069679260253963, 31.805099487304801 ], [ 78.070182800292969, 31.813499450683707 ], [ 78.074935913085938, 31.819030761718864 ], [ 78.079399108886776, 31.827150344848633 ], [ 78.076667785644531, 31.834020614624137 ], [ 78.080696105957031, 31.837139129638729 ], [ 78.079772949218807, 31.841930389404354 ], [ 78.069366455078239, 31.849279403686637 ], [ 78.072196960449332, 31.85477256774908 ], [ 78.078010559082031, 31.857370376587028 ], [ 78.073890686035213, 31.862520217895621 ], [ 78.079620361328239, 31.863439559936467 ], [ 78.089675903320369, 31.86276817321783 ], [ 78.096160888671932, 31.865240097045955 ], [ 78.107910156249943, 31.871629714965877 ], [ 78.116310119628906, 31.871772766113338 ], [ 78.121932983398494, 31.870960235595817 ], [ 78.13275146484375, 31.871948242187557 ], [ 78.13671875, 31.868000030517578 ], [ 78.145431518554801, 31.866420745849723 ], [ 78.156997680664119, 31.867099761962947 ], [ 78.167800903320256, 31.857719421386832 ], [ 78.172897338867301, 31.852260589599666 ], [ 78.178565979003963, 31.831609725952148 ], [ 78.186241149902457, 31.824909210205078 ], [ 78.190666198730582, 31.825202941894531 ], [ 78.201416015625, 31.820030212402344 ], [ 78.205459594726619, 31.816701889038029 ], [ 78.227378845214901, 31.820489883422852 ], [ 78.232940673828182, 31.819461822509879 ], [ 78.23895263671875, 31.816850662231445 ], [ 78.24503326416027, 31.810979843139592 ], [ 78.250846862793026, 31.810791015625114 ], [ 78.260086059570426, 31.803279876709098 ], [ 78.267486572265682, 31.805032730102539 ], [ 78.278205871582145, 31.804170608520621 ], [ 78.281051635742301, 31.801481246948242 ], [ 78.287422180175781, 31.791170120239315 ], [ 78.296798706054688, 31.785711288452205 ], [ 78.304733276367301, 31.778081893920955 ], [ 78.309532165527344, 31.776020050048942 ], [ 78.314163208007869, 31.772449493408203 ], [ 78.31658935546875, 31.768510818481559 ], [ 78.316116333007869, 31.763969421386719 ], [ 78.314872741699219, 31.759380340576286 ], [ 78.314453125000114, 31.750410079956112 ], [ 78.317176818847656, 31.744279861450309 ], [ 78.323326110839901, 31.737699508667106 ], [ 78.329971313476562, 31.733882904052678 ], [ 78.341911315918082, 31.730699539184627 ], [ 78.343955993652401, 31.727741241455192 ], [ 78.3472900390625, 31.726779937744254 ], [ 78.350608825683651, 31.728412628173828 ], [ 78.36065673828125, 31.738010406494197 ], [ 78.364830017089787, 31.737850189209098 ], [ 78.369407653808537, 31.730600357055664 ], [ 78.373908996582088, 31.727670669555778 ], [ 78.379196166992188, 31.730480194091797 ], [ 78.38433837890625, 31.730079650878963 ], [ 78.392539978027344, 31.731050491333065 ], [ 78.38873291015625, 31.727310180664062 ], [ 78.384056091308707, 31.724781036376953 ], [ 78.375991821289119, 31.722869873046989 ], [ 78.374221801757812, 31.712419509887809 ], [ 78.376899719238281, 31.707839965820256 ], [ 78.38983154296875, 31.701812744140682 ], [ 78.393562316894588, 31.696350097656364 ], [ 78.395698547363395, 31.691619873046989 ], [ 78.401931762695369, 31.671289443969727 ], [ 78.406570434570426, 31.662200927734489 ], [ 78.411628723144588, 31.656890869140739 ], [ 78.417961120605526, 31.646280288696232 ], [ 78.423698425293026, 31.645170211792049 ], [ 78.429191589355526, 31.647809982299862 ], [ 78.429939270019588, 31.658109664917049 ], [ 78.431358337402457, 31.663900375366325 ], [ 78.438796997070426, 31.668701171875114 ], [ 78.453849792480582, 31.671201705932617 ], [ 78.460319519043026, 31.673759460449219 ], [ 78.481147766113395, 31.673250198364315 ], [ 78.496421813964957, 31.673690795898551 ], [ 78.50885009765625, 31.671398162841854 ], [ 78.515548706054688, 31.672229766845817 ], [ 78.524711608886719, 31.674858093261719 ], [ 78.529296875, 31.67716026306158 ], [ 78.533332824707088, 31.676168441772461 ], [ 78.536918640136719, 31.676200866699219 ], [ 78.551826477050838, 31.678350448608455 ], [ 78.563270568847713, 31.681520462036246 ], [ 78.589340209960938, 31.669820785522575 ], [ 78.594528198242188, 31.668199539184684 ], [ 78.605789184570312, 31.668500900268498 ], [ 78.610260009765739, 31.667631149292049 ], [ 78.623756408691463, 31.657541275024357 ], [ 78.628990173339787, 31.654817581176871 ], [ 78.640449523925781, 31.651720046997127 ], [ 78.652572631835994, 31.650669097900504 ], [ 78.658248901367244, 31.646970748901367 ], [ 78.662658691406307, 31.64546012878418 ], [ 78.669952392578239, 31.645530700683594 ], [ 78.676345825195312, 31.644689559936523 ], [ 78.691902160644645, 31.641580581665039 ], [ 78.704246520996151, 31.645999908447266 ], [ 78.713088989257926, 31.646331787109432 ], [ 78.729347229003906, 31.652811050415039 ], [ 78.73583984375, 31.659271240234375 ], [ 78.746788024902401, 31.674751281738338 ], [ 78.744956970214787, 31.678289413452148 ], [ 78.741432189941463, 31.68208122253418 ], [ 78.736061096191406, 31.690460205078239 ], [ 78.739959716796989, 31.688039779663143 ], [ 78.747528076171932, 31.685100555419922 ], [ 78.748435974121094, 31.685140609741211 ], [ 78.749900817871207, 31.684720993041935 ], [ 78.752113342285213, 31.684917449951172 ], [ 78.753608703613281, 31.685050964355526 ], [ 78.754638671875114, 31.68478965759283 ], [ 78.764816284179688, 31.686170578002987 ], [ 78.771392822265682, 31.687871932983455 ], [ 78.773162841796989, 31.688411712646541 ], [ 78.779647827148551, 31.689840316772575 ], [ 78.780220031738395, 31.687561035156307 ], [ 78.780654907226562, 31.675632476806697 ], [ 78.780731201171932, 31.673507690429631 ], [ 78.780761718750114, 31.672662734985352 ], [ 78.784233093261832, 31.661262512207145 ], [ 78.786026000976562, 31.659830093383732 ], [ 78.786506652832145, 31.65846061706543 ], [ 78.7867431640625, 31.657550811767692 ], [ 78.787498474121037, 31.657070159912109 ], [ 78.789276123046875, 31.654760360717887 ], [ 78.792350769043026, 31.652210235595817 ], [ 78.793052673339844, 31.651130676269588 ], [ 78.794586181640625, 31.650318145752067 ], [ 78.794578552246094, 31.649869918823242 ], [ 78.79534912109375, 31.649158477783317 ], [ 78.808906555175781, 31.639911651611328 ], [ 78.809677124023438, 31.639570236206055 ], [ 78.816696166992188, 31.636480331420898 ], [ 78.819869995117301, 31.63379096984869 ], [ 78.823646545410213, 31.630710601806641 ], [ 78.824050903320369, 31.630382537841854 ], [ 78.824836730957145, 31.629350662231445 ], [ 78.826889038085994, 31.62799072265625 ], [ 78.827247619628963, 31.627309799194279 ], [ 78.827621459960994, 31.626581192016715 ], [ 78.827598571777344, 31.625690460205192 ], [ 78.828323364257812, 31.625070571899528 ], [ 78.828521728515625, 31.624679565429631 ], [ 78.830642700195312, 31.620450973510742 ], [ 78.831176757812443, 31.619882583618221 ], [ 78.831092834472713, 31.615261077880859 ], [ 78.827560424804688, 31.6072292327882 ], [ 78.824470520019645, 31.602811813354549 ], [ 78.82379150390625, 31.602388381958121 ], [ 78.822807312011719, 31.600620269775391 ], [ 78.818931579589957, 31.597530364990234 ], [ 78.817947387695369, 31.596210479736328 ], [ 78.815010070800781, 31.593650817871094 ], [ 78.813949584961051, 31.593259811401424 ], [ 78.812973022460994, 31.592159271240178 ], [ 78.812248229980582, 31.590829849243164 ], [ 78.810997009277344, 31.589048385620174 ], [ 78.810272216796932, 31.588390350341797 ], [ 78.809486389160156, 31.588190078735408 ], [ 78.80918121337902, 31.587469100952148 ], [ 78.805130004882869, 31.583240509033203 ], [ 78.797286987304688, 31.576152801513672 ], [ 78.791366577148438, 31.573648452758789 ], [ 78.784751892089901, 31.571390151977539 ], [ 78.768119812011776, 31.565740585327148 ], [ 78.768089294433594, 31.565059661865348 ], [ 78.763740539550838, 31.562139511108398 ], [ 78.761192321777344, 31.557502746582145 ], [ 78.757598876953125, 31.553560256958121 ], [ 78.750007629394588, 31.548830032348633 ], [ 78.746582031250057, 31.54771995544445 ], [ 78.730087280273381, 31.544269561767692 ], [ 78.721260070800895, 31.540950775146541 ], [ 78.719161987304801, 31.536750793456974 ], [ 78.7171630859375, 31.53046989440918 ], [ 78.716445922851619, 31.529920578002987 ], [ 78.715629577636719, 31.529750823974723 ], [ 78.715339660644645, 31.529079437255859 ], [ 78.708686828613395, 31.523969650268555 ], [ 78.706771850586051, 31.521102905273551 ], [ 78.706642150878906, 31.518392562866154 ], [ 78.708076477050838, 31.514949798583984 ], [ 78.715148925781364, 31.507730484008846 ], [ 78.716056823730526, 31.503868103027401 ], [ 78.716049194335994, 31.48717117309576 ], [ 78.716583251953125, 31.484882354736385 ], [ 78.719177246093864, 31.48411941528326 ], [ 78.723579406738395, 31.485954284668026 ], [ 78.723762512207145, 31.486030578613281 ], [ 78.729011535644588, 31.487136840820426 ], [ 78.744186401367301, 31.490329742431641 ], [ 78.746803283691463, 31.490459442138786 ], [ 78.74814605712902, 31.490879058837834 ], [ 78.748931884765739, 31.490619659423885 ], [ 78.751502990722656, 31.488941192627067 ], [ 78.754592895507869, 31.480720520019531 ], [ 78.760482788085994, 31.476480484008903 ], [ 78.761222839355469, 31.475772857666129 ], [ 78.761207580566406, 31.475219726562557 ], [ 78.761192321777344, 31.474872589111328 ], [ 78.762298583984489, 31.474254608154411 ], [ 78.765571594238281, 31.472431182861328 ], [ 78.766113281250114, 31.472129821777344 ], [ 78.766357421875, 31.471441268921012 ], [ 78.768180847168082, 31.470939636230582 ], [ 78.771476745605412, 31.469142913818303 ], [ 78.773048400878906, 31.467510223388729 ], [ 78.774192810058594, 31.466209411621094 ], [ 78.779098510742131, 31.463010787963924 ], [ 78.780181884765682, 31.461971282959041 ], [ 78.792457580566349, 31.455350875854549 ], [ 78.795478820800895, 31.452762603759766 ], [ 78.796936035156307, 31.449089050293026 ], [ 78.797271728515625, 31.444589614868221 ], [ 78.796012878418026, 31.439641952514648 ], [ 78.795799255371151, 31.434471130371207 ], [ 78.795639038086051, 31.430639266967887 ], [ 78.79248046875, 31.417858123779297 ], [ 78.789726257324332, 31.415470123291072 ], [ 78.783576965332088, 31.412960052490291 ], [ 78.782424926757869, 31.412248611450138 ], [ 78.781852722168026, 31.411890029907227 ], [ 78.781669616699276, 31.410989761352596 ], [ 78.781127929687557, 31.410541534423942 ], [ 78.776481628417969, 31.406658172607479 ], [ 78.77603912353527, 31.402378082275334 ], [ 78.776329040527401, 31.401546478271541 ], [ 78.776435852050724, 31.401229858398494 ], [ 78.730888366699219, 31.3732204437257 ], [ 78.724540710449332, 31.366811752319336 ], [ 78.722389221191463, 31.362300872802848 ], [ 78.710769653320426, 31.358270645141545 ], [ 78.710708618164119, 31.351888656616154 ], [ 78.706275939941406, 31.350229263305778 ], [ 78.697402954101619, 31.353361129760856 ], [ 78.689498901367188, 31.352441787719783 ], [ 78.691383361816406, 31.346431732177791 ], [ 78.689598083496207, 31.34398078918457 ], [ 78.685371398925838, 31.341970443725529 ], [ 78.678352355957145, 31.342309951782227 ], [ 78.672889709472656, 31.345449447631836 ], [ 78.666839599609432, 31.343851089477596 ], [ 78.6524658203125, 31.346479415893612 ], [ 78.6446533203125, 31.345790863037109 ], [ 78.636146545410213, 31.340160369873161 ], [ 78.630836486816463, 31.338350296020565 ], [ 78.617256164550838, 31.33624076843256 ], [ 78.607803344726676, 31.337820053100586 ], [ 78.595146179199276, 31.343349456787166 ], [ 78.576843261718807, 31.334461212158317 ], [ 78.570838928222656, 31.346229553222656 ], [ 78.565795898437557, 31.348489761352653 ], [ 78.553031921386832, 31.347101211547908 ], [ 78.543037414550781, 31.348110198974666 ], [ 78.538330078125057, 31.350070953369254 ], [ 78.531890869140739, 31.356428146362418 ], [ 78.526252746582031, 31.357830047607479 ], [ 78.52374267578125, 31.359699249267578 ], [ 78.525070190429688, 31.363250732421875 ], [ 78.532798767089901, 31.374599456787109 ], [ 78.525337219238338, 31.375619888305778 ], [ 78.506469726562557, 31.373809814453239 ], [ 78.503196716308651, 31.376609802246151 ], [ 78.500328063964901, 31.380729675292912 ], [ 78.495162963867188, 31.379882812500057 ], [ 78.484420776367131, 31.384569168090934 ], [ 78.482612609863338, 31.396270751953182 ], [ 78.462646484375114, 31.390090942382812 ], [ 78.445480346679801, 31.396480560302734 ], [ 78.435821533203125, 31.411251068115291 ], [ 78.440841674804744, 31.42357063293457 ], [ 78.44297027587902, 31.431142807006893 ], [ 78.437179565429688, 31.429660797119084 ], [ 78.42563629150402, 31.423139572143612 ], [ 78.420356750488281, 31.421480178833065 ], [ 78.415283203125057, 31.421079635620231 ], [ 78.410102844238338, 31.422531127929688 ], [ 78.405220031738395, 31.422700881958121 ], [ 78.404899597167969, 31.42927169799799 ], [ 78.403617858886776, 31.431650161743278 ], [ 78.39987945556652, 31.432210922241211 ], [ 78.399337768554801, 31.436000823974609 ], [ 78.405868530273438, 31.443420410156307 ], [ 78.40598297119152, 31.446798324585018 ], [ 78.402496337890682, 31.451908111572322 ], [ 78.398689270019588, 31.454551696777287 ], [ 78.390235900878906, 31.458330154419002 ], [ 78.387908935546818, 31.462329864501953 ], [ 78.388977050781307, 31.47107124328619 ], [ 78.388641357421989, 31.474859237671012 ], [ 78.382797241210938, 31.47913932800293 ], [ 78.373580932617301, 31.478679656982365 ], [ 78.362762451171875, 31.482248306274357 ], [ 78.355598449707088, 31.48274040222168 ], [ 78.353889465332088, 31.488990783691463 ], [ 78.357002258300724, 31.495391845703125 ], [ 78.36163330078125, 31.500570297241268 ], [ 78.360557556152401, 31.506620407104492 ], [ 78.356437683105412, 31.512662887573356 ], [ 78.355926513671875, 31.519632339477482 ], [ 78.349716186523551, 31.523099899292049 ], [ 78.349807739257812, 31.530048370361328 ], [ 78.346755981445312, 31.535730361938533 ], [ 78.341659545898494, 31.539882659912223 ], [ 78.334877014160099, 31.542551040649414 ], [ 78.32950592041027, 31.545721054077148 ], [ 78.312828063964901, 31.557138442993221 ], [ 78.309982299804744, 31.564069747924862 ], [ 78.313629150390682, 31.571741104125977 ], [ 78.310737609863338, 31.584539413452262 ], [ 78.308425903320312, 31.591060638427734 ], [ 78.303916931152401, 31.598262786865178 ], [ 78.298370361328182, 31.604248046875114 ], [ 78.294403076171989, 31.611661911010685 ], [ 78.286361694335994, 31.617050170898381 ], [ 78.282890319824276, 31.621740341186637 ], [ 78.276962280273438, 31.634519577026481 ], [ 78.281433105468864, 31.636999130249137 ], [ 78.293601989746151, 31.639850616455021 ], [ 78.297271728515739, 31.64281082153326 ], [ 78.287902832031364, 31.650510787963924 ], [ 78.282646179199219, 31.657119750976562 ], [ 78.277740478515682, 31.660060882568303 ], [ 78.269676208496094, 31.668489456176815 ], [ 78.259468078613338, 31.675619125366211 ], [ 78.228050231933707, 31.690589904785213 ], [ 78.212615966796818, 31.694850921630916 ], [ 78.198707580566406, 31.695289611816406 ], [ 78.192329406738338, 31.694839477539176 ], [ 78.187217712402457, 31.693620681762695 ], [ 78.182952880859432, 31.695451736450309 ], [ 78.176132202148551, 31.696741104126033 ], [ 78.169082641601676, 31.694959640503043 ], [ 78.163139343261776, 31.685939788818416 ], [ 78.1590576171875, 31.685979843139705 ], [ 78.152465820312557, 31.68980979919445 ], [ 78.145812988281364, 31.692501068115234 ], [ 78.115547180175781, 31.700008392334041 ], [ 78.107368469238281, 31.699920654296932 ] ] ] } },
{ "type": "Feature", "properties": { "ID_0": 105, "ISO": "IND", "NAME_0": "India", "ID_1": 13, "NAME_1": "Himachal Pradesh", "ID_2": 191, "NAME_2": "Kinnaur", "ID_3": 600, "NAME_3": "n.a. ( 35)", "CCN_3": 0, "CCA_3": null, "TYPE_3": "Taluk", "ENGTYPE_3": "Taluk", "NL_NAME_3": null, "VARNAME_3": null }, "geometry": { "type": "Polygon", "coordinates": [ [ [ 78.727203369140739, 31.888650894165153 ], [ 78.718887329101562, 31.890632629394531 ], [ 78.703659057617244, 31.888061523437614 ], [ 78.698287963867188, 31.88335037231451 ], [ 78.690040588378906, 31.887910842895621 ], [ 78.684906005859375, 31.883382797241268 ], [ 78.676727294921875, 31.873430252075309 ], [ 78.666313171386776, 31.872041702270565 ], [ 78.655319213867131, 31.865640640258789 ], [ 78.646018981933594, 31.85658073425293 ], [ 78.640846252441406, 31.848590850830135 ], [ 78.636848449707031, 31.83909988403326 ], [ 78.634597778320369, 31.830270767211971 ], [ 78.629150390625114, 31.825340270996037 ], [ 78.60595703125, 31.810831069946403 ], [ 78.599357604980526, 31.805810928344783 ], [ 78.578323364257812, 31.807710647583008 ], [ 78.571037292480469, 31.805620193481502 ], [ 78.563926696777457, 31.801691055297965 ], [ 78.556549072265625, 31.800479888916016 ], [ 78.548088073730582, 31.800710678100586 ], [ 78.538459777832031, 31.795259475708008 ], [ 78.5225830078125, 31.792490005493221 ], [ 78.513496398925838, 31.798419952392635 ], [ 78.508293151855469, 31.804010391235465 ], [ 78.503028869628963, 31.806840896606559 ], [ 78.490249633789119, 31.817190170288143 ], [ 78.475646972656193, 31.821701049804801 ], [ 78.470268249511832, 31.825229644775504 ], [ 78.465950012207031, 31.829019546508789 ], [ 78.462242126464957, 31.834819793701172 ], [ 78.459213256836051, 31.843431472778377 ], [ 78.454322814941406, 31.848100662231445 ], [ 78.450798034668082, 31.854349136352653 ], [ 78.454170227050838, 31.864498138427848 ], [ 78.454338073730469, 31.87013053894043 ], [ 78.456253051757812, 31.875120162963867 ], [ 78.453903198242131, 31.87699127197277 ], [ 78.451011657714957, 31.889392852783203 ], [ 78.448348999023551, 31.895240783691463 ], [ 78.447807312011719, 31.904050827026481 ], [ 78.440910339355582, 31.912239074707088 ], [ 78.440841674804744, 31.925239562988395 ], [ 78.437721252441406, 31.939720153808707 ], [ 78.436599731445312, 31.942329406738338 ], [ 78.44052886962902, 31.943941116333065 ], [ 78.441986083984432, 31.94651985168457 ], [ 78.437950134277401, 31.954280853271541 ], [ 78.442436218261832, 31.958589553833065 ], [ 78.444068908691463, 31.963460922241268 ], [ 78.433242797851676, 31.971879959106445 ], [ 78.427566528320426, 31.97483062744152 ], [ 78.419670104980526, 31.976949691772461 ], [ 78.416763305664062, 31.983711242675781 ], [ 78.403610229492188, 31.993841171264762 ], [ 78.404167175292969, 32.000320434570369 ], [ 78.405647277831974, 32.005168914794922 ], [ 78.410408020019474, 32.010150909423885 ], [ 78.409782409668082, 32.020698547363281 ], [ 78.413665771484375, 32.029911041259766 ], [ 78.418472290039062, 32.038398742675781 ], [ 78.421333312988281, 32.047698974609489 ], [ 78.424407958984432, 32.051448822021428 ], [ 78.427497863769588, 32.056999206543026 ], [ 78.432579040527344, 32.059349060058707 ], [ 78.43881988525402, 32.05912017822277 ], [ 78.444206237792969, 32.057331085205192 ], [ 78.453720092773438, 32.052719116210938 ], [ 78.458869934082031, 32.051979064941406 ], [ 78.465568542480469, 32.052520751953125 ], [ 78.465896606445426, 32.048431396484432 ], [ 78.467170715332088, 32.046321868896484 ], [ 78.469841003418026, 32.047580718994254 ], [ 78.473663330078182, 32.051170349121037 ], [ 78.488533020019588, 32.054210662841854 ], [ 78.498886108398551, 32.057628631591854 ], [ 78.507720947265625, 32.062549591064453 ], [ 78.525886535644588, 32.067741394043082 ], [ 78.530838012695369, 32.066371917724609 ], [ 78.543373107910156, 32.064842224121207 ], [ 78.551956176757812, 32.065849304199162 ], [ 78.571166992187614, 32.064739227294979 ], [ 78.580673217773494, 32.0625 ], [ 78.584602355957031, 32.056701660156193 ], [ 78.588836669921932, 32.056850433349609 ], [ 78.600090026855526, 32.064029693603629 ], [ 78.608871459960994, 32.068161010742188 ], [ 78.618316650390568, 32.068778991699219 ], [ 78.627403259277401, 32.070339202880803 ], [ 78.636627197265568, 32.074039459228572 ], [ 78.642807006835994, 32.078109741210938 ], [ 78.645576477050895, 32.084701538086051 ], [ 78.64599609375, 32.090190887451172 ], [ 78.648345947265682, 32.093559265136719 ], [ 78.651062011718864, 32.093349456787166 ], [ 78.652412414550895, 32.088260650634709 ], [ 78.656723022460994, 32.083831787109375 ], [ 78.657409667968693, 32.081321716308594 ], [ 78.657966613769645, 32.080879211425895 ], [ 78.659767150878906, 32.079471588134879 ], [ 78.659851074218864, 32.079010009765568 ], [ 78.660797119140739, 32.078281402587947 ], [ 78.674377441406364, 32.069278717041072 ], [ 78.680801391601619, 32.063850402832088 ], [ 78.681320190429688, 32.063430786132812 ], [ 78.682052612304688, 32.062240600585938 ], [ 78.682556152343864, 32.060890197753849 ], [ 78.684829711914176, 32.05857086181652 ], [ 78.686111450195369, 32.057628631591854 ], [ 78.687606811523438, 32.053359985351619 ], [ 78.688140869140625, 32.053131103515625 ], [ 78.688827514648551, 32.052570343017692 ], [ 78.689407348632926, 32.050971984863224 ], [ 78.690116882324276, 32.045730590820369 ], [ 78.690765380859489, 32.045230865478572 ], [ 78.693443298339957, 32.043159484863224 ], [ 78.693946838378963, 32.042709350585994 ], [ 78.693916320800838, 32.041790008544922 ], [ 78.695487976074276, 32.041309356689567 ], [ 78.695930480957145, 32.039909362792912 ], [ 78.696968078613338, 32.039218902588004 ], [ 78.697471618652287, 32.038742065429801 ], [ 78.705177307128963, 32.033699035644588 ], [ 78.705406188964901, 32.03306961059576 ], [ 78.711929321289176, 32.029270172119254 ], [ 78.716911315918082, 32.025249481201229 ], [ 78.717140197753906, 32.024600982666016 ], [ 78.722587585449332, 32.020408630371207 ], [ 78.722839355468693, 32.019760131835938 ], [ 78.725479125976676, 32.017520904541016 ], [ 78.725936889648438, 32.016269683837947 ], [ 78.726882934570312, 32.013210296630916 ], [ 78.7276611328125, 32.012958526611328 ], [ 78.728088378906307, 32.012645721435604 ], [ 78.728942871093693, 32.012020111083984 ], [ 78.729156494140625, 32.011100769043082 ], [ 78.729698181152287, 32.010879516601676 ], [ 78.730178833007869, 32.009510040283203 ], [ 78.730140686035156, 32.008819580078068 ], [ 78.73117828369152, 32.008331298828182 ], [ 78.731407165527457, 32.007648468017578 ], [ 78.737068176269588, 32.004081726074219 ], [ 78.739486694335938, 32.004470825195312 ], [ 78.750556945800781, 32.00363922119152 ], [ 78.753143310546989, 32.003028869628963 ], [ 78.760559082031364, 32.001232147216911 ], [ 78.768379211425895, 31.999891281127987 ], [ 78.769950866699162, 31.999389648437557 ], [ 78.771026611328182, 31.999811172485408 ], [ 78.770996093750057, 31.996419906616211 ], [ 78.770576477050781, 31.994941711425781 ], [ 78.770393371582031, 31.994510650634822 ], [ 78.769187927246037, 31.991319656372013 ], [ 78.761062622070369, 31.963779449462891 ], [ 78.757507324218864, 31.954658508300724 ], [ 78.756080627441406, 31.950288772583121 ], [ 78.752586364746037, 31.939569473266658 ], [ 78.750267028808707, 31.934650421142635 ], [ 78.745407104492188, 31.925041198730582 ], [ 78.740272521972713, 31.919979095459098 ], [ 78.739532470703182, 31.9197998046875 ], [ 78.737510681152457, 31.917400360107422 ], [ 78.735969543457145, 31.916051864624137 ], [ 78.73520660400402, 31.915849685668945 ], [ 78.734901428222656, 31.915130615234489 ], [ 78.734542846679744, 31.914760589599609 ], [ 78.732757568359318, 31.913030624389592 ], [ 78.732353210449332, 31.909629821777457 ], [ 78.731277465820312, 31.908889770507812 ], [ 78.730155944824276, 31.908149719238281 ], [ 78.729446411132869, 31.906589508056697 ], [ 78.729270935058707, 31.905710220336914 ], [ 78.731048583984375, 31.904302597045898 ], [ 78.731376647949332, 31.90293121337902 ], [ 78.731597900390739, 31.898180007934627 ], [ 78.728378295898438, 31.890012741088867 ], [ 78.727645874023438, 31.889480590820312 ], [ 78.727203369140739, 31.888650894165153 ] ] ] } },
{ "type": "Feature", "properties": { "ID_0": 105, "ISO": "IND", "NAME_0": "India", "ID_1": 13, "NAME_1": "Himachal Pradesh", "ID_2": 191, "NAME_2": "Kinnaur", "ID_3": 601, "NAME_3": "Nichar", "CCN_3": 0, "CCA_3": null, "TYPE_3": "Taluk", "ENGTYPE_3": "Taluk", "NL_NAME_3": null, "VARNAME_3": null }, "geometry": { "type": "Polygon", "coordinates": [ [ [ 78.144981384277401, 31.519758224487305 ], [ 78.12863922119152, 31.524700164794922 ], [ 78.120971679687557, 31.52472114562994 ], [ 78.115386962890625, 31.522819519043082 ], [ 78.112167358398438, 31.520780563354549 ], [ 78.113555908203182, 31.515939712524471 ], [ 78.114837646484375, 31.499700546264592 ], [ 78.11749267578125, 31.492380142211914 ], [ 78.113616943359489, 31.488090515136832 ], [ 78.114532470703239, 31.485151290893668 ], [ 78.108673095703068, 31.481180191040096 ], [ 78.108093261718693, 31.477399826049805 ], [ 78.109748840332088, 31.465520858764762 ], [ 78.109367370605526, 31.460929870605526 ], [ 78.105049133300724, 31.459590911865348 ], [ 78.093757629394645, 31.457801818847656 ], [ 78.091156005859375, 31.452360153198356 ], [ 78.089607238769531, 31.447149276733455 ], [ 78.089202880859489, 31.44082069396984 ], [ 78.091331481933594, 31.435340881347656 ], [ 78.091293334961051, 31.430099487304801 ], [ 78.088348388671932, 31.424329757690543 ], [ 78.078788757324219, 31.425220489502067 ], [ 78.073471069335994, 31.426769256591911 ], [ 78.070793151855526, 31.425870895385856 ], [ 78.064247131347656, 31.4217529296875 ], [ 78.058517456054688, 31.422021865844727 ], [ 78.054031372070369, 31.420110702514762 ], [ 78.039360046386776, 31.423179626464901 ], [ 78.032516479492301, 31.419340133667049 ], [ 78.0177001953125, 31.409000396728629 ], [ 78.013656616211051, 31.406629562377873 ], [ 78.009239196777457, 31.405279159546012 ], [ 77.999061584472656, 31.407859802246094 ], [ 77.993507385253906, 31.406869888305778 ], [ 77.984832763671989, 31.407148361206168 ], [ 77.980316162109375, 31.409170150756836 ], [ 77.961578369140739, 31.406021118164119 ], [ 77.948509216308594, 31.406959533691463 ], [ 77.945526123046932, 31.41868972778326 ], [ 77.933715820312614, 31.426511764526367 ], [ 77.92919921875, 31.427850723266715 ], [ 77.917427062988281, 31.426830291748047 ], [ 77.912910461425838, 31.428831100463924 ], [ 77.906776428222713, 31.436042785644474 ], [ 77.901359558105469, 31.43723106384283 ], [ 77.897117614746207, 31.440261840820312 ], [ 77.893676757812614, 31.444770812988395 ], [ 77.887496948242244, 31.447401046753043 ], [ 77.882942199707088, 31.461099624633789 ], [ 77.879837036132812, 31.464870452880916 ], [ 77.873397827148494, 31.47003173828125 ], [ 77.864807128906307, 31.475141525268555 ], [ 77.867988586425781, 31.484870910644474 ], [ 77.867301940918026, 31.491220474243107 ], [ 77.864280700683707, 31.495820999145508 ], [ 77.856163024902344, 31.502021789550895 ], [ 77.854217529296989, 31.508279800415096 ], [ 77.848091125488395, 31.511800765991268 ], [ 77.844108581543082, 31.515670776367244 ], [ 77.840660095214957, 31.510158538818359 ], [ 77.836059570312614, 31.512760162353629 ], [ 77.825622558593693, 31.51123046875 ], [ 77.825477600097656, 31.517490386962947 ], [ 77.828887939453125, 31.525131225585938 ], [ 77.829872131347656, 31.531660079956112 ], [ 77.828025817871151, 31.541561126709098 ], [ 77.825271606445312, 31.549949645996094 ], [ 77.821189880371207, 31.558059692382926 ], [ 77.819976806640682, 31.567031860351676 ], [ 77.82373046875, 31.583749771118164 ], [ 77.819969177246151, 31.589910507202262 ], [ 77.805007934570426, 31.609109878540039 ], [ 77.798820495605526, 31.615100860595703 ], [ 77.800132751464901, 31.621139526367244 ], [ 77.808227539062614, 31.636518478393555 ], [ 77.809402465820256, 31.642200469970703 ], [ 77.804740905761776, 31.64734077453619 ], [ 77.800376892089901, 31.661689758300724 ], [ 77.79660797119152, 31.667280197143612 ], [ 77.788490295410156, 31.67346000671381 ], [ 77.779098510742188, 31.67786979675293 ], [ 77.777709960937614, 31.682928085327205 ], [ 77.774017333984432, 31.691110610961857 ], [ 77.767852783203125, 31.69896125793457 ], [ 77.756256103515625, 31.707691192627067 ], [ 77.747886657714901, 31.708419799804631 ], [ 77.739692687988338, 31.711851119995117 ], [ 77.735153198242301, 31.717830657959098 ], [ 77.736236572265682, 31.720830917358398 ], [ 77.740547180175724, 31.723751068115348 ], [ 77.740196228027344, 31.730779647827205 ], [ 77.73709869384777, 31.74751091003418 ], [ 77.736946105957031, 31.755460739135856 ], [ 77.745887756347599, 31.759120941162109 ], [ 77.747222900390568, 31.765989303588867 ], [ 77.752426147460938, 31.761688232421875 ], [ 77.763908386230526, 31.756071090698242 ], [ 77.773300170898551, 31.755929946899528 ], [ 77.783271789550724, 31.763008117675781 ], [ 77.795066833496207, 31.764640808105582 ], [ 77.812850952148438, 31.76449012756359 ], [ 77.833358764648494, 31.758798599243278 ], [ 77.838020324706974, 31.763059616088981 ], [ 77.840972900390682, 31.772180557250977 ], [ 77.842422485351562, 31.778680801391602 ], [ 77.839530944824332, 31.785230636596623 ], [ 77.85101318359375, 31.787370681762809 ], [ 77.856010437011719, 31.784229278564396 ], [ 77.860450744628963, 31.777210235595703 ], [ 77.868682861328239, 31.773870468139705 ], [ 77.881858825683707, 31.763330459594783 ], [ 77.8834228515625, 31.757101058960018 ], [ 77.89023590087902, 31.755580902099723 ], [ 77.898689270019531, 31.756940841674862 ], [ 77.905372619628906, 31.752220153808651 ], [ 77.914810180664119, 31.750989913940487 ], [ 77.920867919921932, 31.752859115600586 ], [ 77.920188903808707, 31.760299682617131 ], [ 77.9263916015625, 31.762500762939453 ], [ 77.929733276367301, 31.782360076904297 ], [ 77.929656982421932, 31.788850784301815 ], [ 77.93833160400402, 31.788730621337947 ], [ 77.943771362304744, 31.785970687866325 ], [ 77.949569702148551, 31.784149169921875 ], [ 77.957466125488281, 31.783739089965877 ], [ 77.961662292480469, 31.78174972534174 ], [ 77.966461181640682, 31.783750534057617 ], [ 77.976081848144645, 31.780490875244197 ], [ 77.984123229980412, 31.779560089111385 ], [ 77.988418579101619, 31.779108047485408 ], [ 77.994148254394588, 31.779689788818359 ], [ 77.998123168945369, 31.774700164794865 ], [ 78.004356384277344, 31.770320892333984 ], [ 78.010200500488395, 31.764469146728572 ], [ 78.017387390136776, 31.765161514282227 ], [ 78.030921936035213, 31.776939392089844 ], [ 78.036468505859432, 31.780279159545842 ], [ 78.038978576660213, 31.78457069396967 ], [ 78.042251586914176, 31.787700653076172 ], [ 78.060348510742244, 31.788040161132869 ], [ 78.065582275390625, 31.781272888183537 ], [ 78.071556091308651, 31.776609420776481 ], [ 78.080718994140682, 31.773519515991268 ], [ 78.085746765136832, 31.769500732421875 ], [ 78.096649169921818, 31.766639709472656 ], [ 78.091857910156364, 31.759330749511832 ], [ 78.083480834961051, 31.753080368042049 ], [ 78.078842163085994, 31.746280670165959 ], [ 78.079490661621037, 31.739900588989371 ], [ 78.079048156738395, 31.734479904174918 ], [ 78.076087951660156, 31.729219436645621 ], [ 78.076698303222713, 31.724210739135742 ], [ 78.083625793457145, 31.720401763916016 ], [ 78.086479187011776, 31.717210769653434 ], [ 78.084922790527401, 31.710319519042912 ], [ 78.093070983886719, 31.707820892334041 ], [ 78.107368469238281, 31.699920654296932 ], [ 78.104759216308651, 31.696641921997013 ], [ 78.102058410644531, 31.694681167602653 ], [ 78.097717285156307, 31.693210601806754 ], [ 78.097007751464957, 31.689830780029297 ], [ 78.089752197265739, 31.681009292602539 ], [ 78.083808898925838, 31.678150177002067 ], [ 78.083000183105526, 31.67357063293457 ], [ 78.083541870117188, 31.672018051147518 ], [ 78.083732604980469, 31.668479919433651 ], [ 78.087219238281307, 31.661550521850643 ], [ 78.093772888183707, 31.653589248657227 ], [ 78.096542358398494, 31.652460098266658 ], [ 78.096878051757812, 31.645301818847656 ], [ 78.104866027832031, 31.636810302734432 ], [ 78.107933044433594, 31.637540817260799 ], [ 78.115966796875, 31.643199920654354 ], [ 78.119651794433651, 31.644250869750977 ], [ 78.135665893554744, 31.640350341796875 ], [ 78.137626647949332, 31.63920974731451 ], [ 78.138992309570256, 31.637220382690373 ], [ 78.140777587890625, 31.632020950317383 ], [ 78.140892028808707, 31.628351211547795 ], [ 78.142356872558651, 31.626871109008789 ], [ 78.146339416503963, 31.625289916992188 ], [ 78.154159545898494, 31.624710083007812 ], [ 78.157341003417969, 31.62301063537592 ], [ 78.160911560058707, 31.619819641113338 ], [ 78.166625976562614, 31.6102294921875 ], [ 78.169799804687557, 31.607498168945426 ], [ 78.170097351074219, 31.603610992431584 ], [ 78.175651550292969, 31.602739334106559 ], [ 78.17746734619152, 31.597349166870231 ], [ 78.177429199218807, 31.594770431518612 ], [ 78.174896240234375, 31.584720611572209 ], [ 78.172798156738281, 31.58102989196783 ], [ 78.175453186035156, 31.577159881591797 ], [ 78.176742553711051, 31.573049545288143 ], [ 78.177207946777344, 31.567600250244141 ], [ 78.176040649414062, 31.563180923461914 ], [ 78.174942016601619, 31.561109542846793 ], [ 78.169876098632926, 31.556489944458008 ], [ 78.15924072265625, 31.550989151001033 ], [ 78.155532836914176, 31.54224967956543 ], [ 78.153076171875114, 31.531400680541992 ], [ 78.151573181152457, 31.528419494628906 ], [ 78.144981384277401, 31.519758224487305 ] ] ] } },
{ "type": "Feature", "properties": { "ID_0": 105, "ISO": "IND", "NAME_0": "India", "ID_1": 13, "NAME_1": "Himachal Pradesh", "ID_2": 191, "NAME_2": "Kinnaur", "ID_3": 602, "NAME_3": "Puh", "CCN_3": 0, "CCA_3": null, "TYPE_3": "Taluk", "ENGTYPE_3": "Taluk", "NL_NAME_3": null, "VARNAME_3": null }, "geometry": { "type": "Polygon", "coordinates": [ [ [ 78.736061096191406, 31.690460205078239 ], [ 78.741432189941463, 31.68208122253418 ], [ 78.744956970214787, 31.678289413452148 ], [ 78.746788024902401, 31.674751281738338 ], [ 78.73583984375, 31.659271240234375 ], [ 78.729347229003906, 31.652811050415039 ], [ 78.713088989257926, 31.646331787109432 ], [ 78.704246520996151, 31.645999908447266 ], [ 78.691902160644645, 31.641580581665039 ], [ 78.676345825195312, 31.644689559936523 ], [ 78.669952392578239, 31.645530700683594 ], [ 78.662658691406307, 31.64546012878418 ], [ 78.658248901367244, 31.646970748901367 ], [ 78.652572631835994, 31.650669097900504 ], [ 78.640449523925781, 31.651720046997127 ], [ 78.628990173339787, 31.654817581176871 ], [ 78.623756408691463, 31.657541275024357 ], [ 78.610260009765739, 31.667631149292049 ], [ 78.605789184570312, 31.668500900268498 ], [ 78.594528198242188, 31.668199539184684 ], [ 78.589340209960938, 31.669820785522575 ], [ 78.563270568847713, 31.681520462036246 ], [ 78.551826477050838, 31.678350448608455 ], [ 78.536918640136719, 31.676200866699219 ], [ 78.533332824707088, 31.676168441772461 ], [ 78.529296875, 31.67716026306158 ], [ 78.524711608886719, 31.674858093261719 ], [ 78.515548706054688, 31.672229766845817 ], [ 78.50885009765625, 31.671398162841854 ], [ 78.496421813964957, 31.673690795898551 ], [ 78.481147766113395, 31.673250198364315 ], [ 78.460319519043026, 31.673759460449219 ], [ 78.453849792480582, 31.671201705932617 ], [ 78.438796997070426, 31.668701171875114 ], [ 78.431358337402457, 31.663900375366325 ], [ 78.429939270019588, 31.658109664917049 ], [ 78.429191589355526, 31.647809982299862 ], [ 78.423698425293026, 31.645170211792049 ], [ 78.417961120605526, 31.646280288696232 ], [ 78.411628723144588, 31.656890869140739 ], [ 78.406570434570426, 31.662200927734489 ], [ 78.401931762695369, 31.671289443969727 ], [ 78.395698547363395, 31.691619873046989 ], [ 78.393562316894588, 31.696350097656364 ], [ 78.38983154296875, 31.701812744140682 ], [ 78.376899719238281, 31.707839965820256 ], [ 78.374221801757812, 31.712419509887809 ], [ 78.375991821289119, 31.722869873046989 ], [ 78.384056091308707, 31.724781036376953 ], [ 78.38873291015625, 31.727310180664062 ], [ 78.392539978027344, 31.731050491333065 ], [ 78.38433837890625, 31.730079650878963 ], [ 78.379196166992188, 31.730480194091797 ], [ 78.373908996582088, 31.727670669555778 ], [ 78.369407653808537, 31.730600357055664 ], [ 78.364830017089787, 31.737850189209098 ], [ 78.36065673828125, 31.738010406494197 ], [ 78.350608825683651, 31.728412628173828 ], [ 78.3472900390625, 31.726779937744254 ], [ 78.343955993652401, 31.727741241455192 ], [ 78.341911315918082, 31.730699539184627 ], [ 78.329971313476562, 31.733882904052678 ], [ 78.323326110839901, 31.737699508667106 ], [ 78.317176818847656, 31.744279861450309 ], [ 78.314453125000114, 31.750410079956112 ], [ 78.314872741699219, 31.759380340576286 ], [ 78.316116333007869, 31.763969421386719 ], [ 78.31658935546875, 31.768510818481559 ], [ 78.314163208007869, 31.772449493408203 ], [ 78.309532165527344, 31.776020050048942 ], [ 78.304733276367301, 31.778081893920955 ], [ 78.296798706054688, 31.785711288452205 ], [ 78.287422180175781, 31.791170120239315 ], [ 78.281051635742301, 31.801481246948242 ], [ 78.278205871582145, 31.804170608520621 ], [ 78.267486572265682, 31.805032730102539 ], [ 78.260086059570426, 31.803279876709098 ], [ 78.250846862793026, 31.810791015625114 ], [ 78.24503326416027, 31.810979843139592 ], [ 78.23895263671875, 31.816850662231445 ], [ 78.232940673828182, 31.819461822509879 ], [ 78.227378845214901, 31.820489883422852 ], [ 78.205459594726619, 31.816701889038029 ], [ 78.201416015625, 31.820030212402344 ], [ 78.190666198730582, 31.825202941894531 ], [ 78.186241149902457, 31.824909210205078 ], [ 78.178565979003963, 31.831609725952148 ], [ 78.172897338867301, 31.852260589599666 ], [ 78.167800903320256, 31.857719421386832 ], [ 78.156997680664119, 31.867099761962947 ], [ 78.160507202148551, 31.870452880859432 ], [ 78.173011779785156, 31.876359939575195 ], [ 78.171806335449162, 31.882020950317496 ], [ 78.167106628418026, 31.892021179199276 ], [ 78.169876098632926, 31.898309707641602 ], [ 78.167716979980526, 31.902481079101619 ], [ 78.1705322265625, 31.908029556274414 ], [ 78.170433044433707, 31.911600112914982 ], [ 78.168266296386776, 31.919958114624023 ], [ 78.175956726074332, 31.923280715942383 ], [ 78.179176330566463, 31.926691055297852 ], [ 78.180099487304744, 31.932151794433537 ], [ 78.186218261718807, 31.937080383300895 ], [ 78.19647216796875, 31.939039230346737 ], [ 78.204826354980469, 31.937410354614258 ], [ 78.242256164550838, 31.938781738281364 ], [ 78.256469726562614, 31.940389633178768 ], [ 78.270172119140739, 31.935239791870174 ], [ 78.286453247070312, 31.931200027465934 ], [ 78.288223266601619, 31.939178466796989 ], [ 78.295532226562614, 31.942428588867301 ], [ 78.323387145996207, 31.940380096435604 ], [ 78.327041625976676, 31.938432693481559 ], [ 78.331626892089957, 31.943609237670898 ], [ 78.338020324707088, 31.945091247558707 ], [ 78.345726013183707, 31.951971054077148 ], [ 78.354972839355469, 31.964620590210018 ], [ 78.373260498046875, 31.960550308227596 ], [ 78.385406494140739, 31.959310531616268 ], [ 78.392189025878963, 31.955310821533317 ], [ 78.405487060546875, 31.9421901702882 ], [ 78.411911010742301, 31.943210601806697 ], [ 78.417160034179744, 31.940679550170842 ], [ 78.424873352050895, 31.942768096923828 ], [ 78.431312561035213, 31.94169998168951 ], [ 78.436599731445312, 31.942329406738338 ], [ 78.437721252441406, 31.939720153808707 ], [ 78.440841674804744, 31.925239562988395 ], [ 78.440910339355582, 31.912239074707088 ], [ 78.447807312011719, 31.904050827026481 ], [ 78.448348999023551, 31.895240783691463 ], [ 78.451011657714957, 31.889392852783203 ], [ 78.453903198242131, 31.87699127197277 ], [ 78.456253051757812, 31.875120162963867 ], [ 78.454338073730469, 31.87013053894043 ], [ 78.454170227050838, 31.864498138427848 ], [ 78.450798034668082, 31.854349136352653 ], [ 78.454322814941406, 31.848100662231445 ], [ 78.459213256836051, 31.843431472778377 ], [ 78.462242126464957, 31.834819793701172 ], [ 78.465950012207031, 31.829019546508789 ], [ 78.470268249511832, 31.825229644775504 ], [ 78.475646972656193, 31.821701049804801 ], [ 78.490249633789119, 31.817190170288143 ], [ 78.503028869628963, 31.806840896606559 ], [ 78.508293151855469, 31.804010391235465 ], [ 78.513496398925838, 31.798419952392635 ], [ 78.5225830078125, 31.792490005493221 ], [ 78.538459777832031, 31.795259475708008 ], [ 78.548088073730582, 31.800710678100586 ], [ 78.556549072265625, 31.800479888916016 ], [ 78.563926696777457, 31.801691055297965 ], [ 78.571037292480469, 31.805620193481502 ], [ 78.578323364257812, 31.807710647583008 ], [ 78.599357604980526, 31.805810928344783 ], [ 78.60595703125, 31.810831069946403 ], [ 78.629150390625114, 31.825340270996037 ], [ 78.634597778320369, 31.830270767211971 ], [ 78.636848449707031, 31.83909988403326 ], [ 78.640846252441406, 31.848590850830135 ], [ 78.646018981933594, 31.85658073425293 ], [ 78.655319213867131, 31.865640640258789 ], [ 78.666313171386776, 31.872041702270565 ], [ 78.676727294921875, 31.873430252075309 ], [ 78.684906005859375, 31.883382797241268 ], [ 78.690040588378906, 31.887910842895621 ], [ 78.698287963867188, 31.88335037231451 ], [ 78.703659057617244, 31.888061523437614 ], [ 78.718887329101562, 31.890632629394531 ], [ 78.727203369140739, 31.888650894165153 ], [ 78.724761962890625, 31.885000228881836 ], [ 78.724502563476676, 31.884332656860352 ], [ 78.724357604980412, 31.883960723877067 ], [ 78.724098205566463, 31.883279800415096 ], [ 78.723770141601676, 31.881500244140682 ], [ 78.724029541015625, 31.875169754028263 ], [ 78.723396301269645, 31.846981048583928 ], [ 78.721939086914062, 31.837989807128906 ], [ 78.721786499023494, 31.83732986450201 ], [ 78.720527648925895, 31.835330963134879 ], [ 78.719696044921932, 31.834920883178768 ], [ 78.718353271484432, 31.834262847900391 ], [ 78.703788757324219, 31.826829910278377 ], [ 78.702056884765625, 31.82576942443842 ], [ 78.701499938964844, 31.825790405273494 ], [ 78.701347351074219, 31.82533073425293 ], [ 78.700958251953125, 31.824470520019588 ], [ 78.700416564941463, 31.824499130249137 ], [ 78.694686889648494, 31.817190170288143 ], [ 78.692970275878963, 31.814319610595817 ], [ 78.692428588867244, 31.812641143798942 ], [ 78.690811157226562, 31.806720733642692 ], [ 78.691207885742188, 31.796928405761719 ], [ 78.691352844238395, 31.793350219726562 ], [ 78.693222045898551, 31.786529541015682 ], [ 78.693862915039062, 31.785938262939567 ], [ 78.694297790527401, 31.783750534057617 ], [ 78.69626617431652, 31.778781890869197 ], [ 78.697036743164176, 31.778066635131893 ], [ 78.700836181640682, 31.774539947509766 ], [ 78.701843261718864, 31.773620605468864 ], [ 78.703323364257926, 31.770408630371037 ], [ 78.713836669921989, 31.767393112182674 ], [ 78.71555328369152, 31.766902923583984 ], [ 78.721832275390739, 31.765068054199162 ], [ 78.724662780761776, 31.763860702514762 ], [ 78.724021911621094, 31.760051727294922 ], [ 78.719856262207088, 31.756364822387695 ], [ 78.716888427734489, 31.753740310669002 ], [ 78.716278076171932, 31.752540588378906 ], [ 78.715148925781364, 31.750329971313533 ], [ 78.714157104492244, 31.749240875244197 ], [ 78.711769104003849, 31.744859695434684 ], [ 78.71134185791027, 31.741262435913143 ], [ 78.711875915527401, 31.741039276123104 ], [ 78.712379455566406, 31.740789413452092 ], [ 78.712593078613281, 31.738960266113281 ], [ 78.713340759277344, 31.738510131836051 ], [ 78.714096069335938, 31.738029479980469 ], [ 78.714309692382812, 31.736650466919059 ], [ 78.718452453613224, 31.734502792358342 ], [ 78.720077514648494, 31.731960296630973 ], [ 78.720619201660213, 31.731950759887695 ], [ 78.721466064453239, 31.730329513549805 ], [ 78.723106384277401, 31.725442886352482 ], [ 78.723678588867244, 31.723739624023438 ], [ 78.725677490234489, 31.717800140380973 ], [ 78.728607177734375, 31.702360153198299 ], [ 78.731956481933707, 31.697710037231502 ], [ 78.733245849609432, 31.695970535278377 ], [ 78.734397888183651, 31.691980361938533 ], [ 78.735153198242244, 31.691530227661133 ], [ 78.735282897949219, 31.690940856933651 ], [ 78.736061096191406, 31.690460205078239 ] ] ] } },
{ "type": "Feature", "properties": { "ID_0": 105, "ISO": "IND", "NAME_0": "India", "ID_1": 13, "NAME_1": "Himachal Pradesh", "ID_2": 191, "NAME_2": "Kinnaur", "ID_3": 603, "NAME_3": "Sangla", "CCN_3": 0, "CCA_3": null, "TYPE_3": "Taluk", "ENGTYPE_3": "Taluk", "NL_NAME_3": null, "VARNAME_3": null }, "geometry": { "type": "Polygon", "coordinates": [ [ [ 78.906883239746207, 31.259189605712891 ], [ 78.905853271484432, 31.250181198120231 ], [ 78.909912109375114, 31.233888626098746 ], [ 78.915649414062614, 31.225160598754883 ], [ 78.919616699218864, 31.223091125488338 ], [ 78.935127258300724, 31.222362518310547 ], [ 78.935066223144645, 31.21919059753418 ], [ 78.933242797851562, 31.214551925659123 ], [ 78.935852050781364, 31.205680847167969 ], [ 78.941680908203182, 31.200801849365234 ], [ 78.944862365722656, 31.196939468383789 ], [ 78.946212768554688, 31.193559646606502 ], [ 78.952842712402457, 31.189809799194336 ], [ 78.960922241210938, 31.186431884765625 ], [ 78.966156005859489, 31.185991287231559 ], [ 78.968452453613395, 31.18346977233881 ], [ 78.971870422363338, 31.182371139526367 ], [ 78.974662780761719, 31.178100585937557 ], [ 78.97747802734375, 31.170160293579215 ], [ 78.977676391601562, 31.154830932617244 ], [ 78.975799560546875, 31.15070915222168 ], [ 78.97808837890625, 31.145660400390682 ], [ 78.984809875488338, 31.140939712524471 ], [ 78.987060546875, 31.140609741210938 ], [ 78.989196777343807, 31.137359619140568 ], [ 78.990776062011832, 31.130878448486385 ], [ 78.996696472168082, 31.11758995056158 ], [ 78.996696472168082, 31.116180419921818 ], [ 78.99658203125, 31.115339279174918 ], [ 78.990798950195426, 31.117090225219783 ], [ 78.984863281250114, 31.116470336914119 ], [ 78.965652465820312, 31.115369796752873 ], [ 78.955825805664119, 31.110879898071403 ], [ 78.95243072509777, 31.108409881591911 ], [ 78.942115783691463, 31.10502815246582 ], [ 78.937522888183651, 31.105342864990291 ], [ 78.932571411132869, 31.106979370117301 ], [ 78.92047119140625, 31.107589721679801 ], [ 78.91265869140625, 31.116180419921818 ], [ 78.907791137695426, 31.116319656372127 ], [ 78.903793334961051, 31.115470886230469 ], [ 78.900581359863395, 31.112060546875057 ], [ 78.899429321289176, 31.107599258422965 ], [ 78.896797180175781, 31.105630874633846 ], [ 78.8907470703125, 31.106079101562443 ], [ 78.884178161621207, 31.104232788085938 ], [ 78.880043029785156, 31.103839874267692 ], [ 78.871398925781364, 31.107320785522575 ], [ 78.862251281738395, 31.112409591674862 ], [ 78.852020263671875, 31.12621116638195 ], [ 78.844329833984318, 31.12804031372076 ], [ 78.837776184082088, 31.13068962097168 ], [ 78.828979492187557, 31.136339187622127 ], [ 78.824722290039062, 31.143550872802678 ], [ 78.818733215332145, 31.147211074829158 ], [ 78.815872192382926, 31.153930664062614 ], [ 78.810218811035156, 31.163860321044979 ], [ 78.811706542968864, 31.169410705566406 ], [ 78.800506591796875, 31.178260803222713 ], [ 78.797576904296989, 31.182502746582145 ], [ 78.798042297363281, 31.188949584960994 ], [ 78.801116943359432, 31.193910598754883 ], [ 78.803169250488281, 31.199230194091911 ], [ 78.800170898437557, 31.202379226684627 ], [ 78.795036315918026, 31.205039978027457 ], [ 78.788810729980582, 31.204450607299748 ], [ 78.770889282226676, 31.197299957275504 ], [ 78.764602661132756, 31.195909500122184 ], [ 78.757591247558594, 31.194690704345703 ], [ 78.749450683593807, 31.194351196289176 ], [ 78.720382690429688, 31.197019577026367 ], [ 78.713027954101619, 31.196662902832145 ], [ 78.707466125488338, 31.19497108459484 ], [ 78.700698852539176, 31.196390151977539 ], [ 78.695571899414062, 31.196290969848746 ], [ 78.676086425781364, 31.203189849853572 ], [ 78.665756225586051, 31.202472686767692 ], [ 78.659835815429801, 31.203250885009709 ], [ 78.650672912597713, 31.19785118103033 ], [ 78.647697448730469, 31.194669723510856 ], [ 78.645492553710994, 31.202518463134766 ], [ 78.638008117675781, 31.208389282226619 ], [ 78.636001586914176, 31.219579696655273 ], [ 78.634452819824276, 31.221889495849723 ], [ 78.628318786621151, 31.221918106079102 ], [ 78.617111206054801, 31.225248336791992 ], [ 78.613296508789176, 31.227439880371094 ], [ 78.610046386718807, 31.231050491332951 ], [ 78.600601196289062, 31.235851287841911 ], [ 78.595367431640739, 31.236391067504826 ], [ 78.583923339843864, 31.234300613403263 ], [ 78.579399108886662, 31.235002517700309 ], [ 78.566581726074332, 31.23373985290533 ], [ 78.561897277832031, 31.229600906372127 ], [ 78.556327819824162, 31.22738075256359 ], [ 78.550247192382812, 31.21849250793457 ], [ 78.537117004394531, 31.206710815429744 ], [ 78.51413726806652, 31.203920364379996 ], [ 78.486572265625, 31.204170227050781 ], [ 78.476982116699162, 31.20510292053234 ], [ 78.470108032226506, 31.203750610351562 ], [ 78.467216491699332, 31.211849212646484 ], [ 78.466567993164119, 31.220939636230469 ], [ 78.457221984863338, 31.227811813354549 ], [ 78.444137573242301, 31.244199752807674 ], [ 78.431686401367244, 31.249599456787053 ], [ 78.42706298828125, 31.255979537963867 ], [ 78.419456481933651, 31.259880065918026 ], [ 78.414382934570426, 31.250909805297852 ], [ 78.405082702636719, 31.248670578003043 ], [ 78.397529602050838, 31.24779129028326 ], [ 78.391349792480469, 31.25299072265625 ], [ 78.393081665039062, 31.262277603149528 ], [ 78.386192321777287, 31.269630432128963 ], [ 78.383270263671989, 31.274320602416992 ], [ 78.381362915039176, 31.281471252441463 ], [ 78.373466491699219, 31.279209136962891 ], [ 78.3692626953125, 31.287900924682674 ], [ 78.363357543945312, 31.290100097656364 ], [ 78.356323242187557, 31.29087066650402 ], [ 78.347488403320312, 31.290119171142635 ], [ 78.342475891113395, 31.288972854614315 ], [ 78.336090087890625, 31.287479400634822 ], [ 78.32663726806652, 31.288240432739371 ], [ 78.31693267822277, 31.285078048706168 ], [ 78.306327819824219, 31.286239624023494 ], [ 78.298362731933651, 31.28820991516119 ], [ 78.291603088378906, 31.290719985962028 ], [ 78.280212402343807, 31.297531127929801 ], [ 78.280426025390682, 31.303920745849723 ], [ 78.2828369140625, 31.308900833129883 ], [ 78.282516479492244, 31.314189910888729 ], [ 78.28659820556652, 31.319889068603572 ], [ 78.276710510253849, 31.328531265258789 ], [ 78.259635925293026, 31.329349517822266 ], [ 78.244796752929801, 31.33251953125 ], [ 78.240486145019531, 31.334981918335018 ], [ 78.238021850585938, 31.338859558105526 ], [ 78.234382629394531, 31.341430664062614 ], [ 78.2322998046875, 31.345542907714901 ], [ 78.229377746582145, 31.346839904785156 ], [ 78.22574615478527, 31.345550537109432 ], [ 78.220062255859318, 31.339170455932617 ], [ 78.213562011718864, 31.336259841919002 ], [ 78.210449218750057, 31.332950592040959 ], [ 78.204788208007926, 31.330541610717773 ], [ 78.199531555175838, 31.330310821533203 ], [ 78.193817138671932, 31.333602905273551 ], [ 78.187698364257812, 31.334119796753043 ], [ 78.170852661132756, 31.341550827026481 ], [ 78.164962768554688, 31.341209411621207 ], [ 78.156326293945426, 31.348949432373161 ], [ 78.149063110351676, 31.349258422851506 ], [ 78.14450836181652, 31.35420036315918 ], [ 78.138099670410156, 31.364561080932674 ], [ 78.150817871093693, 31.382780075073185 ], [ 78.148017883300781, 31.388389587402344 ], [ 78.144378662109375, 31.392000198364371 ], [ 78.138137817382869, 31.395338058471793 ], [ 78.131492614746151, 31.392190933227653 ], [ 78.125457763671818, 31.398981094360408 ], [ 78.120246887207145, 31.40110015869152 ], [ 78.1142578125, 31.40794944763195 ], [ 78.111152648925724, 31.41033935546875 ], [ 78.101516723632869, 31.413431167602539 ], [ 78.095146179199219, 31.414030075073356 ], [ 78.08941650390625, 31.4203395843507 ], [ 78.088348388671932, 31.424329757690543 ], [ 78.091293334961051, 31.430099487304801 ], [ 78.091331481933594, 31.435340881347656 ], [ 78.089202880859489, 31.44082069396984 ], [ 78.089607238769531, 31.447149276733455 ], [ 78.091156005859375, 31.452360153198356 ], [ 78.093757629394645, 31.457801818847656 ], [ 78.105049133300724, 31.459590911865348 ], [ 78.109367370605526, 31.460929870605526 ], [ 78.109748840332088, 31.465520858764762 ], [ 78.108093261718693, 31.477399826049805 ], [ 78.108673095703068, 31.481180191040096 ], [ 78.114532470703239, 31.485151290893668 ], [ 78.113616943359489, 31.488090515136832 ], [ 78.11749267578125, 31.492380142211914 ], [ 78.114837646484375, 31.499700546264592 ], [ 78.113555908203182, 31.515939712524471 ], [ 78.112167358398438, 31.520780563354549 ], [ 78.115386962890625, 31.522819519043082 ], [ 78.120971679687557, 31.52472114562994 ], [ 78.12863922119152, 31.524700164794922 ], [ 78.144981384277401, 31.519758224487305 ], [ 78.151702880859432, 31.51670074462902 ], [ 78.155876159668026, 31.51387977600109 ], [ 78.163276672363281, 31.507320404052734 ], [ 78.179519653320369, 31.491031646728629 ], [ 78.183326721191463, 31.48051834106451 ], [ 78.18643951416027, 31.478939056396541 ], [ 78.208992004394474, 31.470512390136832 ], [ 78.222221374511719, 31.470331192016658 ], [ 78.248435974121207, 31.471820831298828 ], [ 78.258743286132926, 31.471748352050781 ], [ 78.276268005371207, 31.46907997131359 ], [ 78.287956237792912, 31.468778610229606 ], [ 78.286956787109489, 31.464519500732536 ], [ 78.29693603515625, 31.456291198730469 ], [ 78.303771972656364, 31.45243072509777 ], [ 78.309829711914119, 31.451368331909237 ], [ 78.320343017578239, 31.452909469604549 ], [ 78.326728820800781, 31.459920883178768 ], [ 78.329811096191463, 31.46476936340332 ], [ 78.333457946777401, 31.466907501220703 ], [ 78.343193054199276, 31.47025108337408 ], [ 78.350067138671932, 31.474880218505859 ], [ 78.355598449707088, 31.477519989013786 ], [ 78.355598449707088, 31.48274040222168 ], [ 78.362762451171875, 31.482248306274357 ], [ 78.373580932617301, 31.478679656982365 ], [ 78.382797241210938, 31.47913932800293 ], [ 78.388641357421989, 31.474859237671012 ], [ 78.388977050781307, 31.47107124328619 ], [ 78.387908935546818, 31.462329864501953 ], [ 78.390235900878906, 31.458330154419002 ], [ 78.398689270019588, 31.454551696777287 ], [ 78.402496337890682, 31.451908111572322 ], [ 78.40598297119152, 31.446798324585018 ], [ 78.405868530273438, 31.443420410156307 ], [ 78.399337768554801, 31.436000823974609 ], [ 78.39987945556652, 31.432210922241211 ], [ 78.403617858886776, 31.431650161743278 ], [ 78.404899597167969, 31.42927169799799 ], [ 78.405220031738395, 31.422700881958121 ], [ 78.410102844238338, 31.422531127929688 ], [ 78.415283203125057, 31.421079635620231 ], [ 78.420356750488281, 31.421480178833065 ], [ 78.42563629150402, 31.423139572143612 ], [ 78.437179565429688, 31.429660797119084 ], [ 78.44297027587902, 31.431142807006893 ], [ 78.440841674804744, 31.42357063293457 ], [ 78.435821533203125, 31.411251068115291 ], [ 78.445480346679801, 31.396480560302734 ], [ 78.462646484375114, 31.390090942382812 ], [ 78.482612609863338, 31.396270751953182 ], [ 78.484420776367131, 31.384569168090934 ], [ 78.495162963867188, 31.379882812500057 ], [ 78.500328063964901, 31.380729675292912 ], [ 78.503196716308651, 31.376609802246151 ], [ 78.506469726562557, 31.373809814453239 ], [ 78.525337219238338, 31.375619888305778 ], [ 78.532798767089901, 31.374599456787109 ], [ 78.525070190429688, 31.363250732421875 ], [ 78.52374267578125, 31.359699249267578 ], [ 78.526252746582031, 31.357830047607479 ], [ 78.531890869140739, 31.356428146362418 ], [ 78.538330078125057, 31.350070953369254 ], [ 78.543037414550781, 31.348110198974666 ], [ 78.553031921386832, 31.347101211547908 ], [ 78.565795898437557, 31.348489761352653 ], [ 78.570838928222656, 31.346229553222656 ], [ 78.576843261718807, 31.334461212158317 ], [ 78.595146179199276, 31.343349456787166 ], [ 78.607803344726676, 31.337820053100586 ], [ 78.617256164550838, 31.33624076843256 ], [ 78.630836486816463, 31.338350296020565 ], [ 78.636146545410213, 31.340160369873161 ], [ 78.6446533203125, 31.345790863037109 ], [ 78.6524658203125, 31.346479415893612 ], [ 78.666839599609432, 31.343851089477596 ], [ 78.672889709472656, 31.345449447631836 ], [ 78.678352355957145, 31.342309951782227 ], [ 78.685371398925838, 31.341970443725529 ], [ 78.689598083496207, 31.34398078918457 ], [ 78.691383361816406, 31.346431732177791 ], [ 78.689498901367188, 31.352441787719783 ], [ 78.697402954101619, 31.353361129760856 ], [ 78.706275939941406, 31.350229263305778 ], [ 78.710708618164119, 31.351888656616154 ], [ 78.710769653320426, 31.358270645141545 ], [ 78.722389221191463, 31.362300872802848 ], [ 78.724540710449332, 31.366811752319336 ], [ 78.730888366699219, 31.3732204437257 ], [ 78.776435852050724, 31.401229858398494 ], [ 78.777839660644588, 31.401430130004883 ], [ 78.782020568847656, 31.40037918090826 ], [ 78.794502258300895, 31.396539688110408 ], [ 78.801727294921932, 31.393840789794922 ], [ 78.807960510253906, 31.392299652099609 ], [ 78.811286926269645, 31.390819549560604 ], [ 78.816719055175781, 31.388410568237362 ], [ 78.821037292480582, 31.384189605712947 ], [ 78.82102203369152, 31.383291244506893 ], [ 78.826683044433651, 31.381071090698185 ], [ 78.827217102050781, 31.381280899047908 ], [ 78.830131530761776, 31.375530242919922 ], [ 78.834228515624943, 31.372470855712891 ], [ 78.834770202636832, 31.371149063110408 ], [ 78.834747314453239, 31.370468139648438 ], [ 78.835777282714844, 31.369390487671012 ], [ 78.837570190429744, 31.364440917968807 ], [ 78.838058471679688, 31.364231109619084 ], [ 78.840286254882926, 31.354440689087028 ], [ 78.84014892578125, 31.350601196289006 ], [ 78.837753295898494, 31.345029830932617 ], [ 78.831741333007756, 31.338920593261832 ], [ 78.828712463378906, 31.33246040344244 ], [ 78.829010009765682, 31.3302001953125 ], [ 78.833473205566406, 31.329111099243164 ], [ 78.835060119628963, 31.329301834106445 ], [ 78.837882995605469, 31.328760147094727 ], [ 78.838676452636719, 31.328401565551815 ], [ 78.840080261230582, 31.327699661254996 ], [ 78.845558166503963, 31.324171066284293 ], [ 78.848381042480469, 31.32234001159668 ], [ 78.849372863769588, 31.320962905883846 ], [ 78.850639343261719, 31.320020675659293 ], [ 78.850601196289176, 31.319099426269645 ], [ 78.851615905761719, 31.318399429321403 ], [ 78.852119445800895, 31.31793022155756 ], [ 78.853401184082088, 31.316980361938533 ], [ 78.853363037109375, 31.316070556640568 ], [ 78.853897094726562, 31.316061019897461 ], [ 78.858245849609489, 31.312980651855582 ], [ 78.860351562499943, 31.309131622314453 ], [ 78.860816955566463, 31.308280944824219 ], [ 78.861358642578125, 31.308259963989371 ], [ 78.861427307128963, 31.307661056518555 ], [ 78.86419677734375, 31.305330276489315 ], [ 78.864639282226619, 31.304321289062557 ], [ 78.864692687988395, 31.303720474243107 ], [ 78.867469787597656, 31.301378250122184 ], [ 78.870056152343864, 31.29136848449707 ], [ 78.870582580566463, 31.291120529174862 ], [ 78.871017456054801, 31.289512634277457 ], [ 78.871528625488338, 31.289270401000977 ], [ 78.878341674804688, 31.272872924804744 ], [ 78.878860473632756, 31.272630691528263 ], [ 78.879539489746151, 31.270719528198299 ], [ 78.884956359863224, 31.266799926757869 ], [ 78.885421752929744, 31.266460418701229 ], [ 78.889556884765625, 31.265171051025447 ], [ 78.900825500488281, 31.261280059814453 ], [ 78.906883239746207, 31.259189605712891 ] ] ] } },
{ "type": "Feature", "properties": { "ID_0": 105, "ISO": "IND", "NAME_0": "India", "ID_1": 13, "NAME_1": "Himachal Pradesh", "ID_2": 192, "NAME_2": "Kullu", "ID_3": 604, "NAME_3": "Ani", "CCN_3": 0, "CCA_3": null, "TYPE_3": "Taluk", "ENGTYPE_3": "Taluk", "NL_NAME_3": null, "VARNAME_3": null }, "geometry": { "type": "Polygon", "coordinates": [ [ [ 77.480239868164062, 31.554460525512752 ], [ 77.479751586914119, 31.548799514770621 ], [ 77.482566833496151, 31.533559799194393 ], [ 77.479553222656307, 31.529479980468864 ], [ 77.485893249511832, 31.525209426879883 ], [ 77.494171142578125, 31.523569107055721 ], [ 77.496482849121151, 31.520050048828182 ], [ 77.498725891113281, 31.514280319213924 ], [ 77.510528564453068, 31.507110595703182 ], [ 77.504219055175895, 31.502000808715877 ], [ 77.495849609375, 31.497631072998104 ], [ 77.494293212890739, 31.493539810180664 ], [ 77.487922668457088, 31.488470077514648 ], [ 77.482406616210994, 31.480300903320256 ], [ 77.474708557128906, 31.4736328125 ], [ 77.473556518554688, 31.46782112121582 ], [ 77.475601196289176, 31.449131011962891 ], [ 77.471771240234489, 31.444700241088924 ], [ 77.472686767578182, 31.438720703124943 ], [ 77.4747314453125, 31.432600021362305 ], [ 77.474922180175781, 31.427061080932617 ], [ 77.473098754882926, 31.423370361328182 ], [ 77.464591979980469, 31.418880462646541 ], [ 77.454078674316406, 31.410142898559684 ], [ 77.449188232421932, 31.404680252075195 ], [ 77.447090148925838, 31.396850585937557 ], [ 77.446258544921875, 31.387559890747127 ], [ 77.451217651367188, 31.371871948242244 ], [ 77.454566955566463, 31.366859436035156 ], [ 77.463912963867244, 31.360429763793945 ], [ 77.464141845703239, 31.356821060180721 ], [ 77.461341857910156, 31.354099273681754 ], [ 77.439559936523551, 31.351659774780387 ], [ 77.432212829589901, 31.347000122070312 ], [ 77.421623229980582, 31.348171234130973 ], [ 77.415206909179688, 31.345518112182674 ], [ 77.409545898437557, 31.350660324096737 ], [ 77.404067993164176, 31.3501491546632 ], [ 77.39163970947277, 31.360771179199219 ], [ 77.387260437011832, 31.366081237792969 ], [ 77.382102966308707, 31.363201141357479 ], [ 77.377288818359432, 31.363670349121151 ], [ 77.371910095214844, 31.365278244018555 ], [ 77.375991821289119, 31.375251770019531 ], [ 77.374427795410213, 31.380319595336971 ], [ 77.376106262207031, 31.387350082397575 ], [ 77.373039245605469, 31.390239715576172 ], [ 77.373977661132812, 31.393119812011832 ], [ 77.368049621581974, 31.397800445556584 ], [ 77.369331359863395, 31.402580261230526 ], [ 77.368476867675781, 31.405641555786133 ], [ 77.370635986328182, 31.410520553588924 ], [ 77.36936187744152, 31.415718078613338 ], [ 77.365921020507926, 31.421770095825309 ], [ 77.361450195312557, 31.425119400024471 ], [ 77.355796813964957, 31.427551269531307 ], [ 77.348648071289062, 31.432508468628043 ], [ 77.343193054199332, 31.436611175537166 ], [ 77.329330444335881, 31.449630737304688 ], [ 77.322319030761719, 31.452938079833984 ], [ 77.316482543945369, 31.461690902710075 ], [ 77.311363220214957, 31.474428176879826 ], [ 77.308639526367244, 31.486370086669922 ], [ 77.307083129882869, 31.501359939575195 ], [ 77.302886962890682, 31.510980606079158 ], [ 77.301651000976676, 31.528160095214957 ], [ 77.304733276367188, 31.53344917297369 ], [ 77.312767028808594, 31.536100387573356 ], [ 77.325599670410213, 31.535579681396484 ], [ 77.342590332031307, 31.536729812622127 ], [ 77.380767822265739, 31.543680191040039 ], [ 77.395767211914062, 31.543249130249023 ], [ 77.410133361816463, 31.541339874267635 ], [ 77.418357849121207, 31.543060302734375 ], [ 77.420196533203182, 31.552112579345646 ], [ 77.426307678222713, 31.560569763183707 ], [ 77.430740356445426, 31.564250946044979 ], [ 77.464027404785156, 31.562999725341797 ], [ 77.475517272949276, 31.558649063110408 ], [ 77.480239868164062, 31.554460525512752 ] ] ] } },
{ "type": "Feature", "properties": { "ID_0": 105, "ISO": "IND", "NAME_0": "India", "ID_1": 13, "NAME_1": "Himachal Pradesh", "ID_2": 192, "NAME_2": "Kullu", "ID_3": 605, "NAME_3": "Banjar", "CCN_3": 0, "CCA_3": null, "TYPE_3": "Taluk", "ENGTYPE_3": "Taluk", "NL_NAME_3": null, "VARNAME_3": null }, "geometry": { "type": "Polygon", "coordinates": [ [ [ 77.633277893066463, 31.664400100707951 ], [ 77.609321594238224, 31.652231216430664 ], [ 77.593528747558594, 31.643070220947379 ], [ 77.586135864257869, 31.640840530395565 ], [ 77.576705932617131, 31.639709472656364 ], [ 77.563529968261832, 31.639450073242244 ], [ 77.5548095703125, 31.635040283203125 ], [ 77.548286437988224, 31.629060745239371 ], [ 77.547966003417969, 31.618980407714844 ], [ 77.549667358398438, 31.61211013793951 ], [ 77.547027587890682, 31.604511260986442 ], [ 77.520950317382869, 31.592460632324219 ], [ 77.520042419433707, 31.584390640258846 ], [ 77.516586303711051, 31.577550888061523 ], [ 77.512702941894588, 31.572820663452148 ], [ 77.50274658203125, 31.575729370117188 ], [ 77.494781494140682, 31.57528114318859 ], [ 77.48398590087902, 31.556550979614315 ], [ 77.480239868164062, 31.554460525512752 ], [ 77.475517272949276, 31.558649063110408 ], [ 77.464027404785156, 31.562999725341797 ], [ 77.430740356445426, 31.564250946044979 ], [ 77.426307678222713, 31.560569763183707 ], [ 77.420196533203182, 31.552112579345646 ], [ 77.418357849121207, 31.543060302734375 ], [ 77.410133361816463, 31.541339874267635 ], [ 77.395767211914062, 31.543249130249023 ], [ 77.380767822265739, 31.543680191040039 ], [ 77.342590332031307, 31.536729812622127 ], [ 77.325599670410213, 31.535579681396484 ], [ 77.312767028808594, 31.536100387573356 ], [ 77.304733276367188, 31.53344917297369 ], [ 77.298812866210881, 31.541589736938477 ], [ 77.291282653808651, 31.550060272216797 ], [ 77.286888122558651, 31.561120986938533 ], [ 77.289497375488281, 31.569080352783146 ], [ 77.290679931640682, 31.583311080932617 ], [ 77.286537170410213, 31.596281051635742 ], [ 77.289306640625, 31.602401733398438 ], [ 77.291946411132756, 31.614370346069336 ], [ 77.290885925293026, 31.62528038024908 ], [ 77.283592224121094, 31.656869888305721 ], [ 77.290573120117301, 31.665388107299862 ], [ 77.269332885742244, 31.693870544433707 ], [ 77.258499145507869, 31.704639434814567 ], [ 77.242988586425781, 31.713691711425838 ], [ 77.231147766113281, 31.716279983520451 ], [ 77.223258972168082, 31.722499847412109 ], [ 77.21246337890625, 31.725959777831974 ], [ 77.211196899414119, 31.727090835571346 ], [ 77.214653015136832, 31.729791641235465 ], [ 77.221031188964844, 31.736600875854435 ], [ 77.230880737304801, 31.750909805297908 ], [ 77.241065979003906, 31.759029388427848 ], [ 77.254753112792912, 31.765270233154354 ], [ 77.304779052734375, 31.773122787475643 ], [ 77.313026428222713, 31.778940200805721 ], [ 77.319076538085938, 31.788219451904411 ], [ 77.320968627929688, 31.794969558715877 ], [ 77.325546264648438, 31.806039810180721 ], [ 77.331077575683594, 31.814569473266602 ], [ 77.341056823730526, 31.822931289672852 ], [ 77.361251831054744, 31.836280822753963 ], [ 77.398452758789119, 31.859270095825252 ], [ 77.428146362304688, 31.873310089111271 ], [ 77.441238403320426, 31.873929977416935 ], [ 77.447586059570256, 31.870180130004996 ], [ 77.457412719726619, 31.868209838867301 ], [ 77.463577270507926, 31.864509582519588 ], [ 77.480445861816406, 31.863340377807674 ], [ 77.494316101074162, 31.863359451293945 ], [ 77.507377624511776, 31.861919403076172 ], [ 77.522102355957145, 31.861761093139648 ], [ 77.535179138183594, 31.864351272583008 ], [ 77.550163269043082, 31.861789703369197 ], [ 77.559883117675895, 31.862512588501033 ], [ 77.563659667968807, 31.852771759033203 ], [ 77.567771911621094, 31.855810165405217 ], [ 77.583999633789062, 31.864200592041016 ], [ 77.587890625000057, 31.869480133056754 ], [ 77.593452453613395, 31.872840881347656 ], [ 77.598419189453239, 31.870742797851562 ], [ 77.607070922851562, 31.874130249023551 ], [ 77.616287231445369, 31.8713893890382 ], [ 77.620300292968807, 31.866319656372127 ], [ 77.627906799316463, 31.860700607299862 ], [ 77.635276794433594, 31.858261108398494 ], [ 77.643440246582145, 31.857681274414119 ], [ 77.649917602539176, 31.850400924682674 ], [ 77.659126281738281, 31.842542648315487 ], [ 77.672660827636719, 31.8408203125 ], [ 77.684867858886719, 31.841081619262695 ], [ 77.693077087402344, 31.839572906494141 ], [ 77.699699401855582, 31.834590911865178 ], [ 77.69034576416027, 31.826539993286133 ], [ 77.691146850585881, 31.822732925415039 ], [ 77.695381164550781, 31.821622848510856 ], [ 77.695480346679801, 31.816261291503963 ], [ 77.704971313476619, 31.810640335083121 ], [ 77.701530456543026, 31.802810668945426 ], [ 77.706039428710938, 31.792930603027344 ], [ 77.711372375488224, 31.785770416259766 ], [ 77.720016479492188, 31.783941268920898 ], [ 77.725112915039062, 31.78180122375494 ], [ 77.733459472656364, 31.782930374145565 ], [ 77.736717224121207, 31.777200698852596 ], [ 77.741409301757869, 31.771360397338867 ], [ 77.747222900390568, 31.765989303588867 ], [ 77.745887756347599, 31.759120941162109 ], [ 77.736946105957031, 31.755460739135856 ], [ 77.73709869384777, 31.74751091003418 ], [ 77.740196228027344, 31.730779647827205 ], [ 77.740547180175724, 31.723751068115348 ], [ 77.736236572265682, 31.720830917358398 ], [ 77.735153198242301, 31.717830657959098 ], [ 77.727188110351676, 31.718900680541992 ], [ 77.719139099121207, 31.718580245971737 ], [ 77.700042724609432, 31.708158493042106 ], [ 77.693611145019645, 31.706739425659237 ], [ 77.679168701171875, 31.708179473876953 ], [ 77.670303344726676, 31.707450866699332 ], [ 77.664176940918026, 31.703039169311523 ], [ 77.654449462890682, 31.687320709228629 ], [ 77.646400451660213, 31.683441162109375 ], [ 77.643775939941463, 31.674400329589901 ], [ 77.636985778808537, 31.669170379638786 ], [ 77.633277893066463, 31.664400100707951 ] ] ] } },
{ "type": "Feature", "properties": { "ID_0": 105, "ISO": "IND", "NAME_0": "India", "ID_1": 13, "NAME_1": "Himachal Pradesh", "ID_2": 192, "NAME_2": "Kullu", "ID_3": 606, "NAME_3": "Kullu", "CCN_3": 0, "CCA_3": null, "TYPE_3": "Taluk", "ENGTYPE_3": "Taluk", "NL_NAME_3": null, "VARNAME_3": null }, "geometry": { "type": "Polygon", "coordinates": [ [ [ 77.211196899414119, 31.727090835571346 ], [ 77.209976196289062, 31.728200912475529 ], [ 77.202133178710938, 31.724388122558707 ], [ 77.197692871093864, 31.734502792358342 ], [ 77.197509765625114, 31.744810104370117 ], [ 77.195831298828125, 31.752639770507926 ], [ 77.195571899414176, 31.758672714233512 ], [ 77.192497253418026, 31.768259048461971 ], [ 77.190338134765625, 31.772520065307617 ], [ 77.182792663574332, 31.782419204712028 ], [ 77.1834716796875, 31.788301467895565 ], [ 77.179397583007926, 31.794361114501953 ], [ 77.181213378906307, 31.800680160522404 ], [ 77.173431396484432, 31.811452865600643 ], [ 77.175117492675838, 31.817960739135799 ], [ 77.172096252441463, 31.824750900268555 ], [ 77.160575866699219, 31.829450607299918 ], [ 77.1634521484375, 31.835109710693473 ], [ 77.164878845214957, 31.844841003417969 ], [ 77.157356262207088, 31.843389511108512 ], [ 77.151863098144588, 31.841489791870231 ], [ 77.105720520019588, 31.84091949462902 ], [ 77.089637756347656, 31.841600418090763 ], [ 77.079986572265739, 31.839960098266658 ], [ 77.067680358886719, 31.832691192626953 ], [ 77.063262939453125, 31.836181640625114 ], [ 77.054222106933651, 31.838790893554744 ], [ 77.044097900390682, 31.837949752807674 ], [ 77.044151306152457, 31.841781616210938 ], [ 77.042266845703068, 31.847120285034237 ], [ 77.045806884765682, 31.859140396118107 ], [ 77.0413818359375, 31.860820770263729 ], [ 77.039550781250114, 31.865240097045955 ], [ 77.014991760253849, 31.896350860595817 ], [ 77.012092590332145, 31.903230667114258 ], [ 77.011291503906307, 31.913990020751953 ], [ 77.008781433105526, 31.923469543457088 ], [ 77.001998901367301, 31.932590484619254 ], [ 76.988082885742301, 31.948591232299862 ], [ 76.984329223632812, 31.956859588623047 ], [ 76.974456787109432, 31.967990875244197 ], [ 76.962898254394645, 31.986312866210881 ], [ 76.965507507324276, 31.994920730590934 ], [ 76.966331481933707, 32.002761840820312 ], [ 76.965812683105469, 32.014141082763729 ], [ 76.961441040039062, 32.026470184326115 ], [ 76.948387145996207, 32.030689239501953 ], [ 76.943283081054631, 32.035888671875114 ], [ 76.928207397460881, 32.047328948974666 ], [ 76.926933288574219, 32.060081481933707 ], [ 76.923576354980582, 32.065410614013672 ], [ 76.928062438964844, 32.069271087646541 ], [ 76.926345825195312, 32.082012176513672 ], [ 76.926986694335994, 32.088581085205135 ], [ 76.922866821289006, 32.095550537109489 ], [ 76.926521301269531, 32.101650238037109 ], [ 76.928886413574276, 32.107559204101619 ], [ 76.930282592773551, 32.114952087402401 ], [ 76.972740173339901, 32.113552093505916 ], [ 76.970863342285213, 32.119499206542969 ], [ 76.968658447265625, 32.134250640869141 ], [ 76.970962524414062, 32.156909942627067 ], [ 76.975273132324332, 32.166481018066463 ], [ 76.978965759277344, 32.17760086059576 ], [ 76.983459472656307, 32.184928894042969 ], [ 76.978889465332145, 32.189449310302791 ], [ 76.986152648925895, 32.199150085449332 ], [ 76.989356994628963, 32.202610015869197 ], [ 77.000343322753906, 32.203781127929688 ], [ 77.004997253418026, 32.208648681640682 ], [ 77.022422790527457, 32.209690093994197 ], [ 77.030570983886776, 32.218940734863338 ], [ 77.036216735839844, 32.228610992431754 ], [ 77.027175903320426, 32.238571166992244 ], [ 77.018127441406307, 32.245471954345703 ], [ 77.015457153320369, 32.249969482421875 ], [ 77.016647338867244, 32.25540924072277 ], [ 77.016296386718864, 32.259578704833984 ], [ 77.013862609863281, 32.263839721679631 ], [ 77.013946533203182, 32.274429321289119 ], [ 77.015281677246151, 32.278549194335938 ], [ 77.020156860351562, 32.287349700927848 ], [ 77.020362854003906, 32.292789459228516 ], [ 77.017967224121151, 32.296180725097713 ], [ 77.014366149902457, 32.309238433837947 ], [ 77.015518188476676, 32.312831878662166 ], [ 77.025627136230582, 32.320690155029354 ], [ 77.028602600097656, 32.325321197509879 ], [ 77.028686523437614, 32.330390930175895 ], [ 77.027656555175838, 32.335941314697322 ], [ 77.02451324462902, 32.342338562011776 ], [ 77.029808044433651, 32.350669860839844 ], [ 77.035972595214787, 32.368961334228572 ], [ 77.038665771484375, 32.372879028320426 ], [ 77.052673339843807, 32.385818481445369 ], [ 77.056068420410156, 32.392620086670036 ], [ 77.059577941894645, 32.396450042724723 ], [ 77.058135986328125, 32.399398803711051 ], [ 77.078361511230469, 32.400711059570369 ], [ 77.093276977539119, 32.401779174804688 ], [ 77.09928131103527, 32.405368804931697 ], [ 77.118057250976562, 32.411128997802848 ], [ 77.134185791015739, 32.418529510498104 ], [ 77.140487670898551, 32.416591644287166 ], [ 77.164062500000057, 32.407009124755859 ], [ 77.17962646484375, 32.403949737548828 ], [ 77.183906555175838, 32.395179748535213 ], [ 77.187156677246151, 32.392082214355526 ], [ 77.200447082519531, 32.385429382324276 ], [ 77.212646484375, 32.377090454101676 ], [ 77.220420837402287, 32.379661560058594 ], [ 77.22513580322277, 32.380321502685547 ], [ 77.229560852050895, 32.379058837890625 ], [ 77.239112854003849, 32.373489379882926 ], [ 77.247581481933651, 32.366119384765625 ], [ 77.260276794433537, 32.361209869384709 ], [ 77.265357971191463, 32.353939056396598 ], [ 77.267089843750114, 32.347301483154297 ], [ 77.27044677734375, 32.347141265869141 ], [ 77.281433105468864, 32.338680267334098 ], [ 77.291770935058594, 32.338890075683651 ], [ 77.295005798339844, 32.333759307861328 ], [ 77.305831909179801, 32.328239440918026 ], [ 77.309822082519645, 32.32444000244152 ], [ 77.313888549804688, 32.317531585693303 ], [ 77.312789916992188, 32.312950134277401 ], [ 77.314369201660213, 32.310119628906307 ], [ 77.319488525390682, 32.311401367187557 ], [ 77.325866699218864, 32.293628692627067 ], [ 77.329200744628906, 32.290809631347713 ], [ 77.331092834472656, 32.286880493164176 ], [ 77.330429077148551, 32.281841278076286 ], [ 77.330841064453239, 32.275901794433594 ], [ 77.334136962890625, 32.270191192627067 ], [ 77.332191467285099, 32.265609741210938 ], [ 77.333000183105469, 32.261280059814453 ], [ 77.328620910644531, 32.256809234619197 ], [ 77.330429077148551, 32.252769470214787 ], [ 77.341056823730526, 32.235649108886719 ], [ 77.353675842285213, 32.225749969482536 ], [ 77.358482360839957, 32.225238800048828 ], [ 77.367736816406307, 32.22013092041027 ], [ 77.372810363769474, 32.219161987304801 ], [ 77.379081726074332, 32.221790313720703 ], [ 77.400756835937557, 32.208271026611328 ], [ 77.403526306152287, 32.199790954589844 ], [ 77.406501770019588, 32.197658538818416 ], [ 77.41217041015625, 32.197109222412166 ], [ 77.417922973632869, 32.198211669921989 ], [ 77.429168701171932, 32.197620391845703 ], [ 77.441535949707031, 32.199619293213004 ], [ 77.446678161621094, 32.202060699462947 ], [ 77.448631286621151, 32.205810546875114 ], [ 77.447875976562557, 32.210090637207031 ], [ 77.448348999023381, 32.214950561523551 ], [ 77.450828552246037, 32.224311828613395 ], [ 77.452346801757756, 32.227840423584098 ], [ 77.457481384277457, 32.231201171875114 ], [ 77.464225769042969, 32.228908538818416 ], [ 77.472396850585938, 32.228530883789176 ], [ 77.483833312988281, 32.224338531494197 ], [ 77.487579345703239, 32.218582153320426 ], [ 77.493263244628963, 32.213439941406364 ], [ 77.496147155761776, 32.209579467773494 ], [ 77.498107910156364, 32.205081939697322 ], [ 77.50858306884777, 32.203140258789176 ], [ 77.515731811523438, 32.203380584716854 ], [ 77.518379211425781, 32.209049224853516 ], [ 77.516746520996151, 32.216789245605469 ], [ 77.524063110351506, 32.221359252929688 ], [ 77.528976440429801, 32.226001739501953 ], [ 77.547821044921932, 32.212459564208984 ], [ 77.548271179199332, 32.204608917236271 ], [ 77.550071716308594, 32.199359893798885 ], [ 77.556686401367131, 32.191970825195312 ], [ 77.565193176269588, 32.190090179443473 ], [ 77.568885803222599, 32.185939788818359 ], [ 77.569892883300781, 32.182880401611328 ], [ 77.577537536621094, 32.181221008300895 ], [ 77.586891174316463, 32.173789978027457 ], [ 77.596862792968807, 32.167388916015625 ], [ 77.602516174316406, 32.16519927978527 ], [ 77.610702514648438, 32.165500640869254 ], [ 77.616676330566463, 32.157829284667969 ], [ 77.623016357421989, 32.157371520996207 ], [ 77.635696411132812, 32.151180267334098 ], [ 77.637031555175781, 32.147941589355526 ], [ 77.642822265625057, 32.143939971923942 ], [ 77.64322662353527, 32.138961791992188 ], [ 77.646156311035156, 32.132110595703182 ], [ 77.652175903320369, 32.12931060791027 ], [ 77.654121398925895, 32.124179840087891 ], [ 77.657478332519588, 32.123111724853629 ], [ 77.660110473632812, 32.121330261230582 ], [ 77.66709136962902, 32.112258911132812 ], [ 77.671646118164176, 32.109260559082088 ], [ 77.685066223144531, 32.108650207519588 ], [ 77.696792602539119, 32.10076904296875 ], [ 77.704231262207088, 32.097789764404411 ], [ 77.718307495117244, 32.095779418945426 ], [ 77.728317260742301, 32.095199584961051 ], [ 77.729667663574332, 32.081169128417969 ], [ 77.731506347656307, 32.078311920166129 ], [ 77.738372802734432, 32.074539184570369 ], [ 77.74176025390625, 32.064350128173885 ], [ 77.747016906738395, 32.05973052978527 ], [ 77.749687194824332, 32.055648803710994 ], [ 77.749412536621151, 32.050559997558707 ], [ 77.747833251953125, 32.044441223144645 ], [ 77.751312255859432, 32.040821075439453 ], [ 77.758346557617188, 32.037410736084041 ], [ 77.762657165527457, 32.037422180175895 ], [ 77.7755126953125, 32.022029876709098 ], [ 77.774688720703068, 32.020099639892635 ], [ 77.759613037109489, 32.011230468750057 ], [ 77.769218444824219, 32.004299163818473 ], [ 77.775543212890682, 31.995719909667969 ], [ 77.784881591796932, 31.989561080932617 ], [ 77.785438537597656, 31.985120773315373 ], [ 77.778732299804688, 31.978660583496207 ], [ 77.770706176757812, 31.97503852844244 ], [ 77.76593017578125, 31.970600128173828 ], [ 77.766990661621151, 31.964349746704158 ], [ 77.758819580078239, 31.956001281738281 ], [ 77.753585815429688, 31.946960449218807 ], [ 77.757339477539006, 31.938449859619197 ], [ 77.765068054199276, 31.929630279541016 ], [ 77.767890930175781, 31.919019699096737 ], [ 77.776847839355469, 31.909458160400447 ], [ 77.790779113769531, 31.899499893188533 ], [ 77.802497863769645, 31.897672653198299 ], [ 77.815078735351676, 31.899181365966854 ], [ 77.832221984863338, 31.892959594726619 ], [ 77.843406677246094, 31.887910842895621 ], [ 77.852996826171932, 31.886611938476562 ], [ 77.848281860351676, 31.88241004943842 ], [ 77.834121704101619, 31.874750137329215 ], [ 77.824928283691463, 31.859300613403434 ], [ 77.823303222656364, 31.852581024169922 ], [ 77.828475952148381, 31.840812683105469 ], [ 77.83377838134777, 31.833459854125977 ], [ 77.831626892089901, 31.828840255737362 ], [ 77.831192016601562, 31.821821212768668 ], [ 77.832466125488395, 31.809719085693416 ], [ 77.839248657226619, 31.800451278686637 ], [ 77.84787750244152, 31.794298171997013 ], [ 77.85101318359375, 31.787370681762809 ], [ 77.839530944824332, 31.785230636596623 ], [ 77.842422485351562, 31.778680801391602 ], [ 77.840972900390682, 31.772180557250977 ], [ 77.838020324706974, 31.763059616088981 ], [ 77.833358764648494, 31.758798599243278 ], [ 77.812850952148438, 31.76449012756359 ], [ 77.795066833496207, 31.764640808105582 ], [ 77.783271789550724, 31.763008117675781 ], [ 77.773300170898551, 31.755929946899528 ], [ 77.763908386230526, 31.756071090698242 ], [ 77.752426147460938, 31.761688232421875 ], [ 77.747222900390568, 31.765989303588867 ], [ 77.741409301757869, 31.771360397338867 ], [ 77.736717224121207, 31.777200698852596 ], [ 77.733459472656364, 31.782930374145565 ], [ 77.725112915039062, 31.78180122375494 ], [ 77.720016479492188, 31.783941268920898 ], [ 77.711372375488224, 31.785770416259766 ], [ 77.706039428710938, 31.792930603027344 ], [ 77.701530456543026, 31.802810668945426 ], [ 77.704971313476619, 31.810640335083121 ], [ 77.695480346679801, 31.816261291503963 ], [ 77.695381164550781, 31.821622848510856 ], [ 77.691146850585881, 31.822732925415039 ], [ 77.69034576416027, 31.826539993286133 ], [ 77.699699401855582, 31.834590911865178 ], [ 77.693077087402344, 31.839572906494141 ], [ 77.684867858886719, 31.841081619262695 ], [ 77.672660827636719, 31.8408203125 ], [ 77.659126281738281, 31.842542648315487 ], [ 77.649917602539176, 31.850400924682674 ], [ 77.643440246582145, 31.857681274414119 ], [ 77.635276794433594, 31.858261108398494 ], [ 77.627906799316463, 31.860700607299862 ], [ 77.620300292968807, 31.866319656372127 ], [ 77.616287231445369, 31.8713893890382 ], [ 77.607070922851562, 31.874130249023551 ], [ 77.598419189453239, 31.870742797851562 ], [ 77.593452453613395, 31.872840881347656 ], [ 77.587890625000057, 31.869480133056754 ], [ 77.583999633789062, 31.864200592041016 ], [ 77.567771911621094, 31.855810165405217 ], [ 77.563659667968807, 31.852771759033203 ], [ 77.559883117675895, 31.862512588501033 ], [ 77.550163269043082, 31.861789703369197 ], [ 77.535179138183594, 31.864351272583008 ], [ 77.522102355957145, 31.861761093139648 ], [ 77.507377624511776, 31.861919403076172 ], [ 77.494316101074162, 31.863359451293945 ], [ 77.480445861816406, 31.863340377807674 ], [ 77.463577270507926, 31.864509582519588 ], [ 77.457412719726619, 31.868209838867301 ], [ 77.447586059570256, 31.870180130004996 ], [ 77.441238403320426, 31.873929977416935 ], [ 77.428146362304688, 31.873310089111271 ], [ 77.398452758789119, 31.859270095825252 ], [ 77.361251831054744, 31.836280822753963 ], [ 77.341056823730526, 31.822931289672852 ], [ 77.331077575683594, 31.814569473266602 ], [ 77.325546264648438, 31.806039810180721 ], [ 77.320968627929688, 31.794969558715877 ], [ 77.319076538085938, 31.788219451904411 ], [ 77.313026428222713, 31.778940200805721 ], [ 77.304779052734375, 31.773122787475643 ], [ 77.254753112792912, 31.765270233154354 ], [ 77.241065979003906, 31.759029388427848 ], [ 77.230880737304801, 31.750909805297908 ], [ 77.221031188964844, 31.736600875854435 ], [ 77.214653015136832, 31.729791641235465 ], [ 77.211196899414119, 31.727090835571346 ] ] ] } },
{ "type": "Feature", "properties": { "ID_0": 105, "ISO": "IND", "NAME_0": "India", "ID_1": 13, "NAME_1": "Himachal Pradesh", "ID_2": 192, "NAME_2": "Kullu", "ID_3": 607, "NAME_3": "Nermand", "CCN_3": 0, "CCA_3": null, "TYPE_3": "Taluk", "ENGTYPE_3": "Taluk", "NL_NAME_3": null, "VARNAME_3": null }, "geometry": { "type": "Polygon", "coordinates": [ [ [ 77.633277893066463, 31.664400100707951 ], [ 77.632392883300895, 31.661640167236328 ], [ 77.633697509765739, 31.65685081481945 ], [ 77.636650085449219, 31.655109405517521 ], [ 77.647972106933651, 31.638690948486442 ], [ 77.644226074218693, 31.635311126708984 ], [ 77.638061523437557, 31.633251190185604 ], [ 77.636016845703239, 31.62877082824707 ], [ 77.633201599121094, 31.617010116577092 ], [ 77.632896423339901, 31.609701156616325 ], [ 77.6337890625, 31.60283088684082 ], [ 77.63720703125, 31.596260070800724 ], [ 77.640823364257812, 31.582340240478572 ], [ 77.64923095703125, 31.576219558715877 ], [ 77.658706665039176, 31.565229415893612 ], [ 77.664596557617301, 31.563699722289982 ], [ 77.669021606445256, 31.553730010986385 ], [ 77.676071166992301, 31.548921585083065 ], [ 77.684013366699276, 31.546009063720646 ], [ 77.689208984375114, 31.533880233764648 ], [ 77.685928344726619, 31.522830963134822 ], [ 77.688072204589957, 31.513200759887695 ], [ 77.693778991699332, 31.506540298461914 ], [ 77.69140625, 31.500911712646541 ], [ 77.686248779296875, 31.499589920044059 ], [ 77.673545837402457, 31.490631103515625 ], [ 77.666351318359318, 31.481910705566463 ], [ 77.661376953125114, 31.473398208618221 ], [ 77.655853271484489, 31.466899871826172 ], [ 77.647727966308594, 31.463769912719727 ], [ 77.639266967773381, 31.462690353393668 ], [ 77.625740051269531, 31.458520889282283 ], [ 77.617156982421875, 31.454282760620231 ], [ 77.613136291503849, 31.450141906738395 ], [ 77.610031127929801, 31.443069458007926 ], [ 77.608062744140682, 31.427667617797965 ], [ 77.611206054687614, 31.417930603027287 ], [ 77.619056701660099, 31.401590347290039 ], [ 77.615036010742301, 31.395141601562557 ], [ 77.604728698730582, 31.392639160156307 ], [ 77.595466613769531, 31.397739410400447 ], [ 77.585548400878906, 31.400070190429744 ], [ 77.576446533203182, 31.399570465087891 ], [ 77.556526184082031, 31.390520095825195 ], [ 77.54825592041027, 31.392669677734432 ], [ 77.539306640625114, 31.390621185302734 ], [ 77.532936096191463, 31.386140823364258 ], [ 77.524665832519531, 31.37294960021984 ], [ 77.516807556152457, 31.357460021972599 ], [ 77.510841369628963, 31.355350494384822 ], [ 77.503486633300781, 31.355239868164062 ], [ 77.492790222167912, 31.359300613403377 ], [ 77.483711242675838, 31.360122680664176 ], [ 77.464141845703239, 31.356821060180721 ], [ 77.463912963867244, 31.360429763793945 ], [ 77.454566955566463, 31.366859436035156 ], [ 77.451217651367188, 31.371871948242244 ], [ 77.446258544921875, 31.387559890747127 ], [ 77.447090148925838, 31.396850585937557 ], [ 77.449188232421932, 31.404680252075195 ], [ 77.454078674316406, 31.410142898559684 ], [ 77.464591979980469, 31.418880462646541 ], [ 77.473098754882926, 31.423370361328182 ], [ 77.474922180175781, 31.427061080932617 ], [ 77.4747314453125, 31.432600021362305 ], [ 77.472686767578182, 31.438720703124943 ], [ 77.471771240234489, 31.444700241088924 ], [ 77.475601196289176, 31.449131011962891 ], [ 77.473556518554688, 31.46782112121582 ], [ 77.474708557128906, 31.4736328125 ], [ 77.482406616210994, 31.480300903320256 ], [ 77.487922668457088, 31.488470077514648 ], [ 77.494293212890739, 31.493539810180664 ], [ 77.495849609375, 31.497631072998104 ], [ 77.504219055175895, 31.502000808715877 ], [ 77.510528564453068, 31.507110595703182 ], [ 77.498725891113281, 31.514280319213924 ], [ 77.496482849121151, 31.520050048828182 ], [ 77.494171142578125, 31.523569107055721 ], [ 77.485893249511832, 31.525209426879883 ], [ 77.479553222656307, 31.529479980468864 ], [ 77.482566833496151, 31.533559799194393 ], [ 77.479751586914119, 31.548799514770621 ], [ 77.480239868164062, 31.554460525512752 ], [ 77.48398590087902, 31.556550979614315 ], [ 77.494781494140682, 31.57528114318859 ], [ 77.50274658203125, 31.575729370117188 ], [ 77.512702941894588, 31.572820663452148 ], [ 77.516586303711051, 31.577550888061523 ], [ 77.520042419433707, 31.584390640258846 ], [ 77.520950317382869, 31.592460632324219 ], [ 77.547027587890682, 31.604511260986442 ], [ 77.549667358398438, 31.61211013793951 ], [ 77.547966003417969, 31.618980407714844 ], [ 77.548286437988224, 31.629060745239371 ], [ 77.5548095703125, 31.635040283203125 ], [ 77.563529968261832, 31.639450073242244 ], [ 77.576705932617131, 31.639709472656364 ], [ 77.586135864257869, 31.640840530395565 ], [ 77.593528747558594, 31.643070220947379 ], [ 77.609321594238224, 31.652231216430664 ], [ 77.633277893066463, 31.664400100707951 ] ] ] } },
{ "type": "Feature", "properties": { "ID_0": 105, "ISO": "IND", "NAME_0": "India", "ID_1": 13, "NAME_1": "Himachal Pradesh", "ID_2": 193, "NAME_2": "Lahul & Spiti", "ID_3": 608, "NAME_3": "Kyelang", "CCN_3": 0, "CCA_3": null, "TYPE_3": "Taluk", "ENGTYPE_3": "Taluk", "NL_NAME_3": null, "VARNAME_3": "Lahul" }, "geometry": { "type": "Polygon", "coordinates": [ [ [ 76.848815917968864, 32.463191986084098 ], [ 76.842620849609375, 32.466541290283203 ], [ 76.839225769043026, 32.471569061279354 ], [ 76.837272644042969, 32.478321075439396 ], [ 76.840629577636832, 32.485031127929801 ], [ 76.846443176269531, 32.491539001464957 ], [ 76.848587036132869, 32.498249053955135 ], [ 76.853561401367244, 32.506240844726676 ], [ 76.859298706054801, 32.511810302734375 ], [ 76.863067626953182, 32.519081115722656 ], [ 76.866561889648551, 32.521942138671875 ], [ 76.857551574707088, 32.523731231689453 ], [ 76.855018615722656, 32.529201507568473 ], [ 76.856697082519531, 32.533512115478572 ], [ 76.849182128906307, 32.535362243652401 ], [ 76.84014892578125, 32.534149169921875 ], [ 76.832046508789176, 32.530899047851562 ], [ 76.822586059570312, 32.528308868408203 ], [ 76.813591003417969, 32.532821655273438 ], [ 76.811302185058594, 32.540401458740291 ], [ 76.805076599121151, 32.539600372314453 ], [ 76.798233032226619, 32.536930084228516 ], [ 76.792366027832145, 32.535598754882926 ], [ 76.785400390625, 32.536029815673885 ], [ 76.778907775878906, 32.539001464843807 ], [ 76.775695800781307, 32.54595947265625 ], [ 76.764869689941463, 32.55430984497076 ], [ 76.755729675293082, 32.552639007568416 ], [ 76.751029968261719, 32.549140930175895 ], [ 76.741127014160156, 32.560150146484432 ], [ 76.737007141113338, 32.559490203857479 ], [ 76.729957580566463, 32.559928894043026 ], [ 76.7230224609375, 32.562431335449276 ], [ 76.714927673339957, 32.556808471679631 ], [ 76.708168029785156, 32.553852081298771 ], [ 76.698326110839957, 32.539878845214844 ], [ 76.69061279296875, 32.545230865478629 ], [ 76.68424224853527, 32.548049926757812 ], [ 76.689979553222599, 32.556011199951172 ], [ 76.692436218261832, 32.563049316406364 ], [ 76.693367004394645, 32.571189880371151 ], [ 76.688888549804688, 32.574909210205135 ], [ 76.672882080078125, 32.572158813476619 ], [ 76.663719177246094, 32.571640014648551 ], [ 76.65228271484375, 32.573890686035213 ], [ 76.632843017578182, 32.581909179687557 ], [ 76.622383117675838, 32.577510833740234 ], [ 76.613311767578068, 32.575710296630916 ], [ 76.608650207519588, 32.580020904541016 ], [ 76.608192443847656, 32.587688446044979 ], [ 76.612266540527401, 32.599681854248047 ], [ 76.614852905273438, 32.604530334472656 ], [ 76.59934234619152, 32.606060028076286 ], [ 76.592216491699276, 32.607700347900391 ], [ 76.587806701660156, 32.611831665039119 ], [ 76.586662292480469, 32.618869781494254 ], [ 76.586898803710994, 32.627101898193359 ], [ 76.580032348632869, 32.632228851318473 ], [ 76.576911926269531, 32.643840789795036 ], [ 76.559013366699219, 32.650859832763729 ], [ 76.533370971679801, 32.659542083740234 ], [ 76.521926879882926, 32.657119750976676 ], [ 76.513603210449219, 32.659019470214957 ], [ 76.505386352539062, 32.667079925537166 ], [ 76.49997711181652, 32.668128967285213 ], [ 76.487342834472713, 32.666210174560547 ], [ 76.475471496582031, 32.663230895996037 ], [ 76.447586059570312, 32.653850555419922 ], [ 76.435028076171875, 32.656070709228629 ], [ 76.426040649414062, 32.660659790039119 ], [ 76.429359436035213, 32.675441741943416 ], [ 76.422836303710994, 32.67710113525402 ], [ 76.419136047363224, 32.679290771484375 ], [ 76.413810729980469, 32.68408203125 ], [ 76.409751892089957, 32.689270019531307 ], [ 76.41229248046875, 32.692630767822322 ], [ 76.414176940917912, 32.699939727783317 ], [ 76.412536621093807, 32.707160949707031 ], [ 76.408782958984489, 32.713378906250114 ], [ 76.401123046875057, 32.720489501953125 ], [ 76.386810302734432, 32.728511810302848 ], [ 76.386810302734432, 32.738632202148438 ], [ 76.368049621582031, 32.775520324707145 ], [ 76.370201110839901, 32.785171508789062 ], [ 76.368370056152457, 32.793159484863281 ], [ 76.358657836914176, 32.797630310058651 ], [ 76.358322143554688, 32.810741424560661 ], [ 76.360290527343807, 32.820510864257869 ], [ 76.365966796875, 32.822330474853572 ], [ 76.376213073730582, 32.823940277099609 ], [ 76.381896972656364, 32.829608917236442 ], [ 76.38803863525402, 32.837348937988395 ], [ 76.393356323242301, 32.842281341552734 ], [ 76.401206970214787, 32.846141815185604 ], [ 76.416328430175781, 32.851940155029411 ], [ 76.426841735839901, 32.854568481445312 ], [ 76.438552856445426, 32.852909088134879 ], [ 76.43994140625, 32.847171783447379 ], [ 76.447853088378963, 32.826610565185547 ], [ 76.454116821289119, 32.821788787841911 ], [ 76.453140258789062, 32.813442230224553 ], [ 76.456413269043026, 32.80625152587902 ], [ 76.496276855468807, 32.804180145263729 ], [ 76.510307312011662, 32.807819366455135 ], [ 76.519439697265739, 32.812629699707031 ], [ 76.529891967773494, 32.813991546630973 ], [ 76.537277221679744, 32.818370819091911 ], [ 76.545516967773494, 32.825199127197322 ], [ 76.558639526367244, 32.829509735107422 ], [ 76.574180603027457, 32.839199066162109 ], [ 76.586708068847713, 32.84978103637701 ], [ 76.595268249511776, 32.855339050292969 ], [ 76.600799560546932, 32.854278564453182 ], [ 76.605720520019531, 32.849449157714844 ], [ 76.612953186035156, 32.844539642333984 ], [ 76.622962951660213, 32.842971801757812 ], [ 76.630470275878849, 32.845230102539062 ], [ 76.639678955078125, 32.849948883056697 ], [ 76.646957397460994, 32.847511291503906 ], [ 76.653732299804801, 32.846969604492188 ], [ 76.661651611328182, 32.853000640869197 ], [ 76.667793273925838, 32.855369567871094 ], [ 76.6732177734375, 32.865581512451229 ], [ 76.679252624511832, 32.872371673583928 ], [ 76.680541992187557, 32.879440307617244 ], [ 76.684745788574276, 32.882621765136719 ], [ 76.700256347656364, 32.891490936279297 ], [ 76.700675964355469, 32.914798736572322 ], [ 76.701820373535156, 32.924018859863281 ], [ 76.727371215820256, 32.927219390869197 ], [ 76.745857238769645, 32.930961608886776 ], [ 76.748062133789119, 32.935081481933594 ], [ 76.750808715820426, 32.937622070312557 ], [ 76.756278991699276, 32.938919067382869 ], [ 76.759849548339844, 32.9468994140625 ], [ 76.773788452148494, 32.962081909179801 ], [ 76.768096923828182, 32.962829589843864 ], [ 76.762336730957031, 32.962459564208984 ], [ 76.762573242187557, 32.969249725341911 ], [ 76.759208679199332, 32.981880187988338 ], [ 76.762542724609432, 32.985340118408203 ], [ 76.769622802734432, 32.989559173584041 ], [ 76.768173217773551, 32.991508483886719 ], [ 76.762809753418082, 32.993850708007869 ], [ 76.756919860839957, 32.995170593261719 ], [ 76.756072998046932, 33.001800537109375 ], [ 76.75714111328125, 33.003601074218807 ], [ 76.755630493164062, 33.011081695556641 ], [ 76.758110046386719, 33.01593017578125 ], [ 76.751289367675838, 33.019031524658317 ], [ 76.745056152343864, 33.019458770751953 ], [ 76.739181518554801, 33.026760101318416 ], [ 76.740020751953125, 33.038082122802848 ], [ 76.736640930175838, 33.039890289306641 ], [ 76.737953186035213, 33.045700073242188 ], [ 76.728248596191463, 33.054580688476676 ], [ 76.726165771484489, 33.065151214599723 ], [ 76.719833374023494, 33.076400756835938 ], [ 76.718215942382756, 33.084030151367188 ], [ 76.719589233398438, 33.090820312500114 ], [ 76.718032836914062, 33.097930908203125 ], [ 76.720191955566463, 33.107540130615348 ], [ 76.723365783691349, 33.115901947021598 ], [ 76.723052978515682, 33.121871948242244 ], [ 76.727935791015568, 33.126659393310547 ], [ 76.729942321777401, 33.131462097168082 ], [ 76.731079101562557, 33.140998840332145 ], [ 76.730445861816406, 33.149681091308651 ], [ 76.726562500000114, 33.155441284179744 ], [ 76.728836059570426, 33.159599304199276 ], [ 76.729866027832031, 33.179431915283317 ], [ 76.730606079101506, 33.185279846191349 ], [ 76.734352111816463, 33.193119049072322 ], [ 76.742126464843807, 33.197490692138729 ], [ 76.745582580566463, 33.204349517822322 ], [ 76.750556945800838, 33.210128784179688 ], [ 76.756050109863338, 33.219821929931697 ], [ 76.759880065918026, 33.224670410156307 ], [ 76.762359619140682, 33.239540100097713 ], [ 76.757568359375, 33.243122100830192 ], [ 76.755203247070426, 33.247409820556641 ], [ 76.755340576171932, 33.249488830566463 ], [ 76.756881713867301, 33.250541687011719 ], [ 76.759971618652457, 33.25297927856451 ], [ 76.763557434082145, 33.254329681396541 ], [ 76.778266906738395, 33.255710601806754 ], [ 76.785438537597713, 33.25358963012701 ], [ 76.796936035156364, 33.2412109375 ], [ 76.802757263183594, 33.236660003662223 ], [ 76.806297302246207, 33.236228942871094 ], [ 76.808456420898438, 33.242321014404354 ], [ 76.809165954589957, 33.244300842285213 ], [ 76.81394195556652, 33.247440338134822 ], [ 76.817276000976619, 33.248500823974553 ], [ 76.821922302246207, 33.248352050781364 ], [ 76.82354736328125, 33.247859954834041 ], [ 76.827171325683594, 33.246749877929688 ], [ 76.828346252441463, 33.246398925781307 ], [ 76.828872680664062, 33.242549896240348 ], [ 76.823196411132869, 33.237380981445312 ], [ 76.817855834960994, 33.231140136718807 ], [ 76.81304931640625, 33.222721099853629 ], [ 76.811080932617301, 33.215461730957031 ], [ 76.817161560058707, 33.212230682373161 ], [ 76.818588256835938, 33.205570220947379 ], [ 76.803306579589844, 33.193851470947322 ], [ 76.806610107421932, 33.184730529785156 ], [ 76.805175781250114, 33.182258605957031 ], [ 76.800422668456974, 33.177799224853516 ], [ 76.798126220703068, 33.173301696777344 ], [ 76.799263000488395, 33.169460296630916 ], [ 76.802017211914119, 33.166030883789062 ], [ 76.801437377929688, 33.161540985107422 ], [ 76.803459167480582, 33.15568923950201 ], [ 76.809486389160213, 33.148551940918026 ], [ 76.814956665039062, 33.146171569824162 ], [ 76.817253112792969, 33.142002105712947 ], [ 76.822967529296875, 33.141288757324276 ], [ 76.829170227050895, 33.137722015380859 ], [ 76.828086853027344, 33.131679534912166 ], [ 76.837402343750114, 33.126388549804688 ], [ 76.834106445312557, 33.120559692382926 ], [ 76.839157104492188, 33.115299224853572 ], [ 76.844436645507926, 33.112300872802848 ], [ 76.852569580078182, 33.111549377441463 ], [ 76.860443115234489, 33.116378784179801 ], [ 76.86869049072277, 33.120220184326229 ], [ 76.877197265625057, 33.114238739013672 ], [ 76.87741851806652, 33.107219696044922 ], [ 76.884773254394531, 33.097438812255803 ], [ 76.894309997558594, 33.095138549804744 ], [ 76.894989013671989, 33.09141921997076 ], [ 76.890930175781307, 33.084598541259822 ], [ 76.890747070312557, 33.080760955810604 ], [ 76.896392822265625, 33.075809478759822 ], [ 76.896942138671875, 33.070991516113395 ], [ 76.900115966796989, 33.064140319824332 ], [ 76.910247802734489, 33.05020904541027 ], [ 76.913322448730582, 33.044208526611442 ], [ 76.914611816406364, 33.038822174072322 ], [ 76.917510986328239, 33.033679962158317 ], [ 76.924148559570426, 33.028968811035213 ], [ 76.932662963867188, 33.028450012207145 ], [ 76.948326110839901, 33.018489837646484 ], [ 76.956779479980582, 33.016738891601619 ], [ 76.962127685546989, 33.013931274414119 ], [ 76.963706970214844, 33.010040283203125 ], [ 76.966522216796989, 33.007209777832088 ], [ 76.980827331543082, 33.001461029052848 ], [ 76.986938476562614, 32.995922088623161 ], [ 76.991470336914119, 32.99285888671875 ], [ 76.994018554687443, 32.992290496826286 ], [ 76.998466491699219, 32.989570617675895 ], [ 77.011238098144531, 32.993240356445312 ], [ 77.019920349121207, 32.991748809814567 ], [ 77.024421691894588, 32.996959686279297 ], [ 77.035316467285213, 32.999679565429801 ], [ 77.052375793456974, 32.990890502929801 ], [ 77.058471679687614, 32.986080169677734 ], [ 77.065933227539062, 32.985530853271484 ], [ 77.071670532226562, 32.976230621337947 ], [ 77.074897766113281, 32.973350524902457 ], [ 77.084182739257926, 32.973670959472713 ], [ 77.097122192382869, 32.977581024169979 ], [ 77.103157043457031, 32.987201690673771 ], [ 77.112380981445369, 32.984130859375057 ], [ 77.120071411132926, 32.982711791992131 ], [ 77.127502441406364, 32.983840942382926 ], [ 77.136390686035213, 32.980461120605469 ], [ 77.135856628418026, 32.974449157714901 ], [ 77.134307861328182, 32.969490051269588 ], [ 77.135536193847599, 32.964679718017692 ], [ 77.135276794433651, 32.960941314697266 ], [ 77.136383056640682, 32.957771301269531 ], [ 77.146125793457088, 32.956390380859318 ], [ 77.146110534668026, 32.942771911621151 ], [ 77.148780822753963, 32.941379547119254 ], [ 77.148551940917969, 32.937911987304688 ], [ 77.14694976806652, 32.934379577636776 ], [ 77.150726318359432, 32.920230865478629 ], [ 77.146186828613395, 32.914020538330078 ], [ 77.157432556152457, 32.913238525390739 ], [ 77.160430908203182, 32.916080474853516 ], [ 77.161567687988338, 32.921119689941406 ], [ 77.163726806640739, 32.925109863281193 ], [ 77.166580200195426, 32.928050994873161 ], [ 77.173858642578239, 32.931129455566463 ], [ 77.181800842285213, 32.915451049804688 ], [ 77.188957214355469, 32.910060882568416 ], [ 77.204536437988395, 32.906372070312614 ], [ 77.217987060546875, 32.897312164306754 ], [ 77.228256225585938, 32.89556884765625 ], [ 77.229301452636776, 32.886798858642635 ], [ 77.227462768554801, 32.883930206298885 ], [ 77.224082946777344, 32.882701873779297 ], [ 77.224822998046875, 32.880020141601619 ], [ 77.227828979492301, 32.876972198486328 ], [ 77.23626708984375, 32.872299194335938 ], [ 77.238029479980469, 32.869010925293082 ], [ 77.238876342773551, 32.865161895751953 ], [ 77.247581481933651, 32.864929199218807 ], [ 77.258316040039176, 32.876361846923942 ], [ 77.270095825195369, 32.866401672363281 ], [ 77.274337768554801, 32.859760284423942 ], [ 77.281280517578125, 32.855651855468864 ], [ 77.288742065429688, 32.852619171142635 ], [ 77.297958374023494, 32.854011535644531 ], [ 77.305160522460938, 32.854049682617244 ], [ 77.312500000000114, 32.846309661865234 ], [ 77.310867309570312, 32.837669372558651 ], [ 77.316513061523551, 32.829750061035099 ], [ 77.320655822753963, 32.828102111816463 ], [ 77.321617126464901, 32.822391510009879 ], [ 77.327896118164119, 32.819881439209098 ], [ 77.335960388183707, 32.81890869140625 ], [ 77.340461730957088, 32.820541381836051 ], [ 77.348396301269474, 32.821201324463004 ], [ 77.356475830078125, 32.825271606445369 ], [ 77.359550476074276, 32.838161468505916 ], [ 77.361846923828182, 32.842609405517692 ], [ 77.362670898437614, 32.846599578857536 ], [ 77.359809875488395, 32.851619720458984 ], [ 77.358718872070312, 32.856399536132926 ], [ 77.35968017578125, 32.859580993652401 ], [ 77.363067626953239, 32.863529205322322 ], [ 77.371246337890739, 32.867420196533146 ], [ 77.379386901855526, 32.880828857421989 ], [ 77.387466430664176, 32.885520935058651 ], [ 77.395416259765682, 32.887329101562614 ], [ 77.397331237793026, 32.886989593505916 ], [ 77.399177551269531, 32.883930206298885 ], [ 77.403121948242301, 32.881450653076229 ], [ 77.410133361816463, 32.878219604492188 ], [ 77.417747497558651, 32.87921142578125 ], [ 77.425720214843807, 32.883670806884766 ], [ 77.431221008300781, 32.875820159912109 ], [ 77.432243347168026, 32.870449066162223 ], [ 77.436172485351562, 32.865890502929744 ], [ 77.448348999023381, 32.861679077148494 ], [ 77.455223083496094, 32.861740112304801 ], [ 77.473182678222656, 32.878791809082031 ], [ 77.484550476074332, 32.886539459228516 ], [ 77.494346618652344, 32.881511688232536 ], [ 77.506233215332088, 32.883071899414119 ], [ 77.511291503906193, 32.885429382324332 ], [ 77.519561767578182, 32.88737869262701 ], [ 77.523200988769588, 32.889781951904297 ], [ 77.527000427246151, 32.892280578613395 ], [ 77.535316467285099, 32.902290344238281 ], [ 77.544715881347656, 32.911731719970703 ], [ 77.549491882324219, 32.913360595703182 ], [ 77.553848266601562, 32.913108825683594 ], [ 77.569648742675724, 32.921661376953239 ], [ 77.579666137695369, 32.931678771972713 ], [ 77.580963134765625, 32.934501647949219 ], [ 77.581527709960938, 32.939231872558537 ], [ 77.583923339843864, 32.943801879882756 ], [ 77.586372375488338, 32.939899444580021 ], [ 77.588417053222713, 32.936660766601619 ], [ 77.591186523437614, 32.931240081787166 ], [ 77.590072631835938, 32.916759490966911 ], [ 77.595092773437557, 32.910831451416072 ], [ 77.595703125000057, 32.90623855590826 ], [ 77.592819213867244, 32.902019500732479 ], [ 77.591873168945369, 32.896770477295036 ], [ 77.593261718750114, 32.886550903320426 ], [ 77.594810485839957, 32.881698608398494 ], [ 77.599922180175895, 32.876689910888729 ], [ 77.603958129882926, 32.863109588623104 ], [ 77.610610961914176, 32.858058929443473 ], [ 77.614776611328182, 32.843681335449219 ], [ 77.617828369140682, 32.840591430664176 ], [ 77.618789672851619, 32.837329864501953 ], [ 77.614471435546818, 32.829380035400447 ], [ 77.613708496093693, 32.820060729980469 ], [ 77.607772827148551, 32.805198669433594 ], [ 77.614982604980526, 32.789230346679744 ], [ 77.599845886230469, 32.763530731201172 ], [ 77.59726715087902, 32.761428833007926 ], [ 77.592651367187557, 32.763221740722656 ], [ 77.579627990722656, 32.773551940918026 ], [ 77.564826965332145, 32.773139953613281 ], [ 77.561920166015682, 32.77133941650402 ], [ 77.558700561523494, 32.76676177978527 ], [ 77.55120849609375, 32.759281158447266 ], [ 77.546463012695369, 32.758548736572266 ], [ 77.542182922363224, 32.762142181396484 ], [ 77.533126831054744, 32.764430999755859 ], [ 77.531852722168082, 32.762760162353516 ], [ 77.53192138671875, 32.753890991210938 ], [ 77.533737182617301, 32.750099182128963 ], [ 77.541267395019531, 32.743999481201286 ], [ 77.550956726074162, 32.733180999755859 ], [ 77.555038452148494, 32.730960845947322 ], [ 77.559593200683594, 32.73014068603527 ], [ 77.569419860839957, 32.730400085449219 ], [ 77.576957702636719, 32.732139587402344 ], [ 77.581993103027457, 32.726200103759822 ], [ 77.583732604980582, 32.721710205078182 ], [ 77.586921691894588, 32.717540740966797 ], [ 77.58695220947277, 32.704349517822266 ], [ 77.582733154296932, 32.692562103271484 ], [ 77.572998046875057, 32.685249328613338 ], [ 77.572135925292912, 32.681598663330192 ], [ 77.573753356933651, 32.679260253906193 ], [ 77.578216552734489, 32.676540374755859 ], [ 77.581321716308594, 32.673049926757869 ], [ 77.583419799804688, 32.665279388427734 ], [ 77.585906982421875, 32.661041259765682 ], [ 77.601036071777401, 32.659358978271484 ], [ 77.604606628417969, 32.652591705322379 ], [ 77.627098083496094, 32.630512237548942 ], [ 77.626663208007926, 32.626918792724609 ], [ 77.625473022460994, 32.6251220703125 ], [ 77.619743347168026, 32.623600006103629 ], [ 77.618377685546932, 32.617691040039062 ], [ 77.622642517089957, 32.616931915283317 ], [ 77.624198913574162, 32.612781524658146 ], [ 77.624603271484375, 32.604801177978516 ], [ 77.630867004394645, 32.597770690918082 ], [ 77.630783081054744, 32.594348907470703 ], [ 77.621978759765625, 32.590080261230526 ], [ 77.617973327636719, 32.582859039306641 ], [ 77.606887817382812, 32.578971862792969 ], [ 77.600677490234432, 32.577850341796875 ], [ 77.584388732910156, 32.577442169189567 ], [ 77.583221435546875, 32.569850921630973 ], [ 77.585128784179688, 32.566390991210938 ], [ 77.58245849609375, 32.562599182128963 ], [ 77.582252502441406, 32.557609558105469 ], [ 77.584136962890739, 32.553112030029297 ], [ 77.582771301269645, 32.543128967285156 ], [ 77.5849609375, 32.531261444091854 ], [ 77.589302062988224, 32.526439666748047 ], [ 77.594589233398551, 32.523761749267578 ], [ 77.599411010742131, 32.522129058838004 ], [ 77.608596801757812, 32.521701812744197 ], [ 77.608856201171932, 32.51787185668951 ], [ 77.611282348632812, 32.514701843261719 ], [ 77.618949890136776, 32.512519836425895 ], [ 77.62042236328125, 32.509922027588004 ], [ 77.61960601806652, 32.506839752197322 ], [ 77.615821838378906, 32.506099700927791 ], [ 77.617568969726562, 32.49956130981451 ], [ 77.616752624511832, 32.49478912353527 ], [ 77.621437072753963, 32.481121063232536 ], [ 77.622169494628906, 32.475139617919922 ], [ 77.628181457519645, 32.465888977050781 ], [ 77.625778198242188, 32.450340270996207 ], [ 77.623939514160213, 32.447689056396541 ], [ 77.620681762695369, 32.44524002075201 ], [ 77.620529174804801, 32.441280364990348 ], [ 77.621536254882756, 32.437030792236385 ], [ 77.618827819824332, 32.4298095703125 ], [ 77.619003295898551, 32.42631912231451 ], [ 77.617698669433707, 32.421890258789119 ], [ 77.615676879882812, 32.417911529541016 ], [ 77.614028930664119, 32.411621093750114 ], [ 77.606910705566406, 32.400699615478516 ], [ 77.611160278320369, 32.397579193115348 ], [ 77.629615783691463, 32.395259857177791 ], [ 77.632522583007869, 32.392490386962834 ], [ 77.639999389648551, 32.377811431884766 ], [ 77.645820617675781, 32.37749099731451 ], [ 77.655342102050781, 32.374988555908203 ], [ 77.667808532714901, 32.377979278564567 ], [ 77.674156188964957, 32.377361297607536 ], [ 77.689132690429744, 32.368019104003906 ], [ 77.693778991699332, 32.362209320068359 ], [ 77.698097229003963, 32.358268737792969 ], [ 77.702697753906307, 32.355609893798885 ], [ 77.713447570800895, 32.353389739990178 ], [ 77.717910766601562, 32.351669311523494 ], [ 77.719177246093864, 32.348529815673885 ], [ 77.718826293945312, 32.344841003418082 ], [ 77.720367431640625, 32.341758728027401 ], [ 77.724411010742244, 32.337219238281364 ], [ 77.728256225585994, 32.333789825439453 ], [ 77.732650756835994, 32.331359863281193 ], [ 77.745597839355526, 32.325740814208984 ], [ 77.745246887207088, 32.323749542236385 ], [ 77.740440368652401, 32.322319030761776 ], [ 77.739692687988338, 32.319519042968864 ], [ 77.740867614746151, 32.307830810546932 ], [ 77.734420776367301, 32.300449371337947 ], [ 77.729072570800895, 32.298969268798942 ], [ 77.72428131103527, 32.299140930175781 ], [ 77.718742370605526, 32.298358917236385 ], [ 77.716552734375, 32.291469573974666 ], [ 77.716941833496094, 32.288188934326172 ], [ 77.714706420898494, 32.285160064697266 ], [ 77.710578918457145, 32.284328460693473 ], [ 77.707527160644645, 32.281391143798885 ], [ 77.703330993652457, 32.279170989990348 ], [ 77.70121002197277, 32.272098541259879 ], [ 77.696067810058707, 32.271438598632926 ], [ 77.693069458007812, 32.260890960693359 ], [ 77.689758300781364, 32.258071899414176 ], [ 77.687843322753963, 32.253051757812557 ], [ 77.68979644775402, 32.232109069824276 ], [ 77.688720703125, 32.226509094238281 ], [ 77.683296203613395, 32.225738525390625 ], [ 77.682228088378906, 32.223579406738395 ], [ 77.683021545410213, 32.220722198486385 ], [ 77.691963195800781, 32.208000183105469 ], [ 77.696556091308594, 32.209529876709098 ], [ 77.702827453613281, 32.209579467773494 ], [ 77.707572937011719, 32.208591461181754 ], [ 77.714286804199219, 32.204040527343807 ], [ 77.720230102539119, 32.204040527343807 ], [ 77.724212646484375, 32.202339172363338 ], [ 77.731300354003963, 32.197719573974723 ], [ 77.750137329101562, 32.196891784667912 ], [ 77.765769958496094, 32.193141937255973 ], [ 77.781227111816406, 32.193370819091797 ], [ 77.785057067871094, 32.190269470214844 ], [ 77.788909912109432, 32.189041137695426 ], [ 77.799072265625114, 32.183620452880973 ], [ 77.792449951171875, 32.180931091308594 ], [ 77.790740966796875, 32.177001953125114 ], [ 77.787811279296989, 32.167289733886832 ], [ 77.788589477539176, 32.158931732177791 ], [ 77.786437988281307, 32.152252197265568 ], [ 77.78179931640625, 32.148052215576229 ], [ 77.764068603515625, 32.138160705566406 ], [ 77.760246276855469, 32.132469177246094 ], [ 77.755989074707145, 32.128849029541129 ], [ 77.753402709960994, 32.123920440673942 ], [ 77.757766723632812, 32.120029449462947 ], [ 77.760215759277344, 32.115100860595817 ], [ 77.757278442382926, 32.103851318359375 ], [ 77.758605957031307, 32.099948883056641 ], [ 77.756187438964787, 32.097042083740178 ], [ 77.752929687500114, 32.095211029052791 ], [ 77.741378784179688, 32.094058990478572 ], [ 77.731330871582088, 32.091949462890739 ], [ 77.728317260742301, 32.095199584961051 ], [ 77.718307495117244, 32.095779418945426 ], [ 77.704231262207088, 32.097789764404411 ], [ 77.696792602539119, 32.10076904296875 ], [ 77.685066223144531, 32.108650207519588 ], [ 77.671646118164176, 32.109260559082088 ], [ 77.66709136962902, 32.112258911132812 ], [ 77.660110473632812, 32.121330261230582 ], [ 77.657478332519588, 32.123111724853629 ], [ 77.654121398925895, 32.124179840087891 ], [ 77.652175903320369, 32.12931060791027 ], [ 77.646156311035156, 32.132110595703182 ], [ 77.64322662353527, 32.138961791992188 ], [ 77.642822265625057, 32.143939971923942 ], [ 77.637031555175781, 32.147941589355526 ], [ 77.635696411132812, 32.151180267334098 ], [ 77.623016357421989, 32.157371520996207 ], [ 77.616676330566463, 32.157829284667969 ], [ 77.610702514648438, 32.165500640869254 ], [ 77.602516174316406, 32.16519927978527 ], [ 77.596862792968807, 32.167388916015625 ], [ 77.586891174316463, 32.173789978027457 ], [ 77.577537536621094, 32.181221008300895 ], [ 77.569892883300781, 32.182880401611328 ], [ 77.568885803222599, 32.185939788818359 ], [ 77.565193176269588, 32.190090179443473 ], [ 77.556686401367131, 32.191970825195312 ], [ 77.550071716308594, 32.199359893798885 ], [ 77.548271179199332, 32.204608917236271 ], [ 77.547821044921932, 32.212459564208984 ], [ 77.528976440429801, 32.226001739501953 ], [ 77.524063110351506, 32.221359252929688 ], [ 77.516746520996151, 32.216789245605469 ], [ 77.518379211425781, 32.209049224853516 ], [ 77.515731811523438, 32.203380584716854 ], [ 77.50858306884777, 32.203140258789176 ], [ 77.498107910156364, 32.205081939697322 ], [ 77.496147155761776, 32.209579467773494 ], [ 77.493263244628963, 32.213439941406364 ], [ 77.487579345703239, 32.218582153320426 ], [ 77.483833312988281, 32.224338531494197 ], [ 77.472396850585938, 32.228530883789176 ], [ 77.464225769042969, 32.228908538818416 ], [ 77.457481384277457, 32.231201171875114 ], [ 77.452346801757756, 32.227840423584098 ], [ 77.450828552246037, 32.224311828613395 ], [ 77.448348999023381, 32.214950561523551 ], [ 77.447875976562557, 32.210090637207031 ], [ 77.448631286621151, 32.205810546875114 ], [ 77.446678161621094, 32.202060699462947 ], [ 77.441535949707031, 32.199619293213004 ], [ 77.429168701171932, 32.197620391845703 ], [ 77.417922973632869, 32.198211669921989 ], [ 77.41217041015625, 32.197109222412166 ], [ 77.406501770019588, 32.197658538818416 ], [ 77.403526306152287, 32.199790954589844 ], [ 77.400756835937557, 32.208271026611328 ], [ 77.379081726074332, 32.221790313720703 ], [ 77.372810363769474, 32.219161987304801 ], [ 77.367736816406307, 32.22013092041027 ], [ 77.358482360839957, 32.225238800048828 ], [ 77.353675842285213, 32.225749969482536 ], [ 77.341056823730526, 32.235649108886719 ], [ 77.330429077148551, 32.252769470214787 ], [ 77.328620910644531, 32.256809234619197 ], [ 77.333000183105469, 32.261280059814453 ], [ 77.332191467285099, 32.265609741210938 ], [ 77.334136962890625, 32.270191192627067 ], [ 77.330841064453239, 32.275901794433594 ], [ 77.330429077148551, 32.281841278076286 ], [ 77.331092834472656, 32.286880493164176 ], [ 77.329200744628906, 32.290809631347713 ], [ 77.325866699218864, 32.293628692627067 ], [ 77.319488525390682, 32.311401367187557 ], [ 77.314369201660213, 32.310119628906307 ], [ 77.312789916992188, 32.312950134277401 ], [ 77.313888549804688, 32.317531585693303 ], [ 77.309822082519645, 32.32444000244152 ], [ 77.305831909179801, 32.328239440918026 ], [ 77.295005798339844, 32.333759307861328 ], [ 77.291770935058594, 32.338890075683651 ], [ 77.281433105468864, 32.338680267334098 ], [ 77.27044677734375, 32.347141265869141 ], [ 77.267089843750114, 32.347301483154297 ], [ 77.265357971191463, 32.353939056396598 ], [ 77.260276794433537, 32.361209869384709 ], [ 77.247581481933651, 32.366119384765625 ], [ 77.239112854003849, 32.373489379882926 ], [ 77.229560852050895, 32.379058837890625 ], [ 77.22513580322277, 32.380321502685547 ], [ 77.220420837402287, 32.379661560058594 ], [ 77.212646484375, 32.377090454101676 ], [ 77.200447082519531, 32.385429382324276 ], [ 77.187156677246151, 32.392082214355526 ], [ 77.183906555175838, 32.395179748535213 ], [ 77.17962646484375, 32.403949737548828 ], [ 77.164062500000057, 32.407009124755859 ], [ 77.140487670898551, 32.416591644287166 ], [ 77.134185791015739, 32.418529510498104 ], [ 77.118057250976562, 32.411128997802848 ], [ 77.09928131103527, 32.405368804931697 ], [ 77.093276977539119, 32.401779174804688 ], [ 77.078361511230469, 32.400711059570369 ], [ 77.058135986328125, 32.399398803711051 ], [ 77.062149047851562, 32.402980804443303 ], [ 77.064201354980412, 32.411571502685547 ], [ 77.063896179199276, 32.414920806884822 ], [ 77.061927795410156, 32.419731140136719 ], [ 77.052436828613281, 32.419391632080078 ], [ 77.050926208496151, 32.424560546875057 ], [ 77.048530578613395, 32.427501678466854 ], [ 77.042182922363338, 32.431541442871094 ], [ 77.03000640869152, 32.426509857177791 ], [ 77.015830993652401, 32.422481536865234 ], [ 76.997657775878906, 32.418399810791129 ], [ 76.986381530761662, 32.41392898559576 ], [ 76.979202270507812, 32.412609100341854 ], [ 76.974533081054801, 32.413940429687443 ], [ 76.964897155761719, 32.407299041748104 ], [ 76.954467773437557, 32.408390045166072 ], [ 76.945472717285213, 32.405601501464844 ], [ 76.93609619140625, 32.405460357665959 ], [ 76.935188293457088, 32.411819458007926 ], [ 76.937171936035099, 32.426921844482479 ], [ 76.932060241699219, 32.427379608154411 ], [ 76.926567077636776, 32.42533111572277 ], [ 76.920089721679744, 32.421661376953182 ], [ 76.9095458984375, 32.417789459228572 ], [ 76.902671813964844, 32.418880462646541 ], [ 76.895668029785213, 32.422039031982536 ], [ 76.901145935058594, 32.430820465087834 ], [ 76.90128326416027, 32.437870025634879 ], [ 76.893066406250114, 32.443820953369141 ], [ 76.883926391601676, 32.444358825683651 ], [ 76.874946594238395, 32.44092941284174 ], [ 76.878967285156364, 32.448982238769645 ], [ 76.883506774902401, 32.455600738525504 ], [ 76.891380310058707, 32.462322235107422 ], [ 76.892257690429744, 32.469310760498161 ], [ 76.884757995605469, 32.472309112548885 ], [ 76.877090454101506, 32.471519470214957 ], [ 76.865615844726676, 32.469169616699276 ], [ 76.848815917968864, 32.463191986084098 ] ] ] } },
{ "type": "Feature", "properties": { "ID_0": 105, "ISO": "IND", "NAME_0": "India", "ID_1": 13, "NAME_1": "Himachal Pradesh", "ID_2": 193, "NAME_2": "Lahul & Spiti", "ID_3": 609, "NAME_3": "Spiti", "CCN_3": 0, "CCA_3": null, "TYPE_3": "Taluk", "ENGTYPE_3": "Taluk", "NL_NAME_3": null, "VARNAME_3": null }, "geometry": { "type": "Polygon", "coordinates": [ [ [ 78.060348510742244, 31.788040161132869 ], [ 78.042251586914176, 31.787700653076172 ], [ 78.038978576660213, 31.78457069396967 ], [ 78.036468505859432, 31.780279159545842 ], [ 78.030921936035213, 31.776939392089844 ], [ 78.017387390136776, 31.765161514282227 ], [ 78.010200500488395, 31.764469146728572 ], [ 78.004356384277344, 31.770320892333984 ], [ 77.998123168945369, 31.774700164794865 ], [ 77.994148254394588, 31.779689788818359 ], [ 77.988418579101619, 31.779108047485408 ], [ 77.984123229980412, 31.779560089111385 ], [ 77.976081848144645, 31.780490875244197 ], [ 77.966461181640682, 31.783750534057617 ], [ 77.961662292480469, 31.78174972534174 ], [ 77.957466125488281, 31.783739089965877 ], [ 77.949569702148551, 31.784149169921875 ], [ 77.943771362304744, 31.785970687866325 ], [ 77.93833160400402, 31.788730621337947 ], [ 77.929656982421932, 31.788850784301815 ], [ 77.929733276367301, 31.782360076904297 ], [ 77.9263916015625, 31.762500762939453 ], [ 77.920188903808707, 31.760299682617131 ], [ 77.920867919921932, 31.752859115600586 ], [ 77.914810180664119, 31.750989913940487 ], [ 77.905372619628906, 31.752220153808651 ], [ 77.898689270019531, 31.756940841674862 ], [ 77.89023590087902, 31.755580902099723 ], [ 77.8834228515625, 31.757101058960018 ], [ 77.881858825683707, 31.763330459594783 ], [ 77.868682861328239, 31.773870468139705 ], [ 77.860450744628963, 31.777210235595703 ], [ 77.856010437011719, 31.784229278564396 ], [ 77.85101318359375, 31.787370681762809 ], [ 77.84787750244152, 31.794298171997013 ], [ 77.839248657226619, 31.800451278686637 ], [ 77.832466125488395, 31.809719085693416 ], [ 77.831192016601562, 31.821821212768668 ], [ 77.831626892089901, 31.828840255737362 ], [ 77.83377838134777, 31.833459854125977 ], [ 77.828475952148381, 31.840812683105469 ], [ 77.823303222656364, 31.852581024169922 ], [ 77.824928283691463, 31.859300613403434 ], [ 77.834121704101619, 31.874750137329215 ], [ 77.848281860351676, 31.88241004943842 ], [ 77.852996826171932, 31.886611938476562 ], [ 77.843406677246094, 31.887910842895621 ], [ 77.832221984863338, 31.892959594726619 ], [ 77.815078735351676, 31.899181365966854 ], [ 77.802497863769645, 31.897672653198299 ], [ 77.790779113769531, 31.899499893188533 ], [ 77.776847839355469, 31.909458160400447 ], [ 77.767890930175781, 31.919019699096737 ], [ 77.765068054199276, 31.929630279541016 ], [ 77.757339477539006, 31.938449859619197 ], [ 77.753585815429688, 31.946960449218807 ], [ 77.758819580078239, 31.956001281738281 ], [ 77.766990661621151, 31.964349746704158 ], [ 77.76593017578125, 31.970600128173828 ], [ 77.770706176757812, 31.97503852844244 ], [ 77.778732299804688, 31.978660583496207 ], [ 77.785438537597656, 31.985120773315373 ], [ 77.784881591796932, 31.989561080932617 ], [ 77.775543212890682, 31.995719909667969 ], [ 77.769218444824219, 32.004299163818473 ], [ 77.759613037109489, 32.011230468750057 ], [ 77.774688720703068, 32.020099639892635 ], [ 77.7755126953125, 32.022029876709098 ], [ 77.762657165527457, 32.037422180175895 ], [ 77.758346557617188, 32.037410736084041 ], [ 77.751312255859432, 32.040821075439453 ], [ 77.747833251953125, 32.044441223144645 ], [ 77.749412536621151, 32.050559997558707 ], [ 77.749687194824332, 32.055648803710994 ], [ 77.747016906738395, 32.05973052978527 ], [ 77.74176025390625, 32.064350128173885 ], [ 77.738372802734432, 32.074539184570369 ], [ 77.731506347656307, 32.078311920166129 ], [ 77.729667663574332, 32.081169128417969 ], [ 77.728317260742301, 32.095199584961051 ], [ 77.731330871582088, 32.091949462890739 ], [ 77.741378784179688, 32.094058990478572 ], [ 77.752929687500114, 32.095211029052791 ], [ 77.756187438964787, 32.097042083740178 ], [ 77.758605957031307, 32.099948883056641 ], [ 77.757278442382926, 32.103851318359375 ], [ 77.760215759277344, 32.115100860595817 ], [ 77.757766723632812, 32.120029449462947 ], [ 77.753402709960994, 32.123920440673942 ], [ 77.755989074707145, 32.128849029541129 ], [ 77.760246276855469, 32.132469177246094 ], [ 77.764068603515625, 32.138160705566406 ], [ 77.78179931640625, 32.148052215576229 ], [ 77.786437988281307, 32.152252197265568 ], [ 77.788589477539176, 32.158931732177791 ], [ 77.787811279296989, 32.167289733886832 ], [ 77.790740966796875, 32.177001953125114 ], [ 77.792449951171875, 32.180931091308594 ], [ 77.799072265625114, 32.183620452880973 ], [ 77.788909912109432, 32.189041137695426 ], [ 77.785057067871094, 32.190269470214844 ], [ 77.781227111816406, 32.193370819091797 ], [ 77.765769958496094, 32.193141937255973 ], [ 77.750137329101562, 32.196891784667912 ], [ 77.731300354003963, 32.197719573974723 ], [ 77.724212646484375, 32.202339172363338 ], [ 77.720230102539119, 32.204040527343807 ], [ 77.714286804199219, 32.204040527343807 ], [ 77.707572937011719, 32.208591461181754 ], [ 77.702827453613281, 32.209579467773494 ], [ 77.696556091308594, 32.209529876709098 ], [ 77.691963195800781, 32.208000183105469 ], [ 77.683021545410213, 32.220722198486385 ], [ 77.682228088378906, 32.223579406738395 ], [ 77.683296203613395, 32.225738525390625 ], [ 77.688720703125, 32.226509094238281 ], [ 77.68979644775402, 32.232109069824276 ], [ 77.687843322753963, 32.253051757812557 ], [ 77.689758300781364, 32.258071899414176 ], [ 77.693069458007812, 32.260890960693359 ], [ 77.696067810058707, 32.271438598632926 ], [ 77.70121002197277, 32.272098541259879 ], [ 77.703330993652457, 32.279170989990348 ], [ 77.707527160644645, 32.281391143798885 ], [ 77.710578918457145, 32.284328460693473 ], [ 77.714706420898494, 32.285160064697266 ], [ 77.716941833496094, 32.288188934326172 ], [ 77.716552734375, 32.291469573974666 ], [ 77.718742370605526, 32.298358917236385 ], [ 77.72428131103527, 32.299140930175781 ], [ 77.729072570800895, 32.298969268798942 ], [ 77.734420776367301, 32.300449371337947 ], [ 77.740867614746151, 32.307830810546932 ], [ 77.739692687988338, 32.319519042968864 ], [ 77.740440368652401, 32.322319030761776 ], [ 77.745246887207088, 32.323749542236385 ], [ 77.745597839355526, 32.325740814208984 ], [ 77.732650756835994, 32.331359863281193 ], [ 77.728256225585994, 32.333789825439453 ], [ 77.724411010742244, 32.337219238281364 ], [ 77.720367431640625, 32.341758728027401 ], [ 77.718826293945312, 32.344841003418082 ], [ 77.719177246093864, 32.348529815673885 ], [ 77.717910766601562, 32.351669311523494 ], [ 77.713447570800895, 32.353389739990178 ], [ 77.702697753906307, 32.355609893798885 ], [ 77.698097229003963, 32.358268737792969 ], [ 77.693778991699332, 32.362209320068359 ], [ 77.689132690429744, 32.368019104003906 ], [ 77.674156188964957, 32.377361297607536 ], [ 77.667808532714901, 32.377979278564567 ], [ 77.655342102050781, 32.374988555908203 ], [ 77.645820617675781, 32.37749099731451 ], [ 77.639999389648551, 32.377811431884766 ], [ 77.632522583007869, 32.392490386962834 ], [ 77.629615783691463, 32.395259857177791 ], [ 77.611160278320369, 32.397579193115348 ], [ 77.606910705566406, 32.400699615478516 ], [ 77.614028930664119, 32.411621093750114 ], [ 77.615676879882812, 32.417911529541016 ], [ 77.617698669433707, 32.421890258789119 ], [ 77.619003295898551, 32.42631912231451 ], [ 77.618827819824332, 32.4298095703125 ], [ 77.621536254882756, 32.437030792236385 ], [ 77.620529174804801, 32.441280364990348 ], [ 77.620681762695369, 32.44524002075201 ], [ 77.623939514160213, 32.447689056396541 ], [ 77.625778198242188, 32.450340270996207 ], [ 77.628181457519645, 32.465888977050781 ], [ 77.622169494628906, 32.475139617919922 ], [ 77.621437072753963, 32.481121063232536 ], [ 77.616752624511832, 32.49478912353527 ], [ 77.617568969726562, 32.49956130981451 ], [ 77.615821838378906, 32.506099700927791 ], [ 77.61960601806652, 32.506839752197322 ], [ 77.62042236328125, 32.509922027588004 ], [ 77.618949890136776, 32.512519836425895 ], [ 77.611282348632812, 32.514701843261719 ], [ 77.608856201171932, 32.51787185668951 ], [ 77.608596801757812, 32.521701812744197 ], [ 77.599411010742131, 32.522129058838004 ], [ 77.594589233398551, 32.523761749267578 ], [ 77.589302062988224, 32.526439666748047 ], [ 77.5849609375, 32.531261444091854 ], [ 77.582771301269645, 32.543128967285156 ], [ 77.584136962890739, 32.553112030029297 ], [ 77.582252502441406, 32.557609558105469 ], [ 77.58245849609375, 32.562599182128963 ], [ 77.585128784179688, 32.566390991210938 ], [ 77.583221435546875, 32.569850921630973 ], [ 77.584388732910156, 32.577442169189567 ], [ 77.600677490234432, 32.577850341796875 ], [ 77.606887817382812, 32.578971862792969 ], [ 77.617973327636719, 32.582859039306641 ], [ 77.621978759765625, 32.590080261230526 ], [ 77.630783081054744, 32.594348907470703 ], [ 77.630867004394645, 32.597770690918082 ], [ 77.624603271484375, 32.604801177978516 ], [ 77.624198913574162, 32.612781524658146 ], [ 77.622642517089957, 32.616931915283317 ], [ 77.618377685546932, 32.617691040039062 ], [ 77.619743347168026, 32.623600006103629 ], [ 77.625473022460994, 32.6251220703125 ], [ 77.626663208007926, 32.626918792724609 ], [ 77.627098083496094, 32.630512237548942 ], [ 77.604606628417969, 32.652591705322379 ], [ 77.601036071777401, 32.659358978271484 ], [ 77.585906982421875, 32.661041259765682 ], [ 77.583419799804688, 32.665279388427734 ], [ 77.581321716308594, 32.673049926757869 ], [ 77.578216552734489, 32.676540374755859 ], [ 77.573753356933651, 32.679260253906193 ], [ 77.572135925292912, 32.681598663330192 ], [ 77.572998046875057, 32.685249328613338 ], [ 77.582733154296932, 32.692562103271484 ], [ 77.58695220947277, 32.704349517822266 ], [ 77.586921691894588, 32.717540740966797 ], [ 77.583732604980582, 32.721710205078182 ], [ 77.581993103027457, 32.726200103759822 ], [ 77.576957702636719, 32.732139587402344 ], [ 77.569419860839957, 32.730400085449219 ], [ 77.559593200683594, 32.73014068603527 ], [ 77.555038452148494, 32.730960845947322 ], [ 77.550956726074162, 32.733180999755859 ], [ 77.541267395019531, 32.743999481201286 ], [ 77.533737182617301, 32.750099182128963 ], [ 77.53192138671875, 32.753890991210938 ], [ 77.531852722168082, 32.762760162353516 ], [ 77.533126831054744, 32.764430999755859 ], [ 77.542182922363224, 32.762142181396484 ], [ 77.546463012695369, 32.758548736572266 ], [ 77.55120849609375, 32.759281158447266 ], [ 77.558700561523494, 32.76676177978527 ], [ 77.561920166015682, 32.77133941650402 ], [ 77.564826965332145, 32.773139953613281 ], [ 77.579627990722656, 32.773551940918026 ], [ 77.592651367187557, 32.763221740722656 ], [ 77.59726715087902, 32.761428833007926 ], [ 77.599845886230469, 32.763530731201172 ], [ 77.614982604980526, 32.789230346679744 ], [ 77.607772827148551, 32.805198669433594 ], [ 77.613708496093693, 32.820060729980469 ], [ 77.614471435546818, 32.829380035400447 ], [ 77.618789672851619, 32.837329864501953 ], [ 77.617828369140682, 32.840591430664176 ], [ 77.614776611328182, 32.843681335449219 ], [ 77.610610961914176, 32.858058929443473 ], [ 77.603958129882926, 32.863109588623104 ], [ 77.599922180175895, 32.876689910888729 ], [ 77.594810485839957, 32.881698608398494 ], [ 77.593261718750114, 32.886550903320426 ], [ 77.591873168945369, 32.896770477295036 ], [ 77.592819213867244, 32.902019500732479 ], [ 77.595703125000057, 32.90623855590826 ], [ 77.595092773437557, 32.910831451416072 ], [ 77.590072631835938, 32.916759490966911 ], [ 77.591186523437614, 32.931240081787166 ], [ 77.588417053222713, 32.936660766601619 ], [ 77.586372375488338, 32.939899444580021 ], [ 77.593437194824332, 32.941539764404354 ], [ 77.606147766113281, 32.942409515380859 ], [ 77.610710144042969, 32.94231033325201 ], [ 77.612960815429688, 32.941410064697379 ], [ 77.617256164550838, 32.944000244140568 ], [ 77.623367309570369, 32.944541931152457 ], [ 77.638496398925895, 32.956138610839901 ], [ 77.643348693847713, 32.957851409912109 ], [ 77.649879455566463, 32.95829010009777 ], [ 77.653312683105526, 32.959400177001953 ], [ 77.656372070312557, 32.965961456298885 ], [ 77.659988403320369, 32.968959808349666 ], [ 77.663078308105582, 32.975929260253963 ], [ 77.665206909179631, 32.986030578613338 ], [ 77.670860290527401, 32.986270904541016 ], [ 77.678001403808594, 32.980720520019588 ], [ 77.679489135742301, 32.977779388427791 ], [ 77.690872192382869, 32.979419708251953 ], [ 77.69500732421875, 32.977821350097656 ], [ 77.696708679199219, 32.973350524902457 ], [ 77.699882507324332, 32.969039916992188 ], [ 77.703689575195426, 32.966129302978572 ], [ 77.708328247070312, 32.967319488525504 ], [ 77.712486267089957, 32.971801757812614 ], [ 77.723136901855582, 32.964359283447266 ], [ 77.727340698242301, 32.957550048828125 ], [ 77.734123229980469, 32.950321197509822 ], [ 77.736419677734375, 32.947872161865348 ], [ 77.738952636718807, 32.947269439697322 ], [ 77.744789123535156, 32.945869445800895 ], [ 77.747177124023551, 32.942211151123047 ], [ 77.747459411621094, 32.940509796142578 ], [ 77.747627258300781, 32.939418792724666 ], [ 77.750991821289176, 32.936031341552848 ], [ 77.759567260742301, 32.927410125732479 ], [ 77.778030395507869, 32.915779113769531 ], [ 77.781745910644474, 32.910030364990291 ], [ 77.790168762207031, 32.905429840087891 ], [ 77.792503356933651, 32.898078918457031 ], [ 77.786987304687557, 32.891689300537109 ], [ 77.77274322509777, 32.890911102294922 ], [ 77.765975952148438, 32.880290985107479 ], [ 77.761428833007869, 32.864830017089957 ], [ 77.767723083496151, 32.858470916748047 ], [ 77.775787353515739, 32.854701995849609 ], [ 77.780876159668026, 32.854099273681641 ], [ 77.787742614746151, 32.849761962890739 ], [ 77.791877746582031, 32.849269866943473 ], [ 77.798995971679744, 32.845840454101619 ], [ 77.808212280273551, 32.836040496826229 ], [ 77.814315795898551, 32.836170196533203 ], [ 77.818817138671875, 32.838531494140625 ], [ 77.825088500976562, 32.839870452880916 ], [ 77.831382751464844, 32.835041046142578 ], [ 77.847602844238281, 32.828411102294979 ], [ 77.852546691894531, 32.825180053710938 ], [ 77.854972839355582, 32.821189880371094 ], [ 77.861267089843864, 32.816162109375114 ], [ 77.86383056640625, 32.81145095825201 ], [ 77.864547729492188, 32.8065185546875 ], [ 77.869003295898494, 32.800369262695256 ], [ 77.866966247558707, 32.790290832519531 ], [ 77.872245788574276, 32.786251068115291 ], [ 77.876296997070426, 32.780010223388786 ], [ 77.88089752197277, 32.775409698486385 ], [ 77.887481689453125, 32.775260925292969 ], [ 77.890876770019531, 32.774509429931754 ], [ 77.899497985839844, 32.775321960449276 ], [ 77.903495788574219, 32.772899627685604 ], [ 77.908927917480582, 32.772121429443416 ], [ 77.912277221679688, 32.767169952392635 ], [ 77.915130615234375, 32.766059875488281 ], [ 77.916893005371151, 32.762729644775391 ], [ 77.917930603027287, 32.756919860839844 ], [ 77.917160034179801, 32.751880645751953 ], [ 77.914405822753963, 32.744541168213004 ], [ 77.914321899414062, 32.741779327392578 ], [ 77.911827087402287, 32.73651123046875 ], [ 77.91562652587902, 32.733692169189567 ], [ 77.918472290039176, 32.730789184570312 ], [ 77.912033081054688, 32.725769042968864 ], [ 77.909439086914119, 32.721389770507926 ], [ 77.908477783203182, 32.716388702392578 ], [ 77.906257629394645, 32.712348937988338 ], [ 77.905662536621151, 32.703590393066463 ], [ 77.902397155761776, 32.698410034179744 ], [ 77.903251647949162, 32.693099975585994 ], [ 77.910972595214901, 32.688179016113395 ], [ 77.920211791992301, 32.679512023925781 ], [ 77.926208496093807, 32.666809082031364 ], [ 77.927162170410213, 32.662620544433707 ], [ 77.932296752929688, 32.656200408935604 ], [ 77.938911437988224, 32.648021697998161 ], [ 77.946479797363338, 32.642730712890682 ], [ 77.952659606933594, 32.640399932861442 ], [ 77.955101013183707, 32.634819030761662 ], [ 77.954246520996151, 32.625961303710994 ], [ 77.959472656250114, 32.620738983154411 ], [ 77.962226867675781, 32.613800048828239 ], [ 77.967849731445426, 32.607978820800781 ], [ 77.97495269775402, 32.596370697021598 ], [ 77.976699829101562, 32.591941833496094 ], [ 77.982559204101676, 32.586528778076172 ], [ 77.987052917480526, 32.588199615478516 ], [ 78.017433166503963, 32.587028503418026 ], [ 78.027442932128906, 32.588649749755916 ], [ 78.035797119140739, 32.591949462890625 ], [ 78.041610717773494, 32.599239349365178 ], [ 78.041465759277401, 32.605300903320312 ], [ 78.036758422851506, 32.610858917236442 ], [ 78.034431457519645, 32.615650177001896 ], [ 78.032440185546875, 32.628391265869254 ], [ 78.032737731933707, 32.633750915527401 ], [ 78.033897399902287, 32.63560867309576 ], [ 78.044097900390682, 32.628841400146484 ], [ 78.059013366699276, 32.624580383300781 ], [ 78.065330505371207, 32.624279022216797 ], [ 78.067459106445426, 32.625621795654297 ], [ 78.072937011718807, 32.644401550292969 ], [ 78.079002380371151, 32.652790069580192 ], [ 78.088516235351562, 32.659832000732479 ], [ 78.093376159668082, 32.662151336670036 ], [ 78.099266052246207, 32.659969329834041 ], [ 78.106986999511719, 32.649742126464844 ], [ 78.116157531738281, 32.642410278320426 ], [ 78.121498107910156, 32.642349243164119 ], [ 78.126663208007812, 32.649101257324332 ], [ 78.130661010742188, 32.660060882568473 ], [ 78.136001586914062, 32.670318603515625 ], [ 78.144447326660213, 32.676601409912166 ], [ 78.152542114257756, 32.679019927978516 ], [ 78.158416748046989, 32.679130554199219 ], [ 78.170478820800781, 32.677211761474723 ], [ 78.179512023925838, 32.670410156250057 ], [ 78.183952331543082, 32.663871765136719 ], [ 78.194992065429744, 32.667331695556584 ], [ 78.201637268066463, 32.665199279785156 ], [ 78.212936401367244, 32.669189453125 ], [ 78.224967956543082, 32.675559997558651 ], [ 78.233261108398438, 32.683700561523438 ], [ 78.236587524414119, 32.694671630859489 ], [ 78.259117126464957, 32.702919006347656 ], [ 78.272743225097656, 32.70293045043951 ], [ 78.284866333007926, 32.706779479980469 ], [ 78.295722961425895, 32.712810516357479 ], [ 78.298561096191463, 32.719741821289062 ], [ 78.298110961914062, 32.72483062744152 ], [ 78.294616699218864, 32.731609344482365 ], [ 78.287658691406307, 32.737831115722656 ], [ 78.313949584960938, 32.748981475830078 ], [ 78.344741821289176, 32.763431549072379 ], [ 78.364280700683594, 32.762981414794979 ], [ 78.371353149414062, 32.76182937622076 ], [ 78.372772216796932, 32.760150909423885 ], [ 78.370742797851506, 32.745849609375 ], [ 78.371215820312557, 32.733699798584098 ], [ 78.374946594238281, 32.722648620605526 ], [ 78.377822875976562, 32.719310760498104 ], [ 78.367568969726619, 32.699520111084098 ], [ 78.363677978515568, 32.685531616211051 ], [ 78.363151550292969, 32.671989440918082 ], [ 78.370925903320256, 32.638160705566463 ], [ 78.375907897949219, 32.629611968994141 ], [ 78.388816833496207, 32.62322998046875 ], [ 78.377067565917969, 32.61487960815424 ], [ 78.340621948242188, 32.593059539794979 ], [ 78.331756591796932, 32.584869384765625 ], [ 78.317993164062557, 32.580211639404297 ], [ 78.302368164062557, 32.578701019287109 ], [ 78.296623229980526, 32.577510833740234 ], [ 78.29917144775402, 32.529270172119141 ], [ 78.295036315917969, 32.522460937500114 ], [ 78.278518676757869, 32.507930755615234 ], [ 78.306236267089957, 32.477748870849553 ], [ 78.310409545898551, 32.475929260253849 ], [ 78.356361389160213, 32.512660980224609 ], [ 78.376686096191406, 32.526050567626953 ], [ 78.382431030273438, 32.529651641845703 ], [ 78.394386291503849, 32.528530120849609 ], [ 78.397918701171932, 32.527069091796875 ], [ 78.399063110351619, 32.526371002197379 ], [ 78.400253295898551, 32.523681640625 ], [ 78.401412963867301, 32.518180847168026 ], [ 78.405258178710881, 32.515121459960994 ], [ 78.405227661132926, 32.514228820800895 ], [ 78.408920288085938, 32.512710571289176 ], [ 78.409172058105526, 32.512020111084098 ], [ 78.410758972168082, 32.511741638183707 ], [ 78.414978027343864, 32.511001586914176 ], [ 78.416519165039006, 32.511150360107422 ], [ 78.425659179687614, 32.512031555175781 ], [ 78.431686401367244, 32.510280609130916 ], [ 78.435577392578239, 32.507740020751953 ], [ 78.436370849609375, 32.507061004638786 ], [ 78.43839263916027, 32.505352020263786 ], [ 78.439987182617188, 32.503200531005916 ], [ 78.440643310546932, 32.500541687011662 ], [ 78.443527221679744, 32.499301910400334 ], [ 78.445037841796932, 32.497909545898438 ], [ 78.447639465332031, 32.492408752441463 ], [ 78.448722839355582, 32.490139007568303 ], [ 78.448677062988338, 32.489219665527401 ], [ 78.448348999023551, 32.487190246581974 ], [ 78.447952270507926, 32.486358642578182 ], [ 78.445770263671932, 32.482078552246094 ], [ 78.443275451660156, 32.479461669921932 ], [ 78.441596984863338, 32.477699279785156 ], [ 78.441009521484432, 32.476779937744254 ], [ 78.437332153320312, 32.471061706543026 ], [ 78.435798645019531, 32.466060638427848 ], [ 78.435432434082031, 32.462570190429801 ], [ 78.436622619628963, 32.459369659423885 ], [ 78.437141418457031, 32.459121704101676 ], [ 78.437103271484489, 32.458000183105412 ], [ 78.438148498535213, 32.457050323486385 ], [ 78.4381103515625, 32.456390380859432 ], [ 78.441497802734318, 32.454711914062614 ], [ 78.443153381347713, 32.454311370849609 ], [ 78.445999145507869, 32.453510284423942 ], [ 78.454742431640682, 32.45055007934576 ], [ 78.461990356445369, 32.447978973388786 ], [ 78.466117858886719, 32.445159912109432 ], [ 78.466819763183707, 32.443111419677791 ], [ 78.467613220214957, 32.442852020263672 ], [ 78.468170166015739, 32.442829132080192 ], [ 78.468139648437557, 32.442378997802791 ], [ 78.468681335449276, 32.442131042480582 ], [ 78.470870971679631, 32.437339782714901 ], [ 78.471023559570426, 32.437271118164062 ], [ 78.471359252929744, 32.437118530273494 ], [ 78.471908569335994, 32.436870574951286 ], [ 78.472999572753906, 32.432918548583928 ], [ 78.473602294921875, 32.432529449463004 ], [ 78.474868774414176, 32.43114089965826 ], [ 78.47509765625, 32.430229187011776 ], [ 78.476638793945312, 32.429050445556754 ], [ 78.476593017578068, 32.42747879028326 ], [ 78.477912902832145, 32.426738739013729 ], [ 78.478141784667969, 32.425861358642521 ], [ 78.483673095703125, 32.425010681152287 ], [ 78.487327575683594, 32.425258636474723 ], [ 78.502586364746094, 32.426219940185661 ], [ 78.511512756347656, 32.423702239990291 ], [ 78.514450073242244, 32.421939849853572 ], [ 78.518760681152344, 32.418498992919979 ], [ 78.517219543456974, 32.413139343261832 ], [ 78.51666259765625, 32.412498474121151 ], [ 78.504989624023551, 32.402931213378906 ], [ 78.503868103027287, 32.401821136474723 ], [ 78.50211334228527, 32.400508880615234 ], [ 78.501716613769645, 32.400058746338004 ], [ 78.497627258300781, 32.39524078369152 ], [ 78.495880126953125, 32.390769958496151 ], [ 78.493972778320312, 32.377311706543082 ], [ 78.491722106933594, 32.373298645019645 ], [ 78.485038757324219, 32.367691040039119 ], [ 78.484031677246037, 32.366859436035156 ], [ 78.482917785644531, 32.365879058837947 ], [ 78.477310180664176, 32.362915039062557 ], [ 78.467987060546989, 32.357990264892578 ], [ 78.464607238769531, 32.353160858154411 ], [ 78.464073181152344, 32.352230072021598 ], [ 78.462882995605469, 32.349571228027401 ], [ 78.461296081543082, 32.342960357666016 ], [ 78.460693359375057, 32.337219238281364 ], [ 78.461242675781307, 32.337001800537109 ], [ 78.464653015136776, 32.320640563964957 ], [ 78.465332031250114, 32.312309265136719 ], [ 78.466979980468807, 32.291900634765625 ], [ 78.466156005859375, 32.284019470214957 ], [ 78.464317321777401, 32.277778625488281 ], [ 78.462730407714844, 32.276130676269588 ], [ 78.459152221679744, 32.270709991455135 ], [ 78.458442687988395, 32.269149780273551 ], [ 78.456497192382869, 32.267848968505916 ], [ 78.453971862793026, 32.264091491699219 ], [ 78.452911376953239, 32.263641357421818 ], [ 78.450836181640739, 32.261890411376953 ], [ 78.450531005859375, 32.261428833007869 ], [ 78.448356628418082, 32.258239746093807 ], [ 78.44718170166027, 32.257122039794922 ], [ 78.445442199707088, 32.255760192871151 ], [ 78.445030212402401, 32.255359649658203 ], [ 78.441680908203239, 32.2518310546875 ], [ 78.440902709961051, 32.251621246337947 ], [ 78.439422607421875, 32.248271942138786 ], [ 78.439208984374943, 32.246459960937614 ], [ 78.446739196777401, 32.245800018310661 ], [ 78.447906494140682, 32.245689392089957 ], [ 78.459068298339844, 32.245441436767578 ], [ 78.460136413574332, 32.245182037353629 ], [ 78.464118957519588, 32.245960235595817 ], [ 78.47760009765625, 32.243923187255859 ], [ 78.482849121093864, 32.243129730224723 ], [ 78.501541137695426, 32.245719909667912 ], [ 78.505882263183651, 32.247840881347656 ], [ 78.513893127441463, 32.249431610107365 ], [ 78.52024078369152, 32.250129699707031 ], [ 78.520759582519588, 32.250179290771598 ], [ 78.52374267578125, 32.250450134277457 ], [ 78.535697937011832, 32.249820709228459 ], [ 78.539421081543026, 32.249980926513786 ], [ 78.543083190918026, 32.248741149902457 ], [ 78.562232971191349, 32.237319946289006 ], [ 78.573928833007812, 32.231330871582088 ], [ 78.592910766601676, 32.218669891357536 ], [ 78.593399047851619, 32.217750549316463 ], [ 78.594306945800781, 32.217128753662166 ], [ 78.5950927734375, 32.216678619384766 ], [ 78.595161437988338, 32.215759277343864 ], [ 78.595130920410213, 32.211479187011776 ], [ 78.591117858886776, 32.203941345214787 ], [ 78.590499877929688, 32.197631835937614 ], [ 78.591262817382812, 32.197380065918026 ], [ 78.594200134277401, 32.188480377197322 ], [ 78.593696594238395, 32.182418823242188 ], [ 78.592269897460994, 32.179962158203125 ], [ 78.589508056640568, 32.173961639404297 ], [ 78.588760375976562, 32.171501159668082 ], [ 78.585319519042912, 32.168949127197209 ], [ 78.584098815918026, 32.168479919433594 ], [ 78.578025817871207, 32.165531158447266 ], [ 78.577842712402457, 32.165081024170036 ], [ 78.577285766601676, 32.165081024170036 ], [ 78.574577331543082, 32.161540985107422 ], [ 78.574310302734375, 32.158618927002067 ], [ 78.574676513671875, 32.157730102539176 ], [ 78.57572174072277, 32.157680511474723 ], [ 78.576232910156307, 32.156551361083928 ], [ 78.579689025878963, 32.154468536376953 ], [ 78.588302612304744, 32.147369384765682 ], [ 78.588783264160156, 32.145988464355469 ], [ 78.589530944824219, 32.145549774169922 ], [ 78.589942932128906, 32.142349243164062 ], [ 78.591217041015739, 32.141170501709041 ], [ 78.592498779296932, 32.140010833740234 ], [ 78.594207763671932, 32.13566970825201 ], [ 78.594482421875, 32.131889343261719 ], [ 78.596328735351676, 32.123409271240234 ], [ 78.597137451171818, 32.122951507568473 ], [ 78.597335815429631, 32.122032165527401 ], [ 78.599288940429688, 32.120910644531307 ], [ 78.599472045898438, 32.120349884033203 ], [ 78.606208801269588, 32.117488861083984 ], [ 78.610153198242188, 32.117790222167969 ], [ 78.615936279296932, 32.115810394287166 ], [ 78.616462707519531, 32.116020202636662 ], [ 78.617095947265682, 32.116218566894531 ], [ 78.628616333007756, 32.114952087402401 ], [ 78.639610290527401, 32.112121582031307 ], [ 78.647872924804631, 32.107131958007869 ], [ 78.648399353027457, 32.106430053711051 ], [ 78.649002075195426, 32.105300903320426 ], [ 78.649650573730469, 32.098709106445312 ], [ 78.651062011718864, 32.093349456787166 ], [ 78.648345947265682, 32.093559265136719 ], [ 78.64599609375, 32.090190887451172 ], [ 78.645576477050895, 32.084701538086051 ], [ 78.642807006835994, 32.078109741210938 ], [ 78.636627197265568, 32.074039459228572 ], [ 78.627403259277401, 32.070339202880803 ], [ 78.618316650390568, 32.068778991699219 ], [ 78.608871459960994, 32.068161010742188 ], [ 78.600090026855526, 32.064029693603629 ], [ 78.588836669921932, 32.056850433349609 ], [ 78.584602355957031, 32.056701660156193 ], [ 78.580673217773494, 32.0625 ], [ 78.571166992187614, 32.064739227294979 ], [ 78.551956176757812, 32.065849304199162 ], [ 78.543373107910156, 32.064842224121207 ], [ 78.530838012695369, 32.066371917724609 ], [ 78.525886535644588, 32.067741394043082 ], [ 78.507720947265625, 32.062549591064453 ], [ 78.498886108398551, 32.057628631591854 ], [ 78.488533020019588, 32.054210662841854 ], [ 78.473663330078182, 32.051170349121037 ], [ 78.469841003418026, 32.047580718994254 ], [ 78.467170715332088, 32.046321868896484 ], [ 78.465896606445426, 32.048431396484432 ], [ 78.465568542480469, 32.052520751953125 ], [ 78.458869934082031, 32.051979064941406 ], [ 78.453720092773438, 32.052719116210938 ], [ 78.444206237792969, 32.057331085205192 ], [ 78.43881988525402, 32.05912017822277 ], [ 78.432579040527344, 32.059349060058707 ], [ 78.427497863769588, 32.056999206543026 ], [ 78.424407958984432, 32.051448822021428 ], [ 78.421333312988281, 32.047698974609489 ], [ 78.418472290039062, 32.038398742675781 ], [ 78.413665771484375, 32.029911041259766 ], [ 78.409782409668082, 32.020698547363281 ], [ 78.410408020019474, 32.010150909423885 ], [ 78.405647277831974, 32.005168914794922 ], [ 78.404167175292969, 32.000320434570369 ], [ 78.403610229492188, 31.993841171264762 ], [ 78.416763305664062, 31.983711242675781 ], [ 78.419670104980526, 31.976949691772461 ], [ 78.427566528320426, 31.97483062744152 ], [ 78.433242797851676, 31.971879959106445 ], [ 78.444068908691463, 31.963460922241268 ], [ 78.442436218261832, 31.958589553833065 ], [ 78.437950134277401, 31.954280853271541 ], [ 78.441986083984432, 31.94651985168457 ], [ 78.44052886962902, 31.943941116333065 ], [ 78.436599731445312, 31.942329406738338 ], [ 78.431312561035213, 31.94169998168951 ], [ 78.424873352050895, 31.942768096923828 ], [ 78.417160034179744, 31.940679550170842 ], [ 78.411911010742301, 31.943210601806697 ], [ 78.405487060546875, 31.9421901702882 ], [ 78.392189025878963, 31.955310821533317 ], [ 78.385406494140739, 31.959310531616268 ], [ 78.373260498046875, 31.960550308227596 ], [ 78.354972839355469, 31.964620590210018 ], [ 78.345726013183707, 31.951971054077148 ], [ 78.338020324707088, 31.945091247558707 ], [ 78.331626892089957, 31.943609237670898 ], [ 78.327041625976676, 31.938432693481559 ], [ 78.323387145996207, 31.940380096435604 ], [ 78.295532226562614, 31.942428588867301 ], [ 78.288223266601619, 31.939178466796989 ], [ 78.286453247070312, 31.931200027465934 ], [ 78.270172119140739, 31.935239791870174 ], [ 78.256469726562614, 31.940389633178768 ], [ 78.242256164550838, 31.938781738281364 ], [ 78.204826354980469, 31.937410354614258 ], [ 78.19647216796875, 31.939039230346737 ], [ 78.186218261718807, 31.937080383300895 ], [ 78.180099487304744, 31.932151794433537 ], [ 78.179176330566463, 31.926691055297852 ], [ 78.175956726074332, 31.923280715942383 ], [ 78.168266296386776, 31.919958114624023 ], [ 78.170433044433707, 31.911600112914982 ], [ 78.1705322265625, 31.908029556274414 ], [ 78.167716979980526, 31.902481079101619 ], [ 78.169876098632926, 31.898309707641602 ], [ 78.167106628418026, 31.892021179199276 ], [ 78.171806335449162, 31.882020950317496 ], [ 78.173011779785156, 31.876359939575195 ], [ 78.160507202148551, 31.870452880859432 ], [ 78.156997680664119, 31.867099761962947 ], [ 78.145431518554801, 31.866420745849723 ], [ 78.13671875, 31.868000030517578 ], [ 78.13275146484375, 31.871948242187557 ], [ 78.121932983398494, 31.870960235595817 ], [ 78.116310119628906, 31.871772766113338 ], [ 78.107910156249943, 31.871629714965877 ], [ 78.096160888671932, 31.865240097045955 ], [ 78.089675903320369, 31.86276817321783 ], [ 78.079620361328239, 31.863439559936467 ], [ 78.073890686035213, 31.862520217895621 ], [ 78.078010559082031, 31.857370376587028 ], [ 78.072196960449332, 31.85477256774908 ], [ 78.069366455078239, 31.849279403686637 ], [ 78.079772949218807, 31.841930389404354 ], [ 78.080696105957031, 31.837139129638729 ], [ 78.076667785644531, 31.834020614624137 ], [ 78.079399108886776, 31.827150344848633 ], [ 78.074935913085938, 31.819030761718864 ], [ 78.070182800292969, 31.813499450683707 ], [ 78.069679260253963, 31.805099487304801 ], [ 78.066841125488395, 31.79823112487793 ], [ 78.068016052246207, 31.794879913330192 ], [ 78.067565917968807, 31.791719436645565 ], [ 78.060348510742244, 31.788040161132869 ] ] ] } },
{ "type": "Feature", "properties": { "ID_0": 105, "ISO": "IND", "NAME_0": "India", "ID_1": 13, "NAME_1": "Himachal Pradesh", "ID_2": 194, "NAME_2": "Mandi", "ID_3": 610, "NAME_3": "Chachyot", "CCN_3": 0, "CCA_3": null, "TYPE_3": "Taluk", "ENGTYPE_3": "Taluk", "NL_NAME_3": null, "VARNAME_3": null }, "geometry": { "type": "Polygon", "coordinates": [ [ [ 77.068641662597656, 31.677881240844783 ], [ 77.070709228515625, 31.676450729370174 ], [ 77.075187683105526, 31.668590545654411 ], [ 77.082809448242244, 31.665191650390682 ], [ 77.091178894043026, 31.664670944213981 ], [ 77.099388122558651, 31.662740707397575 ], [ 77.106857299804744, 31.645320892334098 ], [ 77.113082885742188, 31.63729286193859 ], [ 77.108787536621207, 31.629980087280217 ], [ 77.106185913085938, 31.620950698852539 ], [ 77.105583190918082, 31.607999801635856 ], [ 77.110801696777344, 31.600000381469727 ], [ 77.103912353515625, 31.573431015014705 ], [ 77.098892211914176, 31.564830780029411 ], [ 77.090766906738281, 31.556930541992301 ], [ 77.083786010742244, 31.548570632934684 ], [ 77.0709228515625, 31.549980163574219 ], [ 77.061157226562443, 31.549892425537166 ], [ 77.053749084472656, 31.541099548339957 ], [ 77.05655670166027, 31.532669067382869 ], [ 77.078628540039119, 31.511440277099723 ], [ 77.088645935058594, 31.506610870361385 ], [ 77.100227355957145, 31.503839492797852 ], [ 77.107482910156364, 31.498758316040096 ], [ 77.111160278320312, 31.491670608520565 ], [ 77.112312316894531, 31.48462104797369 ], [ 77.122268676757869, 31.480360031127987 ], [ 77.134407043457031, 31.479101181030217 ], [ 77.144508361816349, 31.476749420166129 ], [ 77.150718688964901, 31.471160888671875 ], [ 77.148521423339844, 31.452579498291016 ], [ 77.150115966796932, 31.446990966796932 ], [ 77.153327941894531, 31.440998077392635 ], [ 77.161148071289062, 31.427738189697379 ], [ 77.143516540527457, 31.422689437866211 ], [ 77.126235961914062, 31.4132595062257 ], [ 77.124366760253963, 31.410079956054801 ], [ 77.110092163085994, 31.409749984741268 ], [ 77.108360290527401, 31.398500442504996 ], [ 77.102287292480526, 31.398532867431754 ], [ 77.095138549804688, 31.401439666748047 ], [ 77.086540222167969, 31.403520584106445 ], [ 77.053756713867188, 31.404670715332088 ], [ 77.051033020019645, 31.411830902099666 ], [ 77.046119689941406, 31.419210433959904 ], [ 77.033081054687614, 31.425970077514705 ], [ 77.026657104492188, 31.43169021606451 ], [ 77.027839660644531, 31.435749053955192 ], [ 77.045722961425781, 31.463401794433651 ], [ 77.050178527832088, 31.473619461059684 ], [ 77.04498291015625, 31.480680465698242 ], [ 77.024085998535213, 31.487920761108398 ], [ 77.004829406738395, 31.487880706787109 ], [ 76.985282897949219, 31.490789413452148 ], [ 76.979026794433651, 31.493040084838867 ], [ 76.974967956542969, 31.49596023559576 ], [ 76.971458435058707, 31.494129180908146 ], [ 76.968856811523438, 31.497121810913143 ], [ 76.962608337402344, 31.497940063476619 ], [ 76.959976196289119, 31.502279281616268 ], [ 76.961135864257869, 31.505739212036133 ], [ 76.959548950195312, 31.508750915527344 ], [ 76.954376220703125, 31.513610839843807 ], [ 76.959671020507926, 31.51387977600109 ], [ 76.964385986328182, 31.514940261840877 ], [ 76.969367980957145, 31.517562866210994 ], [ 76.974807739257812, 31.518690109252987 ], [ 76.985237121581974, 31.514499664306754 ], [ 76.989486694335938, 31.514379501342887 ], [ 76.99796295166027, 31.519220352172965 ], [ 76.999465942382869, 31.526861190795955 ], [ 76.993721008300838, 31.536422729492188 ], [ 76.990753173828239, 31.544820785522518 ], [ 76.990676879882869, 31.556989669799805 ], [ 76.985153198242244, 31.5624294281007 ], [ 76.984336853027344, 31.563459396362305 ], [ 76.983383178710938, 31.564460754394531 ], [ 76.982398986816406, 31.565450668335075 ], [ 76.981422424316349, 31.566440582275391 ], [ 76.98044586181652, 31.567419052123967 ], [ 76.97946929931652, 31.568412780761662 ], [ 76.978530883789176, 31.569440841674862 ], [ 76.977630615234375, 31.570489883422908 ], [ 76.976821899414176, 31.57158088684082 ], [ 76.976142883300781, 31.572731018066463 ], [ 76.976142883300781, 31.573930740356502 ], [ 76.977378845214957, 31.574710845947322 ], [ 76.978652954101619, 31.575429916381779 ], [ 76.979393005371094, 31.576530456543026 ], [ 76.979141235351506, 31.577800750732536 ], [ 76.978752136230412, 31.579050064086971 ], [ 76.978279113769588, 31.580278396606559 ], [ 76.977699279785213, 31.581480026245231 ], [ 76.977142333984432, 31.582691192626953 ], [ 76.976547241210994, 31.583879470825309 ], [ 76.9759521484375, 31.585081100463924 ], [ 76.975418090820369, 31.58630180358881 ], [ 76.974929809570426, 31.587528228759879 ], [ 76.974571228027344, 31.588792800903377 ], [ 76.974349975586051, 31.590080261230526 ], [ 76.974578857421875, 31.591350555420036 ], [ 76.975532531738281, 31.592369079589901 ], [ 76.976692199707031, 31.593210220337028 ], [ 76.977859497070312, 31.594060897827262 ], [ 76.978836059570369, 31.595071792602596 ], [ 76.97910308837902, 31.596330642700195 ], [ 76.978897094726676, 31.597618103027344 ], [ 76.978530883789176, 31.598890304565373 ], [ 76.978111267089901, 31.600139617920036 ], [ 76.97757720947277, 31.601369857788029 ], [ 76.976997375488395, 31.602581024169979 ], [ 76.976387023925838, 31.603790283203182 ], [ 76.97576904296875, 31.604990005493221 ], [ 76.975120544433707, 31.606170654296989 ], [ 76.974502563476676, 31.607370376586857 ], [ 76.973899841308651, 31.608570098876896 ], [ 76.973106384277401, 31.610340118408203 ], [ 76.974151611328239, 31.611280441284123 ], [ 76.975227355957088, 31.612230300903377 ], [ 76.976280212402287, 31.613170623779297 ], [ 76.977333068847713, 31.614120483398494 ], [ 76.978378295898381, 31.615060806274414 ], [ 76.979438781738338, 31.615999221801758 ], [ 76.980476379394474, 31.616939544677848 ], [ 76.981506347656307, 31.617889404296932 ], [ 76.982566833496037, 31.618820190429688 ], [ 76.983619689941463, 31.619760513305778 ], [ 76.985031127929801, 31.621110916137638 ], [ 76.987747192382812, 31.625160217285213 ], [ 77.008377075195312, 31.633350372314567 ], [ 77.019081115722713, 31.633771896362418 ], [ 77.028968811035156, 31.63859939575201 ], [ 77.038177490234432, 31.646339416503963 ], [ 77.04624176025402, 31.651252746582031 ], [ 77.043968200683707, 31.655019760131836 ], [ 77.036453247070369, 31.660940170288086 ], [ 77.040351867675895, 31.667449951171875 ], [ 77.054832458496207, 31.671350479126033 ], [ 77.068641662597656, 31.677881240844783 ] ] ] } },
{ "type": "Feature", "properties": { "ID_0": 105, "ISO": "IND", "NAME_0": "India", "ID_1": 13, "NAME_1": "Himachal Pradesh", "ID_2": 194, "NAME_2": "Mandi", "ID_3": 611, "NAME_3": "Jogindarnagar", "CCN_3": 0, "CCA_3": null, "TYPE_3": "Taluk", "ENGTYPE_3": "Taluk", "NL_NAME_3": null, "VARNAME_3": null }, "geometry": { "type": "Polygon", "coordinates": [ [ [ 76.798629760742244, 31.822652816772461 ], [ 76.792327880859432, 31.825229644775504 ], [ 76.785812377929744, 31.826559066772518 ], [ 76.772422790527344, 31.833780288696232 ], [ 76.768470764160213, 31.833269119262695 ], [ 76.765472412109489, 31.824831008911133 ], [ 76.760749816894474, 31.822359085083008 ], [ 76.751762390136832, 31.83142280578619 ], [ 76.739196777343693, 31.842420578003043 ], [ 76.741889953613281, 31.850870132446346 ], [ 76.742546081543026, 31.856389999389648 ], [ 76.734992980956974, 31.857681274414119 ], [ 76.7274169921875, 31.860740661621151 ], [ 76.722671508789119, 31.864652633667049 ], [ 76.717613220214957, 31.866001129150504 ], [ 76.712539672851562, 31.869039535522518 ], [ 76.707572937011719, 31.875259399414176 ], [ 76.706268310546932, 31.883077621459904 ], [ 76.703712463378849, 31.885480880737362 ], [ 76.694831848144588, 31.881629943847656 ], [ 76.688316345214844, 31.881629943847656 ], [ 76.681053161621094, 31.88484001159668 ], [ 76.674156188964787, 31.885810852050781 ], [ 76.670005798339844, 31.885530471801758 ], [ 76.660079956054688, 31.890281677246151 ], [ 76.659919738769588, 31.896930694580192 ], [ 76.663642883300895, 31.900659561157283 ], [ 76.662246704101619, 31.907180786132812 ], [ 76.662612915039119, 31.910350799560547 ], [ 76.667655944824332, 31.91328239440918 ], [ 76.671890258789062, 31.924150466919059 ], [ 76.671730041503906, 31.928691864013729 ], [ 76.673431396484375, 31.932929992675781 ], [ 76.678703308105582, 31.935060501098576 ], [ 76.675796508789119, 31.946210861205998 ], [ 76.674812316894588, 31.950290679931697 ], [ 76.674133300781364, 31.957439422607422 ], [ 76.668952941894645, 31.963890075683651 ], [ 76.671302795410156, 31.969430923461914 ], [ 76.669006347656193, 31.979440689087028 ], [ 76.664932250976619, 31.989479064941463 ], [ 76.653686523437614, 32.003131866455135 ], [ 76.64914703369152, 32.014358520507756 ], [ 76.647216796875114, 32.032939910888786 ], [ 76.65966796875, 32.043521881103572 ], [ 76.660720825195369, 32.047618865966911 ], [ 76.664093017578125, 32.050418853759822 ], [ 76.672912597656307, 32.054111480713004 ], [ 76.687316894531193, 32.051280975341797 ], [ 76.69034576416027, 32.047321319580078 ], [ 76.690773010253906, 32.041728973388615 ], [ 76.698562622070256, 32.037410736084041 ], [ 76.707962036132812, 32.034870147705078 ], [ 76.714286804199276, 32.034759521484318 ], [ 76.715087890625057, 32.031620025634709 ], [ 76.722541809082145, 32.032489776611385 ], [ 76.728340148925781, 32.039958953857536 ], [ 76.745681762695256, 32.05596923828125 ], [ 76.754531860351619, 32.067588806152344 ], [ 76.761230468750057, 32.071289062500057 ], [ 76.766937255859432, 32.069179534912223 ], [ 76.771392822265739, 32.075851440429744 ], [ 76.776741027832145, 32.077079772949332 ], [ 76.785400390625, 32.076042175293026 ], [ 76.787940979003963, 32.068309783935604 ], [ 76.799217224121207, 32.060760498046875 ], [ 76.810432434082088, 32.051181793212947 ], [ 76.823539733886719, 32.04608154296875 ], [ 76.826667785644588, 32.043659210205078 ], [ 76.832595825195426, 32.046760559082145 ], [ 76.836059570312614, 32.050239562988281 ], [ 76.843193054199219, 32.052761077880973 ], [ 76.852622985839957, 32.053691864013786 ], [ 76.871589660644531, 32.060169219970817 ], [ 76.887130737304744, 32.062290191650504 ], [ 76.899040222167969, 32.063079833984432 ], [ 76.906356811523494, 32.061210632324276 ], [ 76.914016723632869, 32.062049865722656 ], [ 76.923576354980582, 32.065410614013672 ], [ 76.926933288574219, 32.060081481933707 ], [ 76.928207397460881, 32.047328948974666 ], [ 76.943283081054631, 32.035888671875114 ], [ 76.948387145996207, 32.030689239501953 ], [ 76.961441040039062, 32.026470184326115 ], [ 76.965812683105469, 32.014141082763729 ], [ 76.966331481933707, 32.002761840820312 ], [ 76.965507507324276, 31.994920730590934 ], [ 76.962898254394645, 31.986312866210881 ], [ 76.974456787109432, 31.967990875244197 ], [ 76.984329223632812, 31.956859588623047 ], [ 76.988082885742301, 31.948591232299862 ], [ 77.001998901367301, 31.932590484619254 ], [ 77.008781433105526, 31.923469543457088 ], [ 77.011291503906307, 31.913990020751953 ], [ 77.012092590332145, 31.903230667114258 ], [ 77.014991760253849, 31.896350860595817 ], [ 77.039550781250114, 31.865240097045955 ], [ 77.0413818359375, 31.860820770263729 ], [ 77.045806884765682, 31.859140396118107 ], [ 77.042266845703068, 31.847120285034237 ], [ 77.044151306152457, 31.841781616210938 ], [ 77.044097900390682, 31.837949752807674 ], [ 77.027641296386719, 31.826740264892692 ], [ 77.023681640625057, 31.825349807739371 ], [ 77.020576477050781, 31.820760726928711 ], [ 77.015739440918082, 31.816299438476619 ], [ 77.009216308593864, 31.816650390625057 ], [ 77.003456115722713, 31.818820953369141 ], [ 76.9984130859375, 31.818599700927734 ], [ 76.994300842285213, 31.815080642700138 ], [ 76.984786987304744, 31.815441131591854 ], [ 76.981880187988338, 31.816421508789062 ], [ 76.976982116699332, 31.817300796508846 ], [ 76.976036071777457, 31.823610305786246 ], [ 76.971687316894645, 31.830339431762638 ], [ 76.958335876464957, 31.833772659301701 ], [ 76.953071594238281, 31.832639694213924 ], [ 76.951301574707031, 31.827350616455078 ], [ 76.954666137695426, 31.823541641235352 ], [ 76.960006713867301, 31.820768356323242 ], [ 76.962112426757926, 31.817100524902457 ], [ 76.962356567382756, 31.810480117797965 ], [ 76.961212158203068, 31.804729461669979 ], [ 76.958236694335994, 31.799369812011832 ], [ 76.962097167968807, 31.793760299682731 ], [ 76.966041564941406, 31.795490264892521 ], [ 76.964630126953239, 31.79059028625494 ], [ 76.968742370605526, 31.785221099853516 ], [ 76.969917297363338, 31.782461166381893 ], [ 76.963241577148494, 31.77272987365734 ], [ 76.964317321777344, 31.766149520874137 ], [ 76.962486267089957, 31.756540298461914 ], [ 76.956466674804688, 31.751310348510742 ], [ 76.94400787353527, 31.74957084655756 ], [ 76.926643371582145, 31.749282836914062 ], [ 76.922897338867188, 31.750099182128963 ], [ 76.922981262207088, 31.754882812500057 ], [ 76.924560546875114, 31.761030197143555 ], [ 76.91922760009777, 31.766750335693359 ], [ 76.914726257324219, 31.768840789794922 ], [ 76.910102844238281, 31.781339645385799 ], [ 76.901321411132756, 31.788040161132869 ], [ 76.895736694336051, 31.789539337158317 ], [ 76.887138366699276, 31.788890838623104 ], [ 76.884338378906193, 31.791999816894531 ], [ 76.882286071777344, 31.799432754516715 ], [ 76.868110656738395, 31.802471160888729 ], [ 76.863449096679744, 31.807260513305607 ], [ 76.860641479492301, 31.814292907714844 ], [ 76.855987548828125, 31.820629119873161 ], [ 76.842536926269645, 31.830551147460938 ], [ 76.833366394043082, 31.827421188354492 ], [ 76.826011657714844, 31.832838058471737 ], [ 76.8214111328125, 31.828590393066406 ], [ 76.802673339843864, 31.825340270996037 ], [ 76.798629760742244, 31.822652816772461 ] ] ] } },
{ "type": "Feature", "properties": { "ID_0": 105, "ISO": "IND", "NAME_0": "India", "ID_1": 13, "NAME_1": "Himachal Pradesh", "ID_2": 194, "NAME_2": "Mandi", "ID_3": 612, "NAME_3": "Karsog", "CCN_3": 0, "CCA_3": null, "TYPE_3": "Taluk", "ENGTYPE_3": "Taluk", "NL_NAME_3": null, "VARNAME_3": null }, "geometry": { "type": "Polygon", "coordinates": [ [ [ 77.371910095214844, 31.365278244018555 ], [ 77.370689392089957, 31.362289428710938 ], [ 77.363876342773438, 31.362979888916072 ], [ 77.357192993164062, 31.362760543823185 ], [ 77.349456787109432, 31.36034011840826 ], [ 77.343162536621151, 31.355850219726619 ], [ 77.338150024414062, 31.349510192871094 ], [ 77.326698303222656, 31.326580047607479 ], [ 77.324302673339901, 31.309221267700309 ], [ 77.322097778320312, 31.302139282226676 ], [ 77.316642761230526, 31.297822952270508 ], [ 77.310226440429801, 31.296960830688533 ], [ 77.303390502929631, 31.287330627441406 ], [ 77.298995971679631, 31.285102844238338 ], [ 77.291038513183594, 31.275230407714957 ], [ 77.287406921386719, 31.273622512817383 ], [ 77.275299072265739, 31.271659851074219 ], [ 77.268218994140682, 31.26973915100109 ], [ 77.263580322265625, 31.271820068359318 ], [ 77.261322021484432, 31.277421951293945 ], [ 77.256042480468864, 31.279489517212028 ], [ 77.252449035644645, 31.274299621581974 ], [ 77.240570068359432, 31.266731262207031 ], [ 77.2374267578125, 31.261539459228572 ], [ 77.233909606933707, 31.258071899414176 ], [ 77.231781005859432, 31.260141372680721 ], [ 77.225852966308651, 31.262620925903377 ], [ 77.21158599853527, 31.264852523803825 ], [ 77.205139160156364, 31.263811111450309 ], [ 77.196708679199332, 31.253280639648551 ], [ 77.190177917480526, 31.248439788818473 ], [ 77.182197570800838, 31.248180389404354 ], [ 77.179870605468807, 31.254529953002987 ], [ 77.175750732421989, 31.258970260620231 ], [ 77.164741516113281, 31.248212814331112 ], [ 77.152603149414119, 31.237791061401481 ], [ 77.14739990234375, 31.234600067138672 ], [ 77.140541076660156, 31.234180450439453 ], [ 77.132698059082031, 31.235250473022518 ], [ 77.124961853027401, 31.232210159301758 ], [ 77.118247985839844, 31.232469558715877 ], [ 77.112899780273438, 31.235040664672965 ], [ 77.110580444335938, 31.239120483398494 ], [ 77.111785888671932, 31.244430541992244 ], [ 77.110656738281307, 31.24834060668951 ], [ 77.107322692871094, 31.250789642333984 ], [ 77.097061157226562, 31.248100280761776 ], [ 77.091522216796875, 31.251319885253963 ], [ 77.080909729003963, 31.248159408569336 ], [ 77.069061279296932, 31.25160026550293 ], [ 77.059570312500114, 31.260219573974666 ], [ 77.049057006835994, 31.265670776367301 ], [ 77.051856994628906, 31.268060684204045 ], [ 77.053230285644588, 31.272031784057617 ], [ 77.047203063964957, 31.280559539794922 ], [ 77.049102783203239, 31.284151077270565 ], [ 77.054550170898494, 31.283008575439453 ], [ 77.0560302734375, 31.287620544433707 ], [ 77.053062438964901, 31.293710708618221 ], [ 77.04740142822277, 31.30075836181652 ], [ 77.036026000976562, 31.311229705810547 ], [ 77.035408020019474, 31.325820922851562 ], [ 77.033996582031307, 31.334449768066406 ], [ 77.032417297363281, 31.338880538940543 ], [ 77.024276733398494, 31.341379165649471 ], [ 77.014183044433707, 31.352050781250057 ], [ 77.010917663574276, 31.357730865478629 ], [ 76.993888854980469, 31.357830047607479 ], [ 76.993431091308707, 31.376230239868164 ], [ 76.998100280761776, 31.389570236206112 ], [ 77.002037048339844, 31.395772933959961 ], [ 77.003379821777344, 31.409381866455192 ], [ 76.99875640869152, 31.409709930419979 ], [ 76.995429992675838, 31.416440963745174 ], [ 76.991226196289119, 31.421079635620231 ], [ 76.999252319335994, 31.423191070556641 ], [ 77.002983093261662, 31.425739288330135 ], [ 77.012260437011776, 31.425710678100586 ], [ 77.015251159667969, 31.429901123046989 ], [ 77.026657104492188, 31.43169021606451 ], [ 77.033081054687614, 31.425970077514705 ], [ 77.046119689941406, 31.419210433959904 ], [ 77.051033020019645, 31.411830902099666 ], [ 77.053756713867188, 31.404670715332088 ], [ 77.086540222167969, 31.403520584106445 ], [ 77.095138549804688, 31.401439666748047 ], [ 77.102287292480526, 31.398532867431754 ], [ 77.108360290527401, 31.398500442504996 ], [ 77.110092163085994, 31.409749984741268 ], [ 77.124366760253963, 31.410079956054801 ], [ 77.126235961914062, 31.4132595062257 ], [ 77.143516540527457, 31.422689437866211 ], [ 77.161148071289062, 31.427738189697379 ], [ 77.163009643554631, 31.428792953491211 ], [ 77.172767639160156, 31.43041038513195 ], [ 77.181640625000114, 31.430368423461857 ], [ 77.187995910644474, 31.432270050048942 ], [ 77.195075988769531, 31.441551208496207 ], [ 77.199417114257926, 31.444379806518668 ], [ 77.206436157226676, 31.44207954406744 ], [ 77.212860107421932, 31.441970825195312 ], [ 77.215858459472656, 31.449119567871151 ], [ 77.223068237304801, 31.444789886474609 ], [ 77.230880737304801, 31.446470260620231 ], [ 77.236091613769531, 31.446479797363395 ], [ 77.242233276367244, 31.443880081176871 ], [ 77.252113342285156, 31.433040618896598 ], [ 77.259307861328239, 31.432760238647404 ], [ 77.286560058593864, 31.435762405395508 ], [ 77.294242858886719, 31.439510345459041 ], [ 77.298057556152344, 31.444520950317383 ], [ 77.307357788086051, 31.451999664306641 ], [ 77.314582824707145, 31.453680038452262 ], [ 77.322319030761719, 31.452938079833984 ], [ 77.329330444335881, 31.449630737304688 ], [ 77.343193054199332, 31.436611175537166 ], [ 77.348648071289062, 31.432508468628043 ], [ 77.355796813964957, 31.427551269531307 ], [ 77.361450195312557, 31.425119400024471 ], [ 77.365921020507926, 31.421770095825309 ], [ 77.36936187744152, 31.415718078613338 ], [ 77.370635986328182, 31.410520553588924 ], [ 77.368476867675781, 31.405641555786133 ], [ 77.369331359863395, 31.402580261230526 ], [ 77.368049621581974, 31.397800445556584 ], [ 77.373977661132812, 31.393119812011832 ], [ 77.373039245605469, 31.390239715576172 ], [ 77.376106262207031, 31.387350082397575 ], [ 77.374427795410213, 31.380319595336971 ], [ 77.375991821289119, 31.375251770019531 ], [ 77.371910095214844, 31.365278244018555 ] ] ] } },
{ "type": "Feature", "properties": { "ID_0": 105, "ISO": "IND", "NAME_0": "India", "ID_1": 13, "NAME_1": "Himachal Pradesh", "ID_2": 194, "NAME_2": "Mandi", "ID_3": 613, "NAME_3": "Mandi", "CCN_3": 0, "CCA_3": null, "TYPE_3": "Taluk", "ENGTYPE_3": "Taluk", "NL_NAME_3": null, "VARNAME_3": null }, "geometry": { "type": "Polygon", "coordinates": [ [ [ 76.954376220703125, 31.513610839843807 ], [ 76.953742980957145, 31.513799667358512 ], [ 76.953208923339844, 31.513982772827262 ], [ 76.952690124511719, 31.514129638671932 ], [ 76.952056884765568, 31.514251708984318 ], [ 76.951477050781193, 31.514181137085075 ], [ 76.950897216796989, 31.513982772827262 ], [ 76.950332641601506, 31.513748168945369 ], [ 76.949768066406193, 31.513479232788086 ], [ 76.949302673339901, 31.513219833374137 ], [ 76.948860168457031, 31.512960433960018 ], [ 76.948417663574332, 31.512701034545898 ], [ 76.947982788085994, 31.512428283691463 ], [ 76.947532653808594, 31.51217079162609 ], [ 76.947082519531364, 31.511909484863395 ], [ 76.946617126464901, 31.511671066284293 ], [ 76.945503234863338, 31.510509490966911 ], [ 76.944526672363338, 31.509492874145621 ], [ 76.9434814453125, 31.508550643920955 ], [ 76.942237854003963, 31.508710861206055 ], [ 76.941680908203182, 31.509929656982536 ], [ 76.941192626953125, 31.511159896850586 ], [ 76.940162658691463, 31.512050628662053 ], [ 76.938796997070369, 31.512531280517635 ], [ 76.93827056884777, 31.513740539550781 ], [ 76.937950134277344, 31.515012741088867 ], [ 76.937751770019474, 31.516311645507926 ], [ 76.937828063964901, 31.51758956909174 ], [ 76.938156127929688, 31.518869400024357 ], [ 76.9373779296875, 31.519870758056584 ], [ 76.935951232910213, 31.520307540893498 ], [ 76.934448242187614, 31.520561218261719 ], [ 76.932937622070426, 31.520671844482422 ], [ 76.931427001953239, 31.520620346069393 ], [ 76.929916381836051, 31.520570755004996 ], [ 76.928405761718693, 31.520658493042106 ], [ 76.927360534668026, 31.521390914917106 ], [ 76.927398681640739, 31.522701263427848 ], [ 76.926612854003963, 31.523719787597713 ], [ 76.925270080566463, 31.524360656738224 ], [ 76.924949645996207, 31.525571823120174 ], [ 76.925086975097713, 31.526861190795955 ], [ 76.92533111572277, 31.528142929077148 ], [ 76.925659179687557, 31.529420852661133 ], [ 76.925979614257812, 31.530691146850643 ], [ 76.926277160644645, 31.53195953369152 ], [ 76.926452636718864, 31.533252716064453 ], [ 76.926452636718864, 31.534551620483512 ], [ 76.925872802734489, 31.535760879516658 ], [ 76.925056457519588, 31.536849975585994 ], [ 76.924446105957031, 31.538030624389762 ], [ 76.924430847167969, 31.539342880249137 ], [ 76.92462158203125, 31.540620803832951 ], [ 76.924873352050838, 31.541900634765568 ], [ 76.925216674804688, 31.543170928955078 ], [ 76.925552368164062, 31.544450759887695 ], [ 76.925849914550838, 31.545721054077148 ], [ 76.926612854003963, 31.547241210937443 ], [ 76.927238464355582, 31.548440933227482 ], [ 76.927619934082145, 31.549690246582145 ], [ 76.927246093750114, 31.550899505615291 ], [ 76.926109313964787, 31.55174827575695 ], [ 76.925041198730526, 31.55264854431158 ], [ 76.925476074218807, 31.55381965637207 ], [ 76.926597595214901, 31.55470085144043 ], [ 76.927581787109489, 31.555690765380973 ], [ 76.928092956543026, 31.556930541992301 ], [ 76.928436279296875, 31.558189392089901 ], [ 76.928489685058651, 31.559480667114371 ], [ 76.927536010742244, 31.560401916503849 ], [ 76.926033020019588, 31.560392379760742 ], [ 76.924522399902401, 31.560291290283317 ], [ 76.922996520996151, 31.560401916503849 ], [ 76.921951293945312, 31.561292648315543 ], [ 76.921241760253963, 31.56244087219244 ], [ 76.920707702636776, 31.56365966796875 ], [ 76.920272827148494, 31.564920425415096 ], [ 76.919868469238281, 31.566169738769531 ], [ 76.919448852539062, 31.567419052123967 ], [ 76.918991088867244, 31.568668365478629 ], [ 76.918395996093807, 31.569850921630803 ], [ 76.917587280273438, 31.57097053527832 ], [ 76.9166259765625, 31.571979522705078 ], [ 76.915626525878849, 31.572961807251033 ], [ 76.914627075195426, 31.573949813842773 ], [ 76.913810729980526, 31.575042724609489 ], [ 76.913230895996151, 31.576240539550724 ], [ 76.912811279296875, 31.577499389648494 ], [ 76.912467956543026, 31.57877159118658 ], [ 76.912170410156364, 31.580049514770621 ], [ 76.911949157714957, 31.581321716308651 ], [ 76.911743164062557, 31.582620620727539 ], [ 76.911537170410213, 31.583919525146598 ], [ 76.911346435546932, 31.585210800170898 ], [ 76.911163330078182, 31.586521148681697 ], [ 76.910957336425838, 31.587799072265682 ], [ 76.910720825195312, 31.589090347290039 ], [ 76.912170410156364, 31.590980529785156 ], [ 76.913070678710994, 31.592031478881836 ], [ 76.913917541503906, 31.593128204345703 ], [ 76.914619445800895, 31.594261169433651 ], [ 76.915046691894474, 31.595510482788086 ], [ 76.914932250976619, 31.596809387207145 ], [ 76.914428710937614, 31.598041534423942 ], [ 76.913696289062614, 31.599180221557674 ], [ 76.912719726562614, 31.600181579589901 ], [ 76.911422729492131, 31.600830078125114 ], [ 76.909896850585881, 31.600919723510799 ], [ 76.90836334228527, 31.60089111328125 ], [ 76.90683746337902, 31.600812911987305 ], [ 76.905326843261662, 31.600650787353572 ], [ 76.903816223144531, 31.600469589233398 ], [ 76.902336120605469, 31.600240707397461 ], [ 76.900840759277401, 31.599979400634709 ], [ 76.899353027343864, 31.599679946899471 ], [ 76.897872924804801, 31.599359512329045 ], [ 76.896400451660156, 31.599012374877987 ], [ 76.894927978515682, 31.598640441894588 ], [ 76.893486022949332, 31.598239898681754 ], [ 76.892036437988281, 31.597810745239371 ], [ 76.89060211181652, 31.597360610961971 ], [ 76.889183044433651, 31.596889495849723 ], [ 76.887832641601562, 31.596281051635742 ], [ 76.886627197265568, 31.595489501953239 ], [ 76.885520935058594, 31.594570159912166 ], [ 76.884536743164006, 31.593601226806697 ], [ 76.88360595703125, 31.592559814453182 ], [ 76.882751464843807, 31.591489791870117 ], [ 76.881973266601619, 31.590360641479492 ], [ 76.88134765625, 31.589178085327148 ], [ 76.880836486816463, 31.587949752807674 ], [ 76.880401611328125, 31.586700439453239 ], [ 76.879997253417969, 31.585430145263786 ], [ 76.879547119140739, 31.584180831909293 ], [ 76.878929138183651, 31.583009719848633 ], [ 76.878219604492301, 31.581840515136776 ], [ 76.877586364746151, 31.580669403076286 ], [ 76.876899719238224, 31.579500198364371 ], [ 76.876007080078125, 31.578439712524414 ], [ 76.874732971191463, 31.577791213989371 ], [ 76.873336791992188, 31.578281402587891 ], [ 76.872100830078239, 31.579038619995231 ], [ 76.870872497558651, 31.579780578613338 ], [ 76.869400024414119, 31.579879760742188 ], [ 76.868377685546875, 31.578912734985465 ], [ 76.867691040039176, 31.577739715576229 ], [ 76.867118835449332, 31.576538085937557 ], [ 76.866600036621037, 31.575311660766715 ], [ 76.865997314453239, 31.57411003112793 ], [ 76.865432739257926, 31.572902679443303 ], [ 76.864852905273551, 31.57168006896984 ], [ 76.864280700683707, 31.570470809936467 ], [ 76.863739013671818, 31.569259643554744 ], [ 76.86322021484375, 31.568029403686523 ], [ 76.862678527832088, 31.566810607910213 ], [ 76.862182617187614, 31.565580368042049 ], [ 76.861656188964844, 31.564350128173828 ], [ 76.861152648925838, 31.563119888305607 ], [ 76.860641479492301, 31.561899185180721 ], [ 76.860153198242188, 31.560661315917969 ], [ 76.859703063964957, 31.559408187866154 ], [ 76.859306335449332, 31.558151245117188 ], [ 76.858970642089787, 31.556882858276481 ], [ 76.858673095703182, 31.555610656738395 ], [ 76.858352661132926, 31.554330825805778 ], [ 76.857986450195426, 31.553060531616325 ], [ 76.857536315918026, 31.551799774169979 ], [ 76.85703277587902, 31.550569534301758 ], [ 76.856391906738338, 31.549398422241268 ], [ 76.855583190917969, 31.548311233520508 ], [ 76.854553222656364, 31.547340393066463 ], [ 76.853385925293082, 31.546489715576229 ], [ 76.8521728515625, 31.545721054077148 ], [ 76.850906372070426, 31.544979095459041 ], [ 76.849662780761719, 31.544218063354549 ], [ 76.848472595214957, 31.543411254882926 ], [ 76.847702026367301, 31.543020248413086 ], [ 76.847160339355469, 31.542789459228516 ], [ 76.846626281738281, 31.542551040649414 ], [ 76.846092224121151, 31.542329788207951 ], [ 76.845558166503963, 31.54210281372076 ], [ 76.84500885009777, 31.541879653930721 ], [ 76.844467163086051, 31.541658401489315 ], [ 76.843917846679688, 31.541440963745231 ], [ 76.843391418457031, 31.541219711303768 ], [ 76.842857360839901, 31.541000366210938 ], [ 76.842308044433651, 31.540750503540153 ], [ 76.841796875000114, 31.540510177612418 ], [ 76.841270446777344, 31.540241241455192 ], [ 76.840759277343807, 31.53997993469244 ], [ 76.840286254882756, 31.5396728515625 ], [ 76.839813232421932, 31.539360046386776 ], [ 76.839363098144531, 31.539028167724666 ], [ 76.838935852050895, 31.538650512695426 ], [ 76.838531494140739, 31.538259506225586 ], [ 76.838188171386662, 31.537849426269645 ], [ 76.837867736816406, 31.537410736084098 ], [ 76.837593078613395, 31.536960601806697 ], [ 76.837356567382869, 31.53648948669445 ], [ 76.837150573730526, 31.53599929809576 ], [ 76.836952209472713, 31.53550910949707 ], [ 76.836799621582145, 31.535028457641715 ], [ 76.836639404296989, 31.53452110290533 ], [ 76.836509704589844, 31.534030914306641 ], [ 76.836402893066463, 31.53352165222168 ], [ 76.836296081542969, 31.533018112182674 ], [ 76.836166381835994, 31.532501220703239 ], [ 76.836059570312614, 31.532012939453125 ], [ 76.835952758789062, 31.531499862671012 ], [ 76.835845947265739, 31.530990600586051 ], [ 76.835708618164006, 31.53049278259283 ], [ 76.835586547851619, 31.529989242553825 ], [ 76.835441589355526, 31.529499053955135 ], [ 76.835281372070426, 31.529001235961914 ], [ 76.83512115478527, 31.528511047363395 ], [ 76.834907531738395, 31.528039932250977 ], [ 76.834678649902401, 31.527540206909293 ], [ 76.834419250488281, 31.527080535888786 ], [ 76.834129333496207, 31.526630401611385 ], [ 76.833786010742301, 31.526210784912109 ], [ 76.833473205566406, 31.525791168212834 ], [ 76.833106994628963, 31.525369644165039 ], [ 76.832740783691463, 31.524959564209041 ], [ 76.832366943359432, 31.52456092834484 ], [ 76.831993103027401, 31.524160385131836 ], [ 76.831596374511776, 31.523759841919002 ], [ 76.831207275390682, 31.52338981628418 ], [ 76.830780029296875, 31.523000717163086 ], [ 76.83038330078125, 31.522630691528434 ], [ 76.829956054687614, 31.522262573242131 ], [ 76.829559326171989, 31.521898269653434 ], [ 76.829116821289119, 31.521539688110295 ], [ 76.828681945800781, 31.521181106567383 ], [ 76.828239440918082, 31.520820617675838 ], [ 76.827819824218807, 31.520481109619141 ], [ 76.827339172363281, 31.520151138305778 ], [ 76.826896667480582, 31.51980018615734 ], [ 76.826446533203182, 31.519470214843807 ], [ 76.82598876953125, 31.519130706787109 ], [ 76.825531005859432, 31.518810272216854 ], [ 76.8250732421875, 31.518489837646598 ], [ 76.82462310791027, 31.518150329589901 ], [ 76.824127197265625, 31.517831802368221 ], [ 76.823677062988395, 31.517520904541072 ], [ 76.823196411132869, 31.517190933227539 ], [ 76.822731018066349, 31.516872406005859 ], [ 76.822273254394588, 31.516559600830135 ], [ 76.821777343749943, 31.516229629516602 ], [ 76.821296691894588, 31.515930175781364 ], [ 76.820816040039176, 31.515632629394531 ], [ 76.820327758789119, 31.515331268310547 ], [ 76.819847106933707, 31.515029907226562 ], [ 76.819366455078125, 31.514741897583008 ], [ 76.818862915039176, 31.514459609985465 ], [ 76.818359375, 31.514181137085075 ], [ 76.817848205566463, 31.513902664184684 ], [ 76.817337036132926, 31.513631820678654 ], [ 76.816818237304631, 31.513362884521598 ], [ 76.816307067871094, 31.51311111450201 ], [ 76.815788269043026, 31.512849807739315 ], [ 76.815246582031364, 31.512590408325195 ], [ 76.814743041992188, 31.512340545654354 ], [ 76.814216613769531, 31.512100219726676 ], [ 76.813682556152401, 31.511859893798771 ], [ 76.813133239746151, 31.511640548706112 ], [ 76.812606811523551, 31.511398315429688 ], [ 76.81207275390625, 31.511180877685604 ], [ 76.811515808105469, 31.510959625244141 ], [ 76.810989379882869, 31.510740280151481 ], [ 76.810440063476619, 31.510540008544922 ], [ 76.809883117675838, 31.510330200195369 ], [ 76.809318542480526, 31.510129928588924 ], [ 76.808761596679801, 31.509950637817383 ], [ 76.808166503906307, 31.50984001159668 ], [ 76.807601928710994, 31.509750366210994 ], [ 76.806991577148494, 31.509700775146541 ], [ 76.806396484375, 31.509681701660156 ], [ 76.8057861328125, 31.50966835021984 ], [ 76.805191040039006, 31.509660720825309 ], [ 76.804588317871207, 31.509651184082145 ], [ 76.804008483886832, 31.509639739990234 ], [ 76.803222656250114, 31.50984001159668 ], [ 76.801269531250057, 31.518449783325309 ], [ 76.790817260742244, 31.535579681396484 ], [ 76.791778564453239, 31.551399230957145 ], [ 76.799659729003849, 31.557260513305664 ], [ 76.804809570312443, 31.572950363159123 ], [ 76.808456420898438, 31.589530944824332 ], [ 76.806472778320426, 31.595230102539119 ], [ 76.807701110839844, 31.599540710449219 ], [ 76.815933227539062, 31.603610992431584 ], [ 76.814956665039062, 31.609889984130973 ], [ 76.806968688964844, 31.610538482666016 ], [ 76.804252624511719, 31.616071701049805 ], [ 76.801727294921989, 31.625289916992188 ], [ 76.793838500976619, 31.63047981262207 ], [ 76.792861938476619, 31.634399414062614 ], [ 76.798316955566349, 31.641700744628906 ], [ 76.804641723632812, 31.647670745849553 ], [ 76.813446044921875, 31.661291122436523 ], [ 76.812812805175724, 31.669349670410156 ], [ 76.817672729492244, 31.671249389648438 ], [ 76.819442749023551, 31.677219390869254 ], [ 76.817367553711051, 31.685880661010742 ], [ 76.820220947265739, 31.691158294677678 ], [ 76.828399658203239, 31.702768325805664 ], [ 76.831230163574276, 31.712940216064453 ], [ 76.828048706054801, 31.720550537109432 ], [ 76.816902160644588, 31.734970092773438 ], [ 76.819602966308651, 31.747619628906307 ], [ 76.818511962890739, 31.749990463256836 ], [ 76.815795898437557, 31.754941940307617 ], [ 76.810897827148551, 31.756959915161133 ], [ 76.804992675781193, 31.760950088500977 ], [ 76.806365966796875, 31.768890380859375 ], [ 76.805892944336051, 31.776250839233512 ], [ 76.797668457031307, 31.786859512329045 ], [ 76.8013916015625, 31.791299819946289 ], [ 76.803642272949332, 31.797269821166992 ], [ 76.80326080322277, 31.810901641845817 ], [ 76.804031372070426, 31.815401077270565 ], [ 76.800399780273551, 31.821689605712947 ], [ 76.798629760742244, 31.822652816772461 ], [ 76.802673339843864, 31.825340270996037 ], [ 76.8214111328125, 31.828590393066406 ], [ 76.826011657714844, 31.832838058471737 ], [ 76.833366394043082, 31.827421188354492 ], [ 76.842536926269645, 31.830551147460938 ], [ 76.855987548828125, 31.820629119873161 ], [ 76.860641479492301, 31.814292907714844 ], [ 76.863449096679744, 31.807260513305607 ], [ 76.868110656738395, 31.802471160888729 ], [ 76.882286071777344, 31.799432754516715 ], [ 76.884338378906193, 31.791999816894531 ], [ 76.887138366699276, 31.788890838623104 ], [ 76.895736694336051, 31.789539337158317 ], [ 76.901321411132756, 31.788040161132869 ], [ 76.910102844238281, 31.781339645385799 ], [ 76.914726257324219, 31.768840789794922 ], [ 76.91922760009777, 31.766750335693359 ], [ 76.924560546875114, 31.761030197143555 ], [ 76.922981262207088, 31.754882812500057 ], [ 76.922897338867188, 31.750099182128963 ], [ 76.926643371582145, 31.749282836914062 ], [ 76.94400787353527, 31.74957084655756 ], [ 76.956466674804688, 31.751310348510742 ], [ 76.962486267089957, 31.756540298461914 ], [ 76.964317321777344, 31.766149520874137 ], [ 76.963241577148494, 31.77272987365734 ], [ 76.969917297363338, 31.782461166381893 ], [ 76.968742370605526, 31.785221099853516 ], [ 76.964630126953239, 31.79059028625494 ], [ 76.966041564941406, 31.795490264892521 ], [ 76.962097167968807, 31.793760299682731 ], [ 76.958236694335994, 31.799369812011832 ], [ 76.961212158203068, 31.804729461669979 ], [ 76.962356567382756, 31.810480117797965 ], [ 76.962112426757926, 31.817100524902457 ], [ 76.960006713867301, 31.820768356323242 ], [ 76.954666137695426, 31.823541641235352 ], [ 76.951301574707031, 31.827350616455078 ], [ 76.953071594238281, 31.832639694213924 ], [ 76.958335876464957, 31.833772659301701 ], [ 76.971687316894645, 31.830339431762638 ], [ 76.976036071777457, 31.823610305786246 ], [ 76.976982116699332, 31.817300796508846 ], [ 76.981880187988338, 31.816421508789062 ], [ 76.984786987304744, 31.815441131591854 ], [ 76.994300842285213, 31.815080642700138 ], [ 76.9984130859375, 31.818599700927734 ], [ 77.003456115722713, 31.818820953369141 ], [ 77.009216308593864, 31.816650390625057 ], [ 77.015739440918082, 31.816299438476619 ], [ 77.020576477050781, 31.820760726928711 ], [ 77.023681640625057, 31.825349807739371 ], [ 77.027641296386719, 31.826740264892692 ], [ 77.044097900390682, 31.837949752807674 ], [ 77.054222106933651, 31.838790893554744 ], [ 77.063262939453125, 31.836181640625114 ], [ 77.067680358886719, 31.832691192626953 ], [ 77.079986572265739, 31.839960098266658 ], [ 77.089637756347656, 31.841600418090763 ], [ 77.105720520019588, 31.84091949462902 ], [ 77.151863098144588, 31.841489791870231 ], [ 77.157356262207088, 31.843389511108512 ], [ 77.164878845214957, 31.844841003417969 ], [ 77.1634521484375, 31.835109710693473 ], [ 77.160575866699219, 31.829450607299918 ], [ 77.172096252441463, 31.824750900268555 ], [ 77.175117492675838, 31.817960739135799 ], [ 77.173431396484432, 31.811452865600643 ], [ 77.181213378906307, 31.800680160522404 ], [ 77.179397583007926, 31.794361114501953 ], [ 77.1834716796875, 31.788301467895565 ], [ 77.182792663574332, 31.782419204712028 ], [ 77.190338134765625, 31.772520065307617 ], [ 77.192497253418026, 31.768259048461971 ], [ 77.195571899414176, 31.758672714233512 ], [ 77.195831298828125, 31.752639770507926 ], [ 77.197509765625114, 31.744810104370117 ], [ 77.197692871093864, 31.734502792358342 ], [ 77.202133178710938, 31.724388122558707 ], [ 77.200302124023494, 31.723781585693359 ], [ 77.168792724609375, 31.707002639770508 ], [ 77.160217285156307, 31.705369949340934 ], [ 77.150177001953239, 31.699300765991268 ], [ 77.119369506835938, 31.694349288940487 ], [ 77.109222412109318, 31.693281173706168 ], [ 77.076950073242301, 31.682279586791992 ], [ 77.068641662597656, 31.677881240844783 ], [ 77.054832458496207, 31.671350479126033 ], [ 77.040351867675895, 31.667449951171875 ], [ 77.036453247070369, 31.660940170288086 ], [ 77.043968200683707, 31.655019760131836 ], [ 77.04624176025402, 31.651252746582031 ], [ 77.038177490234432, 31.646339416503963 ], [ 77.028968811035156, 31.63859939575201 ], [ 77.019081115722713, 31.633771896362418 ], [ 77.008377075195312, 31.633350372314567 ], [ 76.987747192382812, 31.625160217285213 ], [ 76.985031127929801, 31.621110916137638 ], [ 76.983619689941463, 31.619760513305778 ], [ 76.982566833496037, 31.618820190429688 ], [ 76.981506347656307, 31.617889404296932 ], [ 76.980476379394474, 31.616939544677848 ], [ 76.979438781738338, 31.615999221801758 ], [ 76.978378295898381, 31.615060806274414 ], [ 76.977333068847713, 31.614120483398494 ], [ 76.976280212402287, 31.613170623779297 ], [ 76.975227355957088, 31.612230300903377 ], [ 76.974151611328239, 31.611280441284123 ], [ 76.973106384277401, 31.610340118408203 ], [ 76.973899841308651, 31.608570098876896 ], [ 76.974502563476676, 31.607370376586857 ], [ 76.975120544433707, 31.606170654296989 ], [ 76.97576904296875, 31.604990005493221 ], [ 76.976387023925838, 31.603790283203182 ], [ 76.976997375488395, 31.602581024169979 ], [ 76.97757720947277, 31.601369857788029 ], [ 76.978111267089901, 31.600139617920036 ], [ 76.978530883789176, 31.598890304565373 ], [ 76.978897094726676, 31.597618103027344 ], [ 76.97910308837902, 31.596330642700195 ], [ 76.978836059570369, 31.595071792602596 ], [ 76.977859497070312, 31.594060897827262 ], [ 76.976692199707031, 31.593210220337028 ], [ 76.975532531738281, 31.592369079589901 ], [ 76.974578857421875, 31.591350555420036 ], [ 76.974349975586051, 31.590080261230526 ], [ 76.974571228027344, 31.588792800903377 ], [ 76.974929809570426, 31.587528228759879 ], [ 76.975418090820369, 31.58630180358881 ], [ 76.9759521484375, 31.585081100463924 ], [ 76.976547241210994, 31.583879470825309 ], [ 76.977142333984432, 31.582691192626953 ], [ 76.977699279785213, 31.581480026245231 ], [ 76.978279113769588, 31.580278396606559 ], [ 76.978752136230412, 31.579050064086971 ], [ 76.979141235351506, 31.577800750732536 ], [ 76.979393005371094, 31.576530456543026 ], [ 76.978652954101619, 31.575429916381779 ], [ 76.977378845214957, 31.574710845947322 ], [ 76.976142883300781, 31.573930740356502 ], [ 76.976142883300781, 31.572731018066463 ], [ 76.976821899414176, 31.57158088684082 ], [ 76.977630615234375, 31.570489883422908 ], [ 76.978530883789176, 31.569440841674862 ], [ 76.97946929931652, 31.568412780761662 ], [ 76.98044586181652, 31.567419052123967 ], [ 76.981422424316349, 31.566440582275391 ], [ 76.982398986816406, 31.565450668335075 ], [ 76.983383178710938, 31.564460754394531 ], [ 76.984336853027344, 31.563459396362305 ], [ 76.985153198242244, 31.5624294281007 ], [ 76.990676879882869, 31.556989669799805 ], [ 76.990753173828239, 31.544820785522518 ], [ 76.993721008300838, 31.536422729492188 ], [ 76.999465942382869, 31.526861190795955 ], [ 76.99796295166027, 31.519220352172965 ], [ 76.989486694335938, 31.514379501342887 ], [ 76.985237121581974, 31.514499664306754 ], [ 76.974807739257812, 31.518690109252987 ], [ 76.969367980957145, 31.517562866210994 ], [ 76.964385986328182, 31.514940261840877 ], [ 76.959671020507926, 31.51387977600109 ], [ 76.954376220703125, 31.513610839843807 ] ] ] } },
{ "type": "Feature", "properties": { "ID_0": 105, "ISO": "IND", "NAME_0": "India", "ID_1": 13, "NAME_1": "Himachal Pradesh", "ID_2": 194, "NAME_2": "Mandi", "ID_3": 614, "NAME_3": "Sarkaghat", "CCN_3": 0, "CCA_3": null, "TYPE_3": "Taluk", "ENGTYPE_3": "Taluk", "NL_NAME_3": null, "VARNAME_3": null }, "geometry": { "type": "Polygon", "coordinates": [ [ [ 76.803222656250114, 31.50984001159668 ], [ 76.801116943359432, 31.509609222412109 ], [ 76.791412353515739, 31.50221061706543 ], [ 76.779960632324332, 31.506080627441406 ], [ 76.77060699462902, 31.50592041015625 ], [ 76.757881164550724, 31.519130706787109 ], [ 76.752456665039119, 31.523109436035213 ], [ 76.748558044433594, 31.522249221801871 ], [ 76.732566833496094, 31.521810531616325 ], [ 76.72625732421875, 31.520839691162109 ], [ 76.718208312988224, 31.522869110107536 ], [ 76.722190856933707, 31.52511024475109 ], [ 76.725090026855469, 31.527980804443416 ], [ 76.720092773437614, 31.535869598388786 ], [ 76.721519470214844, 31.542768478393668 ], [ 76.715599060058594, 31.549510955810604 ], [ 76.714546203613395, 31.558490753173885 ], [ 76.720237731933651, 31.565670013427734 ], [ 76.713645935058594, 31.566709518432617 ], [ 76.716377258300838, 31.575859069824162 ], [ 76.716567993164119, 31.585119247436637 ], [ 76.715049743652401, 31.588310241699219 ], [ 76.714012145996037, 31.595880508422965 ], [ 76.709167480468807, 31.609809875488224 ], [ 76.701431274414006, 31.623910903930778 ], [ 76.700736999511776, 31.63352012634283 ], [ 76.708999633789176, 31.660261154174918 ], [ 76.712806701660213, 31.667680740356445 ], [ 76.703216552734432, 31.674770355224609 ], [ 76.67877197265625, 31.684970855712947 ], [ 76.676818847656193, 31.696310043335075 ], [ 76.677040100097656, 31.70022010803234 ], [ 76.671936035156307, 31.704139709472713 ], [ 76.673652648925838, 31.711509704589844 ], [ 76.661026000976562, 31.717430114746094 ], [ 76.657211303710938, 31.72445106506359 ], [ 76.658866882324332, 31.734758377075309 ], [ 76.651512145996094, 31.741430282592773 ], [ 76.642616271972713, 31.742481231689453 ], [ 76.635192871093864, 31.744590759277401 ], [ 76.633056640625057, 31.745019912719783 ], [ 76.621742248535156, 31.752349853515625 ], [ 76.614486694335938, 31.771221160888786 ], [ 76.610382080078182, 31.778129577636776 ], [ 76.606163024902401, 31.792579650878906 ], [ 76.612373352050781, 31.818790435791016 ], [ 76.613533020019531, 31.827640533447322 ], [ 76.612487792968864, 31.837408065795955 ], [ 76.613029479980526, 31.845159530639648 ], [ 76.618843078613224, 31.853620529174862 ], [ 76.621177673339844, 31.871179580688477 ], [ 76.625473022461051, 31.877090454101562 ], [ 76.634132385253906, 31.874559402465934 ], [ 76.644332885742244, 31.873300552368164 ], [ 76.653511047363395, 31.87572097778326 ], [ 76.662933349609375, 31.875930786132812 ], [ 76.662193298339844, 31.881740570068359 ], [ 76.660140991210994, 31.888420104980582 ], [ 76.660079956054688, 31.890281677246151 ], [ 76.670005798339844, 31.885530471801758 ], [ 76.674156188964787, 31.885810852050781 ], [ 76.681053161621094, 31.88484001159668 ], [ 76.688316345214844, 31.881629943847656 ], [ 76.694831848144588, 31.881629943847656 ], [ 76.703712463378849, 31.885480880737362 ], [ 76.706268310546932, 31.883077621459904 ], [ 76.707572937011719, 31.875259399414176 ], [ 76.712539672851562, 31.869039535522518 ], [ 76.717613220214957, 31.866001129150504 ], [ 76.722671508789119, 31.864652633667049 ], [ 76.7274169921875, 31.860740661621151 ], [ 76.734992980956974, 31.857681274414119 ], [ 76.742546081543026, 31.856389999389648 ], [ 76.741889953613281, 31.850870132446346 ], [ 76.739196777343693, 31.842420578003043 ], [ 76.751762390136832, 31.83142280578619 ], [ 76.760749816894474, 31.822359085083008 ], [ 76.765472412109489, 31.824831008911133 ], [ 76.768470764160213, 31.833269119262695 ], [ 76.772422790527344, 31.833780288696232 ], [ 76.785812377929744, 31.826559066772518 ], [ 76.792327880859432, 31.825229644775504 ], [ 76.798629760742244, 31.822652816772461 ], [ 76.800399780273551, 31.821689605712947 ], [ 76.804031372070426, 31.815401077270565 ], [ 76.80326080322277, 31.810901641845817 ], [ 76.803642272949332, 31.797269821166992 ], [ 76.8013916015625, 31.791299819946289 ], [ 76.797668457031307, 31.786859512329045 ], [ 76.805892944336051, 31.776250839233512 ], [ 76.806365966796875, 31.768890380859375 ], [ 76.804992675781193, 31.760950088500977 ], [ 76.810897827148551, 31.756959915161133 ], [ 76.815795898437557, 31.754941940307617 ], [ 76.818511962890739, 31.749990463256836 ], [ 76.819602966308651, 31.747619628906307 ], [ 76.816902160644588, 31.734970092773438 ], [ 76.828048706054801, 31.720550537109432 ], [ 76.831230163574276, 31.712940216064453 ], [ 76.828399658203239, 31.702768325805664 ], [ 76.820220947265739, 31.691158294677678 ], [ 76.817367553711051, 31.685880661010742 ], [ 76.819442749023551, 31.677219390869254 ], [ 76.817672729492244, 31.671249389648438 ], [ 76.812812805175724, 31.669349670410156 ], [ 76.813446044921875, 31.661291122436523 ], [ 76.804641723632812, 31.647670745849553 ], [ 76.798316955566349, 31.641700744628906 ], [ 76.792861938476619, 31.634399414062614 ], [ 76.793838500976619, 31.63047981262207 ], [ 76.801727294921989, 31.625289916992188 ], [ 76.804252624511719, 31.616071701049805 ], [ 76.806968688964844, 31.610538482666016 ], [ 76.814956665039062, 31.609889984130973 ], [ 76.815933227539062, 31.603610992431584 ], [ 76.807701110839844, 31.599540710449219 ], [ 76.806472778320426, 31.595230102539119 ], [ 76.808456420898438, 31.589530944824332 ], [ 76.804809570312443, 31.572950363159123 ], [ 76.799659729003849, 31.557260513305664 ], [ 76.791778564453239, 31.551399230957145 ], [ 76.790817260742244, 31.535579681396484 ], [ 76.801269531250057, 31.518449783325309 ], [ 76.803222656250114, 31.50984001159668 ] ] ] } },
{ "type": "Feature", "properties": { "ID_0": 105, "ISO": "IND", "NAME_0": "India", "ID_1": 13, "NAME_1": "Himachal Pradesh", "ID_2": 194, "NAME_2": "Mandi", "ID_3": 615, "NAME_3": "Sundarnagar", "CCN_3": 0, "CCA_3": null, "TYPE_3": "Taluk", "ENGTYPE_3": "Taluk", "NL_NAME_3": null, "VARNAME_3": "Sundar nagar" }, "geometry": { "type": "Polygon", "coordinates": [ [ [ 76.988693237304688, 31.301370620727596 ], [ 76.985702514648494, 31.303239822387752 ], [ 76.964042663574332, 31.314420700073299 ], [ 76.953521728515739, 31.326150894165096 ], [ 76.941398620605469, 31.333419799804801 ], [ 76.929046630859432, 31.337881088256893 ], [ 76.931297302246094, 31.342941284179801 ], [ 76.928192138671989, 31.351459503173771 ], [ 76.918235778808707, 31.361408233642578 ], [ 76.906455993652457, 31.370412826538086 ], [ 76.894783020019645, 31.366230010986385 ], [ 76.887390136718693, 31.367691040039119 ], [ 76.877212524414119, 31.365371704101619 ], [ 76.870712280273494, 31.361722946167049 ], [ 76.861389160156307, 31.357749938964901 ], [ 76.859466552734432, 31.364070892333984 ], [ 76.861289978027344, 31.370571136474609 ], [ 76.856346130371094, 31.377960205078182 ], [ 76.850723266601676, 31.384380340576229 ], [ 76.854820251464844, 31.387910842895565 ], [ 76.862266540527344, 31.388629913330192 ], [ 76.86905670166027, 31.391630172729549 ], [ 76.868438720703182, 31.404500961303825 ], [ 76.866065979003906, 31.415130615234375 ], [ 76.855346679687443, 31.416362762451172 ], [ 76.844696044921875, 31.416170120239315 ], [ 76.831428527832088, 31.419240951538086 ], [ 76.819511413574219, 31.424789428710881 ], [ 76.813529968261832, 31.423770904541016 ], [ 76.809852600097713, 31.421480178833065 ], [ 76.801986694335938, 31.423519134521598 ], [ 76.797515869140739, 31.426921844482479 ], [ 76.789649963378963, 31.425811767578125 ], [ 76.788459777832031, 31.429960250854492 ], [ 76.79132080078125, 31.436098098754826 ], [ 76.789207458496094, 31.443479537963867 ], [ 76.782669067382926, 31.448780059814453 ], [ 76.784027099609375, 31.45482063293457 ], [ 76.788726806640739, 31.454580307006893 ], [ 76.787956237793026, 31.459869384765739 ], [ 76.784042358398438, 31.467710494995117 ], [ 76.783432006836051, 31.479270935058651 ], [ 76.777618408203182, 31.482389450073242 ], [ 76.771339416503963, 31.487180709838867 ], [ 76.774620056152457, 31.497640609741211 ], [ 76.771713256835994, 31.504768371582031 ], [ 76.77060699462902, 31.50592041015625 ], [ 76.779960632324332, 31.506080627441406 ], [ 76.791412353515739, 31.50221061706543 ], [ 76.801116943359432, 31.509609222412109 ], [ 76.803222656250114, 31.50984001159668 ], [ 76.804008483886832, 31.509639739990234 ], [ 76.804588317871207, 31.509651184082145 ], [ 76.805191040039006, 31.509660720825309 ], [ 76.8057861328125, 31.50966835021984 ], [ 76.806396484375, 31.509681701660156 ], [ 76.806991577148494, 31.509700775146541 ], [ 76.807601928710994, 31.509750366210994 ], [ 76.808166503906307, 31.50984001159668 ], [ 76.808761596679801, 31.509950637817383 ], [ 76.809318542480526, 31.510129928588924 ], [ 76.809883117675838, 31.510330200195369 ], [ 76.810440063476619, 31.510540008544922 ], [ 76.810989379882869, 31.510740280151481 ], [ 76.811515808105469, 31.510959625244141 ], [ 76.81207275390625, 31.511180877685604 ], [ 76.812606811523551, 31.511398315429688 ], [ 76.813133239746151, 31.511640548706112 ], [ 76.813682556152401, 31.511859893798771 ], [ 76.814216613769531, 31.512100219726676 ], [ 76.814743041992188, 31.512340545654354 ], [ 76.815246582031364, 31.512590408325195 ], [ 76.815788269043026, 31.512849807739315 ], [ 76.816307067871094, 31.51311111450201 ], [ 76.816818237304631, 31.513362884521598 ], [ 76.817337036132926, 31.513631820678654 ], [ 76.817848205566463, 31.513902664184684 ], [ 76.818359375, 31.514181137085075 ], [ 76.818862915039176, 31.514459609985465 ], [ 76.819366455078125, 31.514741897583008 ], [ 76.819847106933707, 31.515029907226562 ], [ 76.820327758789119, 31.515331268310547 ], [ 76.820816040039176, 31.515632629394531 ], [ 76.821296691894588, 31.515930175781364 ], [ 76.821777343749943, 31.516229629516602 ], [ 76.822273254394588, 31.516559600830135 ], [ 76.822731018066349, 31.516872406005859 ], [ 76.823196411132869, 31.517190933227539 ], [ 76.823677062988395, 31.517520904541072 ], [ 76.824127197265625, 31.517831802368221 ], [ 76.82462310791027, 31.518150329589901 ], [ 76.8250732421875, 31.518489837646598 ], [ 76.825531005859432, 31.518810272216854 ], [ 76.82598876953125, 31.519130706787109 ], [ 76.826446533203182, 31.519470214843807 ], [ 76.826896667480582, 31.51980018615734 ], [ 76.827339172363281, 31.520151138305778 ], [ 76.827819824218807, 31.520481109619141 ], [ 76.828239440918082, 31.520820617675838 ], [ 76.828681945800781, 31.521181106567383 ], [ 76.829116821289119, 31.521539688110295 ], [ 76.829559326171989, 31.521898269653434 ], [ 76.829956054687614, 31.522262573242131 ], [ 76.83038330078125, 31.522630691528434 ], [ 76.830780029296875, 31.523000717163086 ], [ 76.831207275390682, 31.52338981628418 ], [ 76.831596374511776, 31.523759841919002 ], [ 76.831993103027401, 31.524160385131836 ], [ 76.832366943359432, 31.52456092834484 ], [ 76.832740783691463, 31.524959564209041 ], [ 76.833106994628963, 31.525369644165039 ], [ 76.833473205566406, 31.525791168212834 ], [ 76.833786010742301, 31.526210784912109 ], [ 76.834129333496207, 31.526630401611385 ], [ 76.834419250488281, 31.527080535888786 ], [ 76.834678649902401, 31.527540206909293 ], [ 76.834907531738395, 31.528039932250977 ], [ 76.83512115478527, 31.528511047363395 ], [ 76.835281372070426, 31.529001235961914 ], [ 76.835441589355526, 31.529499053955135 ], [ 76.835586547851619, 31.529989242553825 ], [ 76.835708618164006, 31.53049278259283 ], [ 76.835845947265739, 31.530990600586051 ], [ 76.835952758789062, 31.531499862671012 ], [ 76.836059570312614, 31.532012939453125 ], [ 76.836166381835994, 31.532501220703239 ], [ 76.836296081542969, 31.533018112182674 ], [ 76.836402893066463, 31.53352165222168 ], [ 76.836509704589844, 31.534030914306641 ], [ 76.836639404296989, 31.53452110290533 ], [ 76.836799621582145, 31.535028457641715 ], [ 76.836952209472713, 31.53550910949707 ], [ 76.837150573730526, 31.53599929809576 ], [ 76.837356567382869, 31.53648948669445 ], [ 76.837593078613395, 31.536960601806697 ], [ 76.837867736816406, 31.537410736084098 ], [ 76.838188171386662, 31.537849426269645 ], [ 76.838531494140739, 31.538259506225586 ], [ 76.838935852050895, 31.538650512695426 ], [ 76.839363098144531, 31.539028167724666 ], [ 76.839813232421932, 31.539360046386776 ], [ 76.840286254882756, 31.5396728515625 ], [ 76.840759277343807, 31.53997993469244 ], [ 76.841270446777344, 31.540241241455192 ], [ 76.841796875000114, 31.540510177612418 ], [ 76.842308044433651, 31.540750503540153 ], [ 76.842857360839901, 31.541000366210938 ], [ 76.843391418457031, 31.541219711303768 ], [ 76.843917846679688, 31.541440963745231 ], [ 76.844467163086051, 31.541658401489315 ], [ 76.84500885009777, 31.541879653930721 ], [ 76.845558166503963, 31.54210281372076 ], [ 76.846092224121151, 31.542329788207951 ], [ 76.846626281738281, 31.542551040649414 ], [ 76.847160339355469, 31.542789459228516 ], [ 76.847702026367301, 31.543020248413086 ], [ 76.848472595214957, 31.543411254882926 ], [ 76.849662780761719, 31.544218063354549 ], [ 76.850906372070426, 31.544979095459041 ], [ 76.8521728515625, 31.545721054077148 ], [ 76.853385925293082, 31.546489715576229 ], [ 76.854553222656364, 31.547340393066463 ], [ 76.855583190917969, 31.548311233520508 ], [ 76.856391906738338, 31.549398422241268 ], [ 76.85703277587902, 31.550569534301758 ], [ 76.857536315918026, 31.551799774169979 ], [ 76.857986450195426, 31.553060531616325 ], [ 76.858352661132926, 31.554330825805778 ], [ 76.858673095703182, 31.555610656738395 ], [ 76.858970642089787, 31.556882858276481 ], [ 76.859306335449332, 31.558151245117188 ], [ 76.859703063964957, 31.559408187866154 ], [ 76.860153198242188, 31.560661315917969 ], [ 76.860641479492301, 31.561899185180721 ], [ 76.861152648925838, 31.563119888305607 ], [ 76.861656188964844, 31.564350128173828 ], [ 76.862182617187614, 31.565580368042049 ], [ 76.862678527832088, 31.566810607910213 ], [ 76.86322021484375, 31.568029403686523 ], [ 76.863739013671818, 31.569259643554744 ], [ 76.864280700683707, 31.570470809936467 ], [ 76.864852905273551, 31.57168006896984 ], [ 76.865432739257926, 31.572902679443303 ], [ 76.865997314453239, 31.57411003112793 ], [ 76.866600036621037, 31.575311660766715 ], [ 76.867118835449332, 31.576538085937557 ], [ 76.867691040039176, 31.577739715576229 ], [ 76.868377685546875, 31.578912734985465 ], [ 76.869400024414119, 31.579879760742188 ], [ 76.870872497558651, 31.579780578613338 ], [ 76.872100830078239, 31.579038619995231 ], [ 76.873336791992188, 31.578281402587891 ], [ 76.874732971191463, 31.577791213989371 ], [ 76.876007080078125, 31.578439712524414 ], [ 76.876899719238224, 31.579500198364371 ], [ 76.877586364746151, 31.580669403076286 ], [ 76.878219604492301, 31.581840515136776 ], [ 76.878929138183651, 31.583009719848633 ], [ 76.879547119140739, 31.584180831909293 ], [ 76.879997253417969, 31.585430145263786 ], [ 76.880401611328125, 31.586700439453239 ], [ 76.880836486816463, 31.587949752807674 ], [ 76.88134765625, 31.589178085327148 ], [ 76.881973266601619, 31.590360641479492 ], [ 76.882751464843807, 31.591489791870117 ], [ 76.88360595703125, 31.592559814453182 ], [ 76.884536743164006, 31.593601226806697 ], [ 76.885520935058594, 31.594570159912166 ], [ 76.886627197265568, 31.595489501953239 ], [ 76.887832641601562, 31.596281051635742 ], [ 76.889183044433651, 31.596889495849723 ], [ 76.89060211181652, 31.597360610961971 ], [ 76.892036437988281, 31.597810745239371 ], [ 76.893486022949332, 31.598239898681754 ], [ 76.894927978515682, 31.598640441894588 ], [ 76.896400451660156, 31.599012374877987 ], [ 76.897872924804801, 31.599359512329045 ], [ 76.899353027343864, 31.599679946899471 ], [ 76.900840759277401, 31.599979400634709 ], [ 76.902336120605469, 31.600240707397461 ], [ 76.903816223144531, 31.600469589233398 ], [ 76.905326843261662, 31.600650787353572 ], [ 76.90683746337902, 31.600812911987305 ], [ 76.90836334228527, 31.60089111328125 ], [ 76.909896850585881, 31.600919723510799 ], [ 76.911422729492131, 31.600830078125114 ], [ 76.912719726562614, 31.600181579589901 ], [ 76.913696289062614, 31.599180221557674 ], [ 76.914428710937614, 31.598041534423942 ], [ 76.914932250976619, 31.596809387207145 ], [ 76.915046691894474, 31.595510482788086 ], [ 76.914619445800895, 31.594261169433651 ], [ 76.913917541503906, 31.593128204345703 ], [ 76.913070678710994, 31.592031478881836 ], [ 76.912170410156364, 31.590980529785156 ], [ 76.910720825195312, 31.589090347290039 ], [ 76.910957336425838, 31.587799072265682 ], [ 76.911163330078182, 31.586521148681697 ], [ 76.911346435546932, 31.585210800170898 ], [ 76.911537170410213, 31.583919525146598 ], [ 76.911743164062557, 31.582620620727539 ], [ 76.911949157714957, 31.581321716308651 ], [ 76.912170410156364, 31.580049514770621 ], [ 76.912467956543026, 31.57877159118658 ], [ 76.912811279296875, 31.577499389648494 ], [ 76.913230895996151, 31.576240539550724 ], [ 76.913810729980526, 31.575042724609489 ], [ 76.914627075195426, 31.573949813842773 ], [ 76.915626525878849, 31.572961807251033 ], [ 76.9166259765625, 31.571979522705078 ], [ 76.917587280273438, 31.57097053527832 ], [ 76.918395996093807, 31.569850921630803 ], [ 76.918991088867244, 31.568668365478629 ], [ 76.919448852539062, 31.567419052123967 ], [ 76.919868469238281, 31.566169738769531 ], [ 76.920272827148494, 31.564920425415096 ], [ 76.920707702636776, 31.56365966796875 ], [ 76.921241760253963, 31.56244087219244 ], [ 76.921951293945312, 31.561292648315543 ], [ 76.922996520996151, 31.560401916503849 ], [ 76.924522399902401, 31.560291290283317 ], [ 76.926033020019588, 31.560392379760742 ], [ 76.927536010742244, 31.560401916503849 ], [ 76.928489685058651, 31.559480667114371 ], [ 76.928436279296875, 31.558189392089901 ], [ 76.928092956543026, 31.556930541992301 ], [ 76.927581787109489, 31.555690765380973 ], [ 76.926597595214901, 31.55470085144043 ], [ 76.925476074218807, 31.55381965637207 ], [ 76.925041198730526, 31.55264854431158 ], [ 76.926109313964787, 31.55174827575695 ], [ 76.927246093750114, 31.550899505615291 ], [ 76.927619934082145, 31.549690246582145 ], [ 76.927238464355582, 31.548440933227482 ], [ 76.926612854003963, 31.547241210937443 ], [ 76.925849914550838, 31.545721054077148 ], [ 76.925552368164062, 31.544450759887695 ], [ 76.925216674804688, 31.543170928955078 ], [ 76.924873352050838, 31.541900634765568 ], [ 76.92462158203125, 31.540620803832951 ], [ 76.924430847167969, 31.539342880249137 ], [ 76.924446105957031, 31.538030624389762 ], [ 76.925056457519588, 31.536849975585994 ], [ 76.925872802734489, 31.535760879516658 ], [ 76.926452636718864, 31.534551620483512 ], [ 76.926452636718864, 31.533252716064453 ], [ 76.926277160644645, 31.53195953369152 ], [ 76.925979614257812, 31.530691146850643 ], [ 76.925659179687557, 31.529420852661133 ], [ 76.92533111572277, 31.528142929077148 ], [ 76.925086975097713, 31.526861190795955 ], [ 76.924949645996207, 31.525571823120174 ], [ 76.925270080566463, 31.524360656738224 ], [ 76.926612854003963, 31.523719787597713 ], [ 76.927398681640739, 31.522701263427848 ], [ 76.927360534668026, 31.521390914917106 ], [ 76.928405761718693, 31.520658493042106 ], [ 76.929916381836051, 31.520570755004996 ], [ 76.931427001953239, 31.520620346069393 ], [ 76.932937622070426, 31.520671844482422 ], [ 76.934448242187614, 31.520561218261719 ], [ 76.935951232910213, 31.520307540893498 ], [ 76.9373779296875, 31.519870758056584 ], [ 76.938156127929688, 31.518869400024357 ], [ 76.937828063964901, 31.51758956909174 ], [ 76.937751770019474, 31.516311645507926 ], [ 76.937950134277344, 31.515012741088867 ], [ 76.93827056884777, 31.513740539550781 ], [ 76.938796997070369, 31.512531280517635 ], [ 76.940162658691463, 31.512050628662053 ], [ 76.941192626953125, 31.511159896850586 ], [ 76.941680908203182, 31.509929656982536 ], [ 76.942237854003963, 31.508710861206055 ], [ 76.9434814453125, 31.508550643920955 ], [ 76.944526672363338, 31.509492874145621 ], [ 76.945503234863338, 31.510509490966911 ], [ 76.946617126464901, 31.511671066284293 ], [ 76.947082519531364, 31.511909484863395 ], [ 76.947532653808594, 31.51217079162609 ], [ 76.947982788085994, 31.512428283691463 ], [ 76.948417663574332, 31.512701034545898 ], [ 76.948860168457031, 31.512960433960018 ], [ 76.949302673339901, 31.513219833374137 ], [ 76.949768066406193, 31.513479232788086 ], [ 76.950332641601506, 31.513748168945369 ], [ 76.950897216796989, 31.513982772827262 ], [ 76.951477050781193, 31.514181137085075 ], [ 76.952056884765568, 31.514251708984318 ], [ 76.952690124511719, 31.514129638671932 ], [ 76.953208923339844, 31.513982772827262 ], [ 76.953742980957145, 31.513799667358512 ], [ 76.954376220703125, 31.513610839843807 ], [ 76.959548950195312, 31.508750915527344 ], [ 76.961135864257869, 31.505739212036133 ], [ 76.959976196289119, 31.502279281616268 ], [ 76.962608337402344, 31.497940063476619 ], [ 76.968856811523438, 31.497121810913143 ], [ 76.971458435058707, 31.494129180908146 ], [ 76.974967956542969, 31.49596023559576 ], [ 76.979026794433651, 31.493040084838867 ], [ 76.985282897949219, 31.490789413452148 ], [ 77.004829406738395, 31.487880706787109 ], [ 77.024085998535213, 31.487920761108398 ], [ 77.04498291015625, 31.480680465698242 ], [ 77.050178527832088, 31.473619461059684 ], [ 77.045722961425781, 31.463401794433651 ], [ 77.027839660644531, 31.435749053955192 ], [ 77.026657104492188, 31.43169021606451 ], [ 77.015251159667969, 31.429901123046989 ], [ 77.012260437011776, 31.425710678100586 ], [ 77.002983093261662, 31.425739288330135 ], [ 76.999252319335994, 31.423191070556641 ], [ 76.991226196289119, 31.421079635620231 ], [ 76.995429992675838, 31.416440963745174 ], [ 76.99875640869152, 31.409709930419979 ], [ 77.003379821777344, 31.409381866455192 ], [ 77.002037048339844, 31.395772933959961 ], [ 76.998100280761776, 31.389570236206112 ], [ 76.993431091308707, 31.376230239868164 ], [ 76.993888854980469, 31.357830047607479 ], [ 77.010917663574276, 31.357730865478629 ], [ 77.014183044433707, 31.352050781250057 ], [ 77.024276733398494, 31.341379165649471 ], [ 77.032417297363281, 31.338880538940543 ], [ 77.033996582031307, 31.334449768066406 ], [ 77.035408020019474, 31.325820922851562 ], [ 77.036026000976562, 31.311229705810547 ], [ 77.04740142822277, 31.30075836181652 ], [ 77.053062438964901, 31.293710708618221 ], [ 77.0560302734375, 31.287620544433707 ], [ 77.054550170898494, 31.283008575439453 ], [ 77.049102783203239, 31.284151077270565 ], [ 77.047203063964957, 31.280559539794922 ], [ 77.053230285644588, 31.272031784057617 ], [ 77.051856994628906, 31.268060684204045 ], [ 77.049057006835994, 31.265670776367301 ], [ 77.046463012695256, 31.267469406127987 ], [ 77.025886535644531, 31.27489089965826 ], [ 77.017562866210994, 31.278841018676815 ], [ 77.003295898437557, 31.292190551757926 ], [ 76.988693237304688, 31.301370620727596 ] ] ] } },
{ "type": "Feature", "properties": { "ID_0": 105, "ISO": "IND", "NAME_0": "India", "ID_1": 13, "NAME_1": "Himachal Pradesh", "ID_2": 194, "NAME_2": "Mandi", "ID_3": 616, "NAME_3": "Thunag", "CCN_3": 0, "CCA_3": null, "TYPE_3": "Taluk", "ENGTYPE_3": "Taluk", "NL_NAME_3": null, "VARNAME_3": null }, "geometry": { "type": "Polygon", "coordinates": [ [ [ 77.322319030761719, 31.452938079833984 ], [ 77.314582824707145, 31.453680038452262 ], [ 77.307357788086051, 31.451999664306641 ], [ 77.298057556152344, 31.444520950317383 ], [ 77.294242858886719, 31.439510345459041 ], [ 77.286560058593864, 31.435762405395508 ], [ 77.259307861328239, 31.432760238647404 ], [ 77.252113342285156, 31.433040618896598 ], [ 77.242233276367244, 31.443880081176871 ], [ 77.236091613769531, 31.446479797363395 ], [ 77.230880737304801, 31.446470260620231 ], [ 77.223068237304801, 31.444789886474609 ], [ 77.215858459472656, 31.449119567871151 ], [ 77.212860107421932, 31.441970825195312 ], [ 77.206436157226676, 31.44207954406744 ], [ 77.199417114257926, 31.444379806518668 ], [ 77.195075988769531, 31.441551208496207 ], [ 77.187995910644474, 31.432270050048942 ], [ 77.181640625000114, 31.430368423461857 ], [ 77.172767639160156, 31.43041038513195 ], [ 77.163009643554631, 31.428792953491211 ], [ 77.161148071289062, 31.427738189697379 ], [ 77.153327941894531, 31.440998077392635 ], [ 77.150115966796932, 31.446990966796932 ], [ 77.148521423339844, 31.452579498291016 ], [ 77.150718688964901, 31.471160888671875 ], [ 77.144508361816349, 31.476749420166129 ], [ 77.134407043457031, 31.479101181030217 ], [ 77.122268676757869, 31.480360031127987 ], [ 77.112312316894531, 31.48462104797369 ], [ 77.111160278320312, 31.491670608520565 ], [ 77.107482910156364, 31.498758316040096 ], [ 77.100227355957145, 31.503839492797852 ], [ 77.088645935058594, 31.506610870361385 ], [ 77.078628540039119, 31.511440277099723 ], [ 77.05655670166027, 31.532669067382869 ], [ 77.053749084472656, 31.541099548339957 ], [ 77.061157226562443, 31.549892425537166 ], [ 77.0709228515625, 31.549980163574219 ], [ 77.083786010742244, 31.548570632934684 ], [ 77.090766906738281, 31.556930541992301 ], [ 77.098892211914176, 31.564830780029411 ], [ 77.103912353515625, 31.573431015014705 ], [ 77.110801696777344, 31.600000381469727 ], [ 77.105583190918082, 31.607999801635856 ], [ 77.106185913085938, 31.620950698852539 ], [ 77.108787536621207, 31.629980087280217 ], [ 77.113082885742188, 31.63729286193859 ], [ 77.106857299804744, 31.645320892334098 ], [ 77.099388122558651, 31.662740707397575 ], [ 77.091178894043026, 31.664670944213981 ], [ 77.082809448242244, 31.665191650390682 ], [ 77.075187683105526, 31.668590545654411 ], [ 77.070709228515625, 31.676450729370174 ], [ 77.068641662597656, 31.677881240844783 ], [ 77.076950073242301, 31.682279586791992 ], [ 77.109222412109318, 31.693281173706168 ], [ 77.119369506835938, 31.694349288940487 ], [ 77.150177001953239, 31.699300765991268 ], [ 77.160217285156307, 31.705369949340934 ], [ 77.168792724609375, 31.707002639770508 ], [ 77.200302124023494, 31.723781585693359 ], [ 77.202133178710938, 31.724388122558707 ], [ 77.209976196289062, 31.728200912475529 ], [ 77.211196899414119, 31.727090835571346 ], [ 77.21246337890625, 31.725959777831974 ], [ 77.223258972168082, 31.722499847412109 ], [ 77.231147766113281, 31.716279983520451 ], [ 77.242988586425781, 31.713691711425838 ], [ 77.258499145507869, 31.704639434814567 ], [ 77.269332885742244, 31.693870544433707 ], [ 77.290573120117301, 31.665388107299862 ], [ 77.283592224121094, 31.656869888305721 ], [ 77.290885925293026, 31.62528038024908 ], [ 77.291946411132756, 31.614370346069336 ], [ 77.289306640625, 31.602401733398438 ], [ 77.286537170410213, 31.596281051635742 ], [ 77.290679931640682, 31.583311080932617 ], [ 77.289497375488281, 31.569080352783146 ], [ 77.286888122558651, 31.561120986938533 ], [ 77.291282653808651, 31.550060272216797 ], [ 77.298812866210881, 31.541589736938477 ], [ 77.304733276367188, 31.53344917297369 ], [ 77.301651000976676, 31.528160095214957 ], [ 77.302886962890682, 31.510980606079158 ], [ 77.307083129882869, 31.501359939575195 ], [ 77.308639526367244, 31.486370086669922 ], [ 77.311363220214957, 31.474428176879826 ], [ 77.316482543945369, 31.461690902710075 ], [ 77.322319030761719, 31.452938079833984 ] ] ] } },
{ "type": "Feature", "properties": { "ID_0": 105, "ISO": "IND", "NAME_0": "India", "ID_1": 13, "NAME_1": "Himachal Pradesh", "ID_2": 195, "NAME_2": "Shimla", "ID_3": 617, "NAME_3": "Chaupal", "CCN_3": 0, "CCA_3": null, "TYPE_3": "Taluk", "ENGTYPE_3": "Taluk", "NL_NAME_3": null, "VARNAME_3": null }, "geometry": { "type": "Polygon", "coordinates": [ [ [ 77.510513305664176, 30.787429809570369 ], [ 77.500892639160213, 30.79253005981451 ], [ 77.494987487793026, 30.793670654296875 ], [ 77.487541198730526, 30.797220230102596 ], [ 77.479171752929744, 30.798641204834041 ], [ 77.482368469238338, 30.804370880127067 ], [ 77.479766845703239, 30.808429718017521 ], [ 77.479812622070256, 30.814790725708065 ], [ 77.478996276855582, 30.818389892578239 ], [ 77.476753234863395, 30.820859909057731 ], [ 77.475776672363395, 30.829900741577148 ], [ 77.476509094238338, 30.84015083312994 ], [ 77.479156494140682, 30.845430374145508 ], [ 77.473556518554688, 30.849309921264648 ], [ 77.471572875976676, 30.85394287109375 ], [ 77.463516235351619, 30.869401931762809 ], [ 77.456550598144474, 30.86807823181158 ], [ 77.451347351074332, 30.868930816650391 ], [ 77.447257995605469, 30.870410919189567 ], [ 77.4378662109375, 30.867031097412109 ], [ 77.428977966308651, 30.874179840088004 ], [ 77.418228149414062, 30.876569747924748 ], [ 77.422088623046875, 30.883209228515682 ], [ 77.423278808593807, 30.891862869262752 ], [ 77.421066284179631, 30.898380279541072 ], [ 77.417076110839844, 30.902610778808594 ], [ 77.413528442382869, 30.905588150024471 ], [ 77.412216186523494, 30.91245269775402 ], [ 77.410865783691463, 30.917829513549805 ], [ 77.407287597656364, 30.920690536499023 ], [ 77.404235839843864, 30.92505073547369 ], [ 77.398345947265739, 30.929210662841797 ], [ 77.397369384765739, 30.930759429931641 ], [ 77.415672302246207, 30.938051223754996 ], [ 77.421646118164006, 30.941949844360352 ], [ 77.428451538086051, 30.949380874633789 ], [ 77.428016662597713, 30.954259872436523 ], [ 77.427909851074332, 30.96043968200695 ], [ 77.428543090820312, 30.967138290405387 ], [ 77.428497314453239, 30.971830368042049 ], [ 77.426696777343807, 30.980190277099666 ], [ 77.434516906738338, 30.982311248779354 ], [ 77.441368103027401, 30.984380722045898 ], [ 77.448539733886662, 30.9764404296875 ], [ 77.456352233886662, 30.978660583496037 ], [ 77.453620910644588, 30.984680175781307 ], [ 77.450302124023438, 30.989311218261832 ], [ 77.449806213378963, 30.9947509765625 ], [ 77.453437805175895, 31.001901626586971 ], [ 77.455871582031307, 31.005310058593864 ], [ 77.45822906494152, 31.019340515136719 ], [ 77.462905883789062, 31.026679992675895 ], [ 77.471900939941463, 31.025011062622184 ], [ 77.484306335449276, 31.01400184631342 ], [ 77.489868164062614, 31.013862609863338 ], [ 77.496856689453125, 31.008880615234432 ], [ 77.502906799316406, 31.006860733032283 ], [ 77.505355834961051, 31.005361557006836 ], [ 77.507408142089901, 31.006950378417969 ], [ 77.508155822753963, 31.008979797363395 ], [ 77.508888244628963, 31.010580062866268 ], [ 77.513786315917969, 31.017620086670036 ], [ 77.520545959472713, 31.02461051940918 ], [ 77.519866943359318, 31.042070388793945 ], [ 77.528999328613395, 31.055980682373161 ], [ 77.526451110839901, 31.064680099487305 ], [ 77.528633117675895, 31.067840576171932 ], [ 77.533988952636662, 31.073999404907283 ], [ 77.539512634277287, 31.077169418335075 ], [ 77.548461914062614, 31.079179763794059 ], [ 77.569808959961051, 31.075170516967773 ], [ 77.580146789550724, 31.078479766845817 ], [ 77.589813232421989, 31.078479766845817 ], [ 77.597747802734375, 31.076839447021484 ], [ 77.608467102050838, 31.080661773681641 ], [ 77.615386962890739, 31.076879501342773 ], [ 77.6236572265625, 31.07578086853033 ], [ 77.630943298339844, 31.072879791259822 ], [ 77.631347656250057, 31.072849273681641 ], [ 77.637939453124943, 31.072301864624023 ], [ 77.643753051757869, 31.067729949951229 ], [ 77.645668029785213, 31.061370849609432 ], [ 77.648452758789062, 31.056169509887695 ], [ 77.657775878906193, 31.050840377807674 ], [ 77.665283203125057, 31.050819396972656 ], [ 77.671623229980526, 31.049722671508789 ], [ 77.673637390136719, 31.049898147583008 ], [ 77.679656982421989, 31.05045127868658 ], [ 77.689506530761776, 31.053777694702148 ], [ 77.698966979980412, 31.054819107055607 ], [ 77.704856872558707, 31.049409866333065 ], [ 77.710037231445256, 31.042819976806754 ], [ 77.713935852050838, 31.037500381469727 ], [ 77.715240478515625, 31.033702850341797 ], [ 77.717567443847713, 31.03296089172369 ], [ 77.720382690429688, 31.032102584838924 ], [ 77.725608825683651, 31.033540725708065 ], [ 77.727210998535156, 31.032831192016715 ], [ 77.731101989746151, 31.031089782714957 ], [ 77.744918823242301, 31.033170700073185 ], [ 77.750480651855469, 31.033010482788086 ], [ 77.753097534179801, 31.02865028381359 ], [ 77.756568908691349, 31.013032913208121 ], [ 77.755012512207145, 31.005289077758789 ], [ 77.754570007324276, 30.998130798339844 ], [ 77.7484130859375, 30.984050750732536 ], [ 77.750526428222656, 30.981121063232479 ], [ 77.752586364746094, 30.978500366210938 ], [ 77.753921508789062, 30.976842880249137 ], [ 77.741966247558651, 30.967641830444393 ], [ 77.736343383789176, 30.963590621948242 ], [ 77.734573364257869, 30.959569931030273 ], [ 77.733276367187614, 30.949501037597656 ], [ 77.734878540039062, 30.944011688232536 ], [ 77.735687255859432, 30.942020416259822 ], [ 77.736656188964901, 30.939601898193473 ], [ 77.739242553710938, 30.936679840087947 ], [ 77.743576049804801, 30.935228347778263 ], [ 77.746498107910156, 30.933969497680721 ], [ 77.747367858886832, 30.928720474243278 ], [ 77.745597839355526, 30.922309875488338 ], [ 77.752197265625, 30.920959472656307 ], [ 77.758247375488395, 30.920381546020508 ], [ 77.763175964355526, 30.920150756835938 ], [ 77.767257690429631, 30.920480728149528 ], [ 77.771621704101676, 30.924190521240348 ], [ 77.774490356445426, 30.925331115722713 ], [ 77.781852722168026, 30.926219940185604 ], [ 77.788742065429744, 30.926280975341911 ], [ 77.791023254394588, 30.926130294799918 ], [ 77.79337310791027, 30.925981521606502 ], [ 77.795616149902457, 30.923799514770508 ], [ 77.794982910156307, 30.920431137085075 ], [ 77.797416687011719, 30.916749954223633 ], [ 77.800849914550781, 30.912740707397518 ], [ 77.7989501953125, 30.908790588378963 ], [ 77.794631958007869, 30.90348052978527 ], [ 77.790885925293082, 30.900671005249023 ], [ 77.786399841308651, 30.896049499511832 ], [ 77.785438537597656, 30.893358230590877 ], [ 77.784439086914062, 30.888370513916016 ], [ 77.784126281738338, 30.882150650024528 ], [ 77.783622741699332, 30.878650665283203 ], [ 77.783500671386719, 30.872060775756836 ], [ 77.787055969238395, 30.868120193481445 ], [ 77.788932800293026, 30.864959716796989 ], [ 77.789367675781364, 30.858549118042049 ], [ 77.778526306152344, 30.860000610351676 ], [ 77.773597717285156, 30.861030578613281 ], [ 77.768997192382812, 30.86295127868658 ], [ 77.765167236328125, 30.865179061889648 ], [ 77.762786865234432, 30.868160247802734 ], [ 77.76177978515625, 30.875089645385742 ], [ 77.760269165039119, 30.877841949463004 ], [ 77.758209228515682, 30.880479812622013 ], [ 77.754547119140682, 30.882440567016602 ], [ 77.751052856445312, 30.882720947265568 ], [ 77.747749328613395, 30.882270812988338 ], [ 77.744522094726676, 30.881191253662166 ], [ 77.741783142089901, 30.878280639648551 ], [ 77.740852355957088, 30.874330520629996 ], [ 77.741012573242244, 30.869920730590877 ], [ 77.74167633056652, 30.864200592041072 ], [ 77.739585876464957, 30.860189437866211 ], [ 77.735733032226676, 30.857049942016602 ], [ 77.733367919921875, 30.854200363159293 ], [ 77.731460571289062, 30.850770950317383 ], [ 77.733383178710994, 30.847488403320312 ], [ 77.740898132324332, 30.84015083312994 ], [ 77.744071960449276, 30.83624267578125 ], [ 77.744407653808594, 30.829851150512752 ], [ 77.740386962890625, 30.827669143676758 ], [ 77.737449645996207, 30.826299667358455 ], [ 77.734031677246207, 30.824068069458008 ], [ 77.730888366699219, 30.819391250610465 ], [ 77.726562500000057, 30.814420700073242 ], [ 77.724082946777401, 30.811040878295955 ], [ 77.71942138671875, 30.808309555053711 ], [ 77.718063354492188, 30.805099487304631 ], [ 77.71710205078125, 30.799499511718807 ], [ 77.71539306640625, 30.794218063354492 ], [ 77.708648681640739, 30.78450965881359 ], [ 77.70452880859375, 30.779020309448299 ], [ 77.698432922363281, 30.773420333862305 ], [ 77.692657470703239, 30.771419525146598 ], [ 77.688285827636662, 30.768669128417912 ], [ 77.682228088378906, 30.772869110107479 ], [ 77.676841735839787, 30.777629852294979 ], [ 77.673400878906364, 30.782329559326172 ], [ 77.671890258789006, 30.787010192871094 ], [ 77.671447753906364, 30.79137039184576 ], [ 77.667510986328125, 30.79446983337408 ], [ 77.661331176757869, 30.796140670776367 ], [ 77.657096862793026, 30.800252914428825 ], [ 77.654258728027401, 30.803871154785213 ], [ 77.650711059570256, 30.806100845336857 ], [ 77.646118164062614, 30.803770065307617 ], [ 77.645240783691406, 30.807029724121094 ], [ 77.643928527832088, 30.810689926147518 ], [ 77.640907287597713, 30.808410644531307 ], [ 77.635375976562557, 30.809320449829215 ], [ 77.622856140136832, 30.811851501464901 ], [ 77.6151123046875, 30.811800003051871 ], [ 77.610443115234489, 30.812721252441349 ], [ 77.608352661132926, 30.809061050415096 ], [ 77.607856750488281, 30.806699752807674 ], [ 77.607650756835938, 30.803100585937557 ], [ 77.606620788574332, 30.798929214477596 ], [ 77.603096008300781, 30.795379638671875 ], [ 77.598167419433651, 30.793500900268612 ], [ 77.588348388671818, 30.785829544067496 ], [ 77.580802917480526, 30.782859802246151 ], [ 77.573402404785213, 30.780910491943473 ], [ 77.565231323242301, 30.780740737915039 ], [ 77.557212829589957, 30.780221939086914 ], [ 77.548789978027401, 30.780971527099553 ], [ 77.540061950683707, 30.780981063842887 ], [ 77.534233093261719, 30.779371261596737 ], [ 77.531059265136776, 30.778339385986328 ], [ 77.530136108398551, 30.780981063842887 ], [ 77.534049987792969, 30.785890579223633 ], [ 77.535942077636719, 30.788761138916129 ], [ 77.539047241210994, 30.797460556030273 ], [ 77.538749694824162, 30.801019668579158 ], [ 77.534767150878906, 30.80209922790533 ], [ 77.529167175293082, 30.802551269531307 ], [ 77.524581909179801, 30.802440643310604 ], [ 77.519058227539176, 30.802040100097599 ], [ 77.515792846679744, 30.800380706787223 ], [ 77.514076232910213, 30.797180175781307 ], [ 77.510513305664176, 30.787429809570369 ] ] ] } },
{ "type": "Feature", "properties": { "ID_0": 105, "ISO": "IND", "NAME_0": "India", "ID_1": 13, "NAME_1": "Himachal Pradesh", "ID_2": 195, "NAME_2": "Shimla", "ID_3": 618, "NAME_3": "Jubbal", "CCN_3": 0, "CCA_3": null, "TYPE_3": "Taluk", "ENGTYPE_3": "Taluk", "NL_NAME_3": null, "VARNAME_3": null }, "geometry": { "type": "Polygon", "coordinates": [ [ [ 77.608467102050838, 31.080661773681641 ], [ 77.612136840820426, 31.090860366821232 ], [ 77.612937927246207, 31.09745025634777 ], [ 77.611968994140739, 31.100311279296989 ], [ 77.610832214355582, 31.103691101074276 ], [ 77.610527038574219, 31.110540390014705 ], [ 77.615196228027457, 31.133329391479492 ], [ 77.630767822265682, 31.134120941162166 ], [ 77.642837524414176, 31.137479782104606 ], [ 77.658836364746151, 31.137018203735295 ], [ 77.674766540527344, 31.138179779052848 ], [ 77.683242797851619, 31.142400741577262 ], [ 77.690116882324276, 31.157030105590934 ], [ 77.691246032714901, 31.163101196289006 ], [ 77.689422607421989, 31.16964149475092 ], [ 77.691276550293026, 31.17189979553234 ], [ 77.696228027343807, 31.173009872436523 ], [ 77.700828552246207, 31.170972824096737 ], [ 77.708007812500057, 31.166059494018668 ], [ 77.714866638183594, 31.159811019897404 ], [ 77.72013092041027, 31.156970977783203 ], [ 77.726646423339844, 31.156801223754996 ], [ 77.734817504882926, 31.151010513305664 ], [ 77.753257751464901, 31.159429550170842 ], [ 77.765136718750114, 31.164850234985465 ], [ 77.776916503906307, 31.169120788574276 ], [ 77.786247253418026, 31.170310974121207 ], [ 77.792427062988224, 31.169000625610408 ], [ 77.806289672851619, 31.158252716064453 ], [ 77.810043334960938, 31.158260345458984 ], [ 77.817527770996151, 31.158290863037109 ], [ 77.826477050781307, 31.154499053955135 ], [ 77.834960937499943, 31.158239364624137 ], [ 77.841049194336051, 31.157039642334098 ], [ 77.853179931640682, 31.166620254516602 ], [ 77.861099243164006, 31.171009063720817 ], [ 77.866691589355469, 31.172029495239315 ], [ 77.874313354492188, 31.166809082031307 ], [ 77.876632690429744, 31.162881851196346 ], [ 77.878517150878906, 31.159709930420036 ], [ 77.88144683837902, 31.159631729126033 ], [ 77.887489318847713, 31.15470123291027 ], [ 77.889709472656193, 31.148969650268555 ], [ 77.885757446289062, 31.143070220947322 ], [ 77.880401611328125, 31.137430191040039 ], [ 77.879058837890625, 31.13158988952631 ], [ 77.878723144531307, 31.124671936035213 ], [ 77.872756958007812, 31.123210906982422 ], [ 77.857872009277344, 31.116239547729549 ], [ 77.851531982421989, 31.110969543457088 ], [ 77.850135803222713, 31.104200363159237 ], [ 77.85037994384777, 31.095169067382926 ], [ 77.842826843261719, 31.081291198730469 ], [ 77.83746337890625, 31.077510833740348 ], [ 77.831031799316463, 31.077039718627873 ], [ 77.824729919433594, 31.074430465698242 ], [ 77.819549560546875, 31.064910888671875 ], [ 77.814697265625114, 31.06090164184576 ], [ 77.809478759765682, 31.059732437133903 ], [ 77.809608459472656, 31.061370849609432 ], [ 77.806892395019645, 31.062330245971793 ], [ 77.800605773925895, 31.062080383300781 ], [ 77.804916381835994, 31.058771133422965 ], [ 77.805023193359318, 31.054069519042969 ], [ 77.810676574707088, 31.043590545654411 ], [ 77.815116882324332, 31.033929824829158 ], [ 77.818809509277344, 31.032300949096737 ], [ 77.821601867675895, 31.029920578002873 ], [ 77.821060180664062, 31.021080017089901 ], [ 77.818847656250057, 31.015790939331168 ], [ 77.822708129882926, 31.011800765991154 ], [ 77.825332641601619, 31.008132934570369 ], [ 77.82470703125, 31.005189895629996 ], [ 77.810050964355526, 31.005210876464844 ], [ 77.810287475585994, 31.002130508422965 ], [ 77.813606262206974, 30.998920440673942 ], [ 77.810913085937614, 30.995380401611328 ], [ 77.807540893554688, 30.993841171264762 ], [ 77.80621337890625, 30.988059997558594 ], [ 77.806480407714901, 30.985031127929744 ], [ 77.80621337890625, 30.983480453491268 ], [ 77.80523681640625, 30.981639862060547 ], [ 77.803192138671932, 30.979709625244084 ], [ 77.798721313476506, 30.976118087768668 ], [ 77.797286987304744, 30.972959518432617 ], [ 77.796417236328239, 30.969820022583065 ], [ 77.797401428222656, 30.967758178711051 ], [ 77.801582336425724, 30.963569641113395 ], [ 77.804626464843864, 30.960990905761719 ], [ 77.813247680664062, 30.962448120117131 ], [ 77.816390991210994, 30.961982727050838 ], [ 77.818916320800895, 30.960090637207088 ], [ 77.819320678710881, 30.956840515136776 ], [ 77.817146301269588, 30.953569412231445 ], [ 77.812606811523551, 30.952791213989258 ], [ 77.807540893554688, 30.95371055603033 ], [ 77.802276611328182, 30.955101013183651 ], [ 77.796592712402457, 30.958431243896541 ], [ 77.787612915039176, 30.965721130371094 ], [ 77.77838134765625, 30.972320556640739 ], [ 77.770942687988281, 30.975660324096737 ], [ 77.763877868652344, 30.97698974609375 ], [ 77.753921508789062, 30.976842880249137 ], [ 77.752586364746094, 30.978500366210938 ], [ 77.750526428222656, 30.981121063232479 ], [ 77.7484130859375, 30.984050750732536 ], [ 77.754570007324276, 30.998130798339844 ], [ 77.755012512207145, 31.005289077758789 ], [ 77.756568908691349, 31.013032913208121 ], [ 77.753097534179801, 31.02865028381359 ], [ 77.750480651855469, 31.033010482788086 ], [ 77.744918823242301, 31.033170700073185 ], [ 77.731101989746151, 31.031089782714957 ], [ 77.727210998535156, 31.032831192016715 ], [ 77.725608825683651, 31.033540725708065 ], [ 77.720382690429688, 31.032102584838924 ], [ 77.717567443847713, 31.03296089172369 ], [ 77.715240478515625, 31.033702850341797 ], [ 77.713935852050838, 31.037500381469727 ], [ 77.710037231445256, 31.042819976806754 ], [ 77.704856872558707, 31.049409866333065 ], [ 77.698966979980412, 31.054819107055607 ], [ 77.689506530761776, 31.053777694702148 ], [ 77.679656982421989, 31.05045127868658 ], [ 77.673637390136719, 31.049898147583008 ], [ 77.671623229980526, 31.049722671508789 ], [ 77.665283203125057, 31.050819396972656 ], [ 77.657775878906193, 31.050840377807674 ], [ 77.648452758789062, 31.056169509887695 ], [ 77.645668029785213, 31.061370849609432 ], [ 77.643753051757869, 31.067729949951229 ], [ 77.637939453124943, 31.072301864624023 ], [ 77.631347656250057, 31.072849273681641 ], [ 77.630943298339844, 31.072879791259822 ], [ 77.6236572265625, 31.07578086853033 ], [ 77.615386962890739, 31.076879501342773 ], [ 77.608467102050838, 31.080661773681641 ] ] ] } },
{ "type": "Feature", "properties": { "ID_0": 105, "ISO": "IND", "NAME_0": "India", "ID_1": 13, "NAME_1": "Himachal Pradesh", "ID_2": 195, "NAME_2": "Shimla", "ID_3": 619, "NAME_3": "Kotkhai", "CCN_3": 0, "CCA_3": null, "TYPE_3": "Taluk", "ENGTYPE_3": "Taluk", "NL_NAME_3": null, "VARNAME_3": null }, "geometry": { "type": "Polygon", "coordinates": [ [ [ 77.608467102050838, 31.080661773681641 ], [ 77.597747802734375, 31.076839447021484 ], [ 77.589813232421989, 31.078479766845817 ], [ 77.580146789550724, 31.078479766845817 ], [ 77.569808959961051, 31.075170516967773 ], [ 77.548461914062614, 31.079179763794059 ], [ 77.539512634277287, 31.077169418335075 ], [ 77.533988952636662, 31.073999404907283 ], [ 77.528633117675895, 31.067840576171932 ], [ 77.515037536621151, 31.07000923156744 ], [ 77.502098083496207, 31.068620681762752 ], [ 77.489006042480469, 31.069261550903434 ], [ 77.488090515136776, 31.078939437866154 ], [ 77.473640441894588, 31.084920883178711 ], [ 77.469596862793026, 31.094959259033203 ], [ 77.463401794433707, 31.105400085449276 ], [ 77.453636169433707, 31.111541748046932 ], [ 77.444160461425781, 31.112070083618164 ], [ 77.429916381835994, 31.109781265258789 ], [ 77.424201965332088, 31.110372543335075 ], [ 77.430137634277401, 31.124139785766658 ], [ 77.43534088134777, 31.131219863891658 ], [ 77.445617675781364, 31.134149551391715 ], [ 77.445556640625057, 31.138761520385799 ], [ 77.442466735839844, 31.148511886596793 ], [ 77.444931030273438, 31.153751373291072 ], [ 77.463287353515625, 31.161050796508732 ], [ 77.468215942382812, 31.167270660400391 ], [ 77.468208312988281, 31.173498153686637 ], [ 77.464340209961051, 31.181459426879826 ], [ 77.467399597168082, 31.187040328979606 ], [ 77.468955993652344, 31.196090698242301 ], [ 77.466957092285213, 31.200370788574276 ], [ 77.465057373046932, 31.20470046997076 ], [ 77.479431152343693, 31.21256065368658 ], [ 77.481460571289119, 31.221612930297908 ], [ 77.482368469238338, 31.230709075927848 ], [ 77.484542846679801, 31.238660812377987 ], [ 77.488349914550895, 31.244699478149471 ], [ 77.492179870605582, 31.248670578003043 ], [ 77.500785827636832, 31.248661041259766 ], [ 77.509117126464901, 31.25169944763195 ], [ 77.520706176757869, 31.252550125122184 ], [ 77.534233093261719, 31.25056076049799 ], [ 77.544960021972713, 31.25035285949707 ], [ 77.553627014160099, 31.253171920776424 ], [ 77.560691833496037, 31.250720977783317 ], [ 77.569160461425838, 31.251220703124943 ], [ 77.576080322265739, 31.235879898071289 ], [ 77.576591491699276, 31.230220794677791 ], [ 77.567672729492244, 31.223100662231445 ], [ 77.563491821289176, 31.218379974365234 ], [ 77.565361022949276, 31.213251113891658 ], [ 77.572456359863395, 31.201179504394588 ], [ 77.577598571777401, 31.195800781250057 ], [ 77.581413269043026, 31.187261581421012 ], [ 77.583938598632926, 31.178770065307674 ], [ 77.591339111328239, 31.163280487060604 ], [ 77.593353271484375, 31.156339645385856 ], [ 77.611228942871037, 31.151189804077262 ], [ 77.614677429199219, 31.145910263061523 ], [ 77.615196228027457, 31.133329391479492 ], [ 77.610527038574219, 31.110540390014705 ], [ 77.610832214355582, 31.103691101074276 ], [ 77.611968994140739, 31.100311279296989 ], [ 77.612937927246207, 31.09745025634777 ], [ 77.612136840820426, 31.090860366821232 ], [ 77.608467102050838, 31.080661773681641 ] ] ] } },
{ "type": "Feature", "properties": { "ID_0": 105, "ISO": "IND", "NAME_0": "India", "ID_1": 13, "NAME_1": "Himachal Pradesh", "ID_2": 195, "NAME_2": "Shimla", "ID_3": 620, "NAME_3": "Kumharsain", "CCN_3": 0, "CCA_3": null, "TYPE_3": "Taluk", "ENGTYPE_3": "Taluk", "NL_NAME_3": null, "VARNAME_3": null }, "geometry": { "type": "Polygon", "coordinates": [ [ [ 77.510841369628963, 31.355350494384822 ], [ 77.520996093750114, 31.344722747802848 ], [ 77.525627136230469, 31.337610244751033 ], [ 77.528480529785156, 31.330699920654297 ], [ 77.5283203125, 31.325502395629883 ], [ 77.514739990234375, 31.316019058227596 ], [ 77.507026672363338, 31.307329177856559 ], [ 77.494949340820312, 31.289079666137695 ], [ 77.493057250976619, 31.283260345459041 ], [ 77.502937316894531, 31.274602890014762 ], [ 77.508316040039119, 31.271709442138786 ], [ 77.510581970214844, 31.268350601196346 ], [ 77.50669097900402, 31.261150360107479 ], [ 77.504631042480469, 31.260021209716854 ], [ 77.499076843261662, 31.258750915527401 ], [ 77.494873046875114, 31.258541107177848 ], [ 77.492591857910099, 31.254671096801871 ], [ 77.492179870605582, 31.248670578003043 ], [ 77.488349914550895, 31.244699478149471 ], [ 77.484542846679801, 31.238660812377987 ], [ 77.482368469238338, 31.230709075927848 ], [ 77.481460571289119, 31.221612930297908 ], [ 77.479431152343693, 31.21256065368658 ], [ 77.465057373046932, 31.20470046997076 ], [ 77.458419799804801, 31.204360961914062 ], [ 77.447425842285156, 31.207431793213004 ], [ 77.441970825195369, 31.209970474243221 ], [ 77.438049316406193, 31.213382720947266 ], [ 77.436492919921989, 31.218631744384822 ], [ 77.435913085937614, 31.224390029907227 ], [ 77.436737060546875, 31.231819152832031 ], [ 77.434669494628906, 31.23563194274908 ], [ 77.425186157226619, 31.229770660400334 ], [ 77.418792724609375, 31.227411270141715 ], [ 77.412200927734432, 31.226839065551871 ], [ 77.407463073730526, 31.229499816894531 ], [ 77.40500640869152, 31.232900619506836 ], [ 77.398757934570256, 31.231229782104549 ], [ 77.392242431640739, 31.240760803222656 ], [ 77.385192871093864, 31.248020172119254 ], [ 77.377243041992188, 31.251840591430607 ], [ 77.371421813964957, 31.249769210815487 ], [ 77.363693237304688, 31.25016975402832 ], [ 77.362236022949276, 31.254560470581168 ], [ 77.358581542968807, 31.258600234985408 ], [ 77.352996826171875, 31.26183128356945 ], [ 77.348953247070426, 31.264129638671932 ], [ 77.340682983398494, 31.267311096191406 ], [ 77.328506469726676, 31.281269073486271 ], [ 77.321456909179801, 31.285301208496151 ], [ 77.314132690429688, 31.285768508911246 ], [ 77.303390502929631, 31.287330627441406 ], [ 77.310226440429801, 31.296960830688533 ], [ 77.316642761230526, 31.297822952270508 ], [ 77.322097778320312, 31.302139282226676 ], [ 77.324302673339901, 31.309221267700309 ], [ 77.326698303222656, 31.326580047607479 ], [ 77.338150024414062, 31.349510192871094 ], [ 77.343162536621151, 31.355850219726619 ], [ 77.349456787109432, 31.36034011840826 ], [ 77.357192993164062, 31.362760543823185 ], [ 77.363876342773438, 31.362979888916072 ], [ 77.370689392089957, 31.362289428710938 ], [ 77.371910095214844, 31.365278244018555 ], [ 77.377288818359432, 31.363670349121151 ], [ 77.382102966308707, 31.363201141357479 ], [ 77.387260437011832, 31.366081237792969 ], [ 77.39163970947277, 31.360771179199219 ], [ 77.404067993164176, 31.3501491546632 ], [ 77.409545898437557, 31.350660324096737 ], [ 77.415206909179688, 31.345518112182674 ], [ 77.421623229980582, 31.348171234130973 ], [ 77.432212829589901, 31.347000122070312 ], [ 77.439559936523551, 31.351659774780387 ], [ 77.461341857910156, 31.354099273681754 ], [ 77.464141845703239, 31.356821060180721 ], [ 77.483711242675838, 31.360122680664176 ], [ 77.492790222167912, 31.359300613403377 ], [ 77.503486633300781, 31.355239868164062 ], [ 77.510841369628963, 31.355350494384822 ] ] ] } },
{ "type": "Feature", "properties": { "ID_0": 105, "ISO": "IND", "NAME_0": "India", "ID_1": 13, "NAME_1": "Himachal Pradesh", "ID_2": 195, "NAME_2": "Shimla", "ID_3": 621, "NAME_3": "n.a. ( 75)", "CCN_3": 0, "CCA_3": null, "TYPE_3": "Taluk", "ENGTYPE_3": "Taluk", "NL_NAME_3": null, "VARNAME_3": null }, "geometry": { "type": "Polygon", "coordinates": [ [ [ 78.298362731933651, 31.28820991516119 ], [ 78.296806335449276, 31.284469604492188 ], [ 78.295516967773494, 31.272859573364258 ], [ 78.293418884277401, 31.266040802001953 ], [ 78.288459777832088, 31.264200210571403 ], [ 78.278152465820369, 31.266660690307617 ], [ 78.26902008056652, 31.271360397338981 ], [ 78.258140563964901, 31.260362625122127 ], [ 78.254959106445256, 31.256599426269531 ], [ 78.253242492675724, 31.25287055969244 ], [ 78.249740600585994, 31.250551223754883 ], [ 78.248207092285213, 31.246658325195312 ], [ 78.242630004882812, 31.243362426757926 ], [ 78.237510681152401, 31.243940353393555 ], [ 78.237648010253906, 31.239799499511719 ], [ 78.232589721679801, 31.235019683837947 ], [ 78.218437194824276, 31.238719940185661 ], [ 78.21209716796875, 31.238550186157227 ], [ 78.206817626953182, 31.237230300903377 ], [ 78.203987121582145, 31.234090805053768 ], [ 78.200271606445312, 31.225719451904411 ], [ 78.192840576171875, 31.222911834716797 ], [ 78.187561035156307, 31.222219467163086 ], [ 78.184921264648551, 31.22332954406744 ], [ 78.176483154296932, 31.23003005981451 ], [ 78.171417236328068, 31.231809616088924 ], [ 78.165817260742244, 31.231061935424862 ], [ 78.1630859375, 31.231500625610352 ], [ 78.160446166992244, 31.231920242309627 ], [ 78.155426025390625, 31.230287551879826 ], [ 78.15313720703125, 31.230680465698299 ], [ 78.1478271484375, 31.231571197509822 ], [ 78.145835876464957, 31.226881027221737 ], [ 78.143608093261719, 31.224079132080078 ], [ 78.13714599609375, 31.222421646118278 ], [ 78.134902954101619, 31.216119766235465 ], [ 78.119155883789006, 31.214040756225586 ], [ 78.113800048828239, 31.206230163574219 ], [ 78.109848022460938, 31.205669403076229 ], [ 78.106880187988338, 31.202489852905387 ], [ 78.100791931152457, 31.199790954589844 ], [ 78.092376708984432, 31.192831039428711 ], [ 78.087738037109375, 31.190799713134879 ], [ 78.080078125, 31.190708160400391 ], [ 78.075492858886719, 31.192911148071232 ], [ 78.07110595703125, 31.19276046752924 ], [ 78.059158325195369, 31.19236946105957 ], [ 78.053833007812557, 31.192930221557674 ], [ 78.0396728515625, 31.187509536743278 ], [ 78.01641845703125, 31.222911834716797 ], [ 77.985122680664062, 31.238410949707145 ], [ 77.970275878906307, 31.265342712402287 ], [ 77.933273315429744, 31.323991775512695 ], [ 77.921195983886719, 31.333320617675838 ], [ 77.912010192871207, 31.342060089111442 ], [ 77.900878906250057, 31.350549697876033 ], [ 77.871131896972713, 31.368841171264762 ], [ 77.867767333984318, 31.377960205078182 ], [ 77.896865844726619, 31.381429672241325 ], [ 77.917205810546875, 31.385379791259879 ], [ 77.932792663574332, 31.389972686767692 ], [ 77.938438415527401, 31.394229888916016 ], [ 77.941627502441406, 31.399490356445312 ], [ 77.948509216308594, 31.406959533691463 ], [ 77.961578369140739, 31.406021118164119 ], [ 77.980316162109375, 31.409170150756836 ], [ 77.984832763671989, 31.407148361206168 ], [ 77.993507385253906, 31.406869888305778 ], [ 77.999061584472656, 31.407859802246094 ], [ 78.009239196777457, 31.405279159546012 ], [ 78.013656616211051, 31.406629562377873 ], [ 78.0177001953125, 31.409000396728629 ], [ 78.032516479492301, 31.419340133667049 ], [ 78.039360046386776, 31.423179626464901 ], [ 78.054031372070369, 31.420110702514762 ], [ 78.058517456054688, 31.422021865844727 ], [ 78.064247131347656, 31.4217529296875 ], [ 78.070793151855526, 31.425870895385856 ], [ 78.073471069335994, 31.426769256591911 ], [ 78.078788757324219, 31.425220489502067 ], [ 78.088348388671932, 31.424329757690543 ], [ 78.08941650390625, 31.4203395843507 ], [ 78.095146179199219, 31.414030075073356 ], [ 78.101516723632869, 31.413431167602539 ], [ 78.111152648925724, 31.41033935546875 ], [ 78.1142578125, 31.40794944763195 ], [ 78.120246887207145, 31.40110015869152 ], [ 78.125457763671818, 31.398981094360408 ], [ 78.131492614746151, 31.392190933227653 ], [ 78.138137817382869, 31.395338058471793 ], [ 78.144378662109375, 31.392000198364371 ], [ 78.148017883300781, 31.388389587402344 ], [ 78.150817871093693, 31.382780075073185 ], [ 78.138099670410156, 31.364561080932674 ], [ 78.14450836181652, 31.35420036315918 ], [ 78.149063110351676, 31.349258422851506 ], [ 78.156326293945426, 31.348949432373161 ], [ 78.164962768554688, 31.341209411621207 ], [ 78.170852661132756, 31.341550827026481 ], [ 78.187698364257812, 31.334119796753043 ], [ 78.193817138671932, 31.333602905273551 ], [ 78.199531555175838, 31.330310821533203 ], [ 78.204788208007926, 31.330541610717773 ], [ 78.210449218750057, 31.332950592040959 ], [ 78.213562011718864, 31.336259841919002 ], [ 78.220062255859318, 31.339170455932617 ], [ 78.22574615478527, 31.345550537109432 ], [ 78.229377746582145, 31.346839904785156 ], [ 78.2322998046875, 31.345542907714901 ], [ 78.234382629394531, 31.341430664062614 ], [ 78.238021850585938, 31.338859558105526 ], [ 78.240486145019531, 31.334981918335018 ], [ 78.244796752929801, 31.33251953125 ], [ 78.259635925293026, 31.329349517822266 ], [ 78.276710510253849, 31.328531265258789 ], [ 78.28659820556652, 31.319889068603572 ], [ 78.282516479492244, 31.314189910888729 ], [ 78.2828369140625, 31.308900833129883 ], [ 78.280426025390682, 31.303920745849723 ], [ 78.280212402343807, 31.297531127929801 ], [ 78.291603088378906, 31.290719985962028 ], [ 78.298362731933651, 31.28820991516119 ] ] ] } },
{ "type": "Feature", "properties": { "ID_0": 105, "ISO": "IND", "NAME_0": "India", "ID_1": 13, "NAME_1": "Himachal Pradesh", "ID_2": 195, "NAME_2": "Shimla", "ID_3": 622, "NAME_3": "n.a. ( 89)", "CCN_3": 0, "CCA_3": null, "TYPE_3": "Taluk", "ENGTYPE_3": "Taluk", "NL_NAME_3": null, "VARNAME_3": null }, "geometry": { "type": "Polygon", "coordinates": [ [ [ 77.270050048828125, 31.142421722412109 ], [ 77.274009704589787, 31.136959075927791 ], [ 77.280181884765625, 31.13195991516119 ], [ 77.280822753906364, 31.126319885253906 ], [ 77.279647827148494, 31.120801925659237 ], [ 77.273117065429688, 31.112861633300838 ], [ 77.262145996093864, 31.09663009643549 ], [ 77.261772155761832, 31.09119987487793 ], [ 77.270332336425895, 31.093971252441463 ], [ 77.280960083007869, 31.090410232544002 ], [ 77.287490844726619, 31.085390090942383 ], [ 77.284111022949332, 31.077440261840877 ], [ 77.27728271484375, 31.068519592285156 ], [ 77.281257629394474, 31.062870025634709 ], [ 77.279212951660156, 31.051031112670955 ], [ 77.287040710449219, 31.036951065063477 ], [ 77.293609619140739, 31.022001266479549 ], [ 77.29746246337902, 31.009147644043082 ], [ 77.299980163574219, 31.007770538330078 ], [ 77.298652648925781, 31.004999160766715 ], [ 77.298408508300895, 31.003240585327148 ], [ 77.299781799316406, 30.998380661010799 ], [ 77.303642272949219, 30.99563026428234 ], [ 77.307792663574219, 30.994270324707145 ], [ 77.307876586914119, 30.990261077880859 ], [ 77.305938720703182, 30.9852809906007 ], [ 77.303016662597656, 30.979900360107365 ], [ 77.29898834228527, 30.975879669189567 ], [ 77.294540405273494, 30.973289489746207 ], [ 77.287750244140568, 30.972311019897575 ], [ 77.286422729492188, 30.968299865722713 ], [ 77.286605834960881, 30.960849761962891 ], [ 77.281181335449276, 30.95575141906744 ], [ 77.273406982421989, 30.955608367919979 ], [ 77.266830444335938, 30.953199386596793 ], [ 77.260482788085938, 30.948650360107422 ], [ 77.25168609619152, 30.944919586181697 ], [ 77.248756408691463, 30.941299438476562 ], [ 77.247062683105582, 30.932598114013615 ], [ 77.240722656250057, 30.926170349121207 ], [ 77.232376098632926, 30.922939300537109 ], [ 77.231269836425895, 30.929410934448185 ], [ 77.22943115234375, 30.934270858764705 ], [ 77.226837158203182, 30.93889045715332 ], [ 77.22666168212902, 30.943880081176815 ], [ 77.233428955078125, 30.946649551391715 ], [ 77.238098144531364, 30.951810836792049 ], [ 77.232612609863395, 30.956430435180664 ], [ 77.227127075195312, 30.959850311279411 ], [ 77.220817565917969, 30.964460372924918 ], [ 77.205696105957145, 30.970329284667969 ], [ 77.198516845703125, 30.970291137695312 ], [ 77.192779541015625, 30.971031188964787 ], [ 77.188819885253906, 30.973880767822322 ], [ 77.188392639160156, 30.978519439697379 ], [ 77.191307067871151, 30.981220245361442 ], [ 77.193847656250114, 30.986089706420898 ], [ 77.195579528808707, 30.990840911865234 ], [ 77.19461822509777, 30.995140075683651 ], [ 77.189956665039062, 30.999530792236442 ], [ 77.184776306152344, 31.003400802612418 ], [ 77.183311462402401, 31.004648208618107 ], [ 77.172416687011719, 31.013120651245231 ], [ 77.16678619384777, 31.013401031494197 ], [ 77.165428161621207, 31.012258529663143 ], [ 77.163467407226619, 31.01167106628418 ], [ 77.157226562500114, 31.008790969848746 ], [ 77.13492584228527, 31.012500762939567 ], [ 77.130805969238281, 31.024860382080192 ], [ 77.115867614746207, 31.033212661743278 ], [ 77.106491088867301, 31.036069869995117 ], [ 77.099639892578239, 31.034498214721623 ], [ 77.092041015625114, 31.035352706909237 ], [ 77.079238891601676, 31.041690826416129 ], [ 77.073150634765739, 31.046850204467887 ], [ 77.066696166992188, 31.049650192260799 ], [ 77.059547424316463, 31.051111221313533 ], [ 77.053710937499943, 31.054450988769531 ], [ 77.057060241699276, 31.058660507202205 ], [ 77.066612243652401, 31.060461044311523 ], [ 77.067878723144531, 31.065998077392635 ], [ 77.072647094726562, 31.069709777832031 ], [ 77.065742492675781, 31.083320617675895 ], [ 77.06427001953125, 31.088939666748104 ], [ 77.059471130371094, 31.090999603271541 ], [ 77.056327819824332, 31.089309692382812 ], [ 77.050651550293082, 31.092132568359489 ], [ 77.044471740722713, 31.093862533569336 ], [ 77.037658691406364, 31.089090347290153 ], [ 77.032302856445426, 31.083919525146484 ], [ 77.029312133789062, 31.076290130615234 ], [ 77.025177001953182, 31.072151184082031 ], [ 77.020767211914062, 31.0836181640625 ], [ 77.013893127441406, 31.085502624511719 ], [ 77.011985778808594, 31.091119766235352 ], [ 77.012786865234432, 31.095560073852596 ], [ 77.022560119628963, 31.098989486694336 ], [ 77.027328491210994, 31.103269577026424 ], [ 77.035980224609318, 31.104200363159237 ], [ 77.041999816894588, 31.107738494873047 ], [ 77.037933349609375, 31.114280700683537 ], [ 77.032623291015682, 31.119829177856559 ], [ 77.025581359863338, 31.118459701538086 ], [ 77.016632080078182, 31.11841011047369 ], [ 77.014060974121094, 31.11408805847168 ], [ 77.011932373046989, 31.113082885742301 ], [ 77.003273010253963, 31.112911224365234 ], [ 76.986038208007812, 31.109109878540096 ], [ 76.978767395019531, 31.115440368652344 ], [ 76.978637695312557, 31.118238449096623 ], [ 76.978523254394645, 31.120180130004996 ], [ 76.98197174072277, 31.120969772338867 ], [ 76.986030578613281, 31.118650436401367 ], [ 76.991790771484375, 31.118251800537109 ], [ 76.995185852050781, 31.119590759277457 ], [ 76.99713134765625, 31.122209548950195 ], [ 76.996696472167969, 31.134492874145621 ], [ 76.998435974121094, 31.140850067138786 ], [ 77.016387939453125, 31.156080245971737 ], [ 77.019790649414062, 31.162651062011776 ], [ 77.011756896972599, 31.172370910644588 ], [ 76.998550415039176, 31.178600311279411 ], [ 76.991531372070256, 31.18474006652832 ], [ 76.989898681640682, 31.191560745239371 ], [ 76.989318847656307, 31.198881149292106 ], [ 76.990936279296989, 31.206739425659123 ], [ 76.995918273925724, 31.21344184875494 ], [ 77.005783081054801, 31.222160339355526 ], [ 77.017730712890625, 31.22396278381359 ], [ 77.022941589355526, 31.226139068603459 ], [ 77.029586791992244, 31.224700927734489 ], [ 77.039329528808651, 31.216712951660156 ], [ 77.046173095703182, 31.212339401245174 ], [ 77.049560546875, 31.204391479492244 ], [ 77.055313110351619, 31.19783973693859 ], [ 77.063362121582088, 31.196689605712947 ], [ 77.06949615478527, 31.200460433959961 ], [ 77.075180053710994, 31.207410812377987 ], [ 77.077766418457031, 31.206739425659123 ], [ 77.084648132324219, 31.19963264465332 ], [ 77.09075927734375, 31.185409545898551 ], [ 77.094741821289062, 31.172981262207145 ], [ 77.101516723632869, 31.171211242675838 ], [ 77.110816955566463, 31.171810150146484 ], [ 77.116836547851676, 31.174089431762695 ], [ 77.129180908203182, 31.174020767211857 ], [ 77.133026123046989, 31.174888610839957 ], [ 77.146438598632812, 31.168979644775391 ], [ 77.154190063476676, 31.160930633544922 ], [ 77.15799713134777, 31.160140991210994 ], [ 77.163520812988395, 31.162229537963924 ], [ 77.169532775878906, 31.166580200195312 ], [ 77.183921813964901, 31.179939270019531 ], [ 77.199180603027401, 31.187519073486385 ], [ 77.202713012695312, 31.192792892456168 ], [ 77.205245971679744, 31.19210243225109 ], [ 77.216812133789062, 31.180459976196403 ], [ 77.232200622558707, 31.160671234130973 ], [ 77.238937377929688, 31.145990371704045 ], [ 77.24603271484375, 31.13976097106945 ], [ 77.249359130859489, 31.137340545654354 ], [ 77.255126953124943, 31.137790679931754 ], [ 77.265426635742131, 31.140268325805607 ], [ 77.270050048828125, 31.142421722412109 ] ], [ [ 77.212051391601562, 31.088449478149414 ], [ 77.215476989746094, 31.094089508056697 ], [ 77.214561462402344, 31.100780487060661 ], [ 77.208602905273438, 31.105560302734375 ], [ 77.190162658691463, 31.115470886230469 ], [ 77.165328979492188, 31.117740631103572 ], [ 77.154441833496094, 31.113681793212947 ], [ 77.147468566894588, 31.106330871582031 ], [ 77.142318725585994, 31.098920822143668 ], [ 77.146751403808707, 31.083160400390739 ], [ 77.15142822265625, 31.086122512817383 ], [ 77.157417297363395, 31.086868286132812 ], [ 77.165397644043026, 31.083610534667969 ], [ 77.17862701416027, 31.081758499145508 ], [ 77.191963195800895, 31.081750869750977 ], [ 77.20359039306652, 31.083600997924862 ], [ 77.212051391601562, 31.088449478149414 ] ] ] } },
{ "type": "Feature", "properties": { "ID_0": 105, "ISO": "IND", "NAME_0": "India", "ID_1": 13, "NAME_1": "Himachal Pradesh", "ID_2": 195, "NAME_2": "Shimla", "ID_3": 623, "NAME_3": "Rampur", "CCN_3": 0, "CCA_3": null, "TYPE_3": "Taluk", "ENGTYPE_3": "Taluk", "NL_NAME_3": null, "VARNAME_3": null }, "geometry": { "type": "Polygon", "coordinates": [ [ [ 77.867767333984318, 31.377960205078182 ], [ 77.861717224121094, 31.377290725708121 ], [ 77.85135650634777, 31.374700546264705 ], [ 77.83817291259777, 31.37018013000494 ], [ 77.834007263183537, 31.367130279541016 ], [ 77.832260131836051, 31.354129791259709 ], [ 77.827346801757812, 31.349090576171875 ], [ 77.821327209472713, 31.346771240234489 ], [ 77.799652099609489, 31.339298248291016 ], [ 77.782859802246207, 31.335042953491325 ], [ 77.773483276367244, 31.333509445190487 ], [ 77.756561279296989, 31.331890106201229 ], [ 77.740989685058594, 31.334440231323299 ], [ 77.735458374023438, 31.309101104736442 ], [ 77.731712341308651, 31.306570053100643 ], [ 77.72515869140625, 31.305320739746151 ], [ 77.710372924804801, 31.305820465088004 ], [ 77.702178955078239, 31.308450698852653 ], [ 77.694335937500114, 31.312709808349723 ], [ 77.684165954589901, 31.316850662231559 ], [ 77.675781250000057, 31.318742752075309 ], [ 77.665969848632756, 31.318149566650447 ], [ 77.658676147461051, 31.314809799194393 ], [ 77.648193359375114, 31.29998970031744 ], [ 77.64599609375, 31.289499282836971 ], [ 77.646011352539062, 31.280860900878963 ], [ 77.636978149414006, 31.275249481201229 ], [ 77.624755859375114, 31.271972656250114 ], [ 77.611206054687614, 31.268629074096737 ], [ 77.586456298828125, 31.265401840210018 ], [ 77.577980041503963, 31.261079788208065 ], [ 77.5740966796875, 31.254390716552734 ], [ 77.569160461425838, 31.251220703124943 ], [ 77.560691833496037, 31.250720977783317 ], [ 77.553627014160099, 31.253171920776424 ], [ 77.544960021972713, 31.25035285949707 ], [ 77.534233093261719, 31.25056076049799 ], [ 77.520706176757869, 31.252550125122184 ], [ 77.509117126464901, 31.25169944763195 ], [ 77.500785827636832, 31.248661041259766 ], [ 77.492179870605582, 31.248670578003043 ], [ 77.492591857910099, 31.254671096801871 ], [ 77.494873046875114, 31.258541107177848 ], [ 77.499076843261662, 31.258750915527401 ], [ 77.504631042480469, 31.260021209716854 ], [ 77.50669097900402, 31.261150360107479 ], [ 77.510581970214844, 31.268350601196346 ], [ 77.508316040039119, 31.271709442138786 ], [ 77.502937316894531, 31.274602890014762 ], [ 77.493057250976619, 31.283260345459041 ], [ 77.494949340820312, 31.289079666137695 ], [ 77.507026672363338, 31.307329177856559 ], [ 77.514739990234375, 31.316019058227596 ], [ 77.5283203125, 31.325502395629883 ], [ 77.528480529785156, 31.330699920654297 ], [ 77.525627136230469, 31.337610244751033 ], [ 77.520996093750114, 31.344722747802848 ], [ 77.510841369628963, 31.355350494384822 ], [ 77.516807556152457, 31.357460021972599 ], [ 77.524665832519531, 31.37294960021984 ], [ 77.532936096191463, 31.386140823364258 ], [ 77.539306640625114, 31.390621185302734 ], [ 77.54825592041027, 31.392669677734432 ], [ 77.556526184082031, 31.390520095825195 ], [ 77.576446533203182, 31.399570465087891 ], [ 77.585548400878906, 31.400070190429744 ], [ 77.595466613769531, 31.397739410400447 ], [ 77.604728698730582, 31.392639160156307 ], [ 77.615036010742301, 31.395141601562557 ], [ 77.619056701660099, 31.401590347290039 ], [ 77.611206054687614, 31.417930603027287 ], [ 77.608062744140682, 31.427667617797965 ], [ 77.610031127929801, 31.443069458007926 ], [ 77.613136291503849, 31.450141906738395 ], [ 77.617156982421875, 31.454282760620231 ], [ 77.625740051269531, 31.458520889282283 ], [ 77.639266967773381, 31.462690353393668 ], [ 77.647727966308594, 31.463769912719727 ], [ 77.655853271484489, 31.466899871826172 ], [ 77.661376953125114, 31.473398208618221 ], [ 77.666351318359318, 31.481910705566463 ], [ 77.673545837402457, 31.490631103515625 ], [ 77.686248779296875, 31.499589920044059 ], [ 77.69140625, 31.500911712646541 ], [ 77.693778991699332, 31.506540298461914 ], [ 77.688072204589957, 31.513200759887695 ], [ 77.685928344726619, 31.522830963134822 ], [ 77.689208984375114, 31.533880233764648 ], [ 77.684013366699276, 31.546009063720646 ], [ 77.676071166992301, 31.548921585083065 ], [ 77.669021606445256, 31.553730010986385 ], [ 77.664596557617301, 31.563699722289982 ], [ 77.658706665039176, 31.565229415893612 ], [ 77.64923095703125, 31.576219558715877 ], [ 77.640823364257812, 31.582340240478572 ], [ 77.63720703125, 31.596260070800724 ], [ 77.6337890625, 31.60283088684082 ], [ 77.632896423339901, 31.609701156616325 ], [ 77.633201599121094, 31.617010116577092 ], [ 77.636016845703239, 31.62877082824707 ], [ 77.638061523437557, 31.633251190185604 ], [ 77.644226074218693, 31.635311126708984 ], [ 77.647972106933651, 31.638690948486442 ], [ 77.636650085449219, 31.655109405517521 ], [ 77.633697509765739, 31.65685081481945 ], [ 77.632392883300895, 31.661640167236328 ], [ 77.633277893066463, 31.664400100707951 ], [ 77.636985778808537, 31.669170379638786 ], [ 77.643775939941463, 31.674400329589901 ], [ 77.646400451660213, 31.683441162109375 ], [ 77.654449462890682, 31.687320709228629 ], [ 77.664176940918026, 31.703039169311523 ], [ 77.670303344726676, 31.707450866699332 ], [ 77.679168701171875, 31.708179473876953 ], [ 77.693611145019645, 31.706739425659237 ], [ 77.700042724609432, 31.708158493042106 ], [ 77.719139099121207, 31.718580245971737 ], [ 77.727188110351676, 31.718900680541992 ], [ 77.735153198242301, 31.717830657959098 ], [ 77.739692687988338, 31.711851119995117 ], [ 77.747886657714901, 31.708419799804631 ], [ 77.756256103515625, 31.707691192627067 ], [ 77.767852783203125, 31.69896125793457 ], [ 77.774017333984432, 31.691110610961857 ], [ 77.777709960937614, 31.682928085327205 ], [ 77.779098510742188, 31.67786979675293 ], [ 77.788490295410156, 31.67346000671381 ], [ 77.79660797119152, 31.667280197143612 ], [ 77.800376892089901, 31.661689758300724 ], [ 77.804740905761776, 31.64734077453619 ], [ 77.809402465820256, 31.642200469970703 ], [ 77.808227539062614, 31.636518478393555 ], [ 77.800132751464901, 31.621139526367244 ], [ 77.798820495605526, 31.615100860595703 ], [ 77.805007934570426, 31.609109878540039 ], [ 77.819969177246151, 31.589910507202262 ], [ 77.82373046875, 31.583749771118164 ], [ 77.819976806640682, 31.567031860351676 ], [ 77.821189880371207, 31.558059692382926 ], [ 77.825271606445312, 31.549949645996094 ], [ 77.828025817871151, 31.541561126709098 ], [ 77.829872131347656, 31.531660079956112 ], [ 77.828887939453125, 31.525131225585938 ], [ 77.825477600097656, 31.517490386962947 ], [ 77.825622558593693, 31.51123046875 ], [ 77.836059570312614, 31.512760162353629 ], [ 77.840660095214957, 31.510158538818359 ], [ 77.844108581543082, 31.515670776367244 ], [ 77.848091125488395, 31.511800765991268 ], [ 77.854217529296989, 31.508279800415096 ], [ 77.856163024902344, 31.502021789550895 ], [ 77.864280700683707, 31.495820999145508 ], [ 77.867301940918026, 31.491220474243107 ], [ 77.867988586425781, 31.484870910644474 ], [ 77.864807128906307, 31.475141525268555 ], [ 77.873397827148494, 31.47003173828125 ], [ 77.879837036132812, 31.464870452880916 ], [ 77.882942199707088, 31.461099624633789 ], [ 77.887496948242244, 31.447401046753043 ], [ 77.893676757812614, 31.444770812988395 ], [ 77.897117614746207, 31.440261840820312 ], [ 77.901359558105469, 31.43723106384283 ], [ 77.906776428222713, 31.436042785644474 ], [ 77.912910461425838, 31.428831100463924 ], [ 77.917427062988281, 31.426830291748047 ], [ 77.92919921875, 31.427850723266715 ], [ 77.933715820312614, 31.426511764526367 ], [ 77.945526123046932, 31.41868972778326 ], [ 77.948509216308594, 31.406959533691463 ], [ 77.941627502441406, 31.399490356445312 ], [ 77.938438415527401, 31.394229888916016 ], [ 77.932792663574332, 31.389972686767692 ], [ 77.917205810546875, 31.385379791259879 ], [ 77.896865844726619, 31.381429672241325 ], [ 77.867767333984318, 31.377960205078182 ] ] ] } },
{ "type": "Feature", "properties": { "ID_0": 105, "ISO": "IND", "NAME_0": "India", "ID_1": 13, "NAME_1": "Himachal Pradesh", "ID_2": 195, "NAME_2": "Shimla", "ID_3": 624, "NAME_3": "Rohru", "CCN_3": 0, "CCA_3": null, "TYPE_3": "Taluk", "ENGTYPE_3": "Taluk", "NL_NAME_3": null, "VARNAME_3": null }, "geometry": { "type": "Polygon", "coordinates": [ [ [ 77.615196228027457, 31.133329391479492 ], [ 77.614677429199219, 31.145910263061523 ], [ 77.611228942871037, 31.151189804077262 ], [ 77.593353271484375, 31.156339645385856 ], [ 77.591339111328239, 31.163280487060604 ], [ 77.583938598632926, 31.178770065307674 ], [ 77.581413269043026, 31.187261581421012 ], [ 77.577598571777401, 31.195800781250057 ], [ 77.572456359863395, 31.201179504394588 ], [ 77.565361022949276, 31.213251113891658 ], [ 77.563491821289176, 31.218379974365234 ], [ 77.567672729492244, 31.223100662231445 ], [ 77.576591491699276, 31.230220794677791 ], [ 77.576080322265739, 31.235879898071289 ], [ 77.569160461425838, 31.251220703124943 ], [ 77.5740966796875, 31.254390716552734 ], [ 77.577980041503963, 31.261079788208065 ], [ 77.586456298828125, 31.265401840210018 ], [ 77.611206054687614, 31.268629074096737 ], [ 77.624755859375114, 31.271972656250114 ], [ 77.636978149414006, 31.275249481201229 ], [ 77.646011352539062, 31.280860900878963 ], [ 77.64599609375, 31.289499282836971 ], [ 77.648193359375114, 31.29998970031744 ], [ 77.658676147461051, 31.314809799194393 ], [ 77.665969848632756, 31.318149566650447 ], [ 77.675781250000057, 31.318742752075309 ], [ 77.684165954589901, 31.316850662231559 ], [ 77.694335937500114, 31.312709808349723 ], [ 77.702178955078239, 31.308450698852653 ], [ 77.710372924804801, 31.305820465088004 ], [ 77.72515869140625, 31.305320739746151 ], [ 77.731712341308651, 31.306570053100643 ], [ 77.735458374023438, 31.309101104736442 ], [ 77.740989685058594, 31.334440231323299 ], [ 77.756561279296989, 31.331890106201229 ], [ 77.773483276367244, 31.333509445190487 ], [ 77.782859802246207, 31.335042953491325 ], [ 77.799652099609489, 31.339298248291016 ], [ 77.821327209472713, 31.346771240234489 ], [ 77.827346801757812, 31.349090576171875 ], [ 77.832260131836051, 31.354129791259709 ], [ 77.834007263183537, 31.367130279541016 ], [ 77.83817291259777, 31.37018013000494 ], [ 77.85135650634777, 31.374700546264705 ], [ 77.861717224121094, 31.377290725708121 ], [ 77.867767333984318, 31.377960205078182 ], [ 77.871131896972713, 31.368841171264762 ], [ 77.900878906250057, 31.350549697876033 ], [ 77.912010192871207, 31.342060089111442 ], [ 77.921195983886719, 31.333320617675838 ], [ 77.933273315429744, 31.323991775512695 ], [ 77.970275878906307, 31.265342712402287 ], [ 77.985122680664062, 31.238410949707145 ], [ 78.01641845703125, 31.222911834716797 ], [ 78.0396728515625, 31.187509536743278 ], [ 78.038749694824276, 31.187150955200309 ], [ 78.029953002929688, 31.185310363769588 ], [ 78.026885986328125, 31.180191040039119 ], [ 78.016220092773438, 31.171512603759822 ], [ 78.015281677246151, 31.16615104675293 ], [ 78.016548156738224, 31.158500671386832 ], [ 78.014236450195426, 31.154939651489371 ], [ 78.007720947265739, 31.15707969665533 ], [ 77.992576599121094, 31.167030334472713 ], [ 77.985229492187614, 31.168020248413029 ], [ 77.978965759277287, 31.166440963745231 ], [ 77.969383239746207, 31.165151596069279 ], [ 77.954757690429688, 31.178779602050781 ], [ 77.946022033691406, 31.176170349121151 ], [ 77.941238403320312, 31.171161651611442 ], [ 77.939216613769588, 31.167301177978572 ], [ 77.934432983398494, 31.167291641235465 ], [ 77.914688110351506, 31.156578063964957 ], [ 77.909416198730469, 31.155500411987362 ], [ 77.902175903320369, 31.158821105957088 ], [ 77.892791748046875, 31.157268524170036 ], [ 77.887489318847713, 31.15470123291027 ], [ 77.88144683837902, 31.159631729126033 ], [ 77.878517150878906, 31.159709930420036 ], [ 77.876632690429744, 31.162881851196346 ], [ 77.874313354492188, 31.166809082031307 ], [ 77.866691589355469, 31.172029495239315 ], [ 77.861099243164006, 31.171009063720817 ], [ 77.853179931640682, 31.166620254516602 ], [ 77.841049194336051, 31.157039642334098 ], [ 77.834960937499943, 31.158239364624137 ], [ 77.826477050781307, 31.154499053955135 ], [ 77.817527770996151, 31.158290863037109 ], [ 77.810043334960938, 31.158260345458984 ], [ 77.806289672851619, 31.158252716064453 ], [ 77.792427062988224, 31.169000625610408 ], [ 77.786247253418026, 31.170310974121207 ], [ 77.776916503906307, 31.169120788574276 ], [ 77.765136718750114, 31.164850234985465 ], [ 77.753257751464901, 31.159429550170842 ], [ 77.734817504882926, 31.151010513305664 ], [ 77.726646423339844, 31.156801223754996 ], [ 77.72013092041027, 31.156970977783203 ], [ 77.714866638183594, 31.159811019897404 ], [ 77.708007812500057, 31.166059494018668 ], [ 77.700828552246207, 31.170972824096737 ], [ 77.696228027343807, 31.173009872436523 ], [ 77.691276550293026, 31.17189979553234 ], [ 77.689422607421989, 31.16964149475092 ], [ 77.691246032714901, 31.163101196289006 ], [ 77.690116882324276, 31.157030105590934 ], [ 77.683242797851619, 31.142400741577262 ], [ 77.674766540527344, 31.138179779052848 ], [ 77.658836364746151, 31.137018203735295 ], [ 77.642837524414176, 31.137479782104606 ], [ 77.630767822265682, 31.134120941162166 ], [ 77.615196228027457, 31.133329391479492 ] ] ] } },
{ "type": "Feature", "properties": { "ID_0": 105, "ISO": "IND", "NAME_0": "India", "ID_1": 13, "NAME_1": "Himachal Pradesh", "ID_2": 195, "NAME_2": "Shimla", "ID_3": 625, "NAME_3": "Shimla", "CCN_3": 0, "CCA_3": null, "TYPE_3": "Taluk", "ENGTYPE_3": "Taluk", "NL_NAME_3": null, "VARNAME_3": "Shimla urban" }, "geometry": { "type": "Polygon", "coordinates": [ [ [ 77.212051391601562, 31.088449478149414 ], [ 77.20359039306652, 31.083600997924862 ], [ 77.191963195800895, 31.081750869750977 ], [ 77.17862701416027, 31.081758499145508 ], [ 77.165397644043026, 31.083610534667969 ], [ 77.157417297363395, 31.086868286132812 ], [ 77.15142822265625, 31.086122512817383 ], [ 77.146751403808707, 31.083160400390739 ], [ 77.142318725585994, 31.098920822143668 ], [ 77.147468566894588, 31.106330871582031 ], [ 77.154441833496094, 31.113681793212947 ], [ 77.165328979492188, 31.117740631103572 ], [ 77.190162658691463, 31.115470886230469 ], [ 77.208602905273438, 31.105560302734375 ], [ 77.214561462402344, 31.100780487060661 ], [ 77.215476989746094, 31.094089508056697 ], [ 77.212051391601562, 31.088449478149414 ] ] ] } },
{ "type": "Feature", "properties": { "ID_0": 105, "ISO": "IND", "NAME_0": "India", "ID_1": 13, "NAME_1": "Himachal Pradesh", "ID_2": 195, "NAME_2": "Shimla", "ID_3": 626, "NAME_3": "Suni", "CCN_3": 0, "CCA_3": null, "TYPE_3": "Taluk", "ENGTYPE_3": "Taluk", "NL_NAME_3": null, "VARNAME_3": null }, "geometry": { "type": "Polygon", "coordinates": [ [ [ 77.005783081054801, 31.222160339355526 ], [ 76.999626159668026, 31.230089187622184 ], [ 76.99857330322277, 31.237649917602596 ], [ 76.990486145019588, 31.240760803222656 ], [ 76.997482299804688, 31.266431808471623 ], [ 77.000785827636776, 31.275239944458065 ], [ 76.999542236328068, 31.282350540161246 ], [ 76.988693237304688, 31.301370620727596 ], [ 77.003295898437557, 31.292190551757926 ], [ 77.017562866210994, 31.278841018676815 ], [ 77.025886535644531, 31.27489089965826 ], [ 77.046463012695256, 31.267469406127987 ], [ 77.049057006835994, 31.265670776367301 ], [ 77.059570312500114, 31.260219573974666 ], [ 77.069061279296932, 31.25160026550293 ], [ 77.080909729003963, 31.248159408569336 ], [ 77.091522216796875, 31.251319885253963 ], [ 77.097061157226562, 31.248100280761776 ], [ 77.107322692871094, 31.250789642333984 ], [ 77.110656738281307, 31.24834060668951 ], [ 77.111785888671932, 31.244430541992244 ], [ 77.110580444335938, 31.239120483398494 ], [ 77.112899780273438, 31.235040664672965 ], [ 77.118247985839844, 31.232469558715877 ], [ 77.124961853027401, 31.232210159301758 ], [ 77.132698059082031, 31.235250473022518 ], [ 77.140541076660156, 31.234180450439453 ], [ 77.14739990234375, 31.234600067138672 ], [ 77.152603149414119, 31.237791061401481 ], [ 77.164741516113281, 31.248212814331112 ], [ 77.175750732421989, 31.258970260620231 ], [ 77.179870605468807, 31.254529953002987 ], [ 77.182197570800838, 31.248180389404354 ], [ 77.190177917480526, 31.248439788818473 ], [ 77.196708679199332, 31.253280639648551 ], [ 77.205139160156364, 31.263811111450309 ], [ 77.21158599853527, 31.264852523803825 ], [ 77.225852966308651, 31.262620925903377 ], [ 77.231781005859432, 31.260141372680721 ], [ 77.233909606933707, 31.258071899414176 ], [ 77.2374267578125, 31.261539459228572 ], [ 77.240570068359432, 31.266731262207031 ], [ 77.252449035644645, 31.274299621581974 ], [ 77.256042480468864, 31.279489517212028 ], [ 77.261322021484432, 31.277421951293945 ], [ 77.263580322265625, 31.271820068359318 ], [ 77.268218994140682, 31.26973915100109 ], [ 77.275299072265739, 31.271659851074219 ], [ 77.287406921386719, 31.273622512817383 ], [ 77.291038513183594, 31.275230407714957 ], [ 77.298995971679631, 31.285102844238338 ], [ 77.303390502929631, 31.287330627441406 ], [ 77.314132690429688, 31.285768508911246 ], [ 77.321456909179801, 31.285301208496151 ], [ 77.328506469726676, 31.281269073486271 ], [ 77.340682983398494, 31.267311096191406 ], [ 77.348953247070426, 31.264129638671932 ], [ 77.352996826171875, 31.26183128356945 ], [ 77.344329833984432, 31.253829956054744 ], [ 77.329193115234375, 31.242549896240178 ], [ 77.324432373046875, 31.235679626464901 ], [ 77.318572998046932, 31.220870971679801 ], [ 77.311721801757926, 31.214361190795842 ], [ 77.297187805175838, 31.208892822265625 ], [ 77.271423339843807, 31.197700500488338 ], [ 77.279266357421932, 31.188699722290153 ], [ 77.277221679687614, 31.178251266479549 ], [ 77.273017883300895, 31.169120788574276 ], [ 77.275810241699276, 31.162580490112362 ], [ 77.26873779296875, 31.155059814453239 ], [ 77.267883300781364, 31.147550582885856 ], [ 77.270050048828125, 31.142421722412109 ], [ 77.265426635742131, 31.140268325805607 ], [ 77.255126953124943, 31.137790679931754 ], [ 77.249359130859489, 31.137340545654354 ], [ 77.24603271484375, 31.13976097106945 ], [ 77.238937377929688, 31.145990371704045 ], [ 77.232200622558707, 31.160671234130973 ], [ 77.216812133789062, 31.180459976196403 ], [ 77.205245971679744, 31.19210243225109 ], [ 77.202713012695312, 31.192792892456168 ], [ 77.199180603027401, 31.187519073486385 ], [ 77.183921813964901, 31.179939270019531 ], [ 77.169532775878906, 31.166580200195312 ], [ 77.163520812988395, 31.162229537963924 ], [ 77.15799713134777, 31.160140991210994 ], [ 77.154190063476676, 31.160930633544922 ], [ 77.146438598632812, 31.168979644775391 ], [ 77.133026123046989, 31.174888610839957 ], [ 77.129180908203182, 31.174020767211857 ], [ 77.116836547851676, 31.174089431762695 ], [ 77.110816955566463, 31.171810150146484 ], [ 77.101516723632869, 31.171211242675838 ], [ 77.094741821289062, 31.172981262207145 ], [ 77.09075927734375, 31.185409545898551 ], [ 77.084648132324219, 31.19963264465332 ], [ 77.077766418457031, 31.206739425659123 ], [ 77.075180053710994, 31.207410812377987 ], [ 77.06949615478527, 31.200460433959961 ], [ 77.063362121582088, 31.196689605712947 ], [ 77.055313110351619, 31.19783973693859 ], [ 77.049560546875, 31.204391479492244 ], [ 77.046173095703182, 31.212339401245174 ], [ 77.039329528808651, 31.216712951660156 ], [ 77.029586791992244, 31.224700927734489 ], [ 77.022941589355526, 31.226139068603459 ], [ 77.017730712890625, 31.22396278381359 ], [ 77.005783081054801, 31.222160339355526 ] ] ] } },
{ "type": "Feature", "properties": { "ID_0": 105, "ISO": "IND", "NAME_0": "India", "ID_1": 13, "NAME_1": "Himachal Pradesh", "ID_2": 195, "NAME_2": "Shimla", "ID_3": 627, "NAME_3": "Theog", "CCN_3": 0, "CCA_3": null, "TYPE_3": "Taluk", "ENGTYPE_3": "Taluk", "NL_NAME_3": null, "VARNAME_3": null }, "geometry": { "type": "Polygon", "coordinates": [ [ [ 77.426696777343807, 30.980190277099666 ], [ 77.418289184570369, 30.989509582519645 ], [ 77.41300201416027, 30.992139816284293 ], [ 77.408836364746207, 30.995220184326172 ], [ 77.407569885253906, 30.99740028381342 ], [ 77.403671264648551, 30.999731063842887 ], [ 77.402259826660213, 31.002998352050838 ], [ 77.395698547363224, 31.004480361938477 ], [ 77.395027160644588, 31.005222320556754 ], [ 77.390106201171932, 31.00902175903326 ], [ 77.38004302978527, 31.016351699829102 ], [ 77.359626770019645, 31.026470184326172 ], [ 77.359008789062557, 31.021190643310604 ], [ 77.349220275878906, 31.014070510864315 ], [ 77.32340240478527, 31.005069732666129 ], [ 77.319931030273551, 30.999790191650391 ], [ 77.316696166992301, 30.993150711059684 ], [ 77.314010620117301, 30.990789413452262 ], [ 77.311317443847713, 30.988149642944279 ], [ 77.309967041015682, 30.983970642089957 ], [ 77.306968688964957, 30.980070114135799 ], [ 77.303016662597656, 30.979900360107365 ], [ 77.305938720703182, 30.9852809906007 ], [ 77.307876586914119, 30.990261077880859 ], [ 77.307792663574219, 30.994270324707145 ], [ 77.303642272949219, 30.99563026428234 ], [ 77.299781799316406, 30.998380661010799 ], [ 77.298408508300895, 31.003240585327148 ], [ 77.298652648925781, 31.004999160766715 ], [ 77.299980163574219, 31.007770538330078 ], [ 77.29746246337902, 31.009147644043082 ], [ 77.293609619140739, 31.022001266479549 ], [ 77.287040710449219, 31.036951065063477 ], [ 77.279212951660156, 31.051031112670955 ], [ 77.281257629394474, 31.062870025634709 ], [ 77.27728271484375, 31.068519592285156 ], [ 77.284111022949332, 31.077440261840877 ], [ 77.287490844726619, 31.085390090942383 ], [ 77.280960083007869, 31.090410232544002 ], [ 77.270332336425895, 31.093971252441463 ], [ 77.261772155761832, 31.09119987487793 ], [ 77.262145996093864, 31.09663009643549 ], [ 77.273117065429688, 31.112861633300838 ], [ 77.279647827148494, 31.120801925659237 ], [ 77.280822753906364, 31.126319885253906 ], [ 77.280181884765625, 31.13195991516119 ], [ 77.274009704589787, 31.136959075927791 ], [ 77.270050048828125, 31.142421722412109 ], [ 77.267883300781364, 31.147550582885856 ], [ 77.26873779296875, 31.155059814453239 ], [ 77.275810241699276, 31.162580490112362 ], [ 77.273017883300895, 31.169120788574276 ], [ 77.277221679687614, 31.178251266479549 ], [ 77.279266357421932, 31.188699722290153 ], [ 77.271423339843807, 31.197700500488338 ], [ 77.297187805175838, 31.208892822265625 ], [ 77.311721801757926, 31.214361190795842 ], [ 77.318572998046932, 31.220870971679801 ], [ 77.324432373046875, 31.235679626464901 ], [ 77.329193115234375, 31.242549896240178 ], [ 77.344329833984432, 31.253829956054744 ], [ 77.352996826171875, 31.26183128356945 ], [ 77.358581542968807, 31.258600234985408 ], [ 77.362236022949276, 31.254560470581168 ], [ 77.363693237304688, 31.25016975402832 ], [ 77.371421813964957, 31.249769210815487 ], [ 77.377243041992188, 31.251840591430607 ], [ 77.385192871093864, 31.248020172119254 ], [ 77.392242431640739, 31.240760803222656 ], [ 77.398757934570256, 31.231229782104549 ], [ 77.40500640869152, 31.232900619506836 ], [ 77.407463073730526, 31.229499816894531 ], [ 77.412200927734432, 31.226839065551871 ], [ 77.418792724609375, 31.227411270141715 ], [ 77.425186157226619, 31.229770660400334 ], [ 77.434669494628906, 31.23563194274908 ], [ 77.436737060546875, 31.231819152832031 ], [ 77.435913085937614, 31.224390029907227 ], [ 77.436492919921989, 31.218631744384822 ], [ 77.438049316406193, 31.213382720947266 ], [ 77.441970825195369, 31.209970474243221 ], [ 77.447425842285156, 31.207431793213004 ], [ 77.458419799804801, 31.204360961914062 ], [ 77.465057373046932, 31.20470046997076 ], [ 77.466957092285213, 31.200370788574276 ], [ 77.468955993652344, 31.196090698242301 ], [ 77.467399597168082, 31.187040328979606 ], [ 77.464340209961051, 31.181459426879826 ], [ 77.468208312988281, 31.173498153686637 ], [ 77.468215942382812, 31.167270660400391 ], [ 77.463287353515625, 31.161050796508732 ], [ 77.444931030273438, 31.153751373291072 ], [ 77.442466735839844, 31.148511886596793 ], [ 77.445556640625057, 31.138761520385799 ], [ 77.445617675781364, 31.134149551391715 ], [ 77.43534088134777, 31.131219863891658 ], [ 77.430137634277401, 31.124139785766658 ], [ 77.424201965332088, 31.110372543335075 ], [ 77.429916381835994, 31.109781265258789 ], [ 77.444160461425781, 31.112070083618164 ], [ 77.453636169433707, 31.111541748046932 ], [ 77.463401794433707, 31.105400085449276 ], [ 77.469596862793026, 31.094959259033203 ], [ 77.473640441894588, 31.084920883178711 ], [ 77.488090515136776, 31.078939437866154 ], [ 77.489006042480469, 31.069261550903434 ], [ 77.502098083496207, 31.068620681762752 ], [ 77.515037536621151, 31.07000923156744 ], [ 77.528633117675895, 31.067840576171932 ], [ 77.526451110839901, 31.064680099487305 ], [ 77.528999328613395, 31.055980682373161 ], [ 77.519866943359318, 31.042070388793945 ], [ 77.520545959472713, 31.02461051940918 ], [ 77.513786315917969, 31.017620086670036 ], [ 77.508888244628963, 31.010580062866268 ], [ 77.508155822753963, 31.008979797363395 ], [ 77.507408142089901, 31.006950378417969 ], [ 77.505355834961051, 31.005361557006836 ], [ 77.502906799316406, 31.006860733032283 ], [ 77.496856689453125, 31.008880615234432 ], [ 77.489868164062614, 31.013862609863338 ], [ 77.484306335449276, 31.01400184631342 ], [ 77.471900939941463, 31.025011062622184 ], [ 77.462905883789062, 31.026679992675895 ], [ 77.45822906494152, 31.019340515136719 ], [ 77.455871582031307, 31.005310058593864 ], [ 77.453437805175895, 31.001901626586971 ], [ 77.449806213378963, 30.9947509765625 ], [ 77.450302124023438, 30.989311218261832 ], [ 77.453620910644588, 30.984680175781307 ], [ 77.456352233886662, 30.978660583496037 ], [ 77.448539733886662, 30.9764404296875 ], [ 77.441368103027401, 30.984380722045898 ], [ 77.434516906738338, 30.982311248779354 ], [ 77.426696777343807, 30.980190277099666 ] ] ] } },
{ "type": "Feature", "properties": { "ID_0": 105, "ISO": "IND", "NAME_0": "India", "ID_1": 13, "NAME_1": "Himachal Pradesh", "ID_2": 196, "NAME_2": "Sirmaur", "ID_3": 628, "NAME_3": "Nahan", "CCN_3": 0, "CCA_3": null, "TYPE_3": "Taluk", "ENGTYPE_3": "Taluk", "NL_NAME_3": null, "VARNAME_3": null }, "geometry": { "type": "Polygon", "coordinates": [ [ [ 77.123786926269588, 30.572692871093807 ], [ 77.125877380371094, 30.573690414428654 ], [ 77.132682800292912, 30.578451156616154 ], [ 77.139846801757869, 30.583200454711971 ], [ 77.146926879882926, 30.588960647583065 ], [ 77.151222229003906, 30.592830657959041 ], [ 77.154098510742188, 30.596321105957088 ], [ 77.157485961914062, 30.599550247192383 ], [ 77.158638000488281, 30.603141784667969 ], [ 77.158477783203125, 30.60746002197277 ], [ 77.15863037109375, 30.613809585571403 ], [ 77.159866333007869, 30.631481170654297 ], [ 77.162361145019588, 30.638650894165039 ], [ 77.160446166992244, 30.642400741577148 ], [ 77.156196594238281, 30.647920608520621 ], [ 77.152732849121094, 30.654199600219783 ], [ 77.152641296386776, 30.658760070800895 ], [ 77.155197143554688, 30.668060302734432 ], [ 77.153861999511719, 30.676942825317496 ], [ 77.150688171386776, 30.681198120117244 ], [ 77.150207519531364, 30.684551239013729 ], [ 77.153526306152344, 30.688720703125114 ], [ 77.157562255859432, 30.689189910888786 ], [ 77.163017272949219, 30.688690185546989 ], [ 77.168907165527457, 30.689159393310604 ], [ 77.172050476074276, 30.69088172912609 ], [ 77.173171997070312, 30.694379806518668 ], [ 77.175476074218807, 30.697359085083121 ], [ 77.178489685058594, 30.698059082031364 ], [ 77.181602478027401, 30.694520950317326 ], [ 77.186363220214901, 30.683660507202205 ], [ 77.1903076171875, 30.678180694580078 ], [ 77.195648193359375, 30.673620223999137 ], [ 77.201316833496207, 30.669679641723746 ], [ 77.21319580078125, 30.662731170654297 ], [ 77.219726562500057, 30.659200668334961 ], [ 77.226570129394531, 30.656009674072379 ], [ 77.23150634765625, 30.65596961975109 ], [ 77.239112854003849, 30.657760620117244 ], [ 77.245460510253906, 30.658359527587891 ], [ 77.250297546386776, 30.660360336303768 ], [ 77.254989624023438, 30.657169342041129 ], [ 77.259902954101506, 30.659299850463981 ], [ 77.262741088867301, 30.664281845092717 ], [ 77.269180297851619, 30.670660018920955 ], [ 77.273773193359489, 30.672380447387809 ], [ 77.279083251953182, 30.673540115356388 ], [ 77.281906127929744, 30.681270599365234 ], [ 77.287246704101619, 30.687589645385742 ], [ 77.291099548339901, 30.687698364257869 ], [ 77.295166015625114, 30.690050125122127 ], [ 77.299316406250057, 30.696310043335075 ], [ 77.304527282714787, 30.702901840210018 ], [ 77.311546325683707, 30.710809707641658 ], [ 77.320220947265625, 30.718210220336914 ], [ 77.325042724609432, 30.722871780395565 ], [ 77.327781677246207, 30.718799591064453 ], [ 77.333526611328068, 30.714460372924805 ], [ 77.340103149414119, 30.713800430297852 ], [ 77.346687316894474, 30.710992813110408 ], [ 77.352180480957145, 30.704299926757869 ], [ 77.355712890625, 30.698400497436637 ], [ 77.361976623535156, 30.692581176757812 ], [ 77.367446899414176, 30.688859939575195 ], [ 77.374176025390625, 30.686189651489258 ], [ 77.377151489257926, 30.681720733642635 ], [ 77.376922607421932, 30.677379608154411 ], [ 77.383087158203239, 30.676799774170036 ], [ 77.389991760253906, 30.675949096679801 ], [ 77.392021179199332, 30.670530319213981 ], [ 77.397346496582088, 30.666170120239315 ], [ 77.40606689453125, 30.656351089477653 ], [ 77.407806396484432, 30.651079177856445 ], [ 77.407966613769531, 30.645702362060661 ], [ 77.409973144531364, 30.641401290893498 ], [ 77.421897888183594, 30.634149551391658 ], [ 77.426872253418026, 30.628429412841797 ], [ 77.429046630859489, 30.624250411987305 ], [ 77.428619384765682, 30.61930084228527 ], [ 77.427970886230469, 30.61687088012701 ], [ 77.428039550781307, 30.614351272583121 ], [ 77.428543090820312, 30.611379623413143 ], [ 77.428482055664176, 30.608169555664119 ], [ 77.426597595214787, 30.604270935058594 ], [ 77.429779052734432, 30.60193061828619 ], [ 77.435356140136832, 30.599468231201229 ], [ 77.440429687500057, 30.597940444946346 ], [ 77.439300537109432, 30.589458465576286 ], [ 77.438873291015625, 30.584529876708984 ], [ 77.437446594238395, 30.579330444335938 ], [ 77.43839263916027, 30.575210571289176 ], [ 77.433647155761832, 30.570108413696403 ], [ 77.427757263183594, 30.56626129150402 ], [ 77.422927856445426, 30.56414985656744 ], [ 77.414939880371207, 30.570669174194336 ], [ 77.407707214355582, 30.563680648803768 ], [ 77.40213775634777, 30.56389045715332 ], [ 77.397636413574219, 30.563499450683594 ], [ 77.393173217773551, 30.561651229858512 ], [ 77.390663146972713, 30.556722640991211 ], [ 77.389495849609432, 30.551170349121207 ], [ 77.388816833496207, 30.546361923217887 ], [ 77.385566711425895, 30.541820526123047 ], [ 77.382957458496094, 30.539030075073242 ], [ 77.381027221679688, 30.533411026000977 ], [ 77.381126403808651, 30.527580261230412 ], [ 77.384185791015682, 30.523870468139762 ], [ 77.389450073242188, 30.520088195800895 ], [ 77.393478393554688, 30.515569686889648 ], [ 77.390609741210938, 30.513399124145565 ], [ 77.389732360839957, 30.505840301513729 ], [ 77.390083312988338, 30.502279281616268 ], [ 77.391166687011719, 30.497261047363281 ], [ 77.393608093261662, 30.492570877075195 ], [ 77.39359283447277, 30.487859725952092 ], [ 77.391586303710994, 30.482950210571403 ], [ 77.389572143554801, 30.482309341430721 ], [ 77.387977600097713, 30.483339309692496 ], [ 77.385513305664119, 30.48201942443859 ], [ 77.38211822509777, 30.477832794189567 ], [ 77.378562927246094, 30.471998214721793 ], [ 77.37420654296875, 30.467350006103629 ], [ 77.369651794433651, 30.463462829589957 ], [ 77.368972778320426, 30.458599090576286 ], [ 77.372718811035213, 30.454809188842887 ], [ 77.376213073730582, 30.446250915527401 ], [ 77.369651794433651, 30.445842742919865 ], [ 77.356796264648381, 30.442060470581168 ], [ 77.35349273681652, 30.448560714721623 ], [ 77.349700927734489, 30.457281112671012 ], [ 77.346076965332145, 30.461900711059627 ], [ 77.339378356933707, 30.463600158691463 ], [ 77.332679748535213, 30.464229583740291 ], [ 77.326255798339957, 30.46318244934082 ], [ 77.322387695312557, 30.462118148803711 ], [ 77.3167724609375, 30.457620620727482 ], [ 77.310699462890625, 30.453620910644531 ], [ 77.30069732666027, 30.456598281860408 ], [ 77.293739318847713, 30.45913124084484 ], [ 77.282440185546875, 30.461919784545842 ], [ 77.274559020996207, 30.464040756225586 ], [ 77.263580322265625, 30.466670989990234 ], [ 77.261932373046932, 30.471040725708008 ], [ 77.26084136962902, 30.476119995117188 ], [ 77.256591796875057, 30.481420516967773 ], [ 77.251777648925838, 30.484411239624137 ], [ 77.241867065429744, 30.485361099243221 ], [ 77.233459472656307, 30.487470626830998 ], [ 77.226768493652344, 30.488611221313533 ], [ 77.218856811523551, 30.485982894897461 ], [ 77.211906433105526, 30.481870651245174 ], [ 77.202606201171932, 30.480340957641602 ], [ 77.199043273925895, 30.484542846679744 ], [ 77.200309753418026, 30.489049911499023 ], [ 77.199577331543082, 30.499139785766658 ], [ 77.199661254882812, 30.506599426269474 ], [ 77.195892333984432, 30.511770248413143 ], [ 77.190826416015739, 30.519329071044922 ], [ 77.185348510742188, 30.525880813598746 ], [ 77.174552917480526, 30.530519485473633 ], [ 77.169532775878906, 30.532880783081055 ], [ 77.163688659668026, 30.534120559692383 ], [ 77.152038574218807, 30.536912918090934 ], [ 77.145538330078182, 30.537799835205078 ], [ 77.137580871582145, 30.538579940796012 ], [ 77.131057739257869, 30.541509628295898 ], [ 77.122337341308707, 30.548231124877987 ], [ 77.116508483886719, 30.557439804077262 ], [ 77.113700866699276, 30.56244087219244 ], [ 77.111495971679801, 30.567289352417049 ], [ 77.112892150878906, 30.568241119384879 ], [ 77.115142822265625, 30.569841384887695 ], [ 77.120590209960994, 30.571180343628043 ], [ 77.123786926269588, 30.572692871093807 ] ] ] } },
{ "type": "Feature", "properties": { "ID_0": 105, "ISO": "IND", "NAME_0": "India", "ID_1": 13, "NAME_1": "Himachal Pradesh", "ID_2": 196, "NAME_2": "Sirmaur", "ID_3": 629, "NAME_3": "Pachhad", "CCN_3": 0, "CCA_3": null, "TYPE_3": "Taluk", "ENGTYPE_3": "Taluk", "NL_NAME_3": null, "VARNAME_3": null }, "geometry": { "type": "Polygon", "coordinates": [ [ [ 77.304130554199332, 30.746690750122127 ], [ 77.307571411132926, 30.744060516357479 ], [ 77.308769226074219, 30.740850448608455 ], [ 77.311111450195369, 30.73623085021984 ], [ 77.313896179199219, 30.731712341308594 ], [ 77.319000244140739, 30.725490570068359 ], [ 77.325042724609432, 30.722871780395565 ], [ 77.320220947265625, 30.718210220336914 ], [ 77.311546325683707, 30.710809707641658 ], [ 77.304527282714787, 30.702901840210018 ], [ 77.299316406250057, 30.696310043335075 ], [ 77.295166015625114, 30.690050125122127 ], [ 77.291099548339901, 30.687698364257869 ], [ 77.287246704101619, 30.687589645385742 ], [ 77.281906127929744, 30.681270599365234 ], [ 77.279083251953182, 30.673540115356388 ], [ 77.273773193359489, 30.672380447387809 ], [ 77.269180297851619, 30.670660018920955 ], [ 77.262741088867301, 30.664281845092717 ], [ 77.259902954101506, 30.659299850463981 ], [ 77.254989624023438, 30.657169342041129 ], [ 77.250297546386776, 30.660360336303768 ], [ 77.245460510253906, 30.658359527587891 ], [ 77.239112854003849, 30.657760620117244 ], [ 77.23150634765625, 30.65596961975109 ], [ 77.226570129394531, 30.656009674072379 ], [ 77.219726562500057, 30.659200668334961 ], [ 77.21319580078125, 30.662731170654297 ], [ 77.201316833496207, 30.669679641723746 ], [ 77.195648193359375, 30.673620223999137 ], [ 77.1903076171875, 30.678180694580078 ], [ 77.186363220214901, 30.683660507202205 ], [ 77.181602478027401, 30.694520950317326 ], [ 77.178489685058594, 30.698059082031364 ], [ 77.175476074218807, 30.697359085083121 ], [ 77.173171997070312, 30.694379806518668 ], [ 77.172050476074276, 30.69088172912609 ], [ 77.168907165527457, 30.689159393310604 ], [ 77.163017272949219, 30.688690185546989 ], [ 77.157562255859432, 30.689189910888786 ], [ 77.153526306152344, 30.688720703125114 ], [ 77.151771545410156, 30.690509796142692 ], [ 77.147438049316463, 30.693479537963867 ], [ 77.140373229980469, 30.69757080078125 ], [ 77.133819580078068, 30.702159881591911 ], [ 77.125122070312557, 30.707099914550781 ], [ 77.122238159179688, 30.71216011047369 ], [ 77.117446899414062, 30.717910766601676 ], [ 77.109573364257926, 30.722682952880916 ], [ 77.103172302246094, 30.720449447631893 ], [ 77.099906921386719, 30.722280502319336 ], [ 77.100212097168082, 30.726390838623161 ], [ 77.102348327636662, 30.730779647827205 ], [ 77.100563049316463, 30.732387542724609 ], [ 77.096130371093807, 30.734621047973633 ], [ 77.091117858886719, 30.736211776733398 ], [ 77.086273193359489, 30.739942550659237 ], [ 77.07684326171875, 30.744760513305721 ], [ 77.069717407226676, 30.746982574463004 ], [ 77.061706542968864, 30.746128082275391 ], [ 77.054977416992244, 30.746740341186523 ], [ 77.04705810546875, 30.748670578002987 ], [ 77.038017272949332, 30.753139495849609 ], [ 77.033706665039062, 30.755420684814453 ], [ 77.030326843261776, 30.751760482788143 ], [ 77.030372619628963, 30.746339797973746 ], [ 77.028289794921989, 30.743440628051815 ], [ 77.024017333984375, 30.741621017456112 ], [ 77.018051147460881, 30.740449905395621 ], [ 77.013099670410156, 30.742208480835018 ], [ 77.009391784668026, 30.745710372924918 ], [ 77.006446838378906, 30.749509811401481 ], [ 77.004707336425781, 30.752489089965934 ], [ 77.007186889648438, 30.752660751342773 ], [ 77.010559082031364, 30.751590728759709 ], [ 77.015289306640682, 30.751840591430721 ], [ 77.016693115234489, 30.754869461059627 ], [ 77.016860961914176, 30.759229660034293 ], [ 77.018257141113281, 30.76295280456543 ], [ 77.020988464355526, 30.765491485595817 ], [ 77.030021667480582, 30.769992828369197 ], [ 77.03672027587902, 30.775569915771598 ], [ 77.056449890136719, 30.786069869995174 ], [ 77.062217712402401, 30.789579391479606 ], [ 77.067817687988395, 30.794420242309684 ], [ 77.0709228515625, 30.79901123046875 ], [ 77.070182800292969, 30.80702018737793 ], [ 77.072288513183651, 30.81332969665533 ], [ 77.074516296386719, 30.818832397460881 ], [ 77.074935913085938, 30.824380874633903 ], [ 77.075027465820426, 30.828670501708984 ], [ 77.074577331543026, 30.832679748535213 ], [ 77.079368591308651, 30.834480285644531 ], [ 77.084213256836051, 30.83656120300293 ], [ 77.088287353515625, 30.837081909179801 ], [ 77.091293334960881, 30.838569641113338 ], [ 77.093376159668082, 30.840770721435604 ], [ 77.094985961914119, 30.844200134277287 ], [ 77.101707458496151, 30.848531723022404 ], [ 77.105583190918082, 30.857641220092887 ], [ 77.111808776855526, 30.85830116271984 ], [ 77.117477416992188, 30.858198165893612 ], [ 77.121482849121094, 30.859701156616268 ], [ 77.127456665039119, 30.858869552612305 ], [ 77.131156921386662, 30.857849121093807 ], [ 77.134521484375057, 30.85734939575201 ], [ 77.137176513671932, 30.861251831054744 ], [ 77.141777038574332, 30.860740661621207 ], [ 77.143402099609375, 30.856740951538029 ], [ 77.149116516113281, 30.85252952575695 ], [ 77.152763366699219, 30.8490505218507 ], [ 77.157623291015739, 30.848890304565543 ], [ 77.163536071777457, 30.850160598754826 ], [ 77.166656494140625, 30.853610992431754 ], [ 77.165489196777287, 30.85968017578125 ], [ 77.166297912597656, 30.866268157958984 ], [ 77.170669555664062, 30.866331100463867 ], [ 77.176727294921989, 30.866750717163143 ], [ 77.181571960449219, 30.869230270385799 ], [ 77.184326171875114, 30.872390747070426 ], [ 77.188507080078239, 30.875089645385742 ], [ 77.200866699218807, 30.880500793457031 ], [ 77.205535888671818, 30.880290985107536 ], [ 77.208992004394531, 30.879140853881893 ], [ 77.209548950195256, 30.875482559204215 ], [ 77.210166931152344, 30.872861862182674 ], [ 77.215499877929688, 30.870000839233455 ], [ 77.216720581054744, 30.867660522460881 ], [ 77.215347290039119, 30.864631652832031 ], [ 77.213920593261832, 30.862510681152287 ], [ 77.215553283691463, 30.858270645141658 ], [ 77.219696044921875, 30.855140686035213 ], [ 77.226119995117301, 30.851890563964844 ], [ 77.228279113769531, 30.845830917358512 ], [ 77.232292175292969, 30.839321136474723 ], [ 77.233306884765682, 30.833589553833008 ], [ 77.236183166503963, 30.827070236206112 ], [ 77.239448547363395, 30.823989868164062 ], [ 77.244781494140739, 30.822170257568303 ], [ 77.247436523437557, 30.818109512329045 ], [ 77.246559143066406, 30.813140869140625 ], [ 77.248016357421989, 30.810390472412109 ], [ 77.251815795898494, 30.805711746215763 ], [ 77.257507324218807, 30.808401107788143 ], [ 77.260658264160099, 30.809619903564453 ], [ 77.265106201171875, 30.804370880127067 ], [ 77.274391174316349, 30.793849945068416 ], [ 77.280052185058651, 30.786830902099723 ], [ 77.284156799316406, 30.780309677124023 ], [ 77.286842346191406, 30.773210525512752 ], [ 77.290435791015625, 30.76737022399908 ], [ 77.296630859375057, 30.764251708984489 ], [ 77.301002502441463, 30.760589599609432 ], [ 77.299972534179688, 30.756650924682617 ], [ 77.301490783691406, 30.754699707031364 ], [ 77.30088043212902, 30.751380920410213 ], [ 77.30008697509777, 30.748569488525391 ], [ 77.304130554199332, 30.746690750122127 ] ] ] } },
{ "type": "Feature", "properties": { "ID_0": 105, "ISO": "IND", "NAME_0": "India", "ID_1": 13, "NAME_1": "Himachal Pradesh", "ID_2": 196, "NAME_2": "Sirmaur", "ID_3": 630, "NAME_3": "Paonta", "CCN_3": 0, "CCA_3": null, "TYPE_3": "Taluk", "ENGTYPE_3": "Taluk", "NL_NAME_3": null, "VARNAME_3": null }, "geometry": { "type": "Polygon", "coordinates": [ [ [ 77.800559997558651, 30.513160705566463 ], [ 77.799179077148494, 30.511390686035156 ], [ 77.793899536132926, 30.508600234985352 ], [ 77.788192749023551, 30.506099700927848 ], [ 77.76761627197277, 30.504360198974723 ], [ 77.763442993164006, 30.500249862670842 ], [ 77.755043029785099, 30.498329162597713 ], [ 77.747528076171932, 30.494049072265625 ], [ 77.736587524414062, 30.487251281738338 ], [ 77.729278564453239, 30.482339859008846 ], [ 77.721443176269645, 30.477769851684627 ], [ 77.711227416992188, 30.47727012634283 ], [ 77.704666137695426, 30.473400115966854 ], [ 77.699188232421875, 30.468698501586914 ], [ 77.690086364746151, 30.46294021606451 ], [ 77.682197570800781, 30.457691192626953 ], [ 77.679069519043026, 30.451730728149414 ], [ 77.661605834960938, 30.44878005981451 ], [ 77.653205871582031, 30.449541091919002 ], [ 77.646652221679801, 30.452459335327205 ], [ 77.640235900878906, 30.452350616455078 ], [ 77.637832641601619, 30.449487686157227 ], [ 77.63568115234375, 30.444339752197266 ], [ 77.63333892822277, 30.439769744873047 ], [ 77.630546569824219, 30.43615913391119 ], [ 77.616722106933707, 30.43623161315918 ], [ 77.612007141113281, 30.438400268554744 ], [ 77.603752136230582, 30.437440872192383 ], [ 77.590415954589957, 30.433780670166129 ], [ 77.581069946289176, 30.430299758911246 ], [ 77.574630737304688, 30.426519393920955 ], [ 77.567901611328239, 30.421718597412166 ], [ 77.562881469726619, 30.417079925537109 ], [ 77.562240600585938, 30.410062789916992 ], [ 77.563056945800838, 30.404489517211971 ], [ 77.567855834960994, 30.398759841919002 ], [ 77.572921752929688, 30.393091201782283 ], [ 77.576156616210938, 30.389890670776424 ], [ 77.574890136718807, 30.384519577026367 ], [ 77.565345764160213, 30.38488960266119 ], [ 77.557922363281307, 30.390369415283203 ], [ 77.552482604980412, 30.393360137939567 ], [ 77.542892456054801, 30.397230148315543 ], [ 77.538742065429801, 30.401912689209041 ], [ 77.535636901855526, 30.40905952453619 ], [ 77.529258728027344, 30.41350173950201 ], [ 77.525772094726676, 30.417140960693416 ], [ 77.518035888671932, 30.430870056152287 ], [ 77.514366149902344, 30.439422607421989 ], [ 77.509849548339901, 30.448829650878906 ], [ 77.505340576171989, 30.448360443115234 ], [ 77.501152038574332, 30.443679809570312 ], [ 77.492942810058707, 30.433048248291129 ], [ 77.491188049316463, 30.424980163574219 ], [ 77.491348266601619, 30.417350769042969 ], [ 77.486831665039176, 30.412612915039062 ], [ 77.482559204101619, 30.415218353271541 ], [ 77.47751617431652, 30.413349151611385 ], [ 77.467971801757926, 30.411779403686523 ], [ 77.460983276367188, 30.405380249023438 ], [ 77.453117370605412, 30.404800415039062 ], [ 77.443016052246094, 30.404600143432674 ], [ 77.434951782226676, 30.403671264648494 ], [ 77.430412292480412, 30.407478332519531 ], [ 77.416442871093864, 30.408391952514705 ], [ 77.415901184082145, 30.412830352783317 ], [ 77.420928955078125, 30.416822433471737 ], [ 77.425697326660156, 30.420000076294059 ], [ 77.439720153808707, 30.424400329589844 ], [ 77.442047119140568, 30.429889678955078 ], [ 77.453346252441406, 30.440361022949332 ], [ 77.454299926757812, 30.446060180664119 ], [ 77.456771850585938, 30.451559066772575 ], [ 77.456291198730526, 30.45819091796875 ], [ 77.450538635253963, 30.465230941772518 ], [ 77.445686340332031, 30.465669631958008 ], [ 77.435592651367188, 30.451009750366325 ], [ 77.426200866699332, 30.441118240356502 ], [ 77.417236328125114, 30.433839797973633 ], [ 77.407638549804744, 30.427881240844727 ], [ 77.40061187744152, 30.418750762939567 ], [ 77.395462036132926, 30.420940399169979 ], [ 77.396797180175895, 30.43046951293951 ], [ 77.394096374511776, 30.434270858764648 ], [ 77.381866455078182, 30.439271926879996 ], [ 77.380386352539176, 30.446140289306697 ], [ 77.376213073730582, 30.446250915527401 ], [ 77.372718811035213, 30.454809188842887 ], [ 77.368972778320426, 30.458599090576286 ], [ 77.369651794433651, 30.463462829589957 ], [ 77.37420654296875, 30.467350006103629 ], [ 77.378562927246094, 30.471998214721793 ], [ 77.38211822509777, 30.477832794189567 ], [ 77.385513305664119, 30.48201942443859 ], [ 77.387977600097713, 30.483339309692496 ], [ 77.389572143554801, 30.482309341430721 ], [ 77.391586303710994, 30.482950210571403 ], [ 77.39359283447277, 30.487859725952092 ], [ 77.393608093261662, 30.492570877075195 ], [ 77.391166687011719, 30.497261047363281 ], [ 77.390083312988338, 30.502279281616268 ], [ 77.389732360839957, 30.505840301513729 ], [ 77.390609741210938, 30.513399124145565 ], [ 77.393478393554688, 30.515569686889648 ], [ 77.389450073242188, 30.520088195800895 ], [ 77.384185791015682, 30.523870468139762 ], [ 77.381126403808651, 30.527580261230412 ], [ 77.381027221679688, 30.533411026000977 ], [ 77.382957458496094, 30.539030075073242 ], [ 77.385566711425895, 30.541820526123047 ], [ 77.388816833496207, 30.546361923217887 ], [ 77.389495849609432, 30.551170349121207 ], [ 77.390663146972713, 30.556722640991211 ], [ 77.393173217773551, 30.561651229858512 ], [ 77.397636413574219, 30.563499450683594 ], [ 77.40213775634777, 30.56389045715332 ], [ 77.407707214355582, 30.563680648803768 ], [ 77.414939880371207, 30.570669174194336 ], [ 77.422927856445426, 30.56414985656744 ], [ 77.427757263183594, 30.56626129150402 ], [ 77.433647155761832, 30.570108413696403 ], [ 77.43839263916027, 30.575210571289176 ], [ 77.437446594238395, 30.579330444335938 ], [ 77.438873291015625, 30.584529876708984 ], [ 77.439300537109432, 30.589458465576286 ], [ 77.440429687500057, 30.597940444946346 ], [ 77.446083068847656, 30.595010757446289 ], [ 77.454353332519588, 30.594219207763786 ], [ 77.462142944335938, 30.596281051635799 ], [ 77.469245910644588, 30.594060897827262 ], [ 77.47796630859375, 30.59153938293457 ], [ 77.49600982666027, 30.592411041259822 ], [ 77.502693176269645, 30.592290878295955 ], [ 77.507125854492188, 30.597909927368221 ], [ 77.512420654296989, 30.600370407104606 ], [ 77.519836425781364, 30.611761093139705 ], [ 77.525802612304688, 30.617040634155273 ], [ 77.524261474609318, 30.621150970458984 ], [ 77.527900695800781, 30.62522125244152 ], [ 77.533065795898438, 30.628749847412223 ], [ 77.540466308593693, 30.632940292358455 ], [ 77.545768737793082, 30.634429931640625 ], [ 77.551551818847656, 30.632881164550781 ], [ 77.558197021484489, 30.629169464111328 ], [ 77.563713073730582, 30.628810882568359 ], [ 77.572631835937557, 30.628749847412223 ], [ 77.584182739257812, 30.630470275878963 ], [ 77.583816528320312, 30.635509490966854 ], [ 77.579551696777457, 30.639669418335075 ], [ 77.577438354492301, 30.643180847167969 ], [ 77.584053039550838, 30.64402961730957 ], [ 77.593109130859318, 30.643922805786246 ], [ 77.599456787109375, 30.646261215210018 ], [ 77.604843139648494, 30.64906120300293 ], [ 77.607032775878849, 30.65580940246582 ], [ 77.612281799316463, 30.659360885620117 ], [ 77.620277404785213, 30.660329818725586 ], [ 77.631500244140625, 30.660890579223746 ], [ 77.63720703125, 30.660770416259879 ], [ 77.642486572265739, 30.657039642333984 ], [ 77.662239074707088, 30.652059555053825 ], [ 77.678993225097656, 30.652090072631836 ], [ 77.68692779541027, 30.650180816650391 ], [ 77.703079223632869, 30.647750854492188 ], [ 77.716606140136776, 30.645521163940487 ], [ 77.722320556640682, 30.64600944519043 ], [ 77.722709655761776, 30.643550872802791 ], [ 77.726127624511776, 30.643659591674918 ], [ 77.733207702636776, 30.646682739257869 ], [ 77.739036560058594, 30.65022087097168 ], [ 77.744209289550781, 30.653060913086051 ], [ 77.749588012695369, 30.656257629394588 ], [ 77.761253356933651, 30.660478591919002 ], [ 77.763298034667969, 30.660301208496207 ], [ 77.765838623046932, 30.659210205078125 ], [ 77.766036987304744, 30.658409118652457 ], [ 77.764999389648438, 30.656459808349609 ], [ 77.764686584472713, 30.652521133422965 ], [ 77.768302917480526, 30.65147972106945 ], [ 77.772171020507926, 30.64496994018549 ], [ 77.774978637695369, 30.641120910644531 ], [ 77.775451660156193, 30.637468338012809 ], [ 77.772315979003963, 30.632379531860352 ], [ 77.771278381347656, 30.628480911254996 ], [ 77.776458740234375, 30.626131057739315 ], [ 77.779609680175895, 30.622680664062557 ], [ 77.781990051269531, 30.619358062744254 ], [ 77.778648376464957, 30.617879867553825 ], [ 77.772216796874943, 30.617830276489371 ], [ 77.767112731933594, 30.618181228637809 ], [ 77.76132965087902, 30.619449615478516 ], [ 77.756607055664062, 30.620321273803768 ], [ 77.755630493164062, 30.616199493408203 ], [ 77.757240295410213, 30.60479927062994 ], [ 77.754440307617301, 30.600749969482422 ], [ 77.749710083007756, 30.601369857788086 ], [ 77.742469787597656, 30.607170104980469 ], [ 77.738327026367188, 30.608089447021541 ], [ 77.734786987304801, 30.608160018921012 ], [ 77.732109069824332, 30.607128143310604 ], [ 77.731590270996037, 30.604780197143498 ], [ 77.731269836425781, 30.601520538330078 ], [ 77.729522705078125, 30.598382949829045 ], [ 77.731925964355582, 30.59618949890131 ], [ 77.738639831542912, 30.59287071228033 ], [ 77.743629455566406, 30.589759826660099 ], [ 77.746192932128963, 30.584432601928711 ], [ 77.74948883056652, 30.579969406128043 ], [ 77.751876831054744, 30.574581146240348 ], [ 77.753532409667969, 30.570230484008846 ], [ 77.757270812988338, 30.565580368042049 ], [ 77.761848449707088, 30.562988281250057 ], [ 77.766532897949219, 30.563499450683594 ], [ 77.770912170410156, 30.562400817871151 ], [ 77.774597167968807, 30.558900833129826 ], [ 77.778266906738395, 30.557359695434684 ], [ 77.786376953125, 30.561399459838924 ], [ 77.79058837890625, 30.560251235961914 ], [ 77.795188903808651, 30.561149597167912 ], [ 77.798271179199276, 30.564130783081168 ], [ 77.803237915039119, 30.563779830932617 ], [ 77.805862426757869, 30.560739517211971 ], [ 77.806877136230582, 30.554260253906364 ], [ 77.806808471679744, 30.54934120178234 ], [ 77.809959411621207, 30.544019699096737 ], [ 77.812202453613338, 30.538049697876033 ], [ 77.810646057128963, 30.533180236816463 ], [ 77.805023193359318, 30.5247802734375 ], [ 77.804122924804688, 30.520370483398438 ], [ 77.801971435546818, 30.515380859375 ], [ 77.800559997558651, 30.513160705566463 ] ] ] } },
{ "type": "Feature", "properties": { "ID_0": 105, "ISO": "IND", "NAME_0": "India", "ID_1": 13, "NAME_1": "Himachal Pradesh", "ID_2": 196, "NAME_2": "Sirmaur", "ID_3": 631, "NAME_3": "Rajgarh", "CCN_3": 0, "CCA_3": null, "TYPE_3": "Taluk", "ENGTYPE_3": "Taluk", "NL_NAME_3": null, "VARNAME_3": null }, "geometry": { "type": "Polygon", "coordinates": [ [ [ 77.4378662109375, 30.867031097412109 ], [ 77.43634033203125, 30.860330581665039 ], [ 77.433517456054688, 30.858440399169922 ], [ 77.429672241210938, 30.853620529174862 ], [ 77.426261901855469, 30.84801101684576 ], [ 77.424079895019645, 30.842180252075195 ], [ 77.420852661132926, 30.835590362548885 ], [ 77.413887023925781, 30.831342697143668 ], [ 77.408699035644531, 30.830480575561523 ], [ 77.403106689453239, 30.830760955810547 ], [ 77.397026062011832, 30.833272933959904 ], [ 77.391616821289119, 30.836410522460938 ], [ 77.387359619140625, 30.837671279907283 ], [ 77.383300781249943, 30.832109451294002 ], [ 77.377571105957145, 30.82586860656744 ], [ 77.372322082519588, 30.825462341308707 ], [ 77.36810302734375, 30.825391769409237 ], [ 77.364311218261776, 30.822580337524471 ], [ 77.35986328125, 30.818389892578239 ], [ 77.352348327636832, 30.819980621337947 ], [ 77.3455810546875, 30.821821212768668 ], [ 77.339866638183594, 30.819112777710075 ], [ 77.347152709960994, 30.80990028381359 ], [ 77.344062805175781, 30.803659439086914 ], [ 77.343162536621151, 30.799591064453125 ], [ 77.341346740722599, 30.796150207519531 ], [ 77.337486267089957, 30.793449401855582 ], [ 77.337997436523494, 30.787670135498047 ], [ 77.339797973632926, 30.783332824707145 ], [ 77.338226318359432, 30.780910491943473 ], [ 77.333122253418082, 30.778909683227596 ], [ 77.329849243164176, 30.776849746704158 ], [ 77.325431823730526, 30.771339416503849 ], [ 77.325386047363281, 30.76670074462902 ], [ 77.320816040039119, 30.764179229736271 ], [ 77.318428039550895, 30.759429931640682 ], [ 77.310249328613224, 30.753570556640739 ], [ 77.304130554199332, 30.746690750122127 ], [ 77.30008697509777, 30.748569488525391 ], [ 77.30088043212902, 30.751380920410213 ], [ 77.301490783691406, 30.754699707031364 ], [ 77.299972534179688, 30.756650924682617 ], [ 77.301002502441463, 30.760589599609432 ], [ 77.296630859375057, 30.764251708984489 ], [ 77.290435791015625, 30.76737022399908 ], [ 77.286842346191406, 30.773210525512752 ], [ 77.284156799316406, 30.780309677124023 ], [ 77.280052185058651, 30.786830902099723 ], [ 77.274391174316349, 30.793849945068416 ], [ 77.265106201171875, 30.804370880127067 ], [ 77.260658264160099, 30.809619903564453 ], [ 77.257507324218807, 30.808401107788143 ], [ 77.251815795898494, 30.805711746215763 ], [ 77.248016357421989, 30.810390472412109 ], [ 77.246559143066406, 30.813140869140625 ], [ 77.247436523437557, 30.818109512329045 ], [ 77.244781494140739, 30.822170257568303 ], [ 77.239448547363395, 30.823989868164062 ], [ 77.236183166503963, 30.827070236206112 ], [ 77.233306884765682, 30.833589553833008 ], [ 77.232292175292969, 30.839321136474723 ], [ 77.228279113769531, 30.845830917358512 ], [ 77.226119995117301, 30.851890563964844 ], [ 77.219696044921875, 30.855140686035213 ], [ 77.215553283691463, 30.858270645141658 ], [ 77.213920593261832, 30.862510681152287 ], [ 77.215347290039119, 30.864631652832031 ], [ 77.216720581054744, 30.867660522460881 ], [ 77.215499877929688, 30.870000839233455 ], [ 77.210166931152344, 30.872861862182674 ], [ 77.209548950195256, 30.875482559204215 ], [ 77.208992004394531, 30.879140853881893 ], [ 77.205535888671818, 30.880290985107536 ], [ 77.200866699218807, 30.880500793457031 ], [ 77.192276000976619, 30.892780303955078 ], [ 77.201019287109375, 30.900360107421932 ], [ 77.201316833496207, 30.906259536743164 ], [ 77.203720092773494, 30.907989501953182 ], [ 77.20761871337902, 30.906400680542049 ], [ 77.210807800293026, 30.904399871826172 ], [ 77.213928222656193, 30.904130935668888 ], [ 77.217765808105469, 30.905220031738395 ], [ 77.220932006836051, 30.906488418579102 ], [ 77.222328186035099, 30.910390853881836 ], [ 77.2265625, 30.918010711669979 ], [ 77.232376098632926, 30.922939300537109 ], [ 77.240722656250057, 30.926170349121207 ], [ 77.247062683105582, 30.932598114013615 ], [ 77.248756408691463, 30.941299438476562 ], [ 77.25168609619152, 30.944919586181697 ], [ 77.260482788085938, 30.948650360107422 ], [ 77.266830444335938, 30.953199386596793 ], [ 77.273406982421989, 30.955608367919979 ], [ 77.281181335449276, 30.95575141906744 ], [ 77.286605834960881, 30.960849761962891 ], [ 77.286422729492188, 30.968299865722713 ], [ 77.287750244140568, 30.972311019897575 ], [ 77.294540405273494, 30.973289489746207 ], [ 77.29898834228527, 30.975879669189567 ], [ 77.303016662597656, 30.979900360107365 ], [ 77.306968688964957, 30.980070114135799 ], [ 77.309967041015682, 30.983970642089957 ], [ 77.311317443847713, 30.988149642944279 ], [ 77.314010620117301, 30.990789413452262 ], [ 77.316696166992301, 30.993150711059684 ], [ 77.319931030273551, 30.999790191650391 ], [ 77.32340240478527, 31.005069732666129 ], [ 77.349220275878906, 31.014070510864315 ], [ 77.359008789062557, 31.021190643310604 ], [ 77.359626770019645, 31.026470184326172 ], [ 77.38004302978527, 31.016351699829102 ], [ 77.390106201171932, 31.00902175903326 ], [ 77.395027160644588, 31.005222320556754 ], [ 77.395698547363224, 31.004480361938477 ], [ 77.402259826660213, 31.002998352050838 ], [ 77.403671264648551, 30.999731063842887 ], [ 77.407569885253906, 30.99740028381342 ], [ 77.408836364746207, 30.995220184326172 ], [ 77.41300201416027, 30.992139816284293 ], [ 77.418289184570369, 30.989509582519645 ], [ 77.426696777343807, 30.980190277099666 ], [ 77.428497314453239, 30.971830368042049 ], [ 77.428543090820312, 30.967138290405387 ], [ 77.427909851074332, 30.96043968200695 ], [ 77.428016662597713, 30.954259872436523 ], [ 77.428451538086051, 30.949380874633789 ], [ 77.421646118164006, 30.941949844360352 ], [ 77.415672302246207, 30.938051223754996 ], [ 77.397369384765739, 30.930759429931641 ], [ 77.398345947265739, 30.929210662841797 ], [ 77.404235839843864, 30.92505073547369 ], [ 77.407287597656364, 30.920690536499023 ], [ 77.410865783691463, 30.917829513549805 ], [ 77.412216186523494, 30.91245269775402 ], [ 77.413528442382869, 30.905588150024471 ], [ 77.417076110839844, 30.902610778808594 ], [ 77.421066284179631, 30.898380279541072 ], [ 77.423278808593807, 30.891862869262752 ], [ 77.422088623046875, 30.883209228515682 ], [ 77.418228149414062, 30.876569747924748 ], [ 77.428977966308651, 30.874179840088004 ], [ 77.4378662109375, 30.867031097412109 ] ] ] } },
{ "type": "Feature", "properties": { "ID_0": 105, "ISO": "IND", "NAME_0": "India", "ID_1": 13, "NAME_1": "Himachal Pradesh", "ID_2": 196, "NAME_2": "Sirmaur", "ID_3": 632, "NAME_3": "Renuka", "CCN_3": 0, "CCA_3": null, "TYPE_3": "Taluk", "ENGTYPE_3": "Taluk", "NL_NAME_3": null, "VARNAME_3": null }, "geometry": { "type": "Polygon", "coordinates": [ [ [ 77.510513305664176, 30.787429809570369 ], [ 77.515068054199332, 30.786529541015682 ], [ 77.519210815429744, 30.785900115966911 ], [ 77.521697998046932, 30.785089492797965 ], [ 77.523750305175781, 30.783901214599666 ], [ 77.524147033691463, 30.782579421997184 ], [ 77.524169921875057, 30.780620574951172 ], [ 77.523109436035099, 30.778800964355469 ], [ 77.522148132324332, 30.776121139526367 ], [ 77.520576477050895, 30.773700714111442 ], [ 77.519409179687557, 30.770441055297852 ], [ 77.516807556152457, 30.76637077331543 ], [ 77.511741638183651, 30.756298065185604 ], [ 77.509056091308594, 30.752349853515682 ], [ 77.509880065918026, 30.74823188781744 ], [ 77.514495849609489, 30.742450714111328 ], [ 77.517326354980526, 30.737579345703068 ], [ 77.520408630371207, 30.731510162353629 ], [ 77.523231506347713, 30.719379425048828 ], [ 77.524436950683707, 30.71251106262207 ], [ 77.528495788574219, 30.70192909240734 ], [ 77.534027099609375, 30.698549270629883 ], [ 77.539428710937557, 30.697401046752987 ], [ 77.545936584472713, 30.695440292358398 ], [ 77.557830810546818, 30.693281173705998 ], [ 77.555030822753906, 30.686981201171989 ], [ 77.554351806640739, 30.679710388183651 ], [ 77.554519653320369, 30.673521041870174 ], [ 77.557708740234432, 30.664079666137752 ], [ 77.563110351562614, 30.662410736084041 ], [ 77.574920654296932, 30.660591125488338 ], [ 77.582015991211051, 30.658010482788086 ], [ 77.589057922363395, 30.654750823974609 ], [ 77.595947265625114, 30.652612686157227 ], [ 77.599456787109375, 30.646261215210018 ], [ 77.593109130859318, 30.643922805786246 ], [ 77.584053039550838, 30.64402961730957 ], [ 77.577438354492301, 30.643180847167969 ], [ 77.579551696777457, 30.639669418335075 ], [ 77.583816528320312, 30.635509490966854 ], [ 77.584182739257812, 30.630470275878963 ], [ 77.572631835937557, 30.628749847412223 ], [ 77.563713073730582, 30.628810882568359 ], [ 77.558197021484489, 30.629169464111328 ], [ 77.551551818847656, 30.632881164550781 ], [ 77.545768737793082, 30.634429931640625 ], [ 77.540466308593693, 30.632940292358455 ], [ 77.533065795898438, 30.628749847412223 ], [ 77.527900695800781, 30.62522125244152 ], [ 77.524261474609318, 30.621150970458984 ], [ 77.525802612304688, 30.617040634155273 ], [ 77.519836425781364, 30.611761093139705 ], [ 77.512420654296989, 30.600370407104606 ], [ 77.507125854492188, 30.597909927368221 ], [ 77.502693176269645, 30.592290878295955 ], [ 77.49600982666027, 30.592411041259822 ], [ 77.47796630859375, 30.59153938293457 ], [ 77.469245910644588, 30.594060897827262 ], [ 77.462142944335938, 30.596281051635799 ], [ 77.454353332519588, 30.594219207763786 ], [ 77.446083068847656, 30.595010757446289 ], [ 77.440429687500057, 30.597940444946346 ], [ 77.435356140136832, 30.599468231201229 ], [ 77.429779052734432, 30.60193061828619 ], [ 77.426597595214787, 30.604270935058594 ], [ 77.428482055664176, 30.608169555664119 ], [ 77.428543090820312, 30.611379623413143 ], [ 77.428039550781307, 30.614351272583121 ], [ 77.427970886230469, 30.61687088012701 ], [ 77.428619384765682, 30.61930084228527 ], [ 77.429046630859489, 30.624250411987305 ], [ 77.426872253418026, 30.628429412841797 ], [ 77.421897888183594, 30.634149551391658 ], [ 77.409973144531364, 30.641401290893498 ], [ 77.407966613769531, 30.645702362060661 ], [ 77.407806396484432, 30.651079177856445 ], [ 77.40606689453125, 30.656351089477653 ], [ 77.397346496582088, 30.666170120239315 ], [ 77.392021179199332, 30.670530319213981 ], [ 77.389991760253906, 30.675949096679801 ], [ 77.383087158203239, 30.676799774170036 ], [ 77.376922607421932, 30.677379608154411 ], [ 77.377151489257926, 30.681720733642635 ], [ 77.374176025390625, 30.686189651489258 ], [ 77.367446899414176, 30.688859939575195 ], [ 77.361976623535156, 30.692581176757812 ], [ 77.355712890625, 30.698400497436637 ], [ 77.352180480957145, 30.704299926757869 ], [ 77.346687316894474, 30.710992813110408 ], [ 77.340103149414119, 30.713800430297852 ], [ 77.333526611328068, 30.714460372924805 ], [ 77.327781677246207, 30.718799591064453 ], [ 77.325042724609432, 30.722871780395565 ], [ 77.319000244140739, 30.725490570068359 ], [ 77.313896179199219, 30.731712341308594 ], [ 77.311111450195369, 30.73623085021984 ], [ 77.308769226074219, 30.740850448608455 ], [ 77.307571411132926, 30.744060516357479 ], [ 77.304130554199332, 30.746690750122127 ], [ 77.310249328613224, 30.753570556640739 ], [ 77.318428039550895, 30.759429931640682 ], [ 77.320816040039119, 30.764179229736271 ], [ 77.325386047363281, 30.76670074462902 ], [ 77.325431823730526, 30.771339416503849 ], [ 77.329849243164176, 30.776849746704158 ], [ 77.333122253418082, 30.778909683227596 ], [ 77.338226318359432, 30.780910491943473 ], [ 77.339797973632926, 30.783332824707145 ], [ 77.337997436523494, 30.787670135498047 ], [ 77.337486267089957, 30.793449401855582 ], [ 77.341346740722599, 30.796150207519531 ], [ 77.343162536621151, 30.799591064453125 ], [ 77.344062805175781, 30.803659439086914 ], [ 77.347152709960994, 30.80990028381359 ], [ 77.339866638183594, 30.819112777710075 ], [ 77.3455810546875, 30.821821212768668 ], [ 77.352348327636832, 30.819980621337947 ], [ 77.35986328125, 30.818389892578239 ], [ 77.364311218261776, 30.822580337524471 ], [ 77.36810302734375, 30.825391769409237 ], [ 77.372322082519588, 30.825462341308707 ], [ 77.377571105957145, 30.82586860656744 ], [ 77.383300781249943, 30.832109451294002 ], [ 77.387359619140625, 30.837671279907283 ], [ 77.391616821289119, 30.836410522460938 ], [ 77.397026062011832, 30.833272933959904 ], [ 77.403106689453239, 30.830760955810547 ], [ 77.408699035644531, 30.830480575561523 ], [ 77.413887023925781, 30.831342697143668 ], [ 77.420852661132926, 30.835590362548885 ], [ 77.424079895019645, 30.842180252075195 ], [ 77.426261901855469, 30.84801101684576 ], [ 77.429672241210938, 30.853620529174862 ], [ 77.433517456054688, 30.858440399169922 ], [ 77.43634033203125, 30.860330581665039 ], [ 77.4378662109375, 30.867031097412109 ], [ 77.447257995605469, 30.870410919189567 ], [ 77.451347351074332, 30.868930816650391 ], [ 77.456550598144474, 30.86807823181158 ], [ 77.463516235351619, 30.869401931762809 ], [ 77.471572875976676, 30.85394287109375 ], [ 77.473556518554688, 30.849309921264648 ], [ 77.479156494140682, 30.845430374145508 ], [ 77.476509094238338, 30.84015083312994 ], [ 77.475776672363395, 30.829900741577148 ], [ 77.476753234863395, 30.820859909057731 ], [ 77.478996276855582, 30.818389892578239 ], [ 77.479812622070256, 30.814790725708065 ], [ 77.479766845703239, 30.808429718017521 ], [ 77.482368469238338, 30.804370880127067 ], [ 77.479171752929744, 30.798641204834041 ], [ 77.487541198730526, 30.797220230102596 ], [ 77.494987487793026, 30.793670654296875 ], [ 77.500892639160213, 30.79253005981451 ], [ 77.510513305664176, 30.787429809570369 ] ] ] } },
{ "type": "Feature", "properties": { "ID_0": 105, "ISO": "IND", "NAME_0": "India", "ID_1": 13, "NAME_1": "Himachal Pradesh", "ID_2": 196, "NAME_2": "Sirmaur", "ID_3": 633, "NAME_3": "Shilla", "CCN_3": 0, "CCA_3": null, "TYPE_3": "Taluk", "ENGTYPE_3": "Taluk", "NL_NAME_3": null, "VARNAME_3": null }, "geometry": { "type": "Polygon", "coordinates": [ [ [ 77.510513305664176, 30.787429809570369 ], [ 77.514076232910213, 30.797180175781307 ], [ 77.515792846679744, 30.800380706787223 ], [ 77.519058227539176, 30.802040100097599 ], [ 77.524581909179801, 30.802440643310604 ], [ 77.529167175293082, 30.802551269531307 ], [ 77.534767150878906, 30.80209922790533 ], [ 77.538749694824162, 30.801019668579158 ], [ 77.539047241210994, 30.797460556030273 ], [ 77.535942077636719, 30.788761138916129 ], [ 77.534049987792969, 30.785890579223633 ], [ 77.530136108398551, 30.780981063842887 ], [ 77.531059265136776, 30.778339385986328 ], [ 77.534233093261719, 30.779371261596737 ], [ 77.540061950683707, 30.780981063842887 ], [ 77.548789978027401, 30.780971527099553 ], [ 77.557212829589957, 30.780221939086914 ], [ 77.565231323242301, 30.780740737915039 ], [ 77.573402404785213, 30.780910491943473 ], [ 77.580802917480526, 30.782859802246151 ], [ 77.588348388671818, 30.785829544067496 ], [ 77.598167419433651, 30.793500900268612 ], [ 77.603096008300781, 30.795379638671875 ], [ 77.606620788574332, 30.798929214477596 ], [ 77.607650756835938, 30.803100585937557 ], [ 77.607856750488281, 30.806699752807674 ], [ 77.608352661132926, 30.809061050415096 ], [ 77.610443115234489, 30.812721252441349 ], [ 77.6151123046875, 30.811800003051871 ], [ 77.622856140136832, 30.811851501464901 ], [ 77.635375976562557, 30.809320449829215 ], [ 77.640907287597713, 30.808410644531307 ], [ 77.643928527832088, 30.810689926147518 ], [ 77.645240783691406, 30.807029724121094 ], [ 77.646118164062614, 30.803770065307617 ], [ 77.650711059570256, 30.806100845336857 ], [ 77.654258728027401, 30.803871154785213 ], [ 77.657096862793026, 30.800252914428825 ], [ 77.661331176757869, 30.796140670776367 ], [ 77.667510986328125, 30.79446983337408 ], [ 77.671447753906364, 30.79137039184576 ], [ 77.671890258789006, 30.787010192871094 ], [ 77.673400878906364, 30.782329559326172 ], [ 77.676841735839787, 30.777629852294979 ], [ 77.682228088378906, 30.772869110107479 ], [ 77.688285827636662, 30.768669128417912 ], [ 77.691482543945426, 30.760259628295898 ], [ 77.693008422851676, 30.757850646972656 ], [ 77.691757202148438, 30.755050659179744 ], [ 77.690406799316406, 30.751329421997184 ], [ 77.69158935546875, 30.748310089111442 ], [ 77.693946838378963, 30.746170043945312 ], [ 77.697708129882869, 30.744968414306641 ], [ 77.700736999511719, 30.744968414306641 ], [ 77.704353332519531, 30.745700836181641 ], [ 77.707237243652344, 30.745529174804801 ], [ 77.709281921386719, 30.744150161743164 ], [ 77.711631774902401, 30.742082595825252 ], [ 77.712890624999943, 30.739452362060547 ], [ 77.715339660644645, 30.738260269165039 ], [ 77.717651367187614, 30.738861083984489 ], [ 77.720336914062443, 30.738241195678825 ], [ 77.721710205078125, 30.736352920532227 ], [ 77.722496032714844, 30.733358383178711 ], [ 77.722190856933707, 30.730619430542106 ], [ 77.725212097168026, 30.727348327636776 ], [ 77.730682373046875, 30.724479675292969 ], [ 77.732276916503963, 30.720701217651481 ], [ 77.734329223632869, 30.716690063476619 ], [ 77.73728179931652, 30.713468551635856 ], [ 77.741096496582145, 30.710660934448242 ], [ 77.740386962890625, 30.707122802734375 ], [ 77.736900329589957, 30.705009460449219 ], [ 77.735740661621207, 30.701578140258732 ], [ 77.733581542968807, 30.697452545166016 ], [ 77.733398437500057, 30.693500518798885 ], [ 77.733406066894588, 30.68582916259777 ], [ 77.736579895019531, 30.68284988403326 ], [ 77.742752075195369, 30.680561065673885 ], [ 77.747886657714901, 30.678140640258789 ], [ 77.754196166992244, 30.676059722900334 ], [ 77.758811950683707, 30.672389984130973 ], [ 77.762947082519588, 30.668430328369084 ], [ 77.76590728759777, 30.665279388427791 ], [ 77.769500732421989, 30.664190292358455 ], [ 77.772209167480412, 30.66539192199707 ], [ 77.774230957031307, 30.665660858154354 ], [ 77.777061462402401, 30.665588378906307 ], [ 77.779052734375114, 30.66377067565918 ], [ 77.774917602539062, 30.658451080322322 ], [ 77.770256042480582, 30.655149459838867 ], [ 77.768302917480526, 30.65147972106945 ], [ 77.764686584472713, 30.652521133422965 ], [ 77.764999389648438, 30.656459808349609 ], [ 77.766036987304744, 30.658409118652457 ], [ 77.765838623046932, 30.659210205078125 ], [ 77.763298034667969, 30.660301208496207 ], [ 77.761253356933651, 30.660478591919002 ], [ 77.749588012695369, 30.656257629394588 ], [ 77.744209289550781, 30.653060913086051 ], [ 77.739036560058594, 30.65022087097168 ], [ 77.733207702636776, 30.646682739257869 ], [ 77.726127624511776, 30.643659591674918 ], [ 77.722709655761776, 30.643550872802791 ], [ 77.722320556640682, 30.64600944519043 ], [ 77.716606140136776, 30.645521163940487 ], [ 77.703079223632869, 30.647750854492188 ], [ 77.68692779541027, 30.650180816650391 ], [ 77.678993225097656, 30.652090072631836 ], [ 77.662239074707088, 30.652059555053825 ], [ 77.642486572265739, 30.657039642333984 ], [ 77.63720703125, 30.660770416259879 ], [ 77.631500244140625, 30.660890579223746 ], [ 77.620277404785213, 30.660329818725586 ], [ 77.612281799316463, 30.659360885620117 ], [ 77.607032775878849, 30.65580940246582 ], [ 77.604843139648494, 30.64906120300293 ], [ 77.599456787109375, 30.646261215210018 ], [ 77.595947265625114, 30.652612686157227 ], [ 77.589057922363395, 30.654750823974609 ], [ 77.582015991211051, 30.658010482788086 ], [ 77.574920654296932, 30.660591125488338 ], [ 77.563110351562614, 30.662410736084041 ], [ 77.557708740234432, 30.664079666137752 ], [ 77.554519653320369, 30.673521041870174 ], [ 77.554351806640739, 30.679710388183651 ], [ 77.555030822753906, 30.686981201171989 ], [ 77.557830810546818, 30.693281173705998 ], [ 77.545936584472713, 30.695440292358398 ], [ 77.539428710937557, 30.697401046752987 ], [ 77.534027099609375, 30.698549270629883 ], [ 77.528495788574219, 30.70192909240734 ], [ 77.524436950683707, 30.71251106262207 ], [ 77.523231506347713, 30.719379425048828 ], [ 77.520408630371207, 30.731510162353629 ], [ 77.517326354980526, 30.737579345703068 ], [ 77.514495849609489, 30.742450714111328 ], [ 77.509880065918026, 30.74823188781744 ], [ 77.509056091308594, 30.752349853515682 ], [ 77.511741638183651, 30.756298065185604 ], [ 77.516807556152457, 30.76637077331543 ], [ 77.519409179687557, 30.770441055297852 ], [ 77.520576477050895, 30.773700714111442 ], [ 77.522148132324332, 30.776121139526367 ], [ 77.523109436035099, 30.778800964355469 ], [ 77.524169921875057, 30.780620574951172 ], [ 77.524147033691463, 30.782579421997184 ], [ 77.523750305175781, 30.783901214599666 ], [ 77.521697998046932, 30.785089492797965 ], [ 77.519210815429744, 30.785900115966911 ], [ 77.515068054199332, 30.786529541015682 ], [ 77.510513305664176, 30.787429809570369 ] ] ] } },
{ "type": "Feature", "properties": { "ID_0": 105, "ISO": "IND", "NAME_0": "India", "ID_1": 13, "NAME_1": "Himachal Pradesh", "ID_2": 197, "NAME_2": "Solan", "ID_3": 634, "NAME_3": "Arki", "CCN_3": 0, "CCA_3": null, "TYPE_3": "Taluk", "ENGTYPE_3": "Taluk", "NL_NAME_3": null, "VARNAME_3": null }, "geometry": { "type": "Polygon", "coordinates": [ [ [ 76.882766723632926, 31.082059860229492 ], [ 76.875762939453068, 31.090621948242131 ], [ 76.869140625, 31.101871490478572 ], [ 76.868438720703182, 31.110380172729606 ], [ 76.8712158203125, 31.117059707641602 ], [ 76.868125915527287, 31.127162933349609 ], [ 76.864349365234375, 31.133508682251033 ], [ 76.859146118164176, 31.135410308837891 ], [ 76.848266601562614, 31.141729354858398 ], [ 76.842689514160213, 31.151180267333928 ], [ 76.84079742431652, 31.164028167724609 ], [ 76.832679748535156, 31.193492889404411 ], [ 76.820510864257812, 31.215431213378906 ], [ 76.8125, 31.229379653930664 ], [ 76.817115783691463, 31.229621887207145 ], [ 76.82364654541027, 31.235370635986385 ], [ 76.830558776855412, 31.233150482177848 ], [ 76.835617065429744, 31.227199554443416 ], [ 76.846580505371037, 31.222249984741211 ], [ 76.859748840332031, 31.221990585327092 ], [ 76.869346618652401, 31.227329254150391 ], [ 76.860191345214901, 31.238779067993221 ], [ 76.856170654296875, 31.249679565429801 ], [ 76.85282135009777, 31.249769210815487 ], [ 76.857711791992244, 31.260339736938533 ], [ 76.862136840820369, 31.265481948852596 ], [ 76.868026733398494, 31.266260147094783 ], [ 76.875679016113338, 31.269569396972656 ], [ 76.882369995117244, 31.268209457397461 ], [ 76.885070800781364, 31.271551132202262 ], [ 76.881942749023494, 31.277141571044979 ], [ 76.8843994140625, 31.281570434570312 ], [ 76.890426635742301, 31.283620834350586 ], [ 76.89599609375, 31.284530639648494 ], [ 76.901977539062557, 31.287559509277401 ], [ 76.906356811523494, 31.292850494384879 ], [ 76.913681030273551, 31.305620193481559 ], [ 76.908752441406193, 31.306850433349609 ], [ 76.904991149902344, 31.317119598388615 ], [ 76.898582458496151, 31.319860458374023 ], [ 76.889877319335881, 31.319501876831055 ], [ 76.880661010742301, 31.322561264038086 ], [ 76.865882873535156, 31.330780029296875 ], [ 76.861686706542969, 31.334699630737418 ], [ 76.867561340331974, 31.343650817871151 ], [ 76.862976074218693, 31.349380493164119 ], [ 76.861488342285156, 31.353031158447266 ], [ 76.861648559570256, 31.357128143310661 ], [ 76.861389160156307, 31.357749938964901 ], [ 76.870712280273494, 31.361722946167049 ], [ 76.877212524414119, 31.365371704101619 ], [ 76.887390136718693, 31.367691040039119 ], [ 76.894783020019645, 31.366230010986385 ], [ 76.906455993652457, 31.370412826538086 ], [ 76.918235778808707, 31.361408233642578 ], [ 76.928192138671989, 31.351459503173771 ], [ 76.931297302246094, 31.342941284179801 ], [ 76.929046630859432, 31.337881088256893 ], [ 76.941398620605469, 31.333419799804801 ], [ 76.953521728515739, 31.326150894165096 ], [ 76.964042663574332, 31.314420700073299 ], [ 76.985702514648494, 31.303239822387752 ], [ 76.988693237304688, 31.301370620727596 ], [ 76.999542236328068, 31.282350540161246 ], [ 77.000785827636776, 31.275239944458065 ], [ 76.997482299804688, 31.266431808471623 ], [ 76.990486145019588, 31.240760803222656 ], [ 76.99857330322277, 31.237649917602596 ], [ 76.999626159668026, 31.230089187622184 ], [ 77.005783081054801, 31.222160339355526 ], [ 76.995918273925724, 31.21344184875494 ], [ 76.990936279296989, 31.206739425659123 ], [ 76.989318847656307, 31.198881149292106 ], [ 76.989898681640682, 31.191560745239371 ], [ 76.991531372070256, 31.18474006652832 ], [ 76.998550415039176, 31.178600311279411 ], [ 77.011756896972599, 31.172370910644588 ], [ 77.019790649414062, 31.162651062011776 ], [ 77.016387939453125, 31.156080245971737 ], [ 76.998435974121094, 31.140850067138786 ], [ 76.996696472167969, 31.134492874145621 ], [ 76.99713134765625, 31.122209548950195 ], [ 76.995185852050781, 31.119590759277457 ], [ 76.991790771484375, 31.118251800537109 ], [ 76.986030578613281, 31.118650436401367 ], [ 76.98197174072277, 31.120969772338867 ], [ 76.978523254394645, 31.120180130004996 ], [ 76.978637695312557, 31.118238449096623 ], [ 76.972251892089957, 31.118251800537109 ], [ 76.971946716308594, 31.111751556396484 ], [ 76.980155944824219, 31.105831146240234 ], [ 76.986045837402344, 31.095529556274471 ], [ 76.982147216796989, 31.08761024475109 ], [ 76.973686218261776, 31.084329605102653 ], [ 76.963768005371151, 31.076799392700195 ], [ 76.95603179931652, 31.064569473266602 ], [ 76.948387145996207, 31.061080932617188 ], [ 76.933288574218807, 31.057559967041016 ], [ 76.930847167968864, 31.055561065673885 ], [ 76.921890258789176, 31.060020446777401 ], [ 76.923416137695426, 31.072750091552848 ], [ 76.912811279296875, 31.076629638671932 ], [ 76.901962280273494, 31.072301864624023 ], [ 76.891632080078125, 31.083152770996207 ], [ 76.882766723632926, 31.082059860229492 ] ] ] } },
{ "type": "Feature", "properties": { "ID_0": 105, "ISO": "IND", "NAME_0": "India", "ID_1": 13, "NAME_1": "Himachal Pradesh", "ID_2": 197, "NAME_2": "Solan", "ID_3": 635, "NAME_3": "Kandaghat", "CCN_3": 0, "CCA_3": null, "TYPE_3": "Taluk", "ENGTYPE_3": "Taluk", "NL_NAME_3": null, "VARNAME_3": null }, "geometry": { "type": "Polygon", "coordinates": [ [ [ 77.192276000976619, 30.892780303955078 ], [ 77.185867309570426, 30.897920608520565 ], [ 77.181282043457145, 30.902601242065487 ], [ 77.176460266113338, 30.905729293823356 ], [ 77.172676086425895, 30.909151077270508 ], [ 77.169357299804688, 30.909790039062614 ], [ 77.161476135253849, 30.916910171508732 ], [ 77.15557861328125, 30.919820785522575 ], [ 77.15036773681652, 30.9215602874757 ], [ 77.147819519043026, 30.927450180053825 ], [ 77.142578125000114, 30.930469512939567 ], [ 77.140716552734375, 30.932991027832088 ], [ 77.139808654785213, 30.938930511474609 ], [ 77.136856079101676, 30.944190979003906 ], [ 77.131217956542969, 30.949260711669922 ], [ 77.12603759765625, 30.954450607299805 ], [ 77.119621276855526, 30.956489562988395 ], [ 77.115318298339787, 30.959850311279411 ], [ 77.111022949218807, 30.956169128417969 ], [ 77.104103088378906, 30.9422607421875 ], [ 77.097312927246151, 30.943929672241211 ], [ 77.090026855468807, 30.946529388427678 ], [ 77.082420349121151, 30.951482772827262 ], [ 77.075828552246207, 30.956331253051815 ], [ 77.071311950683594, 30.961170196533317 ], [ 77.065612792968807, 30.964229583740348 ], [ 77.060935974121207, 30.971330642700195 ], [ 77.056907653808707, 30.977830886840877 ], [ 77.045722961425781, 30.977148056030273 ], [ 77.033302307128849, 30.973949432373161 ], [ 77.023925781250114, 30.982160568237362 ], [ 77.020751953125, 30.984310150146484 ], [ 77.016113281250114, 30.985780715942383 ], [ 77.015861511230526, 30.990249633789176 ], [ 77.017402648925838, 30.995920181274414 ], [ 77.019943237304801, 31.002220153808651 ], [ 77.020286560058707, 31.003950119018668 ], [ 77.020286560058707, 31.00988960266119 ], [ 77.016502380371207, 31.01007270812994 ], [ 77.007621765136719, 31.01267051696783 ], [ 77.007431030273438, 31.017070770263786 ], [ 77.004852294921989, 31.021980285644531 ], [ 76.998542785644645, 31.028102874755973 ], [ 76.994972229003849, 31.034791946411076 ], [ 76.995506286621207, 31.041492462158317 ], [ 77.001510620117188, 31.049261093139705 ], [ 77.004356384277344, 31.055690765380859 ], [ 76.994155883789176, 31.052249908447266 ], [ 76.989028930664176, 31.052658081054801 ], [ 76.987922668457031, 31.070791244506836 ], [ 76.990928649902457, 31.085411071777401 ], [ 76.986045837402344, 31.095529556274471 ], [ 76.980155944824219, 31.105831146240234 ], [ 76.971946716308594, 31.111751556396484 ], [ 76.972251892089957, 31.118251800537109 ], [ 76.978637695312557, 31.118238449096623 ], [ 76.978767395019531, 31.115440368652344 ], [ 76.986038208007812, 31.109109878540096 ], [ 77.003273010253963, 31.112911224365234 ], [ 77.011932373046989, 31.113082885742301 ], [ 77.014060974121094, 31.11408805847168 ], [ 77.016632080078182, 31.11841011047369 ], [ 77.025581359863338, 31.118459701538086 ], [ 77.032623291015682, 31.119829177856559 ], [ 77.037933349609375, 31.114280700683537 ], [ 77.041999816894588, 31.107738494873047 ], [ 77.035980224609318, 31.104200363159237 ], [ 77.027328491210994, 31.103269577026424 ], [ 77.022560119628963, 31.098989486694336 ], [ 77.012786865234432, 31.095560073852596 ], [ 77.011985778808594, 31.091119766235352 ], [ 77.013893127441406, 31.085502624511719 ], [ 77.020767211914062, 31.0836181640625 ], [ 77.025177001953182, 31.072151184082031 ], [ 77.029312133789062, 31.076290130615234 ], [ 77.032302856445426, 31.083919525146484 ], [ 77.037658691406364, 31.089090347290153 ], [ 77.044471740722713, 31.093862533569336 ], [ 77.050651550293082, 31.092132568359489 ], [ 77.056327819824332, 31.089309692382812 ], [ 77.059471130371094, 31.090999603271541 ], [ 77.06427001953125, 31.088939666748104 ], [ 77.065742492675781, 31.083320617675895 ], [ 77.072647094726562, 31.069709777832031 ], [ 77.067878723144531, 31.065998077392635 ], [ 77.066612243652401, 31.060461044311523 ], [ 77.057060241699276, 31.058660507202205 ], [ 77.053710937499943, 31.054450988769531 ], [ 77.059547424316463, 31.051111221313533 ], [ 77.066696166992188, 31.049650192260799 ], [ 77.073150634765739, 31.046850204467887 ], [ 77.079238891601676, 31.041690826416129 ], [ 77.092041015625114, 31.035352706909237 ], [ 77.099639892578239, 31.034498214721623 ], [ 77.106491088867301, 31.036069869995117 ], [ 77.115867614746207, 31.033212661743278 ], [ 77.130805969238281, 31.024860382080192 ], [ 77.13492584228527, 31.012500762939567 ], [ 77.157226562500114, 31.008790969848746 ], [ 77.163467407226619, 31.01167106628418 ], [ 77.165428161621207, 31.012258529663143 ], [ 77.16678619384777, 31.013401031494197 ], [ 77.172416687011719, 31.013120651245231 ], [ 77.183311462402401, 31.004648208618107 ], [ 77.184776306152344, 31.003400802612418 ], [ 77.189956665039062, 30.999530792236442 ], [ 77.19461822509777, 30.995140075683651 ], [ 77.195579528808707, 30.990840911865234 ], [ 77.193847656250114, 30.986089706420898 ], [ 77.191307067871151, 30.981220245361442 ], [ 77.188392639160156, 30.978519439697379 ], [ 77.188819885253906, 30.973880767822322 ], [ 77.192779541015625, 30.971031188964787 ], [ 77.198516845703125, 30.970291137695312 ], [ 77.205696105957145, 30.970329284667969 ], [ 77.220817565917969, 30.964460372924918 ], [ 77.227127075195312, 30.959850311279411 ], [ 77.232612609863395, 30.956430435180664 ], [ 77.238098144531364, 30.951810836792049 ], [ 77.233428955078125, 30.946649551391715 ], [ 77.22666168212902, 30.943880081176815 ], [ 77.226837158203182, 30.93889045715332 ], [ 77.22943115234375, 30.934270858764705 ], [ 77.231269836425895, 30.929410934448185 ], [ 77.232376098632926, 30.922939300537109 ], [ 77.2265625, 30.918010711669979 ], [ 77.222328186035099, 30.910390853881836 ], [ 77.220932006836051, 30.906488418579102 ], [ 77.217765808105469, 30.905220031738395 ], [ 77.213928222656193, 30.904130935668888 ], [ 77.210807800293026, 30.904399871826172 ], [ 77.20761871337902, 30.906400680542049 ], [ 77.203720092773494, 30.907989501953182 ], [ 77.201316833496207, 30.906259536743164 ], [ 77.201019287109375, 30.900360107421932 ], [ 77.192276000976619, 30.892780303955078 ] ] ] } },
{ "type": "Feature", "properties": { "ID_0": 105, "ISO": "IND", "NAME_0": "India", "ID_1": 13, "NAME_1": "Himachal Pradesh", "ID_2": 197, "NAME_2": "Solan", "ID_3": 636, "NAME_3": "Kasauli", "CCN_3": 0, "CCA_3": null, "TYPE_3": "Taluk", "ENGTYPE_3": "Taluk", "NL_NAME_3": null, "VARNAME_3": null }, "geometry": { "type": "Polygon", "coordinates": [ [ [ 76.814369201660156, 30.921340942382869 ], [ 76.826866149902401, 30.918252944946232 ], [ 76.833267211914062, 30.920499801635742 ], [ 76.841941833496207, 30.927829742431584 ], [ 76.845558166503963, 30.938020706176815 ], [ 76.850585937499943, 30.943149566650391 ], [ 76.858100891113338, 30.948650360107422 ], [ 76.858451843261719, 30.954490661621094 ], [ 76.856010437011776, 30.958791732788086 ], [ 76.832748413085994, 30.979209899902457 ], [ 76.828941345214901, 31.004121780395508 ], [ 76.829689025878963, 31.006189346313477 ], [ 76.834472656250057, 31.009479522705078 ], [ 76.841041564941349, 31.009059906005973 ], [ 76.847938537597656, 31.011722564697379 ], [ 76.854522705078182, 31.017850875854606 ], [ 76.855941772460938, 31.02272987365734 ], [ 76.844871520996094, 31.038530349731502 ], [ 76.843208312988281, 31.047161102294979 ], [ 76.845123291015682, 31.052339553832951 ], [ 76.849441528320256, 31.054430007934513 ], [ 76.854156494140739, 31.06310081481945 ], [ 76.860031127929744, 31.062290191650504 ], [ 76.867813110351562, 31.058670043945369 ], [ 76.880798339843807, 31.059949874877987 ], [ 76.889091491699332, 31.064859390258846 ], [ 76.887252807617188, 31.074800491333121 ], [ 76.882766723632926, 31.082059860229492 ], [ 76.891632080078125, 31.083152770996207 ], [ 76.901962280273494, 31.072301864624023 ], [ 76.912811279296875, 31.076629638671932 ], [ 76.923416137695426, 31.072750091552848 ], [ 76.921890258789176, 31.060020446777401 ], [ 76.930847167968864, 31.055561065673885 ], [ 76.93656158447277, 31.043109893798885 ], [ 76.940391540527457, 31.036119461059513 ], [ 76.948410034179801, 31.027219772338981 ], [ 76.956558227539119, 31.022569656372184 ], [ 76.963867187500114, 31.003828048706055 ], [ 76.977012634277457, 30.973709106445256 ], [ 76.977439880371094, 30.966779708862418 ], [ 76.985191345214957, 30.963361740112248 ], [ 76.986259460449219, 30.963050842285156 ], [ 76.991783142089844, 30.95665168762207 ], [ 77.000358581542969, 30.946451187133903 ], [ 77.008316040039006, 30.938411712646541 ], [ 77.016265869140682, 30.929750442504883 ], [ 77.026336669921932, 30.916629791259766 ], [ 77.029151916503906, 30.912170410156307 ], [ 77.025421142578182, 30.910671234130803 ], [ 77.025131225585938, 30.907920837402344 ], [ 77.026992797851676, 30.905178070068359 ], [ 77.029518127441406, 30.902509689330998 ], [ 77.02848052978527, 30.896482467651424 ], [ 77.029426574707088, 30.89203071594244 ], [ 77.031837463378906, 30.88889122009283 ], [ 77.035301208496151, 30.885410308837947 ], [ 77.038352966308651, 30.883012771606445 ], [ 77.043052673339844, 30.880680084228629 ], [ 77.042098999023438, 30.877531051635685 ], [ 77.0400390625, 30.872489929199219 ], [ 77.037216186523494, 30.866992950439396 ], [ 77.036712646484489, 30.862739562988281 ], [ 77.041412353515682, 30.860309600830021 ], [ 77.045455932617301, 30.857812881469727 ], [ 77.04705810546875, 30.855171203613338 ], [ 77.049057006835994, 30.85248947143549 ], [ 77.050796508789176, 30.849121093750114 ], [ 77.051048278808537, 30.845809936523494 ], [ 77.049682617187614, 30.843280792236442 ], [ 77.041397094726619, 30.842620849609489 ], [ 77.037933349609375, 30.842550277710018 ], [ 77.030998229980582, 30.843141555786133 ], [ 77.025871276855412, 30.844041824340934 ], [ 77.023178100586051, 30.843631744384822 ], [ 77.020057678222713, 30.841381072998161 ], [ 77.015686035156307, 30.841939926147518 ], [ 77.012382507324219, 30.844659805297852 ], [ 77.010307312011776, 30.847471237182674 ], [ 77.007217407226562, 30.848140716552734 ], [ 77.005050659179801, 30.847549438476619 ], [ 77.004806518554744, 30.844810485839844 ], [ 77.006500244140682, 30.841949462890625 ], [ 77.010147094726619, 30.837390899658317 ], [ 77.014137268066463, 30.833690643310604 ], [ 77.017929077148494, 30.829692840576229 ], [ 77.020431518554744, 30.824150085449332 ], [ 77.022186279296989, 30.818439483642635 ], [ 77.024559020996094, 30.813011169433651 ], [ 77.027099609375057, 30.809129714965934 ], [ 77.03125, 30.807540893554801 ], [ 77.031311035156307, 30.801940917968807 ], [ 77.029922485351562, 30.795738220214957 ], [ 77.032035827636719, 30.788141250610465 ], [ 77.030502319335938, 30.784820556640739 ], [ 77.03000640869152, 30.782119750976619 ], [ 77.034309387207031, 30.780780792236271 ], [ 77.03672027587902, 30.775569915771598 ], [ 77.030021667480582, 30.769992828369197 ], [ 77.020988464355526, 30.765491485595817 ], [ 77.018257141113281, 30.76295280456543 ], [ 77.016860961914176, 30.759229660034293 ], [ 77.016693115234489, 30.754869461059627 ], [ 77.015289306640682, 30.751840591430721 ], [ 77.010559082031364, 30.751590728759709 ], [ 77.007186889648438, 30.752660751342773 ], [ 77.004707336425781, 30.752489089965934 ], [ 77.004661560058707, 30.757352828979606 ], [ 77.005821228027457, 30.761751174926815 ], [ 77.004463195800895, 30.766349792480582 ], [ 77.002388000488395, 30.767950057983455 ], [ 76.998832702636719, 30.76915168762207 ], [ 76.995246887207088, 30.771039962768668 ], [ 76.9912109375, 30.773452758789062 ], [ 76.988601684570369, 30.777070999145621 ], [ 76.990959167480412, 30.780651092529297 ], [ 76.994873046875057, 30.785070419311523 ], [ 77.000030517578182, 30.789020538330078 ], [ 76.999732971191349, 30.793979644775391 ], [ 77.000350952148438, 30.797622680664176 ], [ 76.999740600585881, 30.804901123046818 ], [ 76.998519897460994, 30.809730529785156 ], [ 76.99796295166027, 30.814291000366268 ], [ 76.995841979980526, 30.816709518432617 ], [ 76.992660522461051, 30.818300247192326 ], [ 76.988456726074332, 30.815000534057617 ], [ 76.986526489257926, 30.813249588012752 ], [ 76.984771728515682, 30.810472488403434 ], [ 76.982643127441463, 30.804300308227596 ], [ 76.97910308837902, 30.798812866210938 ], [ 76.968643188476506, 30.807960510253849 ], [ 76.961807250976562, 30.808990478515682 ], [ 76.953750610351676, 30.811210632324219 ], [ 76.947647094726676, 30.823169708251953 ], [ 76.942832946777401, 30.829189300537223 ], [ 76.933700561523551, 30.831962585449332 ], [ 76.927513122558594, 30.837352752685604 ], [ 76.927803039550895, 30.848140716552734 ], [ 76.926612854003963, 30.854440689086971 ], [ 76.915840148925781, 30.869329452514592 ], [ 76.907066345214844, 30.8909912109375 ], [ 76.902160644531307, 30.897228240966854 ], [ 76.886550903320369, 30.888299942016545 ], [ 76.878585815429801, 30.885982513427791 ], [ 76.869628906250114, 30.878160476684684 ], [ 76.861785888671989, 30.873550415039176 ], [ 76.852432250976676, 30.870689392089957 ], [ 76.837150573730526, 30.878871917724609 ], [ 76.822662353515682, 30.888099670410156 ], [ 76.815757751464901, 30.896009445190543 ], [ 76.809799194335938, 30.906801223754826 ], [ 76.814369201660156, 30.921340942382869 ] ] ] } },
{ "type": "Feature", "properties": { "ID_0": 105, "ISO": "IND", "NAME_0": "India", "ID_1": 13, "NAME_1": "Himachal Pradesh", "ID_2": 197, "NAME_2": "Solan", "ID_3": 637, "NAME_3": "Nalagarh", "CCN_3": 0, "CCA_3": null, "TYPE_3": "Taluk", "ENGTYPE_3": "Taluk", "NL_NAME_3": null, "VARNAME_3": null }, "geometry": { "type": "Polygon", "coordinates": [ [ [ 76.814369201660156, 30.921340942382869 ], [ 76.813392639160099, 30.92732048034668 ], [ 76.810188293457031, 30.930379867553711 ], [ 76.79876708984375, 30.924640655517578 ], [ 76.769859313964957, 30.906391143798885 ], [ 76.753837585449332, 30.917818069458121 ], [ 76.754119873046875, 30.922952651977596 ], [ 76.748687744140739, 30.923799514770508 ], [ 76.748626708984432, 30.929161071777401 ], [ 76.743820190429688, 30.929040908813533 ], [ 76.738372802734489, 30.930059432983455 ], [ 76.726020812988395, 30.939331054687614 ], [ 76.725479125976562, 30.942510604858512 ], [ 76.724136352539062, 30.950582504272404 ], [ 76.712600708007869, 30.963420867919979 ], [ 76.705078125, 30.963300704956168 ], [ 76.698379516601506, 30.968891143798828 ], [ 76.696159362793026, 30.97179031372076 ], [ 76.694236755371094, 30.972490310669002 ], [ 76.66819000244152, 30.969881057739371 ], [ 76.662635803222713, 30.971130371093807 ], [ 76.653060913085994, 30.981809616088981 ], [ 76.633346557617188, 30.99072265625 ], [ 76.625923156738281, 30.992498397827262 ], [ 76.620948791503906, 30.998300552368278 ], [ 76.612419128417969, 31.002050399780387 ], [ 76.610069274902287, 31.004230499267635 ], [ 76.613601684570369, 31.021989822387809 ], [ 76.605186462402401, 31.033519744873047 ], [ 76.601516723632812, 31.043561935424862 ], [ 76.598968505859489, 31.053550720214901 ], [ 76.609527587890625, 31.060670852661246 ], [ 76.60489654541027, 31.078378677368221 ], [ 76.607826232910156, 31.083501815796012 ], [ 76.611846923828125, 31.096389770507812 ], [ 76.625732421875, 31.11024284362793 ], [ 76.623710632324276, 31.118009567260856 ], [ 76.615592956542912, 31.121580123901424 ], [ 76.607276916503963, 31.119640350341854 ], [ 76.597442626953239, 31.126199722290039 ], [ 76.589317321777344, 31.127700805664119 ], [ 76.593955993652401, 31.136499404907227 ], [ 76.598747253418026, 31.15117073059082 ], [ 76.594673156738281, 31.151340484619254 ], [ 76.590072631835938, 31.157268524170036 ], [ 76.591491699218807, 31.160320281982536 ], [ 76.589439392089957, 31.164760589599609 ], [ 76.592468261718864, 31.17229080200201 ], [ 76.590393066406364, 31.182859420776481 ], [ 76.598312377929744, 31.186479568481445 ], [ 76.600662231445426, 31.191030502319393 ], [ 76.605766296386776, 31.197120666503906 ], [ 76.612213134765625, 31.202640533447379 ], [ 76.618698120117188, 31.203901290893555 ], [ 76.620117187500114, 31.206661224365348 ], [ 76.635421752929801, 31.212980270385856 ], [ 76.650260925293082, 31.215419769287223 ], [ 76.657897949218864, 31.218399047851676 ], [ 76.680068969726506, 31.220268249511832 ], [ 76.685913085937557, 31.224340438842773 ], [ 76.691680908203239, 31.227199554443416 ], [ 76.699119567871207, 31.229440689086971 ], [ 76.708763122558651, 31.233499526977653 ], [ 76.714607238769531, 31.237590789794865 ], [ 76.718521118164119, 31.243440628051871 ], [ 76.724029541015682, 31.242750167846793 ], [ 76.731216430664062, 31.239799499511719 ], [ 76.735038757324219, 31.236522674560604 ], [ 76.743576049804631, 31.231849670410213 ], [ 76.753890991210938, 31.231500625610352 ], [ 76.760848999023494, 31.23042106628418 ], [ 76.764961242675781, 31.223800659179688 ], [ 76.784919738769645, 31.229690551757812 ], [ 76.793807983398438, 31.233789443969727 ], [ 76.799156188964901, 31.231609344482479 ], [ 76.804389953613395, 31.231819152832031 ], [ 76.811630249023551, 31.228889465332145 ], [ 76.8125, 31.229379653930664 ], [ 76.820510864257812, 31.215431213378906 ], [ 76.832679748535156, 31.193492889404411 ], [ 76.84079742431652, 31.164028167724609 ], [ 76.842689514160213, 31.151180267333928 ], [ 76.848266601562614, 31.141729354858398 ], [ 76.859146118164176, 31.135410308837891 ], [ 76.864349365234375, 31.133508682251033 ], [ 76.868125915527287, 31.127162933349609 ], [ 76.8712158203125, 31.117059707641602 ], [ 76.868438720703182, 31.110380172729606 ], [ 76.869140625, 31.101871490478572 ], [ 76.875762939453068, 31.090621948242131 ], [ 76.882766723632926, 31.082059860229492 ], [ 76.887252807617188, 31.074800491333121 ], [ 76.889091491699332, 31.064859390258846 ], [ 76.880798339843807, 31.059949874877987 ], [ 76.867813110351562, 31.058670043945369 ], [ 76.860031127929744, 31.062290191650504 ], [ 76.854156494140739, 31.06310081481945 ], [ 76.849441528320256, 31.054430007934513 ], [ 76.845123291015682, 31.052339553832951 ], [ 76.843208312988281, 31.047161102294979 ], [ 76.844871520996094, 31.038530349731502 ], [ 76.855941772460938, 31.02272987365734 ], [ 76.854522705078182, 31.017850875854606 ], [ 76.847938537597656, 31.011722564697379 ], [ 76.841041564941349, 31.009059906005973 ], [ 76.834472656250057, 31.009479522705078 ], [ 76.829689025878963, 31.006189346313477 ], [ 76.828941345214901, 31.004121780395508 ], [ 76.832748413085994, 30.979209899902457 ], [ 76.856010437011776, 30.958791732788086 ], [ 76.858451843261719, 30.954490661621094 ], [ 76.858100891113338, 30.948650360107422 ], [ 76.850585937499943, 30.943149566650391 ], [ 76.845558166503963, 30.938020706176815 ], [ 76.841941833496207, 30.927829742431584 ], [ 76.833267211914062, 30.920499801635742 ], [ 76.826866149902401, 30.918252944946232 ], [ 76.814369201660156, 30.921340942382869 ] ] ] } },
{ "type": "Feature", "properties": { "ID_0": 105, "ISO": "IND", "NAME_0": "India", "ID_1": 13, "NAME_1": "Himachal Pradesh", "ID_2": 197, "NAME_2": "Solan", "ID_3": 638, "NAME_3": "Solan", "CCN_3": 0, "CCA_3": null, "TYPE_3": "Taluk", "ENGTYPE_3": "Taluk", "NL_NAME_3": null, "VARNAME_3": null }, "geometry": { "type": "Polygon", "coordinates": [ [ [ 77.03672027587902, 30.775569915771598 ], [ 77.034309387207031, 30.780780792236271 ], [ 77.03000640869152, 30.782119750976619 ], [ 77.030502319335938, 30.784820556640739 ], [ 77.032035827636719, 30.788141250610465 ], [ 77.029922485351562, 30.795738220214957 ], [ 77.031311035156307, 30.801940917968807 ], [ 77.03125, 30.807540893554801 ], [ 77.027099609375057, 30.809129714965934 ], [ 77.024559020996094, 30.813011169433651 ], [ 77.022186279296989, 30.818439483642635 ], [ 77.020431518554744, 30.824150085449332 ], [ 77.017929077148494, 30.829692840576229 ], [ 77.014137268066463, 30.833690643310604 ], [ 77.010147094726619, 30.837390899658317 ], [ 77.006500244140682, 30.841949462890625 ], [ 77.004806518554744, 30.844810485839844 ], [ 77.005050659179801, 30.847549438476619 ], [ 77.007217407226562, 30.848140716552734 ], [ 77.010307312011776, 30.847471237182674 ], [ 77.012382507324219, 30.844659805297852 ], [ 77.015686035156307, 30.841939926147518 ], [ 77.020057678222713, 30.841381072998161 ], [ 77.023178100586051, 30.843631744384822 ], [ 77.025871276855412, 30.844041824340934 ], [ 77.030998229980582, 30.843141555786133 ], [ 77.037933349609375, 30.842550277710018 ], [ 77.041397094726619, 30.842620849609489 ], [ 77.049682617187614, 30.843280792236442 ], [ 77.051048278808537, 30.845809936523494 ], [ 77.050796508789176, 30.849121093750114 ], [ 77.049057006835994, 30.85248947143549 ], [ 77.04705810546875, 30.855171203613338 ], [ 77.045455932617301, 30.857812881469727 ], [ 77.041412353515682, 30.860309600830021 ], [ 77.036712646484489, 30.862739562988281 ], [ 77.037216186523494, 30.866992950439396 ], [ 77.0400390625, 30.872489929199219 ], [ 77.042098999023438, 30.877531051635685 ], [ 77.043052673339844, 30.880680084228629 ], [ 77.038352966308651, 30.883012771606445 ], [ 77.035301208496151, 30.885410308837947 ], [ 77.031837463378906, 30.88889122009283 ], [ 77.029426574707088, 30.89203071594244 ], [ 77.02848052978527, 30.896482467651424 ], [ 77.029518127441406, 30.902509689330998 ], [ 77.026992797851676, 30.905178070068359 ], [ 77.025131225585938, 30.907920837402344 ], [ 77.025421142578182, 30.910671234130803 ], [ 77.029151916503906, 30.912170410156307 ], [ 77.026336669921932, 30.916629791259766 ], [ 77.016265869140682, 30.929750442504883 ], [ 77.008316040039006, 30.938411712646541 ], [ 77.000358581542969, 30.946451187133903 ], [ 76.991783142089844, 30.95665168762207 ], [ 76.986259460449219, 30.963050842285156 ], [ 76.985191345214957, 30.963361740112248 ], [ 76.977439880371094, 30.966779708862418 ], [ 76.977012634277457, 30.973709106445256 ], [ 76.963867187500114, 31.003828048706055 ], [ 76.956558227539119, 31.022569656372184 ], [ 76.948410034179801, 31.027219772338981 ], [ 76.940391540527457, 31.036119461059513 ], [ 76.93656158447277, 31.043109893798885 ], [ 76.930847167968864, 31.055561065673885 ], [ 76.933288574218807, 31.057559967041016 ], [ 76.948387145996207, 31.061080932617188 ], [ 76.95603179931652, 31.064569473266602 ], [ 76.963768005371151, 31.076799392700195 ], [ 76.973686218261776, 31.084329605102653 ], [ 76.982147216796989, 31.08761024475109 ], [ 76.986045837402344, 31.095529556274471 ], [ 76.990928649902457, 31.085411071777401 ], [ 76.987922668457031, 31.070791244506836 ], [ 76.989028930664176, 31.052658081054801 ], [ 76.994155883789176, 31.052249908447266 ], [ 77.004356384277344, 31.055690765380859 ], [ 77.001510620117188, 31.049261093139705 ], [ 76.995506286621207, 31.041492462158317 ], [ 76.994972229003849, 31.034791946411076 ], [ 76.998542785644645, 31.028102874755973 ], [ 77.004852294921989, 31.021980285644531 ], [ 77.007431030273438, 31.017070770263786 ], [ 77.007621765136719, 31.01267051696783 ], [ 77.016502380371207, 31.01007270812994 ], [ 77.020286560058707, 31.00988960266119 ], [ 77.020286560058707, 31.003950119018668 ], [ 77.019943237304801, 31.002220153808651 ], [ 77.017402648925838, 30.995920181274414 ], [ 77.015861511230526, 30.990249633789176 ], [ 77.016113281250114, 30.985780715942383 ], [ 77.020751953125, 30.984310150146484 ], [ 77.023925781250114, 30.982160568237362 ], [ 77.033302307128849, 30.973949432373161 ], [ 77.045722961425781, 30.977148056030273 ], [ 77.056907653808707, 30.977830886840877 ], [ 77.060935974121207, 30.971330642700195 ], [ 77.065612792968807, 30.964229583740348 ], [ 77.071311950683594, 30.961170196533317 ], [ 77.075828552246207, 30.956331253051815 ], [ 77.082420349121151, 30.951482772827262 ], [ 77.090026855468807, 30.946529388427678 ], [ 77.097312927246151, 30.943929672241211 ], [ 77.104103088378906, 30.9422607421875 ], [ 77.111022949218807, 30.956169128417969 ], [ 77.115318298339787, 30.959850311279411 ], [ 77.119621276855526, 30.956489562988395 ], [ 77.12603759765625, 30.954450607299805 ], [ 77.131217956542969, 30.949260711669922 ], [ 77.136856079101676, 30.944190979003906 ], [ 77.139808654785213, 30.938930511474609 ], [ 77.140716552734375, 30.932991027832088 ], [ 77.142578125000114, 30.930469512939567 ], [ 77.147819519043026, 30.927450180053825 ], [ 77.15036773681652, 30.9215602874757 ], [ 77.15557861328125, 30.919820785522575 ], [ 77.161476135253849, 30.916910171508732 ], [ 77.169357299804688, 30.909790039062614 ], [ 77.172676086425895, 30.909151077270508 ], [ 77.176460266113338, 30.905729293823356 ], [ 77.181282043457145, 30.902601242065487 ], [ 77.185867309570426, 30.897920608520565 ], [ 77.192276000976619, 30.892780303955078 ], [ 77.200866699218807, 30.880500793457031 ], [ 77.188507080078239, 30.875089645385742 ], [ 77.184326171875114, 30.872390747070426 ], [ 77.181571960449219, 30.869230270385799 ], [ 77.176727294921989, 30.866750717163143 ], [ 77.170669555664062, 30.866331100463867 ], [ 77.166297912597656, 30.866268157958984 ], [ 77.165489196777287, 30.85968017578125 ], [ 77.166656494140625, 30.853610992431754 ], [ 77.163536071777457, 30.850160598754826 ], [ 77.157623291015739, 30.848890304565543 ], [ 77.152763366699219, 30.8490505218507 ], [ 77.149116516113281, 30.85252952575695 ], [ 77.143402099609375, 30.856740951538029 ], [ 77.141777038574332, 30.860740661621207 ], [ 77.137176513671932, 30.861251831054744 ], [ 77.134521484375057, 30.85734939575201 ], [ 77.131156921386662, 30.857849121093807 ], [ 77.127456665039119, 30.858869552612305 ], [ 77.121482849121094, 30.859701156616268 ], [ 77.117477416992188, 30.858198165893612 ], [ 77.111808776855526, 30.85830116271984 ], [ 77.105583190918082, 30.857641220092887 ], [ 77.101707458496151, 30.848531723022404 ], [ 77.094985961914119, 30.844200134277287 ], [ 77.093376159668082, 30.840770721435604 ], [ 77.091293334960881, 30.838569641113338 ], [ 77.088287353515625, 30.837081909179801 ], [ 77.084213256836051, 30.83656120300293 ], [ 77.079368591308651, 30.834480285644531 ], [ 77.074577331543026, 30.832679748535213 ], [ 77.075027465820426, 30.828670501708984 ], [ 77.074935913085938, 30.824380874633903 ], [ 77.074516296386719, 30.818832397460881 ], [ 77.072288513183651, 30.81332969665533 ], [ 77.070182800292969, 30.80702018737793 ], [ 77.0709228515625, 30.79901123046875 ], [ 77.067817687988395, 30.794420242309684 ], [ 77.062217712402401, 30.789579391479606 ], [ 77.056449890136719, 30.786069869995174 ], [ 77.03672027587902, 30.775569915771598 ] ] ] } },
{ "type": "Feature", "properties": { "ID_0": 105, "ISO": "IND", "NAME_0": "India", "ID_1": 13, "NAME_1": "Himachal Pradesh", "ID_2": 198, "NAME_2": "Una", "ID_3": 639, "NAME_3": "Amb", "CCN_3": 0, "CCA_3": null, "TYPE_3": "Taluk", "ENGTYPE_3": "Taluk", "NL_NAME_3": null, "VARNAME_3": null }, "geometry": { "type": "Polygon", "coordinates": [ [ [ 76.066017150878963, 31.560518264770508 ], [ 76.064903259277457, 31.561790466308594 ], [ 76.051506042480526, 31.581790924072322 ], [ 76.043159484863395, 31.5919704437257 ], [ 76.042686462402344, 31.595880508422965 ], [ 76.044029235839844, 31.603031158447209 ], [ 76.03997802734375, 31.608459472656364 ], [ 76.036712646484318, 31.606798171997013 ], [ 76.031402587890625, 31.60946083068859 ], [ 76.023193359375, 31.615470886230582 ], [ 76.017601013183707, 31.621671676635799 ], [ 76.002746582031364, 31.646570205688533 ], [ 76.006248474121094, 31.65142822265625 ], [ 76.003921508789062, 31.656890869140739 ], [ 76.004730224609375, 31.663030624389648 ], [ 75.997360229492244, 31.668880462646484 ], [ 75.997421264648381, 31.676000595092773 ], [ 75.994697570800895, 31.681549072265625 ], [ 75.992149353027344, 31.684520721435547 ], [ 75.990989685058594, 31.685750961303768 ], [ 75.990661621093807, 31.684749603271541 ], [ 75.985626220703125, 31.685390472412223 ], [ 75.975791931152401, 31.695329666137695 ], [ 75.977371215820426, 31.704999923706055 ], [ 75.972579956054801, 31.715152740478629 ], [ 75.969367980957145, 31.719671249389648 ], [ 75.966026306152401, 31.73345947265625 ], [ 75.961006164550781, 31.736772537231502 ], [ 75.957550048828239, 31.740499496460018 ], [ 75.959747314453182, 31.744302749633903 ], [ 75.959510803222656, 31.749538421630859 ], [ 75.951896667480469, 31.763019561767692 ], [ 75.945060729980526, 31.781280517578068 ], [ 75.936447143554688, 31.784349441528434 ], [ 75.935821533203068, 31.789749145507869 ], [ 75.933006286621094, 31.797109603881836 ], [ 75.92722320556652, 31.805149078369197 ], [ 75.921829223632869, 31.817180633545036 ], [ 75.926750183105526, 31.816440582275504 ], [ 75.929328918456974, 31.815240859985465 ], [ 75.933250427246151, 31.815019607544002 ], [ 75.936073303222656, 31.818260192871207 ], [ 75.948776245117301, 31.823141098022575 ], [ 75.952896118164119, 31.823961257934627 ], [ 75.960311889648494, 31.818479537963867 ], [ 75.966979980468807, 31.814889907836857 ], [ 75.971466064453239, 31.814548492431754 ], [ 75.970916748046818, 31.819210052490291 ], [ 75.96762847900402, 31.823511123657227 ], [ 75.955757141113338, 31.832370758056697 ], [ 75.953582763671875, 31.839950561523494 ], [ 75.949729919433707, 31.848100662231445 ], [ 75.944252014160156, 31.857519149780217 ], [ 75.955383300781307, 31.854642868042106 ], [ 75.964569091796989, 31.850580215454102 ], [ 75.975006103515682, 31.850980758667106 ], [ 75.985282897949219, 31.852390289306641 ], [ 75.987106323242301, 31.856679916381893 ], [ 75.993843078613281, 31.864480972289982 ], [ 76.023338317871207, 31.865360260009766 ], [ 76.032699584961051, 31.863010406494084 ], [ 76.039619445800781, 31.855989456176815 ], [ 76.057975769043026, 31.840599060058537 ], [ 76.067878723144588, 31.845951080322322 ], [ 76.070259094238395, 31.832860946655387 ], [ 76.070831298828239, 31.832042694091854 ], [ 76.075622558593693, 31.825210571289062 ], [ 76.087165832519588, 31.820671081543026 ], [ 76.10019683837902, 31.807130813598633 ], [ 76.117149353027457, 31.801841735839957 ], [ 76.145233154296989, 31.797899246215934 ], [ 76.151306152343864, 31.795339584350529 ], [ 76.157028198242301, 31.790399551391658 ], [ 76.165519714355469, 31.78582954406744 ], [ 76.169906616210938, 31.778390884399471 ], [ 76.16796875, 31.771820068359432 ], [ 76.174842834472656, 31.769901275634879 ], [ 76.179946899414176, 31.773990631103516 ], [ 76.189048767089901, 31.774740219116154 ], [ 76.194511413574219, 31.770282745361442 ], [ 76.19525146484375, 31.765130996704102 ], [ 76.209228515625057, 31.744581222534293 ], [ 76.234123229980412, 31.724300384521598 ], [ 76.236602783203068, 31.720220565795898 ], [ 76.242248535156307, 31.716619491577148 ], [ 76.226440429687614, 31.706470489501953 ], [ 76.220710754394588, 31.698120117187443 ], [ 76.220726013183707, 31.690330505371094 ], [ 76.210777282714901, 31.687639236450309 ], [ 76.205513000488224, 31.682119369506893 ], [ 76.202720642089844, 31.665081024169922 ], [ 76.198196411132869, 31.657779693603459 ], [ 76.188728332519474, 31.654319763183651 ], [ 76.178047180175724, 31.655059814453125 ], [ 76.172805786132869, 31.646419525146541 ], [ 76.178596496582145, 31.636699676513729 ], [ 76.17962646484375, 31.62660026550293 ], [ 76.185546875, 31.620628356933707 ], [ 76.166397094726676, 31.60861968994152 ], [ 76.163063049316463, 31.6038112640382 ], [ 76.17307281494152, 31.603242874145508 ], [ 76.181343078613281, 31.601850509643612 ], [ 76.186943054199276, 31.59398269653326 ], [ 76.192710876464957, 31.592260360717773 ], [ 76.19882965087902, 31.59142112731945 ], [ 76.202667236328125, 31.587720870971737 ], [ 76.208938598632926, 31.587480545044059 ], [ 76.212837219238338, 31.583209991455078 ], [ 76.210479736328068, 31.5784206390382 ], [ 76.191741943359489, 31.569179534912166 ], [ 76.187255859375, 31.564937591552734 ], [ 76.185791015625057, 31.560459136963004 ], [ 76.186271667480469, 31.555589675903377 ], [ 76.180900573730582, 31.552890777587891 ], [ 76.174987792968864, 31.554620742797908 ], [ 76.169090270996037, 31.553239822387695 ], [ 76.159622192382869, 31.564937591552734 ], [ 76.152610778808651, 31.570770263671875 ], [ 76.142242431640625, 31.573749542236385 ], [ 76.117973327636662, 31.560869216918945 ], [ 76.113029479980469, 31.56267166137701 ], [ 76.105819702148438, 31.560882568359432 ], [ 76.090721130371094, 31.562311172485465 ], [ 76.066017150878963, 31.560518264770508 ] ] ] } },
{ "type": "Feature", "properties": { "ID_0": 105, "ISO": "IND", "NAME_0": "India", "ID_1": 13, "NAME_1": "Himachal Pradesh", "ID_2": 198, "NAME_2": "Una", "ID_3": 640, "NAME_3": "Una", "CCN_3": 0, "CCA_3": null, "TYPE_3": "Taluk", "ENGTYPE_3": "Taluk", "NL_NAME_3": null, "VARNAME_3": null }, "geometry": { "type": "Polygon", "coordinates": [ [ [ 76.381629943847656, 31.410619735717887 ], [ 76.373031616210938, 31.413648605346793 ], [ 76.375267028808537, 31.422161102295036 ], [ 76.369171142578068, 31.428140640258789 ], [ 76.363136291503963, 31.441350936889648 ], [ 76.356773376464787, 31.429609298706112 ], [ 76.359146118164119, 31.415630340576229 ], [ 76.35312652587902, 31.412460327148438 ], [ 76.346893310546875, 31.405710220337028 ], [ 76.334602355957145, 31.403739929199276 ], [ 76.329521179199219, 31.401138305664006 ], [ 76.315841674804744, 31.402378082275334 ], [ 76.318771362304801, 31.388179779052791 ], [ 76.318237304687443, 31.381099700927791 ], [ 76.329582214355526, 31.37951850891119 ], [ 76.330017089843864, 31.367710113525391 ], [ 76.331298828125057, 31.359092712402401 ], [ 76.336662292480526, 31.353019714355582 ], [ 76.330078125, 31.345279693603572 ], [ 76.324462890625057, 31.347110748291016 ], [ 76.317832946777457, 31.35222053527832 ], [ 76.3157958984375, 31.347499847412109 ], [ 76.299919128418082, 31.343830108642521 ], [ 76.295967102050781, 31.342229843139705 ], [ 76.302268981933594, 31.326360702514648 ], [ 76.296096801757926, 31.31920051574707 ], [ 76.290390014648381, 31.315631866455078 ], [ 76.284393310546932, 31.313560485839957 ], [ 76.277359008789119, 31.309930801391658 ], [ 76.26840972900402, 31.306600570678768 ], [ 76.261169433593864, 31.305830001831112 ], [ 76.255622863769645, 31.314950942993278 ], [ 76.244140625000057, 31.31371116638195 ], [ 76.223190307617244, 31.313060760498161 ], [ 76.214958190918026, 31.307640075683707 ], [ 76.206398010253963, 31.305261611938477 ], [ 76.185699462890625, 31.304660797119197 ], [ 76.172828674316463, 31.306739807128906 ], [ 76.168457031250114, 31.314121246337891 ], [ 76.16607666015625, 31.326179504394474 ], [ 76.166320800781307, 31.341459274291992 ], [ 76.158065795898438, 31.346940994262752 ], [ 76.147743225097656, 31.348148345947322 ], [ 76.139610290527401, 31.353120803832951 ], [ 76.135032653808651, 31.361759185790959 ], [ 76.134086608886776, 31.38264274597168 ], [ 76.138626098632812, 31.386859893798885 ], [ 76.14713287353527, 31.391902923583984 ], [ 76.153038024902457, 31.397251129150391 ], [ 76.156745910644531, 31.404510498046932 ], [ 76.153495788574219, 31.41401290893549 ], [ 76.147071838378963, 31.418840408325252 ], [ 76.14713287353527, 31.425609588623161 ], [ 76.143463134765682, 31.432291030883789 ], [ 76.135078430175895, 31.437509536743221 ], [ 76.128242492675895, 31.443759918213004 ], [ 76.122611999511719, 31.453729629516658 ], [ 76.12127685546875, 31.460979461669922 ], [ 76.115516662597656, 31.465440750122184 ], [ 76.114723205566349, 31.473541259765682 ], [ 76.107955932617244, 31.482210159301871 ], [ 76.108161926269588, 31.495109558105526 ], [ 76.104103088378906, 31.502309799194393 ], [ 76.094551086425781, 31.514209747314453 ], [ 76.090621948242244, 31.518989562988395 ], [ 76.088958740234489, 31.527639389038143 ], [ 76.083999633789176, 31.537181854248161 ], [ 76.076812744140625, 31.54595947265625 ], [ 76.071586608886832, 31.554149627685661 ], [ 76.066017150878963, 31.560518264770508 ], [ 76.090721130371094, 31.562311172485465 ], [ 76.105819702148438, 31.560882568359432 ], [ 76.113029479980469, 31.56267166137701 ], [ 76.117973327636662, 31.560869216918945 ], [ 76.142242431640625, 31.573749542236385 ], [ 76.152610778808651, 31.570770263671875 ], [ 76.159622192382869, 31.564937591552734 ], [ 76.169090270996037, 31.553239822387695 ], [ 76.174987792968864, 31.554620742797908 ], [ 76.180900573730582, 31.552890777587891 ], [ 76.186271667480469, 31.555589675903377 ], [ 76.185791015625057, 31.560459136963004 ], [ 76.187255859375, 31.564937591552734 ], [ 76.191741943359489, 31.569179534912166 ], [ 76.210479736328068, 31.5784206390382 ], [ 76.212837219238338, 31.583209991455078 ], [ 76.208938598632926, 31.587480545044059 ], [ 76.202667236328125, 31.587720870971737 ], [ 76.19882965087902, 31.59142112731945 ], [ 76.192710876464957, 31.592260360717773 ], [ 76.186943054199276, 31.59398269653326 ], [ 76.181343078613281, 31.601850509643612 ], [ 76.17307281494152, 31.603242874145508 ], [ 76.163063049316463, 31.6038112640382 ], [ 76.166397094726676, 31.60861968994152 ], [ 76.185546875, 31.620628356933707 ], [ 76.17962646484375, 31.62660026550293 ], [ 76.178596496582145, 31.636699676513729 ], [ 76.172805786132869, 31.646419525146541 ], [ 76.178047180175724, 31.655059814453125 ], [ 76.188728332519474, 31.654319763183651 ], [ 76.198196411132869, 31.657779693603459 ], [ 76.202720642089844, 31.665081024169922 ], [ 76.205513000488224, 31.682119369506893 ], [ 76.210777282714901, 31.687639236450309 ], [ 76.220726013183707, 31.690330505371094 ], [ 76.220710754394588, 31.698120117187443 ], [ 76.226440429687614, 31.706470489501953 ], [ 76.242248535156307, 31.716619491577148 ], [ 76.256507873535156, 31.707761764526481 ], [ 76.264556884765682, 31.700700759887695 ], [ 76.269821166992188, 31.692888259887695 ], [ 76.275009155273438, 31.68871116638195 ], [ 76.280036926269645, 31.693321228027457 ], [ 76.297821044921989, 31.722177505493278 ], [ 76.299171447753849, 31.723819732666016 ], [ 76.300163269042969, 31.720752716064453 ], [ 76.304885864257756, 31.714719772338867 ], [ 76.313339233398438, 31.697139739990291 ], [ 76.32108306884777, 31.685022354125977 ], [ 76.329811096191463, 31.67755126953125 ], [ 76.337615966796932, 31.666749954223633 ], [ 76.342437744140739, 31.654399871826172 ], [ 76.353050231933651, 31.642860412597656 ], [ 76.363342285156307, 31.636819839477596 ], [ 76.379791259765739, 31.622480392456168 ], [ 76.379226684570426, 31.617298126220817 ], [ 76.381027221679688, 31.61602973937994 ], [ 76.385482788085994, 31.612871170044059 ], [ 76.393516540527401, 31.592689514160156 ], [ 76.418136596679801, 31.548091888427848 ], [ 76.421272277832031, 31.5430908203125 ], [ 76.424957275390682, 31.539289474487362 ], [ 76.422462463378963, 31.529920578002987 ], [ 76.423393249511719, 31.527280807495174 ], [ 76.421310424804744, 31.524681091308707 ], [ 76.424789428710994, 31.516580581664982 ], [ 76.430801391601562, 31.505990982055721 ], [ 76.444610595703182, 31.488630294799918 ], [ 76.438423156738281, 31.485750198364258 ], [ 76.444458007812614, 31.475772857666129 ], [ 76.456146240234318, 31.461320877075195 ], [ 76.452117919921989, 31.451419830322266 ], [ 76.450225830078068, 31.448999404907283 ], [ 76.457000732421932, 31.446760177612362 ], [ 76.463790893554688, 31.447469711303711 ], [ 76.464920043945256, 31.444528579711914 ], [ 76.45941162109375, 31.442859649658203 ], [ 76.459396362304688, 31.433429718017692 ], [ 76.45761871337902, 31.427089691162166 ], [ 76.455757141113224, 31.427038192748967 ], [ 76.452590942382869, 31.426908493041992 ], [ 76.445503234863281, 31.425010681152344 ], [ 76.434806823730469, 31.419298171997184 ], [ 76.4273681640625, 31.417459487915039 ], [ 76.420776367187557, 31.414119720459041 ], [ 76.403076171875114, 31.415180206298828 ], [ 76.384590148925895, 31.429529190063533 ], [ 76.381576538085938, 31.424371719360408 ], [ 76.382362365722656, 31.415559768676758 ], [ 76.381629943847656, 31.410619735717887 ] ] ] } }
]
}
