{
"type": "FeatureCollection",
"name": "HP_Boundary",
"crs": { "type": "name", "properties": { "name": "urn:ogc:def:crs:EPSG::3857" } },
"features": [
{ "type": "Feature", "properties": { "id": "9138", "name": "Himachal Pradesh", "country": "India", "censusname": "Himachal Pradesh", "state_loca": "Himachal Pradesh", "lgd_statec": 2, "censuscode": "02", "censusco_1": "02", "censusco_2": null, "level_2011": "State", "tru_2011": "Total" }, "geometry": { "type": "Polygon", "coordinates": [ [ [ 8548916.893399998545647, 3929238.703699998557568 ], [ 8548988.768500000238419, 3929228.791900001466274 ], [ 8549089.934000000357628, 3929237.710199996829033 ], [ 8549167.084199998527765, 3929251.928599998354912 ], [ 8549250.53830000013113, 3929254.339400000870228 ], [ 8549328.374200001358986, 3929244.598200000822544 ], [ 8549406.723999999463558, 3929216.887599997222424 ], [ 8549547.082100000232458, 3929107.042400002479553 ], [ 8549717.927700001746416, 3928974.098200000822544 ], [ 8549773.288199998438358, 3928915.750500001013279 ], [ 8549828.990600001066923, 3928845.42339999973774 ], [ 8549909.3918999992311, 3928745.836900003254414 ], [ 8549922.340599998831749, 3928710.243600003421307 ], [ 8549975.16160000115633, 3928531.935099996626377 ], [ 8550010.270399998873472, 3928347.1233000010252 ], [ 8550047.281899999827147, 3928273.055500000715256 ], [ 8550047.30350000038743, 3928273.012299999594688 ], [ 8550098.853100001811981, 3928169.8496999964118 ], [ 8550200.551899999380112, 3927950.996500000357628 ], [ 8550228.3279, 3927813.932499997317791 ], [ 8550260.524900000542402, 3927730.943499997258186 ], [ 8550375.654199998825788, 3927668.32660000026226 ], [ 8550554.659699998795986, 3927457.699400000274181 ], [ 8550915.542100001126528, 3927144.419100001454353 ], [ 8551025.7018, 3927061.832500003278255 ], [ 8551025.759700000286102, 3927061.789099998772144 ], [ 8551061.831500001251698, 3927034.745999999344349 ], [ 8551391.699700001627207, 3926762.526799999177456 ], [ 8551551.266399998217821, 3926605.284699998795986 ], [ 8551595.22690000012517, 3926584.755599997937679 ], [ 8551595.285900000482798, 3926584.728100001811981 ], [ 8551732.624299999326468, 3926520.591499999165535 ], [ 8551827.813999999314547, 3926529.319200001657009 ], [ 8551852.6952, 3926546.420100003480911 ], [ 8551852.717799998819828, 3926546.435599997639656 ], [ 8551936.794100001454353, 3926604.221199996769428 ], [ 8551936.807799998670816, 3926604.230599999427795 ], [ 8551991.627700001001358, 3926641.907999999821186 ], [ 8552042.370400000363588, 3926955.03660000115633 ], [ 8552042.624899998307228, 3926959.370999999344349 ], [ 8552042.6272, 3926959.40990000218153 ], [ 8552062.461899999529123, 3927297.26070000231266 ], [ 8552116.103700000792742, 3927508.587499998509884 ], [ 8552230.543400000780821, 3927679.703400000929832 ], [ 8552557.011700000613928, 3927946.8125 ], [ 8552777.900199998170137, 3928150.951499998569489 ], [ 8552917.214800000190735, 3928286.816299997270107 ], [ 8553012.245700001716614, 3928301.527199998497963 ], [ 8553212.007100000977516, 3928199.351800002157688 ], [ 8553280.8885000012815, 3928164.773500002920628 ], [ 8553280.931000001728535, 3928164.752099998295307 ], [ 8553381.453200001269579, 3928114.289599999785423 ], [ 8553637.760000001639128, 3928121.623000003397465 ], [ 8553866.6393, 3928044.250200003385544 ], [ 8554013.426399998366833, 3928020.032200001180172 ], [ 8554013.513700000941753, 3928020.017800003290176 ], [ 8554052.435499999672174, 3928013.596100002527237 ], [ 8554225.970899999141693, 3927994.577799998223782 ], [ 8554298.514899998903275, 3927960.685199998319149 ], [ 8554308.253199998289347, 3927911.565499998629093 ], [ 8554308.256999999284744, 3927911.546400003135204 ], [ 8554361.142299998551607, 3927644.789599999785423 ], [ 8554381.396200001239777, 3927561.452500000596046 ], [ 8554418.536899998784065, 3927488.497699998319149 ], [ 8554444.558699999004602, 3927437.383599996566772 ], [ 8554458.512600000947714, 3927365.85530000180006 ], [ 8554376.592999998480082, 3927309.57150000333786 ], [ 8554362.256000000983477, 3927299.80290000140667 ], [ 8554362.24439999833703, 3927299.809900000691414 ], [ 8554119.086199998855591, 3927134.388599999248981 ], [ 8554003.27309999987483, 3927011.203699998557568 ], [ 8553877.746899999678135, 3926809.822999998927116 ], [ 8553826.042500000447035, 3926718.324199996888638 ], [ 8553826.019999999552965, 3926718.284400001168251 ], [ 8553764.143899999558926, 3926608.78490000218153 ], [ 8553715.085499998182058, 3926445.555600002408028 ], [ 8553690.207400001585484, 3926271.032399997115135 ], [ 8553591.774300001561642, 3926166.328000001609325 ], [ 8553364.943300001323223, 3925962.055299997329712 ], [ 8553181.282400000840425, 3925808.716399997472763 ], [ 8553181.272399999201298, 3925808.720399998128414 ], [ 8553149.3581000007689, 3925782.076899997889996 ], [ 8553034.58219999819994, 3925622.964800000190735 ], [ 8552949.776700001209974, 3925458.718999996781349 ], [ 8552870.932500001043081, 3925294.645199999213219 ], [ 8552840.61600000038743, 3925101.9978 ], [ 8552840.6195, 3925101.876000002026558 ], [ 8552840.620000001043081, 3925101.85809999704361 ], [ 8552842.316300000995398, 3925042.116300001740456 ], [ 8552779.754999998956919, 3924975.561999998986721 ], [ 8552779.737399999052286, 3924975.543399997055531 ], [ 8552743.896499998867512, 3924937.414599999785423 ], [ 8552622.151000000536442, 3924814.065600000321865 ], [ 8552576.177200000733137, 3924752.818199999630451 ], [ 8552604.607599999755621, 3924591.825499996542931 ], [ 8552616.164500001817942, 3924525.973099999129772 ], [ 8552616.166700001806021, 3924525.960600003600121 ], [ 8552640.187100000679493, 3924389.089599996805191 ], [ 8552650.9087999984622, 3924221.600000001490116 ], [ 8552571.903799999505281, 3924063.525200001895428 ], [ 8552492.344799999147654, 3923985.651600003242493 ], [ 8552492.333700001239777, 3923985.640799999237061 ], [ 8552426.840700000524521, 3923921.534800000488758 ], [ 8552339.667899999767542, 3923841.130599997937679 ], [ 8552337.112799998372793, 3923721.20610000193119 ], [ 8552410.321899998933077, 3923663.380999997258186 ], [ 8552560.826400000602007, 3923613.764600001275539 ], [ 8552784.536699999123812, 3923506.320699997246265 ], [ 8552929.249400001019239, 3923450.54280000180006 ], [ 8553026.290399998426437, 3923393.398599997162819 ], [ 8553029.859000001102686, 3923267.660899996757507 ], [ 8552974.180100001394749, 3923128.242399998009205 ], [ 8552975.709499999880791, 3923074.355700001120567 ], [ 8553066.4496, 3923029.016699999570847 ], [ 8553174.385600000619888, 3923008.13849999755621 ], [ 8553180.313900001347065, 3923001.850699998438358 ], [ 8553278.910199999809265, 3922897.278800003230572 ], [ 8553315.156500000506639, 3922670.614 ], [ 8553322.7982, 3922401.1891999989748 ], [ 8553234.94990000128746, 3922344.746299996972084 ], [ 8553125.239900000393391, 3922309.813699997961521 ], [ 8553125.230700001120567, 3922309.820900000631809 ], [ 8552945.365800000727177, 3922252.564999997615814 ], [ 8552750.438999999314547, 3922187.05969999730587 ], [ 8552640.63120000064373, 3922064.073600001633167 ], [ 8552447.409200001507998, 3921938.695500001311302 ], [ 8552309.516399998217821, 3921754.985200002789497 ], [ 8552196.65089999884367, 3921530.051899999380112 ], [ 8552121.57880000025034, 3921444.013700000941753 ], [ 8551878.660199999809265, 3921389.106299996376038 ], [ 8551815.336500000208616, 3921309.39639999717474 ], [ 8551638.640700001269579, 3921232.421099998056889 ], [ 8551539.400499999523163, 3921157.670299999415874 ], [ 8551442.036800000816584, 3921017.066200003027916 ], [ 8551425.186099998652935, 3920980.632700003683567 ], [ 8551498.0449, 3920934.794799998402596 ], [ 8551584.0121, 3920847.393299996852875 ], [ 8551607.83049999922514, 3920777.411200001835823 ], [ 8551642.575300000607967, 3920675.324699997901917 ], [ 8551643.4189000017941, 3920658.659800000488758 ], [ 8551656.202300000935793, 3920406.105599999427795 ], [ 8551682.929900001734495, 3920305.021899998188019 ], [ 8551809.174899999052286, 3920105.54619999974966 ], [ 8551809.177400000393391, 3920105.541400000452995 ], [ 8551895.199000000953674, 3919969.620899997651577 ], [ 8551978.266600001603365, 3919774.299999997019768 ], [ 8551971.971400000154972, 3919576.415700003504753 ], [ 8551856.741599999368191, 3919435.314900003373623 ], [ 8551690.113600000739098, 3919214.856899999082088 ], [ 8551580.505399998277426, 3919085.900200001895428 ], [ 8551524.02309999987483, 3919061.293499998748302 ], [ 8551523.988800000399351, 3919061.278599999845028 ], [ 8551403.835700001567602, 3919008.93299999833107 ], [ 8551204.704, 3918883.392300002276897 ], [ 8551022.934599999338388, 3918776.321400001645088 ], [ 8550994.17339999973774, 3918739.549900002777576 ], [ 8551013.580200001597404, 3918686.192199997603893 ], [ 8551022.097100000828505, 3918596.577600002288818 ], [ 8550935.660300001502037, 3918282.58110000193119 ], [ 8550926.775699999183416, 3918148.14360000193119 ], [ 8550919.0011, 3918030.502400003373623 ], [ 8550952.198399998247623, 3917911.650100000202656 ], [ 8551027.091899998486042, 3917793.998199999332428 ], [ 8551095.977200001478195, 3917728.634800001978874 ], [ 8551204.782499998807907, 3917625.391199998557568 ], [ 8551309.114700000733137, 3917520.567299999296665 ], [ 8551415.491300001740456, 3917343.920100003480911 ], [ 8551410.473600000143051, 3917203.197899997234344 ], [ 8551410.473099999129772, 3917203.184600003063679 ], [ 8551408.863200001418591, 3917158.036200001835823 ], [ 8551360.381099998950958, 3916767.292099997401237 ], [ 8551338.442699998617172, 3916491.126800000667572 ], [ 8551416.224599998444319, 3916271.74099999666214 ], [ 8551481.751400001347065, 3916063.98480000346899 ], [ 8551538.52309999987483, 3915959.57940000295639 ], [ 8551538.532000001519918, 3915959.563100002706051 ], [ 8551645.297899998724461, 3915763.214500002563 ], [ 8551763.911299999803305, 3915574.957599997520447 ], [ 8551904.301699999719858, 3915459.200400002300739 ], [ 8551984.451299998909235, 3915365.67119999974966 ], [ 8552049.626400001347065, 3915169.893200002610683 ], [ 8552172.994899999350309, 3915023.701700001955032 ], [ 8552302.316700000315905, 3914877.681500002741814 ], [ 8552531.690499998629093, 3914776.454999998211861 ], [ 8552717.8429000005126, 3914727.889399997889996 ], [ 8552773.312199998646975, 3914663.598700001835823 ], [ 8552813.910900000482798, 3914565.057300001382828 ], [ 8552813.9199, 3914565.035499997437 ], [ 8552824.524599999189377, 3914539.295100003480911 ], [ 8552789.293499998748302, 3914310.702100001275539 ], [ 8552817.19310000166297, 3914167.766400001943111 ], [ 8552975.598999999463558, 3914046.537799999117851 ], [ 8553114.652699999511242, 3913983.645099997520447 ], [ 8553114.663499999791384, 3913983.640100002288818 ], [ 8553116.647100001573563, 3913982.743000000715256 ], [ 8553116.712099999189377, 3913982.713600002229214 ], [ 8553174.840399999171495, 3913956.4221 ], [ 8553343.963899999856949, 3913877.420199997723103 ], [ 8553496.831399999558926, 3913926.078299999237061 ], [ 8553496.873599998652935, 3913926.091700002551079 ], [ 8553509.353399999439716, 3913930.063900001347065 ], [ 8553675.252900000661612, 3913964.754100002348423 ], [ 8553788.911800000816584, 3913950.038099996745586 ], [ 8553928.764400001615286, 3913852.226300001144409 ], [ 8554142.449400000274181, 3913672.681199997663498 ], [ 8554362.084600001573563, 3913493.305100001394749 ], [ 8554392.997499998658895, 3913444.720100000500679 ], [ 8554393.014600001275539, 3913444.693199999630451 ], [ 8554436.931699998676777, 3913375.669399999082088 ], [ 8554437.267799999564886, 3913372.124700002372265 ], [ 8554437.268699999898672, 3913372.115000002086163 ], [ 8554445.426100000739098, 3913286.082900002598763 ], [ 8554416.0088, 3913234.8412000015378 ], [ 8554399.986699998378754, 3913206.933899998664856 ], [ 8554307.9243, 3913090.522399999201298 ], [ 8554245.468299999833107, 3912980.945500001311302 ], [ 8554222.299100000411272, 3912746.7346 ], [ 8554239.628199998289347, 3912555.602200001478195 ], [ 8554252.892400000244379, 3912508.074600003659725 ], [ 8554360.924100000411272, 3912481.218699999153614 ], [ 8554503.465599998831749, 3912480.515000000596046 ], [ 8554503.493299998342991, 3912480.514899998903275 ], [ 8554539.735100001096725, 3912480.335799999535084 ], [ 8554914.677700001746416, 3912287.434199996292591 ], [ 8555096.866999998688698, 3912166.877700001001358 ], [ 8555273.943799998611212, 3912016.233800001442432 ], [ 8555340.628800000995398, 3911909.846199996769428 ], [ 8555340.646299999207258, 3911909.818300001323223 ], [ 8555350.625300001353025, 3911893.897799998521805 ], [ 8555350.633699998259544, 3911893.884499996900558 ], [ 8555355.069400001317263, 3911886.807800002396107 ], [ 8555340.415600001811981, 3911772.617499999701977 ], [ 8555245.452799998223782, 3911671.624600000679493 ], [ 8555245.423300001770258, 3911671.593199998140335 ], [ 8555224.705699998885393, 3911649.560099996626377 ], [ 8555021.034699998795986, 3911476.091300003230572 ], [ 8554948.700300000607967, 3911294.392300002276897 ], [ 8554945.620200000703335, 3911192.511500000953674 ], [ 8555047.987799998372793, 3910943.945000000298023 ], [ 8555145.958000000566244, 3910850.935199998319149 ], [ 8555266.625599998980761, 3910777.493699997663498 ], [ 8555333.914000000804663, 3910736.539399996399879 ], [ 8555516.251200001686811, 3910610.006800003349781 ], [ 8555560.968299999833107, 3910503.504600003361702 ], [ 8555592.280900001525879, 3910396.377099998295307 ], [ 8555592.28660000115633, 3910396.357500001788139 ], [ 8555593.945799998939037, 3910390.681000001728535 ], [ 8555607.408300001174212, 3910385.996100001037121 ], [ 8555607.454300001263618, 3910385.980099998414516 ], [ 8555816.604200001806021, 3910313.195699997246265 ], [ 8556105.259100001305342, 3910219.623099997639656 ], [ 8556410.592700000852346, 3910168.431400001049042 ], [ 8556767.320099998265505, 3910196.530199997127056 ], [ 8557022.327599998563528, 3910239.695799998939037 ], [ 8557110.458599999547005, 3910284.109300002455711 ], [ 8557218.638300001621246, 3910251.254699997603893 ], [ 8557308.115299999713898, 3910247.806000001728535 ], [ 8557614.597899999469519, 3910579.821599997580051 ], [ 8557863.735300000756979, 3910832.373700000345707 ], [ 8558056.360599998384714, 3910975.546400003135204 ], [ 8558351.385899998247623, 3911079.702399998903275 ], [ 8558505.8607, 3911096.048900000751019 ], [ 8558654.213899999856949, 3911118.208800002932549 ], [ 8558787.47410000115633, 3911253.707699999213219 ], [ 8558869.661400001496077, 3911297.945699997246265 ], [ 8558934.823899999260902, 3911311.763300001621246 ], [ 8558973.398200001567602, 3911211.06139999628067 ], [ 8559067.067800000309944, 3911058.027199998497963 ], [ 8559189.669199999421835, 3910935.749700002372265 ], [ 8559355.454300001263618, 3910760.803300000727177 ], [ 8559541.440499998629093, 3910502.601999998092651 ], [ 8559572.609999999403954, 3910454.770999997854233 ], [ 8559572.636599998921156, 3910454.730099998414516 ], [ 8559641.054299999028444, 3910349.739500001072884 ], [ 8559684.293400000780821, 3910189.600100003182888 ], [ 8559687.582800000905991, 3910177.417700000107288 ], [ 8559778.462799999862909, 3909910.552500002086163 ], [ 8559795.640299998223782, 3909873.210400000214577 ], [ 8559835.558499999344349, 3909786.4309 ], [ 8559809.133900001645088, 3909665.941500000655651 ], [ 8559801.189399998635054, 3909634.326700001955032 ], [ 8559739.428399998694658, 3909388.567400000989437 ], [ 8559755.014600001275539, 3909257.292000003159046 ], [ 8559811.9408, 3909139.157899998128414 ], [ 8559928.23369999974966, 3909028.6858000010252 ], [ 8560039.741399999707937, 3908876.170400001108646 ], [ 8560101.949099998921156, 3908782.134499996900558 ], [ 8560182.062399998307228, 3908744.668099999427795 ], [ 8560210.613600000739098, 3908731.3158999979496 ], [ 8560304.089400000870228, 3908584.280100002884865 ], [ 8560305.08839999884367, 3908548.499499998986721 ], [ 8560305.088599998503923, 3908548.492700003087521 ], [ 8560309.099700000137091, 3908404.819399997591972 ], [ 8560329.965399999171495, 3908297.647100001573563 ], [ 8560390.833399999886751, 3908251.468800000846386 ], [ 8560533.081599999219179, 3908184.940700002014637 ], [ 8560533.087200000882149, 3908184.938100002706051 ], [ 8560632.298599999397993, 3908138.537000000476837 ], [ 8560999.276200000196695, 3908011.1743 ], [ 8561342.768500000238419, 3907871.170900002121925 ], [ 8561484.00279999896884, 3907788.908100001513958 ], [ 8561484.065900001674891, 3907788.871399998664856 ], [ 8561548.6699, 3907751.241800002753735 ], [ 8561616.983600001782179, 3907651.39190000295639 ], [ 8561627.598400000482798, 3907484.071800000965595 ], [ 8561668.310400001704693, 3907305.626199997961521 ], [ 8561700.738000001758337, 3907210.757100000977516 ], [ 8561686.209199998527765, 3907090.624700002372265 ], [ 8561565.530499998480082, 3906931.594400003552437 ], [ 8561391.114, 3906777.040399998426437 ], [ 8561214.581199999898672, 3906484.748499996960163 ], [ 8561136.746100001037121, 3906285.023900002241135 ], [ 8561106.865200001746416, 3906074.6787 ], [ 8561157.531399998813868, 3905752.872699998319149 ], [ 8561233.290800001472235, 3905599.375900000333786 ], [ 8561335.811000000685453, 3905554.373199999332428 ], [ 8561686.530600000172853, 3905366.704099997878075 ], [ 8561790.046399999409914, 3905285.813900001347065 ], [ 8561840.491700001060963, 3905185.477200001478195 ], [ 8561830.289799999445677, 3904909.861100003123283 ], [ 8561810.309300001710653, 3904771.637299999594688 ], [ 8561825.374499998986721, 3904658.339599996805191 ], [ 8561988.62049999833107, 3904479.781300000846386 ], [ 8562028.105700001120567, 3904436.592000000178814 ], [ 8562115.753600001335144, 3904283.4375 ], [ 8562133.631499998271465, 3904103.005699999630451 ], [ 8562148.871300000697374, 3903949.203000001609325 ], [ 8562131.882100000977516, 3903703.342799998819828 ], [ 8562158.181800000369549, 3903614.307300001382828 ], [ 8562330.805500000715256, 3903403.695500001311302 ], [ 8562431.510600000619888, 3903209.02250000089407 ], [ 8562503.619600001722574, 3902971.6570999994874 ], [ 8562566.951999999582767, 3902835.786499999463558 ], [ 8562630.1173, 3902705.896600000560284 ], [ 8562746.841099999845028, 3902577.508599996566772 ], [ 8562917.122000001370907, 3902450.620700001716614 ], [ 8563028.886199999600649, 3902286.187600001692772 ], [ 8563075.353700000792742, 3902113.942800000309944 ], [ 8563093.061599999666214, 3901904.989200003445148 ], [ 8563173.075899999588728, 3901811.481799997389317 ], [ 8563308.469900000840425, 3901653.699000000953674 ], [ 8563402.206300001591444, 3901494.750900000333786 ], [ 8563405.853100001811981, 3901363.204000003635883 ], [ 8563406.201400000602007, 3901135.822400003671646 ], [ 8563433.64979999884963, 3901004.944200001657009 ], [ 8563494.97749999910593, 3900940.837099999189377 ], [ 8563516.143199998885393, 3900821.752400003373623 ], [ 8563485.743700001388788, 3900629.420900002121925 ], [ 8563431.3783, 3900442.404899999499321 ], [ 8563435.853199999779463, 3900280.971699997782707 ], [ 8563586.942200001329184, 3899986.019799999892712 ], [ 8563618.281500000506639, 3899910.488300003111362 ], [ 8563618.846500001847744, 3899909.126500003039837 ], [ 8563701.331900000572205, 3899725.9463 ], [ 8563737.540899999439716, 3899493.607500001788139 ], [ 8563757.874699998646975, 3899404.426299996674061 ], [ 8563889.931200001388788, 3899366.234700001776218 ], [ 8564025.131400000303984, 3899214.448299996554852 ], [ 8564067.938400000333786, 3899173.761699996888638 ], [ 8564160.990800000727177, 3899038.748000003397465 ], [ 8564235.19990000128746, 3898939.1074 ], [ 8564460.62779999896884, 3898969.333400003612041 ], [ 8564747.041000001132488, 3898947.409199997782707 ], [ 8564952.904599998146296, 3898958.202500000596046 ], [ 8564990.814599998295307, 3898960.189800001680851 ], [ 8565121.873700000345707, 3898957.859700001776218 ], [ 8565202.61710000038147, 3898906.96169999986887 ], [ 8565202.64469999819994, 3898906.944300003349781 ], [ 8565285.4868, 3898854.722900003194809 ], [ 8565501.8081, 3898567.580300003290176 ], [ 8565678.467799998819828, 3898422.92509999871254 ], [ 8565822.394000001251698, 3898169.667700000107288 ], [ 8565952.439800001680851, 3897987.819700002670288 ], [ 8566125.9391999989748, 3897741.372000001370907 ], [ 8566200.953200001269579, 3897611.839900001883507 ], [ 8566325.72239999845624, 3897621.290500000119209 ], [ 8566658.35869999974966, 3897433.107100002467632 ], [ 8567031.151799999177456, 3897299.875299997627735 ], [ 8567199.698699999600649, 3897232.761600002646446 ], [ 8567279.993299998342991, 3897127.304899998009205 ], [ 8567364.885000001639128, 3896854.470899999141693 ], [ 8567398.898800000548363, 3896699.875 ], [ 8567338.715799998492002, 3896506.776199996471405 ], [ 8567299.537500001490116, 3896415.957699999213219 ], [ 8567391.396499998867512, 3896322.790700003504753 ], [ 8567516.445099998265505, 3896104.921099998056889 ], [ 8567647.438799999654293, 3895887.218099996447563 ], [ 8567800.090700000524521, 3895747.88120000064373 ], [ 8567889.974899999797344, 3895726.443099997937679 ], [ 8568055.550500001758337, 3895766.918300002813339 ], [ 8568139.157900001853704, 3895757.26860000193119 ], [ 8568293.606499999761581, 3895552.178000003099442 ], [ 8568386.1097999997437, 3895435.101499997079372 ], [ 8568443.085299998521805, 3895311.061099998652935 ], [ 8568492.637600000947714, 3895240.651100002229214 ], [ 8568691.5526, 3895150.44370000064373 ], [ 8569513.0768, 3895149.202299997210503 ], [ 8569575.894799999892712, 3895246.641500003635883 ], [ 8569735.031500000506639, 3895304.865199998021126 ], [ 8569942.409299999475479, 3895340.490199998021126 ], [ 8570132.758699998259544, 3895345.734999999403954 ], [ 8570298.0099, 3895398.140000000596046 ], [ 8570403.125300001353025, 3895472.814999997615814 ], [ 8570460.653799999505281, 3895546.179700002074242 ], [ 8570556.807700000703335, 3895512.935599997639656 ], [ 8570748.78830000013113, 3895458.400200001895428 ], [ 8570826.769999999552965, 3895436.618299998342991 ], [ 8570872.317899998277426, 3895294.310199998319149 ], [ 8570965.614799998700619, 3895147.334399998188019 ], [ 8571174.063499998301268, 3894960.360600002110004 ], [ 8571347.538699999451637, 3894793.337999999523163 ], [ 8571543.392200000584126, 3894696.649999998509884 ], [ 8571609.797699999064207, 3894662.584600001573563 ], [ 8571682.638599999248981, 3894610.751199997961521 ], [ 8571731.3618, 3894570.218800000846386 ], [ 8571738.935199998319149, 3894510.612800002098083 ], [ 8571740.5603, 3894450.843800000846386 ], [ 8571759.542300000786781, 3894409.495399996638298 ], [ 8571838.167300000786781, 3894363.802400000393391 ], [ 8572121.623599998652935, 3894228.026500001549721 ], [ 8572344.946199998259544, 3894114.523500002920628 ], [ 8572503.162799999117851, 3893987.272600002586842 ], [ 8572625.689399998635054, 3893859.043700002133846 ], [ 8572694.521499998867512, 3893735.325800001621246 ], [ 8572731.343400001525879, 3893694.466700002551079 ], [ 8572821.209199998527765, 3893673.002700001001358 ], [ 8573165.372900001704693, 3893712.325499996542931 ], [ 8573195.840300001204014, 3893720.153200000524521 ], [ 8573195.8564000017941, 3893720.157399997115135 ], [ 8573676.6217, 3893843.668499998748302 ], [ 8573868.799800001084805, 3893893.039899997413158 ], [ 8574216.495000001043081, 3894022.153399996459484 ], [ 8574329.021699998527765, 3894043.167000003159046 ], [ 8574357.796399999409914, 3894043.951899997889996 ], [ 8574357.851300001144409, 3894043.953400000929832 ], [ 8574418.241300001740456, 3894045.600500002503395 ], [ 8574543.633099999278784, 3894031.076099999248981 ], [ 8574597.487700000405312, 3894020.58219999819994 ], [ 8574777.379000000655651, 3893971.654799997806549 ], [ 8574975.596900001168251, 3893905.281599998474121 ], [ 8575083.949700001627207, 3893860.383500002324581 ], [ 8575108.070900000631809, 3893849.074600003659725 ], [ 8575122.7212999984622, 3893842.205899998545647 ], [ 8575156.291900001466274, 3893826.46679999679327 ], [ 8575174.296700000762939, 3893820.97580000013113 ], [ 8575191.979200001806021, 3893827.438299998641014 ], [ 8575238.756499998271465, 3893858.61710000038147 ], [ 8575331.183400001376867, 3893962.811499997973442 ], [ 8575372.188400000333786, 3894014.731600001454353 ], [ 8575372.19819999858737, 3894014.744000002741814 ], [ 8575393.072799999266863, 3894041.174999997019768 ], [ 8575480.835999999195337, 3894152.299400001764297 ], [ 8575503.98369999974966, 3894176.853799998760223 ], [ 8575649.624899998307228, 3894294.458200000226498 ], [ 8575736.269900001585484, 3894392.514399997889996 ], [ 8575816.162999998778105, 3894520.293799996376038 ], [ 8575940.424499999731779, 3894768.907499998807907 ], [ 8575985.435899998992682, 3894865.833700001239777 ], [ 8576008.907400000840425, 3894878.434399999678135 ], [ 8576038.16609999909997, 3894897.173799999058247 ], [ 8576120.7989999987185, 3894923.344300001859665 ], [ 8576179.799600001424551, 3894942.89130000025034 ], [ 8576363.876299999654293, 3894959.852700002491474 ], [ 8576642.644999999552965, 3894997.3257 ], [ 8576696.328200001269579, 3895000.325300000607967 ], [ 8576850.677000001072884, 3895008.949799999594688 ], [ 8576946.011300001293421, 3895005.553000003099442 ], [ 8577005.815999999642372, 3894995.211400002241135 ], [ 8577059.832600001245737, 3894978.730999998748302 ], [ 8577108.382500000298023, 3894944.157700002193451 ], [ 8577123.395399998873472, 3894933.253600001335144 ], [ 8577123.415100000798702, 3894933.23929999768734 ], [ 8577211.590300001204014, 3894869.19539999961853 ], [ 8577395.011599998921156, 3894688.740299999713898 ], [ 8577522.650400001555681, 3894590.5132 ], [ 8577595.151000000536442, 3894550.606600001454353 ], [ 8577679.547800000756979, 3894511.021700002253056 ], [ 8577716.198399998247623, 3894476.125699996948242 ], [ 8577809.58669999986887, 3894323.139799997210503 ], [ 8577951.678899999707937, 3894129.603900000452995 ], [ 8578018.548500001430511, 3894077.582000002264977 ], [ 8578103.421900000423193, 3894020.065499998629093 ], [ 8578302.906599998474121, 3893905.835799999535084 ], [ 8578538.395799998193979, 3893780.614699997007847 ], [ 8578857.151599999517202, 3893657.638400003314018 ], [ 8578995.3904, 3893607.53999999910593 ], [ 8579061.615600001066923, 3893579.421800002455711 ], [ 8579134.427200000733137, 3893527.5574000030756 ], [ 8579225.081599999219179, 3893476.173699997365475 ], [ 8579363.956300001591444, 3893402.166199997067451 ], [ 8579406.548500001430511, 3893367.429200001060963 ], [ 8579511.171, 3893238.670299999415874 ], [ 8579548.293200001120567, 3893185.843400001525879 ], [ 8579573.360300000756979, 3893138.672399997711182 ], [ 8579591.682100001722574, 3893121.223700001835823 ], [ 8579645.210999999195337, 3893122.665799997746944 ], [ 8579746.480999998748302, 3893119.412699997425079 ], [ 8579818.012699998915195, 3893115.358300000429153 ], [ 8579992.248700000345707, 3893054.260499998927116 ], [ 8580136.426300000399351, 3893004.313900001347065 ], [ 8580250.705699998885393, 3892959.542499996721745 ], [ 8580304.871300000697374, 3892937.076700001955032 ], [ 8580364.347500000149012, 3892938.676299996674061 ], [ 8580447.136500000953674, 3892958.844400003552437 ], [ 8580500.505899999290705, 3892966.259900003671646 ], [ 8580542.139199998229742, 3892967.379000000655651 ], [ 8580590.675200000405312, 3892932.799500003457069 ], [ 8580646.113400001078844, 3892862.521200001239777 ], [ 8580752.47239999845624, 3892668.018700003623962 ], [ 8580818.151099998503923, 3892436.542000003159046 ], [ 8580849.955899998545647, 3892359.649999998509884 ], [ 8580862.645899999886751, 3892330.088699996471405 ], [ 8580857.811799999326468, 3892288.095600001513958 ], [ 8580837.362399999052286, 3892161.957500003278255 ], [ 8580787.017799999564886, 3892040.997599996626377 ], [ 8580770.607700001448393, 3891986.733800001442432 ], [ 8580765.774000000208616, 3891944.741599999368191 ], [ 8580772.675599999725819, 3891909.045199997723103 ], [ 8580791.312699999660254, 3891879.644299998879433 ], [ 8580840.799100000411272, 3891809.210500001907349 ], [ 8580913.437600001692772, 3891763.319499999284744 ], [ 8581040.712699998170137, 3891677.033600002527237 ], [ 8581125.880100000649691, 3891607.557700000703335 ], [ 8581174.410500001162291, 3891572.979099996387959 ], [ 8581216.675999999046326, 3891550.192800000309944 ], [ 8581294.623799998313189, 3891528.36370000243187 ], [ 8581365.67119999974966, 3891542.230200000107288 ], [ 8581442.348200000822544, 3891568.207800000905991 ], [ 8581531.396099999547005, 3891576.576200000941753 ], [ 8581626.391199998557568, 3891585.103399999439716 ], [ 8581691.968199998140335, 3891580.881300002336502 ], [ 8581697.509199999272823, 3891579.842699997127056 ], [ 8581697.523600000888109, 3891579.840000003576279 ], [ 8581775.704, 3891565.1853 ], [ 8581847.70380000025034, 3891543.1941 ], [ 8581910.974599998444319, 3891504.678900003433228 ], [ 8581911.004000000655651, 3891504.660999998450279 ], [ 8581932.390999998897314, 3891491.64190000295639 ], [ 8582022.86600000038743, 3891446.2246999964118 ], [ 8582089.235300000756979, 3891412.1216000020504 ], [ 8582161.075599998235703, 3891396.105099998414516 ], [ 8582268.439500000327826, 3891387.019299998879433 ], [ 8582440.428800001740456, 3891409.562600001692772 ], [ 8582635.889899998903275, 3891444.692100003361702 ], [ 8582801.933200001716614, 3891467.072700001299381 ], [ 8582932.452599998563528, 3891482.521799996495247 ], [ 8583062.02309999987483, 3891533.825199998915195 ], [ 8583167.647700000554323, 3891590.468400001525879 ], [ 8583379.215300001204014, 3891691.800899997353554 ], [ 8583561.839600000530481, 3891762.458099998533726 ], [ 8583769.044100001454353, 3891803.867499999701977 ], [ 8583916.46169999986887, 3891855.640799999237061 ], [ 8583987.03940000012517, 3891887.423799999058247 ], [ 8584004.091899998486042, 3891917.779799997806549 ], [ 8584020.670899998396635, 3891966.063900001347065 ], [ 8584022.502999998629093, 3891976.732699997723103 ], [ 8584022.5066, 3891976.7533999979496 ], [ 8584036.145300000905991, 3892056.1809 ], [ 8584045.514600001275539, 3892152.1162 ], [ 8584047.324799999594688, 3892173.6875 ], [ 8584054.568300001323223, 3892260.004299998283386 ], [ 8584064.09569999948144, 3892349.964500002563 ], [ 8584086.149399999529123, 3892416.337200000882149 ], [ 8584108.518800001591444, 3892470.757799997925758 ], [ 8584149.204599998891354, 3892507.724799998104572 ], [ 8584230.733899999409914, 3892575.682800002396107 ], [ 8584265.3147, 3892618.4679000005126 ], [ 8584369.531399998813868, 3892728.893799997866154 ], [ 8584414.90430000051856, 3892813.830399997532368 ], [ 8584448.53999999910593, 3892892.474200002849102 ], [ 8584493.913699999451637, 3892977.411499999463558 ], [ 8584521.60249999910593, 3893055.897600002586842 ], [ 8584549.606699999421835, 3893122.4309 ], [ 8584560.871599998325109, 3893146.653599999845028 ], [ 8584572.6096, 3893152.946999996900558 ], [ 8584590.610399998724461, 3893147.445299997925758 ], [ 8584651.033399999141693, 3893113.169299997389317 ], [ 8584723.351599998772144, 3893079.209899999201298 ], [ 8584775.507199998944998, 3893056.422399997711182 ], [ 8584775.514199998229742, 3893056.419299997389317 ], [ 8584813.670200001448393, 3893039.7483000010252 ], [ 8585034.83729999884963, 3893003.766500003635883 ], [ 8585074.2632, 3892990.788500003516674 ], [ 8585202.946699999272823, 3892948.429399996995926 ], [ 8585378.103900000452995, 3892851.413699999451637 ], [ 8585534.787000000476837, 3892777.828199997544289 ], [ 8585703.206500001251698, 3892710.5337999984622 ], [ 8585870.996199999004602, 3892667.143200002610683 ], [ 8586109.841299999505281, 3892637.596900001168251 ], [ 8586211.420899998396635, 3892622.349200002849102 ], [ 8586367.155999999493361, 3892584.614399999380112 ], [ 8586540.890000000596046, 3892541.374600000679493 ], [ 8586719.472699999809265, 3892540.124799996614456 ], [ 8586873.795000001788139, 3892556.1721 ], [ 8587092.443799998611212, 3892615.783500000834465 ], [ 8587192.612500000745058, 3892654.316799998283386 ], [ 8587310.624400001019239, 3892693.3213 ], [ 8587399.212000001221895, 3892719.585900001227856 ], [ 8587452.583999998867512, 3892726.977600000798702 ], [ 8587482.322000000625849, 3892727.763700000941753 ], [ 8587506.425500001758337, 3892716.439800001680851 ], [ 8587530.528900001198053, 3892705.115800000727177 ], [ 8587566.840599998831749, 3892682.153599999845028 ], [ 8587603.621599998325109, 3892641.262000001966953 ], [ 8587713.493900001049042, 3892536.516400001943111 ], [ 8587841.363899998366833, 3892426.265900000929832 ], [ 8587992.552799999713898, 3892334.571999996900558 ], [ 8588082.390099998563528, 3892313.022100001573563 ], [ 8588148.124600000679493, 3892302.796400003135204 ], [ 8588225.597800001502037, 3892298.860500000417233 ], [ 8588278.968600001186132, 3892306.249200001358986 ], [ 8588332.651900000870228, 3892301.685099996626377 ], [ 8588380.231600001454353, 3892302.940099999308586 ], [ 8588410.437399998307228, 3892285.795800000429153 ], [ 8588393.688299998641014, 3892243.491499997675419 ], [ 8588359.721999999135733, 3892176.811899997293949 ], [ 8588343.598000001162291, 3892110.603200003504753 ], [ 8588322.464000001549721, 3892008.380800001323223 ], [ 8588290.84180000051856, 3891852.060500003397465 ], [ 8588259.845199998468161, 3891671.837600000202656 ], [ 8588252.637800000607967, 3891492.244400002062321 ], [ 8588268.906399998813868, 3891325.232600003480911 ], [ 8588273.280600000172853, 3891157.9087999984622 ], [ 8588274.686500001698732, 3891104.126400001347065 ], [ 8588253.554400000721216, 3891001.910400003194809 ], [ 8588225.22580000013113, 3890947.343999996781349 ], [ 8588174.203400000929832, 3890850.320000000298023 ], [ 8588127.826999999582767, 3890784.661200001835823 ], [ 8588094.228799998760223, 3890722.633199997246265 ], [ 8588071.691599998623133, 3890674.200099997222424 ], [ 8588054.945300001651049, 3890631.899899996817112 ], [ 8588055.726700000464916, 3890602.021799996495247 ], [ 8588074.661200001835823, 3890560.663500003516674 ], [ 8588125.204700000584126, 3890448.383400000631809 ], [ 8588181.850600000470877, 3890330.285199999809265 ], [ 8588201.096799999475479, 3890276.976499997079372 ], [ 8588221.124200001358986, 3890193.790600001811981 ], [ 8588240.995000001043081, 3890116.580600000917912 ], [ 8588263.052799999713898, 3889955.715499997138977 ], [ 8588258.511999998241663, 3889901.780199997127056 ], [ 8588243.640700001269579, 3889787.778300002217293 ], [ 8588226.103700000792742, 3889548.140100002288818 ], [ 8588215.772999998182058, 3889488.074299998581409 ], [ 8588205.130100000649691, 3889439.958999998867512 ], [ 8588205.911299999803305, 3889410.082999996840954 ], [ 8588207.004799999296665, 3889368.256999999284744 ], [ 8588219.366300001740456, 3889350.645400002598763 ], [ 8588237.830200001597404, 3889327.215599998831749 ], [ 8588262.084100000560284, 3889309.917599998414516 ], [ 8588327.96229999884963, 3889293.718099996447563 ], [ 8588387.581599999219179, 3889289.31139999628067 ], [ 8588447.5132, 3889272.954499997198582 ], [ 8588711.64750000089407, 3889184.250500001013279 ], [ 8588843.713899999856949, 3889139.89750000089407 ], [ 8588892.063900001347065, 3889111.275499999523163 ], [ 8588939.63399999961257, 3889112.5287000015378 ], [ 8589046.822500001639128, 3889109.372599996626377 ], [ 8589112.387200001627207, 3889105.120099999010563 ], [ 8589213.941100001335144, 3889089.856299996376038 ], [ 8589286.075300000607967, 3889061.859200000762939 ], [ 8589375.892000000923872, 3889040.30629999935627 ], [ 8589466.175799999386072, 3889000.8279 ], [ 8589545.189599998295307, 3888937.136200003325939 ], [ 8589587.591499999165535, 3888908.355899997055531 ], [ 8589650.166900001466274, 3888790.420299999415874 ], [ 8589669.250700000673532, 3888743.089699998497963 ], [ 8589677.998799998313189, 3888635.697700001299381 ], [ 8589624.921, 3888389.165500000119209 ], [ 8589614.897199999541044, 3888317.1554000005126 ], [ 8589610.663800001144409, 3888251.276600003242493 ], [ 8589603.286899998784065, 3888077.697200000286102 ], [ 8589579.006900001317263, 3887867.802799999713898 ], [ 8589515.131900001317263, 3887579.147799998521805 ], [ 8589489.140700001269579, 3887434.97860000282526 ], [ 8589418.856499999761581, 3887164.097599998116493 ], [ 8589403.044599998742342, 3887085.962099999189377 ], [ 8589398.812399998307228, 3887020.088299997150898 ], [ 8589399.4353, 3886996.191200003027916 ], [ 8589411.949400000274181, 3886972.60700000077486 ], [ 8589442.299600001424551, 3886949.49210000038147 ], [ 8589508.011, 3886939.264200001955032 ], [ 8589591.714200001209974, 3886923.530599996447563 ], [ 8589675.105900000780821, 3886919.745300002396107 ], [ 8589764.598700001835823, 3886910.141500003635883 ], [ 8589824.519900001585484, 3886893.781700000166893 ], [ 8589884.440900001674891, 3886877.421700000762939 ], [ 8589914.634700000286102, 3886860.280100002884865 ], [ 8589939.1941, 3886831.034100003540516 ], [ 8589952.173799999058247, 3886789.527000002563 ], [ 8589969.114199999719858, 3886778.05290000140667 ], [ 8589964.842199999839067, 3886759.968500003218651 ], [ 8589965.931000001728535, 3886718.14919999986887 ], [ 8589955.751200001686811, 3886652.120999999344349 ], [ 8589951.516800001263618, 3886586.249200001358986 ], [ 8589934.614100001752377, 3886549.9358000010252 ], [ 8589917.711399998515844, 3886513.622500002384186 ], [ 8589888.762899998575449, 3886482.97070000320673 ], [ 8589847.768199998885393, 3886457.980700001120567 ], [ 8589844.786100000143051, 3886456.383100003004074 ], [ 8589844.778499998152256, 3886456.379000000655651 ], [ 8589800.828600000590086, 3886432.834100000560284 ], [ 8589765.779500000178814, 3886408.000200003385544 ], [ 8589724.9408, 3886377.035800002515316 ], [ 8589696.459800001233816, 3886328.461900003254414 ], [ 8589679.869199998676777, 3886280.200800001621246 ], [ 8589663.2787000015378, 3886231.939999997615814 ], [ 8589652.478000000119209, 3886189.809299997985363 ], [ 8589648.089299999177456, 3886129.91330000013113 ], [ 8589649.645799998193979, 3886070.173799999058247 ], [ 8589657.925799999386072, 3885980.721600003540516 ], [ 8589751.115899998694658, 3885600.58500000089407 ], [ 8589826.622900001704693, 3885214.014499999582767 ], [ 8589902.436999998986721, 3884815.506099998950958 ], [ 8589924.936999998986721, 3884636.771999999880791 ], [ 8589926.958799999207258, 3884559.118000000715256 ], [ 8589911.924800001084805, 3884451.129100002348423 ], [ 8589890.946600001305342, 3884342.9846 ], [ 8589839.935199998319149, 3884246.00620000064373 ], [ 8589777.347100000828505, 3884136.769199997186661 ], [ 8589708.659699998795986, 3884033.349799998104572 ], [ 8589682.880199998617172, 3883993.757100000977516 ], [ 8589657.183800000697374, 3883954.292000003159046 ], [ 8589588.497999999672174, 3883850.873199999332428 ], [ 8589508.236000001430511, 3883735.195699997246265 ], [ 8589444.873700000345707, 3883655.82599999755621 ], [ 8589362.433499999344349, 3883623.771300002932549 ], [ 8589262.161100000143051, 3883591.246799997985363 ], [ 8589173.310100000351667, 3883576.953599996864796 ], [ 8589108.391699999570847, 3883557.313000001013279 ], [ 8589037.685199998319149, 3883531.54280000180006 ], [ 8589002.487700000405312, 3883512.68469999730587 ], [ 8588979.334800001233816, 3883488.166500002145767 ], [ 8588979.958200000226498, 3883464.274700000882149 ], [ 8589004.202399998903275, 3883446.98200000077486 ], [ 8589057.543600000441074, 3883454.363899998366833 ], [ 8589116.673099998384714, 3883467.875100001692772 ], [ 8589163.914700001478195, 3883481.073100000619888 ], [ 8589240.721000000834465, 3883501.026100002229214 ], [ 8589305.795200001448393, 3883514.693099997937679 ], [ 8589370.86939999833703, 3883528.3596 ], [ 8589430.310899998992682, 3883529.923699997365475 ], [ 8589556.227699998766184, 3883491.396799996495247 ], [ 8589628.335700001567602, 3883463.407899998128414 ], [ 8589747.840700000524521, 3883442.642099998891354 ], [ 8589843.568999998271465, 3883421.250299997627735 ], [ 8590040.657800000160933, 3883390.567199997603893 ], [ 8590112.2982, 3883380.494999997317791 ], [ 8590315.796100001782179, 3883332.045900002121925 ], [ 8590405.423500001430511, 3883316.4679000005126 ], [ 8590470.963899999856949, 3883312.211000002920628 ], [ 8590542.292899999767542, 3883314.082699999213219 ], [ 8590618.945000000298023, 3883340.001900002360344 ], [ 8590730.020100001245737, 3883414.639399997889996 ], [ 8590834.842099998146296, 3883501.0669 ], [ 8590843.02419999986887, 3883509.729299999773502 ], [ 8590843.037500001490116, 3883509.743299998342991 ], [ 8590927.466499999165535, 3883599.128300003707409 ], [ 8591002.259300000965595, 3883696.72240000218153 ], [ 8591081.291200000792742, 3883860.176700003445148 ], [ 8591191.96000000089407, 3884179.870200000703335 ], [ 8591236.414700001478195, 3884300.581000000238419 ], [ 8591298.083599999547005, 3884445.653399996459484 ], [ 8591393.716499999165535, 3884657.368199996650219 ], [ 8591510.0320999994874, 3884989.178000003099442 ], [ 8591550.405799999833107, 3885038.055600002408028 ], [ 8591579.355000000447035, 3885068.701399996876717 ], [ 8591661.187699999660254, 3885124.641800001263618 ], [ 8591723.4265, 3885159.581799998879433 ], [ 8591723.449200000613928, 3885159.594499997794628 ], [ 8591895.72859999909997, 3885256.308499999344349 ], [ 8592088.968299999833107, 3885374.937600001692772 ], [ 8592299.581999998539686, 3885511.952399998903275 ], [ 8592415.697999998927116, 3885622.586300000548363 ], [ 8592485.028400000184774, 3885702.108999997377396 ], [ 8592514.135200001299381, 3885726.780599996447563 ], [ 8592537.605999998748302, 3885739.348999999463558 ], [ 8592567.485800001770258, 3885734.151399999856949 ], [ 8592592.038400001823902, 3885704.903099998831749 ], [ 8592689.785000000149012, 3885605.831500001251698 ], [ 8592836.016399998217821, 3885472.158299997448921 ], [ 8592903.5724, 3885390.2324 ], [ 8592928.432599999010563, 3885349.036799997091293 ], [ 8593065.239500001072884, 3885119.475500002503395 ], [ 8593109.168000001460314, 3885030.956799998879433 ], [ 8593123.217999998480082, 3884947.637000001966953 ], [ 8593128.619300000369549, 3884738.5641999989748 ], [ 8593139.810499999672174, 3884535.622599996626377 ], [ 8593148.914700001478195, 3884183.196400001645088 ], [ 8593168.908100001513958, 3884100.035999998450279 ], [ 8593187.358600001782179, 3884076.607799999415874 ], [ 8593218.3147, 3884029.597099997103214 ], [ 8593341.829300001263618, 3883853.500600002706051 ], [ 8593421.418499998748302, 3883765.917499996721745 ], [ 8593647.367400001734495, 3883538.696599997580051 ], [ 8593702.097899999469519, 3883492.305600002408028 ], [ 8593720.700899999588728, 3883462.904799997806549 ], [ 8593727.261300001293421, 3883439.167499996721745 ], [ 8593728.34010000154376, 3883397.356799997389317 ], [ 8593735.824700001627207, 3883337.781999997794628 ], [ 8593742.693399999290705, 3883302.09910000115633 ], [ 8593755.506000000983477, 3883266.571000002324581 ], [ 8593768.164500001817942, 3883237.015799999237061 ], [ 8593786.767099998891354, 3883207.615599997341633 ], [ 8593817.257599998265505, 3883178.524700000882149 ], [ 8593871.062300000339746, 3883167.9712999984622 ], [ 8593901.090599998831749, 3883156.798900000751019 ], [ 8593966.937300000339746, 3883140.581799998879433 ], [ 8594008.699700001627207, 3883135.691500000655651 ], [ 8594056.559999998658895, 3883124.982799999415874 ], [ 8594080.798000000417233, 3883107.682700000703335 ], [ 8594111.287900000810623, 3883078.591499999165535 ], [ 8594124.407200001180172, 3883031.117899999022484 ], [ 8594150.799899999052286, 3882930.198399998247623 ], [ 8594176.268699999898672, 3882865.116099998354912 ], [ 8594201.275699999183416, 3882817.952200002968311 ], [ 8594225.666900001466274, 3882794.679399996995926 ], [ 8594262.099899999797344, 3882765.743000000715256 ], [ 8594297.917100001126528, 3882760.697599999606609 ], [ 8594375.342000000178814, 3882756.733499996364117 ], [ 8594518.149700000882149, 3882754.468099996447563 ], [ 8594660.957400001585484, 3882752.201700001955032 ], [ 8594738.228300001472235, 3882754.208599999547005 ], [ 8594750.1162, 3882754.517300002276897 ], [ 8594774.199200000613928, 3882743.1891999989748 ], [ 8594822.3651, 3882720.532999999821186 ], [ 8594906.962400000542402, 3882668.939000003039837 ], [ 8594985.461599998176098, 3882623.163000002503395 ], [ 8595045.975499998778105, 3882582.896799996495247 ], [ 8595219.575300000607967, 3882539.587600000202656 ], [ 8595326.871199999004602, 3882530.417099997401237 ], [ 8595410.698699999600649, 3882508.684299997985363 ], [ 8595583.989999998360872, 3882477.316500000655651 ], [ 8595685.035000000149012, 3882479.934799998998642 ], [ 8595780.289500001817942, 3882476.425899997353554 ], [ 8595863.502999998629093, 3882478.581299997866154 ], [ 8595940.925999999046326, 3882474.609499998390675 ], [ 8595988.629799999296665, 3882469.868000000715256 ], [ 8596030.389699999243021, 3882464.972499996423721 ], [ 8596084.956300001591444, 3882424.548799999058247 ], [ 8596181.435600001364946, 3882373.2566 ], [ 8596235.6952, 3882344.777699999511242 ], [ 8596362.657400000840425, 3882264.390500001609325 ], [ 8596544.182799998670816, 3882143.578299999237061 ], [ 8596659.25450000166893, 3882062.882200002670288 ], [ 8596927.807500001043081, 3881794.906800001859665 ], [ 8597212.807199999690056, 3881581.142300002276897 ], [ 8597559.67509999871254, 3881273.35249999910593 ], [ 8597596.403400000184774, 3881232.46679999679327 ], [ 8597645.170899998396635, 3881185.915299996733665 ], [ 8597723.197299998253584, 3881158.046400003135204 ], [ 8597800.918200001120567, 3881142.121399998664856 ], [ 8598016.428300000727177, 3881090.280699998140335 ], [ 8598070.197599999606609, 3881077.346500001847744 ], [ 8598141.974500000476837, 3881061.26690000295639 ], [ 8598256.1162, 3881016.397399999201298 ], [ 8598364.009199999272823, 3880983.318499997258186 ], [ 8598495.675000000745058, 3880950.850500002503395 ], [ 8598561.355500001460314, 3880940.588299997150898 ], [ 8598621.397100001573563, 3880918.228699997067451 ], [ 8598645.322200000286102, 3880912.868100002408028 ], [ 8598663.456399999558926, 3880901.382399998605251 ], [ 8598681.74269999936223, 3880883.924800001084805 ], [ 8598688.142400000244379, 3880866.161300003528595 ], [ 8598682.960099998861551, 3880836.148100003600121 ], [ 8598661.013300001621246, 3880763.87219999730587 ], [ 8598627.028200000524521, 3880697.262800000607967 ], [ 8598604.168699998408556, 3880660.819399997591972 ], [ 8598525.074799999594688, 3880497.435999996960163 ], [ 8598429.675900001078844, 3880273.876400001347065 ], [ 8598358.965300001204014, 3880015.100599996745586 ], [ 8598349.211399998515844, 3879931.190399996936321 ], [ 8598350.4298, 3879883.41669999808073 ], [ 8598345.096099998801947, 3879859.376999996602535 ], [ 8598327.876800000667572, 3879835.031300000846386 ], [ 8598198.809900000691414, 3879765.976999998092651 ], [ 8598074.620299998670816, 3879738.876599997282028 ], [ 8598045.363299999386072, 3879720.1963 ], [ 8598028.601799998432398, 3879677.935699999332428 ], [ 8598023.573600001633167, 3879641.9529 ], [ 8598038.50730000063777, 3879522.827399998903275 ], [ 8598053.745400000363588, 3879391.759700000286102 ], [ 8598079.954500000923872, 3879296.828000001609325 ], [ 8598110.734400000423193, 3879255.79280000180006 ], [ 8598178.236200001090765, 3879173.875900000333786 ], [ 8598300.286499999463558, 3879051.536200001835823 ], [ 8598562.817800000309944, 3878783.430299997329712 ], [ 8598660.636199999600649, 3878678.39299999922514 ], [ 8598685.470800001174212, 3878637.20549999922514 ], [ 8598729.045499999076128, 3878560.64919999986887 ], [ 8598755.401099998503923, 3878459.750299997627735 ], [ 8598774.597100000828505, 3878406.468099996447563 ], [ 8598800.039599999785423, 3878341.396700002253056 ], [ 8598818.778999999165535, 3878306.028300002217293 ], [ 8598855.041000001132488, 3878283.060500003397465 ], [ 8598903.035399999469519, 3878266.368900001049042 ], [ 8598968.552400000393391, 3878262.078000001609325 ], [ 8599057.534299999475479, 3878270.339400000870228 ], [ 8599146.364399999380112, 3878284.57150000333786 ], [ 8599253.021499998867512, 3878299.261 ], [ 8599314.94370000064373, 3878321.783900000154972 ], [ 8599314.959199998527765, 3878321.789499998092651 ], [ 8599323.721200000494719, 3878324.976499997079372 ], [ 8599371.25959999859333, 3878326.197200000286102 ], [ 8599492.383099999278784, 3878239.681199997663498 ], [ 8599590.039900001138449, 3878140.61259999871254 ], [ 8599591.235300000756979, 3878139.093400001525879 ], [ 8599591.2654, 3878139.055200003087521 ], [ 8599737.509300000965595, 3877953.1985 ], [ 8599800.071199998259544, 3877879.193099997937679 ], [ 8599800.087600000202656, 3877879.173699997365475 ], [ 8599890.765500001609325, 3877771.908299997448921 ], [ 8599971.34910000115633, 3877642.528899997472763 ], [ 8600034.257100000977516, 3877506.72240000218153 ], [ 8600041.412099998444319, 3877459.108199998736382 ], [ 8600042.928399998694658, 3877399.400100000202656 ], [ 8599986.238600000739098, 3877290.403200000524521 ], [ 8599980.781500000506639, 3877269.174400001764297 ], [ 8599964.594099998474121, 3877206.20380000025034 ], [ 8599924.517700001597404, 3877145.430299997329712 ], [ 8599966.565600000321865, 3877128.584600001573563 ], [ 8600007.187100000679493, 3877121.4983000010252 ], [ 8600086.00899999961257, 3877107.747900001704693 ], [ 8600141.178100001066923, 3877100.321999996900558 ], [ 8600141.320799998939037, 3877100.302699998021126 ], [ 8600235.161299999803305, 3877087.671300001442432 ], [ 8600473.137499999254942, 3877081.816699996590614 ], [ 8600520.823699999600649, 3877077.063100002706051 ], [ 8600586.022100001573563, 3877085.531700000166893 ], [ 8600586.111000001430511, 3877085.543300002813339 ], [ 8600692.682599999010563, 3877099.385300002992153 ], [ 8600869.273600000888109, 3877169.6233000010252 ], [ 8601001.096200000494719, 3877364.182199999690056 ], [ 8601115.096200000494719, 3877558.286799997091293 ], [ 8601229.552499998360872, 3877734.479800000786781 ], [ 8601339.580699998885393, 3877850.812399998307228 ], [ 8601449.610100001096725, 3877967.145300000905991 ], [ 8601705.3279, 3878200.721100002527237 ], [ 8601815.966699998825788, 3878293.169299997389317 ], [ 8601980.087600000202656, 3878386.98139999806881 ], [ 8602048.085200000554323, 3878421.938900001347065 ], [ 8602048.119600001722574, 3878421.956500001251698 ], [ 8602126.836100000888109, 3878462.424199998378754 ], [ 8602387.4835, 3878265.917099997401237 ], [ 8602497.006799999624491, 3878167.133100003004074 ], [ 8602582.006499998271465, 3878097.598899997770786 ], [ 8602806.537599999457598, 3877918.094499997794628 ], [ 8602945.978000000119209, 3877812.828400000929832 ], [ 8602946.02250000089407, 3877812.794799998402596 ], [ 8602952.009799998253584, 3877808.274899996817112 ], [ 8603098.3827, 3877662.629100002348423 ], [ 8603122.164200000464916, 3877634.485600002110004 ], [ 8603122.227299999445677, 3877634.410999998450279 ], [ 8603251.597500000149012, 3877481.309399999678135 ], [ 8603466.182399999350309, 3877223.8800999969244 ], [ 8603497.845899999141693, 3877147.015299998223782 ], [ 8603561.172499999403954, 3876993.286799997091293 ], [ 8603650.668999999761581, 3876744.6338 ], [ 8603750.994300000369549, 3876538.079000003635883 ], [ 8603856.057199999690056, 3876379.440800003707409 ], [ 8603954.575800001621246, 3876244.534199997782707 ], [ 8604040.159299999475479, 3876151.118900001049042 ], [ 8604173.123399998992682, 3876064.880000002682209 ], [ 8604372.041900001466274, 3875956.416299998760223 ], [ 8604589.531399998813868, 3875818.551100000739098 ], [ 8604589.799800001084805, 3875818.37780000269413 ], [ 8604758.737100001424551, 3875709.331399999558926 ], [ 8604915.758600000292063, 3875611.75 ], [ 8605055.852299999445677, 3875477.89580000191927 ], [ 8605081.563499998301268, 3875400.885899998247623 ], [ 8605120.204599998891354, 3875282.386600002646446 ], [ 8605447.868099998682737, 3875254.831799998879433 ], [ 8605513.370799999684095, 3875250.513899996876717 ], [ 8605725.460200000554323, 3875327.560000002384186 ], [ 8605848.4331, 3875402.353000000119209 ], [ 8606041.955699998885393, 3875508.795900002121925 ], [ 8606167.469300001859665, 3875482.0945999994874 ], [ 8606365.173099998384714, 3875421.370200000703335 ], [ 8606568.518300000578165, 3875372.733499996364117 ], [ 8606663.280299998819828, 3875387.070200003683567 ], [ 8606915.475999999791384, 3875524.850299999117851 ], [ 8607099.060899998992682, 3875553.369300000369549 ], [ 8607269.870700001716614, 3875617.408299997448921 ], [ 8607475.14979999884963, 3875491.147100001573563 ], [ 8607551.635800000280142, 3875413.744800001382828 ], [ 8607551.668600000441074, 3875413.71169999986887 ], [ 8607578.829500000923872, 3875386.225100003182888 ], [ 8607639.878199998289347, 3875322.047899998724461 ], [ 8607660.025699999183416, 3875277.141699999570847 ], [ 8607660.034099999815226, 3875277.122900001704693 ], [ 8607690.233600001782179, 3875209.811800003051758 ], [ 8607718.161899998784065, 3875043.248800002038479 ], [ 8607720.243599999696016, 3874959.669299997389317 ], [ 8607757.525699999183416, 3874894.896099999547005 ], [ 8607813.374099999666214, 3874800.721400000154972 ], [ 8607947.792199999094009, 3874654.75900000333786 ], [ 8608039.432700000703335, 3874555.51070000231266 ], [ 8608112.803899999707937, 3874473.724299997091293 ], [ 8608174.380800001323223, 3874400.222499996423721 ], [ 8608174.386500000953674, 3874400.215700000524521 ], [ 8608186.322599999606609, 3874385.968000002205372 ], [ 8608210.977099999785423, 3874350.746299996972084 ], [ 8608156.587699998170137, 3874288.486400000751019 ], [ 8608156.579900000244379, 3874288.477399997413158 ], [ 8608072.258499998599291, 3874191.95380000025034 ], [ 8608014.930500000715256, 3874106.886600002646446 ], [ 8607963.543600000441074, 3874021.968800000846386 ], [ 8607961.614999998360872, 3873860.641000002622604 ], [ 8607975.42790000140667, 3873783.335600003600121 ], [ 8607973.430399999022484, 3873772.674099996685982 ], [ 8607943.944699998944998, 3873615.294799998402596 ], [ 8607910.381700001657009, 3873530.827200002968311 ], [ 8607837.018899999558926, 3873373.682599999010563 ], [ 8607892.564100001007318, 3873291.4551 ], [ 8607941.573800001293421, 3873232.956200003623962 ], [ 8607978.999499998986721, 3873162.219899997115135 ], [ 8608004.989700000733137, 3873073.277999997138977 ], [ 8608008.406800001859665, 3872935.985799998044968 ], [ 8608009.892499998211861, 3872876.293999999761581 ], [ 8608028.901799999177456, 3872828.988300003111362 ], [ 8608083.107299998402596, 3872800.485399998724461 ], [ 8608208.595899999141693, 3872773.772100001573563 ], [ 8608292.353799998760223, 3872751.983499996364117 ], [ 8608329.034499999135733, 3872711.094099998474121 ], [ 8608372.545800000429153, 3872634.539300002157688 ], [ 8608399.1266999989748, 3872521.723499998450279 ], [ 8608414.717199999839067, 3872372.79619999974966 ], [ 8608435.357200000435114, 3872259.832999996840954 ], [ 8608550.444400001317263, 3872173.130500003695488 ], [ 8608689.586800001561642, 3872075.085799999535084 ], [ 8608803.336899999529123, 3872042.102300003170967 ], [ 8609012.274500001221895, 3872005.530699998140335 ], [ 8609043.752599999308586, 3871934.648599997162819 ], [ 8609054.433800000697374, 3871743.795999996364117 ], [ 8609057.989500001072884, 3871600.546300001442432 ], [ 8609063.619300000369549, 3871373.737199999392033 ], [ 8609089.748799998313189, 3871278.834700003266335 ], [ 8609116.32209999859333, 3871166.027099996805191 ], [ 8609185.213199999183416, 3871024.418999999761581 ], [ 8609258.265599999576807, 3870954.58219999819994 ], [ 8609324.933699999004602, 3870902.501999996602535 ], [ 8609390.269200000911951, 3870904.137500002980232 ], [ 8609561.629599999636412, 3870944.25900000333786 ], [ 8609781.395199999213219, 3870949.755999997258186 ], [ 8609930.624600000679493, 3870923.62610000371933 ], [ 8610049.712099999189377, 3870914.658100001513958 ], [ 8610180.974300000816584, 3870894.049099996685982 ], [ 8610319.209300000220537, 3870831.808300003409386 ], [ 8610541.777800001204014, 3870723.894799999892712 ], [ 8610689.823399998247623, 3870745.505199998617172 ], [ 8610831.930100001394749, 3870766.965999998152256 ], [ 8610945.460200000554323, 3870809.847800001502037 ], [ 8610967.360300000756979, 3870818.119699999690056 ], [ 8611254.421999998390675, 3870986.521200001239777 ], [ 8611313.229299999773502, 3871011.875 ], [ 8611533.143500000238419, 3871011.378799997270107 ], [ 8611747.118099998682737, 3871010.731799997389317 ], [ 8611910.781100001186132, 3871122.302500002086163 ], [ 8612023.354400001466274, 3871236.408900000154972 ], [ 8612023.375999998301268, 3871236.430799998342991 ], [ 8612055.745200000703335, 3871269.240699999034405 ], [ 8612184.949999999254942, 3871332.174999997019768 ], [ 8612401.784200001507998, 3871457.008500002324581 ], [ 8612549.692499998956919, 3871484.570900000631809 ], [ 8612599.786100000143051, 3871492.705899998545647 ], [ 8612599.831999998539686, 3871492.713299997150898 ], [ 8612810.16499999910593, 3871526.870099999010563 ], [ 8612985.720800001174212, 3871638.727799996733665 ], [ 8613084.499600000679493, 3871730.76349999755621 ], [ 8613154.459399998188019, 3871786.249799996614456 ], [ 8613239.894499998539686, 3871937.679499998688698 ], [ 8613311.399399999529123, 3872172.380900003015995 ], [ 8613360.024599999189377, 3872370.682599999010563 ], [ 8613389.804900001734495, 3872610.32880000025034 ], [ 8613438.432599999010563, 3872808.635499998927116 ], [ 8613515.884700000286102, 3873043.495999999344349 ], [ 8613537.0099, 3873151.532200001180172 ], [ 8613519.8310999982059, 3873251.061599999666214 ], [ 8613509.293000001460314, 3873312.116300001740456 ], [ 8613510.692600000649691, 3873497.315700002014637 ], [ 8613531.818399999290705, 3873605.354699999094009 ], [ 8613712.464600000530481, 3873753.183200001716614 ], [ 8613841.25730000063777, 3873834.022299997508526 ], [ 8613830.779100000858307, 3874018.933499999344349 ], [ 8613854.774999998509884, 3874252.486900001764297 ], [ 8613891.677999999374151, 3874444.548799999058247 ], [ 8613903.647199999541044, 3874683.784299999475479 ], [ 8613896.242600001394749, 3874743.336499996483326 ], [ 8613701.881700001657009, 3874911.760200001299381 ], [ 8613627.293400000780821, 3874968.750100001692772 ], [ 8613627.284699998795986, 3874968.756800003349781 ], [ 8613580.715399999171495, 3875004.33839999884367 ], [ 8613451.9945, 3875162.4397 ], [ 8613381.3651, 3875375.7449000030756 ], [ 8613333.913100000470877, 3875613.522799998521805 ], [ 8613304.284000001847744, 3875851.74549999833107 ], [ 8613308.026799999177456, 3875941.447899997234344 ], [ 8613370.159200001507998, 3876074.416199997067451 ], [ 8613409.184500001370907, 3876129.962200000882149 ], [ 8613409.194600000977516, 3876129.976499997079372 ], [ 8613536.751299999654293, 3876311.532499998807907 ], [ 8613752.786100000143051, 3876472.209600001573563 ], [ 8613961.420099999755621, 3876692.444700002670288 ], [ 8614018.05799999833107, 3876807.3574 ], [ 8614075.721000000834465, 3876880.475599996745586 ], [ 8614169.620999999344349, 3876930.592500001192093 ], [ 8614352.504299998283386, 3876988.882399998605251 ], [ 8614606.9847999997437, 3877036.990099996328354 ], [ 8614731.181499999016523, 3877063.95440000295639 ], [ 8614783.782900001853704, 3877101.099600002169609 ], [ 8614868.532400000840425, 3877282.425200000405312 ], [ 8614987.768800001591444, 3877512.399700000882149 ], [ 8615124.397599998861551, 3877760.729500003159046 ], [ 8615261.468400001525879, 3877991.148500002920628 ], [ 8615472.621899999678135, 3878109.873700000345707 ], [ 8615484.3607, 3878116.137800000607967 ], [ 8615500.146899998188019, 3878200.174099996685982 ], [ 8615509.845199998468161, 3878290.035800002515316 ], [ 8615588.958399999886751, 3878459.281700000166893 ], [ 8615596.616700001060963, 3878632.744099996984005 ], [ 8615606.3158, 3878722.608199998736382 ], [ 8615685.140900000929832, 3878903.801299996674061 ], [ 8615794.846599999815226, 3879037.955200001597404 ], [ 8615953.11600000038743, 3879131.478399999439716 ], [ 8616239.80009999871254, 3879323.762599997222424 ], [ 8616508.081300001591444, 3879539.492799997329712 ], [ 8616765.645899999886751, 3879707.154700003564358 ], [ 8616947.554499998688698, 3879807.227300003170967 ], [ 8617066.850400000810623, 3879792.229000002145767 ], [ 8617162.519299998879433, 3879770.674699999392033 ], [ 8617370.8147, 3879763.832599997520447 ], [ 8617631.147199999541044, 3879818.01690000295639 ], [ 8617679.126299999654293, 3879801.26630000025034 ], [ 8617794.652199998497963, 3879696.539200000464916 ], [ 8617812.763900000602007, 3879676.847000002861023 ], [ 8617812.768800001591444, 3879676.841700002551079 ], [ 8617929.01969999819994, 3879550.4463 ], [ 8618081.068300001323223, 3879410.761500000953674 ], [ 8618202.2423, 3879318.1228 ], [ 8618520.829199999570847, 3879176.534199997782707 ], [ 8618690.420099999755621, 3879027.416500002145767 ], [ 8618690.460200000554323, 3879027.381300002336502 ], [ 8618745.627599999308586, 3878978.873800002038479 ], [ 8618879.691100001335144, 3878844.722000002861023 ], [ 8618970.420299999415874, 3878781.212499998509884 ], [ 8619180.434500001370907, 3878702.689000003039837 ], [ 8619260.013999998569489, 3878694.338600002229214 ], [ 8619365.2331000007689, 3878683.297700002789497 ], [ 8619674.249200001358986, 3878690.832099996507168 ], [ 8619763.24439999833703, 3878698.976000003516674 ], [ 8619863.260200001299381, 3878743.237400002777576 ], [ 8620039.378499999642372, 3878837.151699997484684 ], [ 8620203.037599999457598, 3878954.66160000115633 ], [ 8620301.904399998486042, 3879046.693800002336502 ], [ 8620448.314800001680851, 3879139.882200002670288 ], [ 8620720.101700000464916, 3879212.217000000178814 ], [ 8620921.870400000363588, 3879229.069899998605251 ], [ 8620995.6261, 3879235.104800000786781 ], [ 8620995.634700000286102, 3879235.105499997735023 ], [ 8621129.582400001585484, 3879246.0647 ], [ 8621205.636100001633167, 3879050.731600001454353 ], [ 8621305.889600001275539, 3878838.063000001013279 ], [ 8621422.245700001716614, 3878697.486599996685982 ], [ 8621477.164599999785423, 3878639.069300003349781 ], [ 8621487.843100000172853, 3878442.156599998474121 ], [ 8621456.134799998253584, 3878349.586199998855591 ], [ 8621456.133600000292063, 3878349.58219999819994 ], [ 8621427.068199999630451, 3878249.487899996340275 ], [ 8621406.025600001215935, 3878135.456799998879433 ], [ 8621431.8048, 3878052.435900002717972 ], [ 8621507.848900001496077, 3877857.11599999666214 ], [ 8621545.135200001299381, 3877780.319600000977516 ], [ 8621545.138099998235703, 3877780.31360000371933 ], [ 8621553.308499999344349, 3877763.485399998724461 ], [ 8621553.329500000923872, 3877763.442100003361702 ], [ 8621576.657800000160933, 3877715.394100002944469 ], [ 8621737.036699999123812, 3877474.326200000941753 ], [ 8621823.9551, 3877321.096699997782707 ], [ 8621935.06980000063777, 3877150.531099997460842 ], [ 8622073.743099998682737, 3877070.249200001358986 ], [ 8622248.210299998521805, 3876984.858599998056889 ], [ 8622344.714099999517202, 3876927.451300002634525 ], [ 8622405.135899998247623, 3876887.093599997460842 ], [ 8622447.159000001847744, 3876870.187399998307228 ], [ 8622464.984999999403954, 3876870.618699997663498 ], [ 8622470.926899999380112, 3876870.76240000128746 ], [ 8622500.636799998581409, 3876871.481200002133846 ], [ 8622542.373399998992682, 3876866.516500003635883 ], [ 8622572.512600000947714, 3876849.322700001299381 ], [ 8622711.323100000619888, 3876763.0658999979496 ], [ 8622850.70380000025034, 3876652.925200000405312 ], [ 8622934.890799999237061, 3876613.140600003302097 ], [ 8623066.755100000649691, 3876568.532999999821186 ], [ 8623359.905099999159575, 3876491.973200000822544 ], [ 8623658.851100001484156, 3876421.522399999201298 ], [ 8623753.9199, 3876423.814800001680851 ], [ 8623860.017000000923872, 3876462.217100001871586 ], [ 8623877.699700001627207, 3876468.617399998009205 ], [ 8624018.30799999833107, 3876555.643399998545647 ], [ 8624247.333999998867512, 3876674.668700002133846 ], [ 8624516.1064000017941, 3876872.313000001013279 ], [ 8624565.456700000911951, 3877046.7544 ], [ 8624592.747400000691414, 3877148.974600002169609 ], [ 8624638.6787, 3877215.740099996328354 ], [ 8624638.718800000846386, 3877215.79839999973774 ], [ 8624638.765000000596046, 3877215.837399996817112 ], [ 8624697.0016999989748, 3877264.995200000703335 ], [ 8624784.568799998611212, 3877332.819600000977516 ], [ 8624849.205299999564886, 3877453.073899999260902 ], [ 8624849.228500001132488, 3877453.116999998688698 ], [ 8624852.887899998575449, 3877459.925200000405312 ], [ 8624891.496899999678135, 3877586.3175999969244 ], [ 8624947.364700000733137, 3877737.023999996483326 ], [ 8625004.655000001192093, 3877828.019599996507168 ], [ 8625078.9206000007689, 3877955.271099999547005 ], [ 8625130.838700000196695, 3878022.239799998700619 ], [ 8625336.2665, 3878134.717500001192093 ], [ 8625446.6173, 3878244.911799997091293 ], [ 8625493.305300001055002, 3878281.880999997258186 ], [ 8625666.096400000154972, 3878373.941100001335144 ], [ 8625669.452100001275539, 3878375.729000002145767 ], [ 8625677.150699999183416, 3878386.401699997484684 ], [ 8626108.942899998277426, 3878873.104599997401237 ], [ 8626171.031300000846386, 3878923.357900001108646 ], [ 8626200.614500001072884, 3878947.301899999380112 ], [ 8626560.289200000464916, 3879238.41499999910593 ], [ 8626560.310199998319149, 3879238.413699999451637 ], [ 8626618.271099999547005, 3879234.954000003635883 ], [ 8626707.272900000214577, 3879243.058399997651577 ], [ 8626801.93470000103116, 3879263.247900001704693 ], [ 8626943.432799998670816, 3879314.432300001382828 ], [ 8626969.186999998986721, 3879482.352700002491474 ], [ 8627048.218100000172853, 3879614.696599997580051 ], [ 8627064.7212999984622, 3879646.650200001895428 ], [ 8627064.7357, 3879646.678099997341633 ], [ 8627377.12779999896884, 3879899.492499999701977 ], [ 8627987.773200001567602, 3879524.654700003564358 ], [ 8627987.790399998426437, 3879524.628499999642372 ], [ 8628034.252399999648333, 3879453.999300003051758 ], [ 8628304.622999999672174, 3879084.009499996900558 ], [ 8628503.976700000464916, 3878951.331399999558926 ], [ 8628653.391600001603365, 3878919.037799999117851 ], [ 8628783.28830000013113, 3878957.978200003504753 ], [ 8628994.837900001555681, 3879064.584200002253056 ], [ 8629261.282200001180172, 3879112.741700001060963 ], [ 8629569.328299999237061, 3879161.882500000298023 ], [ 8629752.294399999082088, 3879220.000200003385544 ], [ 8629916.8717, 3879301.580399997532368 ], [ 8630140.319600000977516, 3879408.455200001597404 ], [ 8630327.131099998950958, 3879556.285899996757507 ], [ 8630543.101500000804663, 3879728.706900000572205 ], [ 8630772.782800000160933, 3879823.772100001573563 ], [ 8630966.947599999606609, 3879912.019400000572205 ], [ 8631108.744800001382828, 3879951.223899997770786 ], [ 8631321.581700000911951, 3880004.056599996984005 ], [ 8631528.197299998253584, 3880068.690200001001358 ], [ 8631685.8717, 3880191.92059999704361 ], [ 8631854.737399999052286, 3880345.291599996387959 ], [ 8632046.542899999767542, 3880535.056400001049042 ], [ 8632295.975299999117851, 3880803.862099997699261 ], [ 8632558.091699998825788, 3881294.071000002324581 ], [ 8632563.051399998366833, 3881308.289599999785423 ], [ 8633034.386599998921156, 3881982.235699996352196 ], [ 8633469.352000001817942, 3882501.369099996984005 ], [ 8633784.415399998426437, 3882775.090700000524521 ], [ 8634015.802099999040365, 3883055.43469999730587 ], [ 8634130.44709999859333, 3883253.850500002503395 ], [ 8634615.753600001335144, 3883450.328000001609325 ], [ 8635100.069200001657009, 3883416.566799998283386 ], [ 8635565.687300000339746, 3883715.174099996685982 ], [ 8635635.728700000792742, 3883732.837999999523163 ], [ 8635841.720300000160933, 3883827.297200001776218 ], [ 8635965.425599999725819, 3883971.516099996864796 ], [ 8636862.581300001591444, 3884546.786899998784065 ], [ 8637047.894999999552965, 3884767.442800000309944 ], [ 8637133.06870000064373, 3884831.618100002408028 ], [ 8637471.6963, 3885108.460900001227856 ], [ 8637745.624499998986721, 3885353.912600003182888 ], [ 8637866.90430000051856, 3885512.138099998235703 ], [ 8637964.542199999094009, 3885663.838299997150898 ], [ 8638059.71059999987483, 3885923.076899997889996 ], [ 8638161.3766999989748, 3886158.559299997985363 ], [ 8638232.631400000303984, 3886423.228000000119209 ], [ 8638259.752599999308586, 3886537.433499999344349 ], [ 8638366.411299999803305, 3886814.88400000333786 ], [ 8638478.896600000560284, 3886943.145300000905991 ], [ 8638505.54619999974966, 3886973.532399997115135 ], [ 8638603.062300000339746, 3887131.217399999499321 ], [ 8638612.171399999409914, 3887189.782200001180172 ], [ 8638729.089699998497963, 3886967.745700001716614 ], [ 8639111.694299999624491, 3887073.8074000030756 ], [ 8639285.365299999713898, 3887121.946000002324581 ], [ 8639514.128100000321865, 3887185.354999996721745 ], [ 8640933.180300001055002, 3887299.235200002789497 ], [ 8641439.771999999880791, 3887283.716700002551079 ], [ 8641689.38399999961257, 3887165.047899998724461 ], [ 8642168.391600001603365, 3887508.078100003302097 ], [ 8642851.032800000160933, 3887578.618199996650219 ], [ 8644538.212699998170137, 3889118.463600002229214 ], [ 8645078.366900000721216, 3889343.173500001430511 ], [ 8645805.979100000113249, 3889401.089100003242493 ], [ 8646186.7368, 3889547.798199996352196 ], [ 8646339.935199998319149, 3889935.689499996602535 ], [ 8646351.182700000703335, 3889939.24889999628067 ], [ 8646522.844000000506639, 3889979.012000001966953 ], [ 8646611.112199999392033, 3890022.863799996674061 ], [ 8646686.816100001335144, 3890096.325800001621246 ], [ 8646586.673599999397993, 3890474.021300002932549 ], [ 8646933.758400000631809, 3890817.044399999082088 ], [ 8647053.949700001627207, 3891138.093500003218651 ], [ 8647121.717799998819828, 3891134.587600000202656 ], [ 8647190.276900000870228, 3891261.70549999922514 ], [ 8647362.415899999439716, 3891546.632200002670288 ], [ 8647487.112300001084805, 3891824.51070000231266 ], [ 8647511.099500000476837, 3892082.179200001060963 ], [ 8647444.796999998390675, 3892385.651100002229214 ], [ 8647410.332699999213219, 3892472.03999999910593 ], [ 8647410.328499998897314, 3892472.050499998033047 ], [ 8647420.033599998801947, 3892526.403399996459484 ], [ 8647420.0504, 3892526.462399996817112 ], [ 8647456.6206, 3892655.013899996876717 ], [ 8647455.103999998420477, 3892722.770900003612041 ], [ 8647519.717999998480082, 3893084.619499996304512 ], [ 8648149.874600000679493, 3893116.116999998688698 ], [ 8648304.318199999630451, 3892972.063799999654293 ], [ 8648942.831900000572205, 3892376.506899997591972 ], [ 8649108.107799999415874, 3891986.93469999730587 ], [ 8650376.0760000012815, 3892201.746899999678135 ], [ 8650837.132100000977516, 3891988.125900000333786 ], [ 8651024.260400000959635, 3891393.425700001418591 ], [ 8651377.717300001531839, 3890821.943800002336502 ], [ 8651800.753400001674891, 3890433.566100001335144 ], [ 8652316.621500000357628, 3890592.5713 ], [ 8652782.338899999856949, 3891186.995800003409386 ], [ 8653967.571600001305342, 3890196.898500002920628 ], [ 8654433.865899998694658, 3889290.417900003492832 ], [ 8655443.066100001335144, 3888004.715000003576279 ], [ 8656374.545699998736382, 3887737.675300002098083 ], [ 8656637.6393, 3887251.518500000238419 ], [ 8656637.642700001597404, 3887251.512199997901917 ], [ 8656667.684900000691414, 3887030.347800001502037 ], [ 8656688.183800000697374, 3886879.438799999654293 ], [ 8658014.550700001418591, 3885283.801600001752377 ], [ 8660068.178599998354912, 3883737.011900000274181 ], [ 8660480.458500001579523, 3882973.811599999666214 ], [ 8661182.053800001740456, 3882514.362199999392033 ], [ 8661417.212799999862909, 3882360.365099996328354 ], [ 8661589.297600001096725, 3881713.319200001657009 ], [ 8661564.753600001335144, 3881669.241800002753735 ], [ 8661496.633699998259544, 3881518.372100003063679 ], [ 8661438.862300001084805, 3881439.435400001704693 ], [ 8661357.829300001263618, 3881336.091499999165535 ], [ 8661235.189800001680851, 3881231.844899997115135 ], [ 8661165.404599998146296, 3881158.623199999332428 ], [ 8661089.033399999141693, 3881115.136200003325939 ], [ 8661001.604800000786781, 3881071.801899999380112 ], [ 8661000.774900000542402, 3881071.390600003302097 ], [ 8660888.355599999427795, 3881045.045999996364117 ], [ 8660752.032499998807907, 3881024.156599998474121 ], [ 8660579.918200001120567, 3881008.462999999523163 ], [ 8660449.7972999997437, 3880975.755000002682209 ], [ 8660336.993200000375509, 3880967.324699997901917 ], [ 8660229.875500001013279, 3880970.968299999833107 ], [ 8660122.241900000721216, 3880998.501800000667572 ], [ 8660009.050999999046326, 3881007.987199999392033 ], [ 8659931.523200001567602, 3881018.248800002038479 ], [ 8659866.269799999892712, 3881010.851199999451637 ], [ 8659807.734299998730421, 3880967.746899999678135 ], [ 8659767.417899999767542, 3880907.113300003111362 ], [ 8659685.3662, 3880851.545299999415874 ], [ 8659597.24210000038147, 3880801.819899998605251 ], [ 8659491.674899999052286, 3880733.787299998104572 ], [ 8659445.287200000137091, 3880678.9966000020504 ], [ 8659411.304099999368191, 3880600.575499996542931 ], [ 8659365.8213, 3880503.97749999910593 ], [ 8659298.373399998992682, 3880323.247000001370907 ], [ 8659225.759100001305342, 3880106.554399996995926 ], [ 8659208.082699999213219, 3880075.892399996519089 ], [ 8659145.522900000214577, 3879967.373999997973442 ], [ 8659041.385499998927116, 3879833.647399999201298 ], [ 8658959.729800000786781, 3879760.162699997425079 ], [ 8658866.058899998664856, 3879692.390100002288818 ], [ 8658837.1184, 3879655.907300002872944 ], [ 8658820.840900000184774, 3879583.851899996399879 ], [ 8658835.314800001680851, 3879464.669299997389317 ], [ 8658797.0760000012815, 3879308.486199997365475 ], [ 8658728.734099999070168, 3879169.570699997246265 ], [ 8658701.089099999517202, 3879073.369300000369549 ], [ 8658684.554000001400709, 3879013.260200001299381 ], [ 8658668.277899999171495, 3878941.20719999819994 ], [ 8658682.258600000292063, 3878884.743199996650219 ], [ 8658682.264899998903275, 3878884.728699997067451 ], [ 8658207.312199998646975, 3876976.335500001907349 ], [ 8658207.310600001364946, 3876976.329000003635883 ], [ 8658907.153400000184774, 3876132.566699996590614 ], [ 8659805.585900001227856, 3875630.848399996757507 ], [ 8660312.103199999779463, 3875559.732500001788139 ], [ 8660372.382399998605251, 3875551.269199997186661 ], [ 8661135.006299998611212, 3874974.523699998855591 ], [ 8661596.119199998676777, 3874908.904899999499321 ], [ 8662388.549499999731779, 3874452.970299996435642 ], [ 8663411.111900001764297, 3873149.523500002920628 ], [ 8664092.499099999666214, 3873168.503600001335144 ], [ 8664594.805599998682737, 3873479.610100001096725 ], [ 8665292.061200000345707, 3873657.074799999594688 ], [ 8665992.798000000417233, 3873015.417300000786781 ], [ 8667796.827500000596046, 3872134.217399999499321 ], [ 8668346.252000000327826, 3871705.056100003421307 ], [ 8668615.652499999850988, 3871175.951499998569489 ], [ 8669315.942099999636412, 3870507.764300003647804 ], [ 8669599.8915, 3869883.227600000798702 ], [ 8669663.28770000115037, 3869357.232199996709824 ], [ 8669661.140500001609325, 3869352.383699998259544 ], [ 8669638.634399998933077, 3869292.196999996900558 ], [ 8669645.575399998575449, 3869244.575800001621246 ], [ 8669694.468199998140335, 3869179.929799996316433 ], [ 8669729.893699999898672, 3869143.794100001454353 ], [ 8670173.4342, 3868412.289200000464916 ], [ 8670173.4364, 3868412.285599999129772 ], [ 8669946.395300000905991, 3867076.203000001609325 ], [ 8669946.393199998885393, 3867076.189499996602535 ], [ 8670532.212699998170137, 3866539.949199996888638 ], [ 8670981.614700000733137, 3865712.899099998176098 ], [ 8671492.717999998480082, 3865102.154799997806549 ], [ 8672065.512800000607967, 3865085.845200002193451 ], [ 8672116.656899999827147, 3865004.115000002086163 ], [ 8672158.843199998140335, 3864975.15429999679327 ], [ 8672235.911800000816584, 3864982.742700003087521 ], [ 8672293.482799999415874, 3864997.168099999427795 ], [ 8672365.925000000745058, 3865015.319799996912479 ], [ 8672418.267799999564886, 3865030.665799997746944 ], [ 8672604.1996, 3864981.625399999320507 ], [ 8673565.340599998831749, 3865087.976499997079372 ], [ 8674009.205400001257658, 3864766.723600000143051 ], [ 8674613.630199998617172, 3864661.380800001323223 ], [ 8674636.625, 3864620.963500000536442 ], [ 8674638.016399998217821, 3864591.281400002539158 ], [ 8674689.338899999856949, 3864407.306400001049042 ], [ 8674777.518399998545647, 3864164.410800002515316 ], [ 8674863.970800001174212, 3864005.04839999973774 ], [ 8674937.068599998950958, 3863917.036300003528595 ], [ 8674991.614500001072884, 3863864.451800003647804 ], [ 8675153.280799999833107, 3863802.159599997103214 ], [ 8675303.3169, 3863727.686300002038479 ], [ 8675413.2652000002563, 3863580.751800000667572 ], [ 8675484.676699999719858, 3863449.102300003170967 ], [ 8675484.695099998265505, 3863449.068400003015995 ], [ 8675498.682300001382828, 3863417.302699998021126 ], [ 8675498.684099998325109, 3863417.290600001811981 ], [ 8675498.687399998307228, 3863417.282999999821186 ], [ 8675508.726599998772144, 3863350.237700000405312 ], [ 8675535.171599999070168, 3863141.598600000143051 ], [ 8675551.101799998432398, 3862944.964800000190735 ], [ 8675511.348499998450279, 3862568.1206 ], [ 8675478.062100000679493, 3862454.028099998831749 ], [ 8675433.394000001251698, 3862315.825900003314018 ], [ 8675393.55689999833703, 3862231.440499998629093 ], [ 8675352.613499999046326, 3862200.747000001370907 ], [ 8675287.922699999064207, 3862169.559399999678135 ], [ 8675252.670699998736382, 3862150.920999996364117 ], [ 8675247.7179000005126, 3862103.07150000333786 ], [ 8675284.445999998599291, 3862050.121299996972084 ], [ 8675260.369600001722574, 3861708.809799998998642 ], [ 8675098.970100000500679, 3861393.683399997651577 ], [ 8675083.253499999642372, 3861049.439400002360344 ], [ 8675037.078299999237061, 3860797.652000002563 ], [ 8675068.236900001764297, 3860726.687299996614456 ], [ 8675100.379700001329184, 3860608.001500003039837 ], [ 8675120.526399999856949, 3860495.034400001168251 ], [ 8675133.648499999195337, 3860456.3838 ], [ 8675090.318599998950958, 3860347.003100000321865 ], [ 8675082.049400001764297, 3860345.04169999808073 ], [ 8674981.138599999248981, 3860330.226499997079372 ], [ 8674939.950500000268221, 3860324.179499998688698 ], [ 8674879.316199999302626, 3860314.58049999922514 ], [ 8674809.724199999123812, 3860303.563500002026558 ], [ 8674762.3581000007689, 3860296.608800001442432 ], [ 8674738.8597999997437, 3860284.183799996972084 ], [ 8674721.667300000786781, 3860253.987400002777576 ], [ 8674704.721400000154972, 3860211.86089999973774 ], [ 8674682.332100000232458, 3860145.750900000333786 ], [ 8674683.6875, 3860080.136100001633167 ], [ 8674702.727800000458956, 3860020.857699997723103 ], [ 8674739.5760000012815, 3859961.9507 ], [ 8674806.350299999117851, 3859891.732600003480911 ], [ 8674860.882599998265505, 3859839.161700002849102 ], [ 8674902.927099999040365, 3859816.167900003492832 ], [ 8674974.281800001859665, 3859811.686899997293949 ], [ 8675109.412799999117851, 3859784.450900003314018 ], [ 8675109.438000001013279, 3859784.445799998939037 ], [ 8675306.633699998259544, 3859610.070000000298023 ], [ 8675306.650100000202656, 3859610.040399998426437 ], [ 8675329.669100001454353, 3859568.45440000295639 ], [ 8675354.02760000154376, 3859539.124600000679493 ], [ 8675379.369199998676777, 3859462.076499998569489 ], [ 8675387.517900001257658, 3859354.834899999201298 ], [ 8675394.806000001728535, 3859289.346799999475479 ], [ 8675408.521499998867512, 3859200.123800002038479 ], [ 8675439.7982, 3859123.200900003314018 ], [ 8675503.267099998891354, 3859033.697899997234344 ], [ 8675503.276599999517202, 3859033.687799997627735 ], [ 8675126.8794, 3858683.209899999201298 ], [ 8674950.773499999195337, 3858519.230899997055531 ], [ 8674892.706599999219179, 3858403.932599999010563 ], [ 8674892.697900000959635, 3858403.9324000030756 ], [ 8674873.119899999350309, 3858383.425700001418591 ], [ 8674791.99439999833703, 3858286.26519999653101 ], [ 8674752.540300000458956, 3858184.0066 ], [ 8674713.333399999886751, 3858069.819899998605251 ], [ 8674684.765500001609325, 3858015.523400001227856 ], [ 8674621.202199999243021, 3857930.663599997758865 ], [ 8674569.510200001299381, 3857846.05179999768734 ], [ 8674524.000399999320507, 3857749.635499998927116 ], [ 8674502.108399998396635, 3857659.679099999368191 ], [ 8674492.82660000026226, 3857534.186700001358986 ], [ 8674500.734000001102686, 3857438.886399999260902 ], [ 8674509.257399998605251, 3857313.767099998891354 ], [ 8674521.103999998420477, 3857215.398500002920628 ], [ 8674521.108399998396635, 3857215.387299999594688 ], [ 8674316.998199999332428, 3856772.229900002479553 ], [ 8674316.987100001424551, 3856772.226000003516674 ], [ 8674260.204199999570847, 3856723.863399997353554 ], [ 8674184.778900001198053, 3856638.761100001633167 ], [ 8674167.961599998176098, 3856590.679999999701977 ], [ 8674174.636700000613928, 3856555.021999999880791 ], [ 8674223.224700000137091, 3856502.340400002896786 ], [ 8674284.298599999397993, 3856420.088600002229214 ], [ 8674284.916900001466274, 3856415.838299997150898 ], [ 8674271.075100000947714, 3856176.326399996876717 ], [ 8674254.857700001448393, 3856121.168099999427795 ], [ 8674191.921300001442432, 3856006.499399997293949 ], [ 8674158.65819999948144, 3855892.450900003314018 ], [ 8674180.16270000115037, 3855713.921499997377396 ], [ 8674218.853100001811981, 3855565.582299999892712 ], [ 8674221.392700001597404, 3855554.774300001561642 ], [ 8673957.427000001072884, 3855061.660999998450279 ], [ 8673903.575100000947714, 3855022.079199999570847 ], [ 8673832.735500000417233, 3855002.701800003647804 ], [ 8673797.624600000679493, 3854978.10530000180006 ], [ 8673792.061000000685453, 3854960.092000000178814 ], [ 8673799.106699999421835, 3854906.548699997365475 ], [ 8673842.127399999648333, 3854835.860699996352196 ], [ 8673882.8015, 3854801.02419999986887 ], [ 8673893.189599998295307, 3854722.530100002884865 ], [ 8673892.069400001317263, 3854717.593299999833107 ], [ 8673837.051100000739098, 3854507.65089999884367 ], [ 8673809.851100001484156, 3854387.773500002920628 ], [ 8673811.703600000590086, 3854298.33110000193119 ], [ 8673831.1107, 3854221.186899997293949 ], [ 8673892.177700001746416, 3854138.9485 ], [ 8673995.274500001221895, 3854033.726999998092651 ], [ 8674079.828299999237061, 3853963.909999996423721 ], [ 8674193.803399998694658, 3853906.637599997222424 ], [ 8674355.247600000351667, 3853850.355099998414516 ], [ 8674464.245999999344349, 3853813.4746999964118 ], [ 8674464.276900000870228, 3853813.464100003242493 ], [ 8674822.273400001227856, 3853541.709700003266335 ], [ 8675130.46169999986887, 3853197.631099998950958 ], [ 8675130.471599999815226, 3853197.605499997735023 ], [ 8675134.719999998807907, 3853186.581900000572205 ], [ 8675165.371199999004602, 3853139.500200003385544 ], [ 8675217.411299999803305, 3853100.538699999451637 ], [ 8675217.450800001621246, 3853100.509099997580051 ], [ 8675850.974800001829863, 3852393.156300000846386 ], [ 8676515.813000001013279, 3850710.985500000417233 ], [ 8676515.818199999630451, 3850710.972300000488758 ], [ 8676619.001499999314547, 3850154.76799999922514 ], [ 8677190.260000001639128, 3849305.550899997353554 ], [ 8677742.171799998730421, 3848494.628799997270107 ], [ 8677926.903599999845028, 3848223.203100003302097 ], [ 8678766.82149999961257, 3847520.350299999117851 ], [ 8679453.904199998825788, 3847211.84910000115633 ], [ 8679724.9239999987185, 3846473.103100001811981 ], [ 8679724.929299999028444, 3846473.088699996471405 ], [ 8679629.011199999600649, 3845300.700800001621246 ], [ 8680209.6206, 3844610.370099999010563 ], [ 8680209.625500001013279, 3844610.355499997735023 ], [ 8680222.240800000727177, 3844572.435999996960163 ], [ 8680515.743000000715256, 3843690.213600002229214 ], [ 8680959.077599998563528, 3843143.649499997496605 ], [ 8681140.438000001013279, 3842920.05969999730587 ], [ 8681929.28999999910593, 3841383.406300000846386 ], [ 8682121.710299998521805, 3840798.132700003683567 ], [ 8682773.270500000566244, 3840080.087399996817112 ], [ 8683272.8596, 3840301.031300000846386 ], [ 8686658.042199999094009, 3840143.449699997901917 ], [ 8687771.405499998480082, 3840355.42119999974966 ], [ 8688702.677000001072884, 3840792.42679999768734 ], [ 8689352.995700001716614, 3841755.279700003564358 ], [ 8689338.997699998319149, 3842557.585400000214577 ], [ 8688814.732599999755621, 3843293.98929999768734 ], [ 8688556.706300001591444, 3843927.1891999989748 ], [ 8688556.704500000923872, 3843927.203599996864796 ], [ 8688338.57039999961853, 3845612.348300002515316 ], [ 8688338.570999998599291, 3845612.361299999058247 ], [ 8688338.5713, 3845612.367899999022484 ], [ 8688371.53940000012517, 3846322.387800000607967 ], [ 8688371.53999999910593, 3846322.40259999781847 ], [ 8688500.896499998867512, 3846568.742299996316433 ], [ 8689636.242899999022484, 3845669.419699996709824 ], [ 8691296.647700000554323, 3845106.515100002288818 ], [ 8691998.873599998652935, 3845065.6699 ], [ 8692235.660199999809265, 3845241.934399999678135 ], [ 8692328.200100000947714, 3845614.850100003182888 ], [ 8692328.207400001585484, 3845614.847300000488758 ], [ 8692384.592999998480082, 3845592.806100003421307 ], [ 8692522.7456, 3845506.099299997091293 ], [ 8692540.770700000226498, 3845494.5304000005126 ], [ 8692634.848000001162291, 3845538.117399998009205 ], [ 8692751.718899998813868, 3845629.848600000143051 ], [ 8692868.823399998247623, 3845709.660099998116493 ], [ 8692967.323399998247623, 3845830.839500002563 ], [ 8693030.239599999040365, 3845951.319200001657009 ], [ 8693099.552299998700619, 3846048.07660000026226 ], [ 8693199.333200000226498, 3846103.698299996554852 ], [ 8693529.959199998527765, 3846187.703400000929832 ], [ 8693618.228399999439716, 3846225.209899999201298 ], [ 8693736.500799998641014, 3846245.418200001120567 ], [ 8693895.827399998903275, 3846290.279899999499321 ], [ 8693887.6952, 3846403.403399996459484 ], [ 8693866.774099998176098, 3846563.975400000810623 ], [ 8693921.56810000166297, 3846797.58330000191927 ], [ 8693947.286400001496077, 3847000.811499997973442 ], [ 8693933.570500001311302, 3847095.942900002002716 ], [ 8693857.8761, 3847326.998800002038479 ], [ 8693734.031899999827147, 3847592.88910000026226 ], [ 8693634.721799999475479, 3847817.525200001895428 ], [ 8693603.44029999896884, 3847900.390500001609325 ], [ 8693596.813000001013279, 3847936.037500001490116 ], [ 8693583.197500001639128, 3848043.803099997341633 ], [ 8693575.770700000226498, 3848102.585199996829033 ], [ 8693569.027300000190735, 3848144.193199999630451 ], [ 8693513.901900000870228, 3848232.554899998009205 ], [ 8693292.4978, 3848451.056999996304512 ], [ 8693292.490899998694658, 3848451.063900001347065 ], [ 8693526.403599999845028, 3848835.865599997341633 ], [ 8694589.570099998265505, 3849767.315399996936321 ], [ 8695131.557399999350309, 3850073.313199996948242 ], [ 8695787.045000001788139, 3849785.252999998629093 ], [ 8696645.955699998885393, 3848429.630000002682209 ], [ 8697664.390700001269579, 3847458.957500003278255 ], [ 8698159.047200001776218, 3847450.545900002121925 ], [ 8698259.254700001329184, 3847448.841899998486042 ], [ 8698834.49379999935627, 3848342.188500002026558 ], [ 8699167.519900001585484, 3849421.711000002920628 ], [ 8699167.526099998503923, 3849421.710799999535084 ], [ 8699270.988899998366833, 3849417.93299999833107 ], [ 8699335.447000000625849, 3849460.918799996376038 ], [ 8699358.265799999237061, 3849509.065499998629093 ], [ 8699368.30970000103116, 3849604.673699997365475 ], [ 8699346.643500000238419, 3849807.014499999582767 ], [ 8699339.771999999880791, 3849923.597900003194809 ], [ 8699339.770899999886751, 3849923.615900002419949 ], [ 8699881.524900000542402, 3851150.495899997651577 ], [ 8700822.405200000852346, 3851980.862700000405312 ], [ 8701723.038100000470877, 3852300.386200003325939 ], [ 8702379.697700001299381, 3852313.155699998140335 ], [ 8703722.324400000274181, 3852058.893899999558926 ], [ 8704726.507500000298023, 3851157.675700001418591 ], [ 8705219.052299998700619, 3850290.155199997127056 ], [ 8706448.696100000292063, 3850747.609300002455711 ], [ 8707188.568900000303984, 3850464.345899999141693 ], [ 8708387.873100001364946, 3850966.1382 ], [ 8708449.1096, 3850991.759700000286102 ], [ 8709626.568999998271465, 3851732.621299996972084 ], [ 8709626.605000000447035, 3851732.624300003051758 ], [ 8709696.486600000411272, 3851738.461900003254414 ], [ 8709980.511399999260902, 3851785.492200002074242 ], [ 8710063.466600000858307, 3851792.9978 ], [ 8710247.945000000298023, 3851766.603399999439716 ], [ 8710257.836899999529123, 3851874.142499998211861 ], [ 8710262.2346, 3851957.723300002515316 ], [ 8710284.980700001120567, 3852011.82379999756813 ], [ 8710424.529699999839067, 3852169.485399998724461 ], [ 8710482.438400000333786, 3852248.0962999984622 ], [ 8710498.704199999570847, 3852331.898999996483326 ], [ 8710484.864500001072884, 3852439.001500003039837 ], [ 8710489.153799999505281, 3852528.547399997711182 ], [ 8710494.539299998432398, 3852558.4695999994874 ], [ 8710547.173799999058247, 3852601.197300001978874 ], [ 8710557.428199999034405, 3852694.146999999880791 ], [ 8710554.837099999189377, 3852725.16499999910593 ], [ 8710554.835900001227856, 3852725.179399996995926 ], [ 8710714.801100000739098, 3852911.074400000274181 ], [ 8710963.171, 3853880.288900002837181 ], [ 8710963.189399998635054, 3853880.329099997878075 ], [ 8711042.850600000470877, 3854053.852099999785423 ], [ 8711026.107599999755621, 3854110.359999999403954 ], [ 8711023.98030000180006, 3854117.539499998092651 ], [ 8711023.975400000810623, 3854117.556100003421307 ], [ 8711086.92119999974966, 3854363.175499998033047 ], [ 8713595.67339999973774, 3855453.447200000286102 ], [ 8715114.5016999989748, 3855452.811700001358986 ], [ 8715331.571199998259544, 3855534.51630000025034 ], [ 8715331.616700001060963, 3855534.517099998891354 ], [ 8715355.355200000107288, 3855534.950199998915195 ], [ 8715378.986299999058247, 3855541.346699997782707 ], [ 8715387.018399998545647, 3855555.369800001382828 ], [ 8715387.030200000852346, 3855555.390500001609325 ], [ 8716468.061200000345707, 3855962.232900001108646 ], [ 8717677.965700000524521, 3856759.003200002014637 ], [ 8717995.249299999326468, 3857676.695900000631809 ], [ 8717945.347300000488758, 3858350.101899996399879 ], [ 8717945.3462999984622, 3858350.116700001060963 ], [ 8717560.301399998366833, 3859249.834100000560284 ], [ 8716897.179299999028444, 3859954.138899996876717 ], [ 8716908.386700000613928, 3859960.409000001847744 ], [ 8717079.254700001329184, 3860035.11429999768734 ], [ 8717202.204599998891354, 3860132.818400003015995 ], [ 8717260.069400001317263, 3860217.408600002527237 ], [ 8717317.008699998259544, 3860341.939800001680851 ], [ 8717317.018300000578165, 3860341.960799999535084 ], [ 8719715.470300000160933, 3861548.75959999859333 ], [ 8722602.306600000709295, 3863156.307899996638298 ], [ 8722602.318999998271465, 3863156.298699997365475 ], [ 8722762.790300000458956, 3863037.447999998927116 ], [ 8722943.960499998182058, 3862867.586099997162819 ], [ 8723095.019999999552965, 3862721.062299996614456 ], [ 8723268.253600001335144, 3862664.453500002622604 ], [ 8723435.339200001209974, 3862619.670500002801418 ], [ 8723719.915300000458956, 3862648.58389999717474 ], [ 8723896.9912, 3862711.399400003254414 ], [ 8724291.560899998992682, 3862903.389600001275539 ], [ 8724368.852800000458956, 3862898.786799997091293 ], [ 8724483.752900000661612, 3862781.45160000026226 ], [ 8724615.420200001448393, 3862724.093800000846386 ], [ 8724751.877000000327826, 3862732.4695999994874 ], [ 8725012.290899999439716, 3862784.8059 ], [ 8725183.852600000798702, 3862823.637299999594688 ], [ 8725420.207400001585484, 3862893.44820000231266 ], [ 8725631.878699999302626, 3863016.536100000143051 ], [ 8725748.967399999499321, 3863114.086800001561642 ], [ 8725998.969099998474121, 3863082.668700002133846 ], [ 8725999.280499998480082, 3863064.769299998879433 ], [ 8725865.50279999896884, 3862561.091899998486042 ], [ 8725665.281399998813868, 3862121.908299997448921 ], [ 8725660.07149999961257, 3862080.041299998760223 ], [ 8725660.175500001758337, 3862074.075199998915195 ], [ 8725686.106499999761581, 3861949.205300003290176 ], [ 8725707.450899999588728, 3861746.674400001764297 ], [ 8725709.113499999046326, 3861651.219300001859665 ], [ 8725722.857799999415874, 3861544.041599996387959 ], [ 8725729.730000000447035, 3861490.4529 ], [ 8725785.447900000959635, 3861360.143299996852875 ], [ 8725864.600999999791384, 3861248.149099998176098 ], [ 8725937.2971, 3861165.879799999296665 ], [ 8725986.1415, 3861089.159299999475479 ], [ 8726016.863400001078844, 3861030.023299999535084 ], [ 8726035.919100001454353, 3860958.747900001704693 ], [ 8726044.765900000929832, 3860914.284199997782707 ], [ 8726046.017099998891354, 3860875.440499998629093 ], [ 8726038.202199999243021, 3860827.503499999642372 ], [ 8726015.285599999129772, 3860779.361699998378754 ], [ 8725917.683699999004602, 3860586.691200003027916 ], [ 8725865.604100000113249, 3860508.200900003314018 ], [ 8725737.803800001740456, 3860344.838299997150898 ], [ 8725679.685199998319149, 3860272.209799997508526 ], [ 8725656.562600001692772, 3860236.0 ], [ 8725622.502599999308586, 3860145.89299999922514 ], [ 8725611.772799998521805, 3860080.065200001001358 ], [ 8725600.835400000214577, 3860026.168600000441074 ], [ 8725573.544100001454353, 3859888.444799996912479 ], [ 8725562.502999998629093, 3859840.513899996876717 ], [ 8725517.403400000184774, 3859702.478399999439716 ], [ 8725502.297800000756979, 3859547.070699997246265 ], [ 8725481.0482, 3859403.490299999713898 ], [ 8725488.856100000441074, 3859296.223499998450279 ], [ 8725522.6952, 3859058.145499996840954 ], [ 8725536.646499998867512, 3858939.055500000715256 ], [ 8725564.132599998265505, 3858724.737700000405312 ], [ 8725591.721700001507998, 3858504.457900002598763 ], [ 8725604.944600000977516, 3858427.124899998307228 ], [ 8725613.374499998986721, 3858284.07660000026226 ], [ 8725603.061799999326468, 3858194.398100003600121 ], [ 8725598.0614, 3858140.612099997699261 ], [ 8725598.477099999785423, 3858116.753499999642372 ], [ 8725604.724500000476837, 3858098.964199997484684 ], [ 8725617.219500001519918, 3858063.385399997234344 ], [ 8725726.6587999984622, 3857916.149400003254414 ], [ 8725817.562399998307228, 3857810.352799996733665 ], [ 8725860.668800000101328, 3857721.615500003099442 ], [ 8725904.605399999767542, 3857585.163400001823902 ], [ 8725907.615699999034405, 3857412.196199998259544 ], [ 8725902.614399999380112, 3857358.413099996745586 ], [ 8725904.690600000321865, 3857239.127099998295307 ], [ 8725911.248799998313189, 3857203.445500001311302 ], [ 8725929.988899998366833, 3857150.079999998211861 ], [ 8725990.691500000655651, 3857073.587300002574921 ], [ 8726062.952599998563528, 3857015.195600003004074 ], [ 8726189.149300001561642, 3856927.920299999415874 ], [ 8726380.631999999284744, 3856841.789399996399879 ], [ 8726471.636199999600649, 3856812.128100000321865 ], [ 8726471.6426, 3856812.12610000371933 ], [ 8725676.095300000160933, 3854991.321999996900558 ], [ 8725238.694200001657009, 3853139.055200003087521 ], [ 8725176.949000000953674, 3851347.230800002813339 ], [ 8725457.098900001496077, 3849887.469300001859665 ], [ 8725417.085099998861551, 3849792.554700002074242 ], [ 8725353.69819999858737, 3849684.0996999964118 ], [ 8725283.755699999630451, 3849611.309299997985363 ], [ 8725230.987399999052286, 3849574.600699998438358 ], [ 8725190.396299999207258, 3849520.216899998486042 ], [ 8725179.259399998933077, 3849478.278200000524521 ], [ 8725179.779599998146296, 3849448.4712999984622 ], [ 8725192.476700000464916, 3849400.989399999380112 ], [ 8725247.116399999707937, 3849330.39360000193119 ], [ 8725367.739399999380112, 3849219.217399999499321 ], [ 8725464.527699999511242, 3849113.584799997508526 ], [ 8725549.657699998468161, 3848995.821199998259544 ], [ 8725592.741500001400709, 3848907.133699998259544 ], [ 8725630.412200000137091, 3848788.536700002849102 ], [ 8725668.497299998998642, 3848646.096000000834465 ], [ 8725705.439899999648333, 3848569.227899998426437 ], [ 8725712.442600000649691, 3848556.848200000822544 ], [ 8726036.683200001716614, 3846867.032899998128414 ], [ 8726036.6842, 3846867.028300002217293 ], [ 8726588.311099998652935, 3845736.012800000607967 ], [ 8727839.018300000578165, 3845000.724600002169609 ], [ 8727839.002000000327826, 3845000.717200003564358 ], [ 8727767.421799998730421, 3844968.401199996471405 ], [ 8727661.904699999839067, 3844895.022200003266335 ], [ 8727627.041600000113249, 3844852.683399997651577 ], [ 8727603.937100000679493, 3844816.511399999260902 ], [ 8727593.106600001454353, 3844756.707800000905991 ], [ 8727582.379200000315905, 3844690.944899998605251 ], [ 8727577.582499999552965, 3844625.285999998450279 ], [ 8727548.754099998623133, 3844577.091700002551079 ], [ 8727513.582800000905991, 3844552.632200002670288 ], [ 8727442.312300000339746, 3844557.348800003528595 ], [ 8727335.355000000447035, 3844567.403099998831749 ], [ 8727258.050599999725819, 3844577.974799998104572 ], [ 8727174.712200000882149, 3844594.402199998497963 ], [ 8727085.133099999278784, 3844628.604099996387959 ], [ 8727037.584800001233816, 3844633.733800001442432 ], [ 8726984.415699999779463, 3844620.880999997258186 ], [ 8726943.211199998855591, 3844602.275700002908707 ], [ 8726860.8026, 3844565.065399996936321 ], [ 8726772.980700001120567, 3844497.953100003302097 ], [ 8726696.400199998170137, 3844466.805500000715256 ], [ 8726625.647199999541044, 3844441.720799997448921 ], [ 8726560.617899999022484, 3844428.658900000154972 ], [ 8726519.311000000685453, 3844416.012500002980232 ], [ 8726478.107599999755621, 3844397.406400002539158 ], [ 8726443.041999999433756, 3844366.985200002789497 ], [ 8726402.149300001561642, 3844330.500600002706051 ], [ 8726355.1195, 3844305.830899998545647 ], [ 8726290.194400001317263, 3844286.808499999344349 ], [ 8726237.234299998730421, 3844262.034299999475479 ], [ 8726202.169300001114607, 3844231.612899996340275 ], [ 8726190.826499998569489, 3844201.607799999415874 ], [ 8726181.245000001043081, 3844070.292999997735023 ], [ 8726177.28319999948144, 3843956.961400002241135 ], [ 8726173.425200000405312, 3843837.671400003135204 ], [ 8726169.049100000411272, 3843748.178400002419949 ], [ 8726163.844000000506639, 3843706.359700001776218 ], [ 8726106.095899999141693, 3843615.930699996650219 ], [ 8726053.449299998581409, 3843573.279600001871586 ], [ 8726006.214699998497963, 3843560.528300002217293 ], [ 8725816.966099999845028, 3843527.39919999986887 ], [ 8725763.594200000166893, 3843526.461499996483326 ], [ 8725574.242800001055002, 3843499.288900002837181 ], [ 8725497.565600000321865, 3843474.0962999984622 ], [ 8725444.817299999296665, 3843437.402699999511242 ], [ 8725398.207100000232458, 3843388.895099997520447 ], [ 8725351.908900000154972, 3843322.509999997913837 ], [ 8725277.000199999660254, 3843196.012900002300739 ], [ 8725148.826200000941753, 3843062.617399998009205 ], [ 8725072.984000001102686, 3842989.751800000667572 ], [ 8725032.098099999129772, 3842953.266800001263618 ], [ 8724991.628800000995398, 3842892.946000002324581 ], [ 8724963.227699998766184, 3842820.916500002145767 ], [ 8724951.9923, 3842784.954199999570847 ], [ 8724911.939800001680851, 3842700.798500001430511 ], [ 8724902.161899998784065, 3842581.412900000810623 ], [ 8724909.406399998813868, 3842507.713200002908707 ], [ 8724909.407800000160933, 3842507.699600003659725 ], [ 8722775.173900000751019, 3840992.832099996507168 ], [ 8722775.163499999791384, 3840992.839800000190735 ], [ 8722770.972699999809265, 3840994.007100000977516 ], [ 8722681.929099999368191, 3840998.384900003671646 ], [ 8722604.954, 3840991.056800000369549 ], [ 8722475.245700001716614, 3840947.030100002884865 ], [ 8722410.234099999070168, 3840933.953699998557568 ], [ 8722339.188700001686811, 3840926.729800000786781 ], [ 8722226.428599998354912, 3840930.68299999833107 ], [ 8722060.515799999237061, 3840921.768899999558926 ], [ 8721989.575599998235703, 3840908.585100002586842 ], [ 8721912.811700001358986, 3840889.337300002574921 ], [ 8721812.646800000220537, 3840851.791900001466274 ], [ 8721765.634399998933077, 3840827.11370000243187 ], [ 8721706.974300000816584, 3840790.307800002396107 ], [ 8721660.383600000292063, 3840741.796899996697903 ], [ 8721631.896200001239777, 3840675.729299999773502 ], [ 8721603.1985, 3840621.577799998223782 ], [ 8721586.675200000405312, 3840549.764200001955032 ], [ 8721581.904699999839067, 3840484.120300002396107 ], [ 8721583.274000000208616, 3840406.666500002145767 ], [ 8721602.2195999994874, 3840341.446400001645088 ], [ 8721567.804200001060963, 3840275.274300001561642 ], [ 8721521.74210000038147, 3840196.975199997425079 ], [ 8721469.224599998444319, 3840148.359899997711182 ], [ 8721381.555799998342991, 3840075.277999997138977 ], [ 8721252.807500001043081, 3839977.623499996960163 ], [ 8721188.328499998897314, 3839934.753799997270107 ], [ 8721159.000700000673532, 3839916.35080000013113 ], [ 8721123.744199998676777, 3839897.841899998486042 ], [ 8721088.910000000149012, 3839855.501599997282028 ], [ 8721042.956900000572205, 3839771.24549999833107 ], [ 8721020.824999999254942, 3839681.455899998545647 ], [ 8720995.389800000935793, 3839555.930500000715256 ], [ 8720995.386199999600649, 3839555.912900000810623 ], [ 8720713.754099998623133, 3839442.934500001370907 ], [ 8720713.726599998772144, 3839442.939400002360344 ], [ 8720680.973600000143051, 3839448.914099998772144 ], [ 8720544.50899999961257, 3839452.430299997329712 ], [ 8720473.471099998801947, 3839445.198600001633167 ], [ 8720331.500900000333786, 3839424.776399999856949 ], [ 8720171.851300001144409, 3839398.076499998569489 ], [ 8719930.366999998688698, 3839304.352300003170967 ], [ 8719788.822900000959635, 3839260.095299996435642 ], [ 8719647.70380000025034, 3839192.006999999284744 ], [ 8719579.492600001394749, 3839145.250200003385544 ], [ 8719579.4879, 3839145.234899997711182 ], [ 8718387.5912000015378, 3839009.587499998509884 ], [ 8717747.25, 3838852.364 ], [ 8717789.146699998527765, 3837879.579499997198582 ], [ 8717789.143399998545647, 3837879.577399998903275 ], [ 8717756.063799999654293, 3837858.810099996626377 ], [ 8717697.424100000411272, 3837821.996200002729893 ], [ 8717650.854299999773502, 3837773.482500001788139 ], [ 8717633.924899999052286, 3837725.505199998617172 ], [ 8717622.709600001573563, 3837689.548900000751019 ], [ 8717606.634799998253584, 3837593.91669999808073 ], [ 8717596.594799999147654, 3837492.4353 ], [ 8717597.876600001007318, 3837420.953199997544289 ], [ 8717605.299699999392033, 3837337.665200002491474 ], [ 8717624.685199998319149, 3837248.635399997234344 ], [ 8717649.67790000140667, 3837177.583400003612041 ], [ 8717704.309099998325109, 3837107.068000003695488 ], [ 8717740.836399998515844, 3837054.100900001823902 ], [ 8717759.260099999606609, 3837018.682499997317791 ], [ 8717753.972899999469519, 3836982.835299998521805 ], [ 8717720.221799999475479, 3836880.928999997675419 ], [ 8717639.90430000051856, 3836730.512800000607967 ], [ 8717605.727200001478195, 3836652.434000000357628 ], [ 8717578.011999998241663, 3836544.680200003087521 ], [ 8717579.400499999523163, 3836467.245899997651577 ], [ 8717580.468600001186132, 3836407.68129999935627 ], [ 8717606.528200000524521, 3836277.069200001657009 ], [ 8717613.844099998474121, 3836199.7434 ], [ 8717585.702300000935793, 3836115.818199999630451 ], [ 8717569.201999999582767, 3836044.020400002598763 ], [ 8717546.774599999189377, 3835972.115599997341633 ], [ 8717530.060899998992682, 3835912.230999998748302 ], [ 8717530.808699999004602, 3835870.537299998104572 ], [ 8717555.372299998998642, 3835823.316600002348423 ], [ 8717615.499299999326468, 3835776.739500001072884 ], [ 8717770.995200000703335, 3835702.096900001168251 ], [ 8717854.829900000244379, 3835655.948100000619888 ], [ 8717873.038400001823902, 3835632.444899998605251 ], [ 8717856.217099998146296, 3835578.51799999922514 ], [ 8717763.9441, 3835433.856499999761581 ], [ 8717700.987799998372793, 3835307.5996999964118 ], [ 8717684.27419999986887, 3835247.7179000005126 ], [ 8717673.8081, 3835170.075300000607967 ], [ 8717651.274700000882149, 3835104.130800001323223 ], [ 8717593.393300000578165, 3835025.630900003015995 ], [ 8717534.764499999582767, 3834988.822700001299381 ], [ 8717469.99549999833107, 3834963.81870000064373 ], [ 8717411.046700000762939, 3834944.87780000269413 ], [ 8717340.564899999648333, 3834907.854400001466274 ], [ 8717305.431000001728535, 3834883.386600002646446 ], [ 8717240.66270000115037, 3834858.381899997591972 ], [ 8717194.103199999779463, 3834809.875900000333786 ], [ 8717153.47069999948144, 3834761.477200001478195 ], [ 8717090.415100000798702, 3834641.179200001060963 ], [ 8717056.031300000846386, 3834575.020999997854233 ], [ 8717028.537399999797344, 3834455.368900001049042 ], [ 8717018.503100000321865, 3834353.9070999994874 ], [ 8716984.655099999159575, 3834257.971699997782707 ], [ 8716968.159600000828505, 3834186.181599996984005 ], [ 8716940.239, 3834090.354599997401237 ], [ 8716929.456300001591444, 3834030.583800002932549 ], [ 8716931.383099999278784, 3833923.384400002658367 ], [ 8716970.046, 3833751.320299997925758 ], [ 8717001.604699999094009, 3833644.65990000218153 ], [ 8717022.487100001424551, 3833472.276299998164177 ], [ 8717032.372499998658895, 3833252.037299998104572 ], [ 8717035.154399998486042, 3833097.201099999248981 ], [ 8717031.582100000232458, 3832966.079700000584126 ], [ 8717040.183200001716614, 3832817.308799996972084 ], [ 8717054.17509999871254, 3832698.422200001776218 ], [ 8717067.524999998509884, 3832615.266400001943111 ], [ 8717104.89979999884963, 3832514.675700001418591 ], [ 8717118.035399999469519, 3832443.431000001728535 ], [ 8717089.689100001007318, 3832371.434299997985363 ], [ 8717002.832699999213219, 3832256.679200001060963 ], [ 8716911.229200001806021, 3832076.313699997961521 ], [ 8716859.395500000566244, 3831991.978699997067451 ], [ 8716802.492899999022484, 3831859.898400001227856 ], [ 8716728.885299999266863, 3831667.949600003659725 ], [ 8716672.520700000226498, 3831506.098399996757507 ], [ 8716663.133299998939037, 3831368.927699998021126 ], [ 8716670.772900000214577, 3831273.762599997222424 ], [ 8716689.94200000166893, 3831196.67679999768734 ], [ 8716752.302700001746416, 3831025.072999998927116 ], [ 8716826.941300000995398, 3830829.868299998342991 ], [ 8716831.685199998319149, 3830818.112000003457069 ], [ 8716831.693199999630451, 3830818.103200003504753 ], [ 8715716.218400001525879, 3829658.324199996888638 ], [ 8715919.323899999260902, 3829395.224899999797344 ], [ 8715919.3191, 3829395.222900003194809 ], [ 8715816.324400000274181, 3829352.268700003623962 ], [ 8715733.806800000369549, 3829326.942800000309944 ], [ 8715645.794700000435114, 3829277.693300001323223 ], [ 8715587.407000001519918, 3829228.983400002121925 ], [ 8715523.094799999147654, 3829180.165500000119209 ], [ 8715464.815499998629093, 3829125.5016999989748 ], [ 8715429.804900001734495, 3829095.08500000089407 ], [ 8715406.536499999463558, 3829070.838100001215935 ], [ 8715377.683400001376867, 3829059.670800000429153 ], [ 8715338.498399998992682, 3829057.043999999761581 ], [ 8715317.881099998950958, 3829057.309600003063679 ], [ 8715289.226199999451637, 3829003.186099998652935 ], [ 8715302.905299998819828, 3828902.190200001001358 ], [ 8715298.810100000351667, 3828800.8706 ], [ 8715288.360100001096725, 3828723.258000001311302 ], [ 8715277.372000001370907, 3828675.413400001823902 ], [ 8715260.244100000709295, 3828639.367799997329712 ], [ 8715244.3004, 3828537.833700001239777 ], [ 8715239.559900000691414, 3828472.237300001084805 ], [ 8715260.024399999529123, 3828323.725599996745586 ], [ 8715279.412000000476837, 3828234.748800002038479 ], [ 8715284.640599999576807, 3828213.730499997735023 ], [ 8715298.584300000220537, 3828157.679300002753735 ], [ 8715305.15430000051856, 3828122.067400000989437 ], [ 8715312.907999999821186, 3828020.968900002539158 ], [ 8715307.198899999260902, 3828008.954199999570847 ], [ 8715320.769299998879433, 3827913.917999997735023 ], [ 8715310.642499998211861, 3827818.44990000128746 ], [ 8715305.041299998760223, 3827800.48200000077486 ], [ 8715230.286800000816584, 3827674.059799998998642 ], [ 8715195.925799999386072, 3827607.92620000243187 ], [ 8715178.907000001519918, 3827565.929999999701977 ], [ 8715150.470800001174212, 3827499.905000001192093 ], [ 8715133.882800001651049, 3827434.0962999984622 ], [ 8715099.307399999350309, 3827379.8699000030756 ], [ 8715071.195000000298023, 3827295.986400000751019 ], [ 8715059.885299999266863, 3827266.004900000989437 ], [ 8715008.184900000691414, 3827175.736199997365475 ], [ 8714897.353399999439716, 3827078.432800002396107 ], [ 8714785.876200001686811, 3827016.846600003540516 ], [ 8714715.759500000625849, 3826961.971000000834465 ], [ 8714610.6393, 3826876.680799998342991 ], [ 8714540.631799999624491, 3826815.851999998092651 ], [ 8714641.768899999558926, 3826793.882399998605251 ], [ 8714731.812600001692772, 3826730.02589999884367 ], [ 8714835.319899998605251, 3826577.094099998474121 ], [ 8714926.331199999898672, 3826459.662699997425079 ], [ 8714962.735500000417233, 3826412.690399996936321 ], [ 8714999.462699998170137, 3826347.859999999403954 ], [ 8715054.714499998837709, 3826241.685699999332428 ], [ 8715098.118299998342991, 3826135.295699998736382 ], [ 8715128.9206000007689, 3826070.358000002801418 ], [ 8715166.399900000542402, 3825963.860799998044968 ], [ 8715156.059900000691414, 3825880.309299997985363 ], [ 8715133.442499998956919, 3825820.351800002157688 ], [ 8715110.287000000476837, 3825790.156800001859665 ], [ 8715058.052700001746416, 3825729.659000001847744 ], [ 8714993.648800000548363, 3825686.801899999380112 ], [ 8714923.905699998140335, 3825637.126900002360344 ], [ 8714864.949799999594688, 3825595.135099999606609 ], [ 8714765.437899999320507, 3825527.81870000064373 ], [ 8714659.464299999177456, 3825490.155299998819828 ], [ 8714606.909099999815226, 3825447.513999998569489 ], [ 8714531.092500001192093, 3825380.629900000989437 ], [ 8714508.26240000128746, 3825332.578000001609325 ], [ 8714491.355799999088049, 3825284.63459999859333 ], [ 8714439.988899998366833, 3825176.51860000193119 ], [ 8714423.946100000292063, 3825080.957900002598763 ], [ 8714424.593600001186132, 3825045.244699999690056 ], [ 8714424.917300000786781, 3825027.3882 ], [ 8714431.596000000834465, 3824985.831399999558926 ], [ 8714449.905000001192093, 3824956.395700000226498 ], [ 8714486.307300001382828, 3824909.428800001740456 ], [ 8714534.555399999022484, 3824862.678599998354912 ], [ 8714606.927200000733137, 3824792.55349999666214 ], [ 8714631.374499998986721, 3824751.32209999859333 ], [ 8714661.85249999910593, 3824704.247100003063679 ], [ 8714686.730799999088049, 3824639.207900002598763 ], [ 8714705.146899998188019, 3824603.820600003004074 ], [ 8714724.317499998956919, 3824526.769199997186661 ], [ 8714755.010499998927116, 3824467.790700003504753 ], [ 8714762.119199998676777, 3824402.427400000393391 ], [ 8714762.442600000649691, 3824384.571599997580051 ], [ 8714746.075199998915195, 3824306.871699996292591 ], [ 8714723.353900000452995, 3824252.871399998664856 ], [ 8714835.026700001209974, 3824302.543499998748302 ], [ 8714905.347300000488758, 3824345.505599997937679 ], [ 8714958.546, 3824352.43129999935627 ], [ 8715089.173500001430511, 3824336.955200001597404 ], [ 8715196.001499999314547, 3824326.997599996626377 ], [ 8715285.275800000876188, 3824304.811099998652935 ], [ 8715463.500900000333786, 3824278.292499996721745 ], [ 8715558.4824, 3824268.116300001740456 ], [ 8715629.664599999785423, 3824263.459799997508526 ], [ 8715713.015099998563528, 3824241.163099996745586 ], [ 8715838.362300001084805, 3824189.86150000244379 ], [ 8715892.097699999809265, 3824167.024700000882149 ], [ 8715916.540699999779463, 3824125.792900003492832 ], [ 8715947.979899998754263, 3824025.150799997150898 ], [ 8715949.053199999034405, 3823965.632799997925758 ], [ 8715944.526000000536442, 3823888.151799999177456 ], [ 8715946.994899999350309, 3823751.261699996888638 ], [ 8715936.437699999660254, 3823679.625600002706051 ], [ 8715937.940400000661612, 3823596.302299998700619 ], [ 8715974.657000001519918, 3823531.480899997055531 ], [ 8716005.4507, 3823466.552100002765656 ], [ 8716054.011900000274181, 3823401.946800000965595 ], [ 8716084.483199998736382, 3823354.873000003397465 ], [ 8716151.347500000149012, 3823260.83330000191927 ], [ 8716217.675000000745058, 3823196.5515 ], [ 8716296.168600000441074, 3823114.630599997937679 ], [ 8716344.298599999397993, 3823073.831399999558926 ], [ 8716416.011100001633167, 3823039.414399996399879 ], [ 8716517.121300000697374, 3823017.437899999320507 ], [ 8716618.0168999992311, 3823007.363799996674061 ], [ 8716689.5143, 3822984.848399996757507 ], [ 8716749.4879, 3822944.26349999755621 ], [ 8716839.07319999858737, 3822904.215999998152256 ], [ 8716953.309999998658895, 3822811.035199999809265 ], [ 8717025.875500001013279, 3822729.0050999969244 ], [ 8717079.924699999392033, 3822688.312200002372265 ], [ 8717146.566700000315905, 3822606.174800001084805 ], [ 8717183.703299999237061, 3822517.549599997699261 ], [ 8717233.218499999493361, 3822399.383400000631809 ], [ 8717270.8885000012815, 3822281.003300003707409 ], [ 8717326.003899998962879, 3822180.799099996685982 ], [ 8717356.896000001579523, 3822109.921999998390675 ], [ 8717381.22520000115037, 3822074.644500002264977 ], [ 8717405.340700000524521, 3822051.269100002944469 ], [ 8717488.5702, 3822034.917000003159046 ], [ 8717524.422800000756979, 3822017.707000002264977 ], [ 8717613.787500001490116, 3821989.559399999678135 ], [ 8717691.414200000464916, 3821955.245899997651577 ], [ 8717852.4824, 3821892.676399998366833 ], [ 8718001.385400000959635, 3821847.744300000369549 ], [ 8718132.415199998766184, 3821808.440999999642372 ], [ 8718197.770100001245737, 3821797.715400002896786 ], [ 8718251.387499999254942, 3821780.82490000128746 ], [ 8718364.118099998682737, 3821770.954099997878075 ], [ 8718447.451400000602007, 3821748.646200001239777 ], [ 8718542.096700001507998, 3821756.306400001049042 ], [ 8718613.160399999469519, 3821757.587999999523163 ], [ 8718701.564899999648333, 3821782.993600003421307 ], [ 8718778.338199999183416, 3821796.28320000320673 ], [ 8718813.76410000026226, 3821802.874499998986721 ], [ 8718867.274500001221895, 3821791.932599999010563 ], [ 8718938.657000001519918, 3821775.35980000346899 ], [ 8719021.989599999040365, 3821753.04900000244379 ], [ 8719087.874299999326468, 3821712.564800001680851 ], [ 8719171.206399999558926, 3821690.253200002014637 ], [ 8719266.382100000977516, 3821668.154100000858307 ], [ 8719373.083200000226498, 3821664.1206 ], [ 8719449.750599998980761, 3821683.357699997723103 ], [ 8719461.170499999076128, 3821707.374499998986721 ], [ 8719525.040399998426437, 3821779.957299999892712 ], [ 8719618.41499999910593, 3821859.023400001227856 ], [ 8719688.208399999886751, 3821931.712600000202656 ], [ 8719704.762600000947714, 3821952.416799999773502 ], [ 8719717.18299999833107, 3821967.95099999755621 ], [ 8719769.528799999505281, 3822022.4679000005126 ], [ 8719798.080400001257658, 3822082.51070000231266 ], [ 8719837.735599998384714, 3822184.424400001764297 ], [ 8719877.391100000590086, 3822286.338699996471405 ], [ 8719887.541900001466274, 3822381.77080000191927 ], [ 8719927.410199999809265, 3822471.783399999141693 ], [ 8719949.829199999570847, 3822543.623999997973442 ], [ 8719949.405999999493361, 3822567.429099999368191 ], [ 8719966.114599999040365, 3822627.261100001633167 ], [ 8719935.656399998813868, 3822674.340300001204014 ], [ 8719839.311099998652935, 3822761.909800000488758 ], [ 8719785.2685999982059, 3822802.61259999871254 ], [ 8719719.169100001454353, 3822855.0050999969244 ], [ 8719647.252900000661612, 3822901.339699998497963 ], [ 8719581.470400001853704, 3822935.877700001001358 ], [ 8719497.920400001108646, 3822970.096199996769428 ], [ 8719432.561599999666214, 3822980.8279 ], [ 8719367.096500001847744, 3822997.510799996554852 ], [ 8719342.9824, 3823020.890600003302097 ], [ 8719294.754200000315905, 3823067.6503000035882 ], [ 8719258.264499999582767, 3823120.574400000274181 ], [ 8719239.648299999535084, 3823167.866800002753735 ], [ 8719214.684999998658895, 3823238.859099999070168 ], [ 8719207.701400000602007, 3823298.267899997532368 ], [ 8719206.7335, 3823305.058600001037121 ], [ 8719194.158300001174212, 3823393.280299998819828 ], [ 8719186.856100000441074, 3823470.544699996709824 ], [ 8719149.091600000858307, 3823594.889899998903275 ], [ 8719124.55180000141263, 3823642.076999999582767 ], [ 8719076.10869999974966, 3823700.741300001740456 ], [ 8719039.723000001162291, 3823747.715199999511242 ], [ 8718991.173000000417233, 3823812.331299997866154 ], [ 8718984.719200000166893, 3823841.983499996364117 ], [ 8719001.638099998235703, 3823889.917599998414516 ], [ 8719018.450800001621246, 3823943.803999997675419 ], [ 8719052.394999999552965, 3824033.721000000834465 ], [ 8719103.896000001579523, 3824135.862400002777576 ], [ 8719166.818799998611212, 3824262.024999998509884 ], [ 8719212.50450000166893, 3824358.10869999974966 ], [ 8719241.0581, 3824418.161200001835823 ], [ 8719275.535199999809265, 3824478.320600003004074 ], [ 8719292.561700001358986, 3824520.304499998688698 ], [ 8719327.887600000947714, 3824532.847800001502037 ], [ 8719447.196400001645088, 3824487.361699998378754 ], [ 8719500.609499998390675, 3824482.367899999022484 ], [ 8719607.435600001364946, 3824472.3800999969244 ], [ 8719803.318500000983477, 3824452.082800000905991 ], [ 8719815.270399998873472, 3824446.343599997460842 ], [ 8719958.374800000339746, 3824395.327299997210503 ], [ 8720107.718800000846386, 3824326.5603 ], [ 8720155.525400001555681, 3824303.602200001478195 ], [ 8720256.427000001072884, 3824293.503799997270107 ], [ 8720363.568300001323223, 3824265.654600001871586 ], [ 8720470.709499999880791, 3824237.805399999022484 ], [ 8720541.995799999684095, 3824227.174400001764297 ], [ 8720636.973700001835823, 3824216.967399999499321 ], [ 8720737.346700001507998, 3824236.625399999320507 ], [ 8720814.450199998915195, 3824232.051299996674061 ], [ 8720891.659299999475479, 3824221.524899996817112 ], [ 8720966.495900001376867, 3824222.863099999725819 ], [ 8720986.425999999046326, 3824223.219499997794628 ], [ 8721080.771299999207258, 3824248.721500001847744 ], [ 8721198.4923, 3824292.501900002360344 ], [ 8721275.069299999624491, 3824317.685199998319149 ], [ 8721428.3293999992311, 3824362.098899997770786 ], [ 8721534.206300001591444, 3824405.665700003504753 ], [ 8721575.246399998664856, 3824430.213600002229214 ], [ 8721609.837600000202656, 3824484.415600001811981 ], [ 8721650.036400001496077, 3824556.579800002276897 ], [ 8721650.549100000411272, 3824557.588500000536442 ], [ 8721695.843100000172853, 3824646.70610000193119 ], [ 8721759.419799998402596, 3824737.149499997496605 ], [ 8721811.256000000983477, 3824821.429899998009205 ], [ 8721863.197900000959635, 3824899.758199997246265 ], [ 8721926.671399999409914, 3824996.154600001871586 ], [ 8721972.691199999302626, 3825074.377999998629093 ], [ 8722036.3761, 3825158.87049999833107 ], [ 8722036.16609999909997, 3825170.775100000202656 ], [ 8721933.893699999898672, 3825258.265699997544289 ], [ 8721897.723200000822544, 3825293.346199996769428 ], [ 8721837.333399999886751, 3825357.766199998557568 ], [ 8721806.665300000458956, 3825416.761900000274181 ], [ 8721757.911200001835823, 3825493.298100002110004 ], [ 8721727.452799998223782, 3825540.389300003647804 ], [ 8721684.516100000590086, 3825622.983900003135204 ], [ 8721659.454900000244379, 3825699.943400003015995 ], [ 8721646.555700000375509, 3825759.257100000977516 ], [ 8721633.761900000274181, 3825812.618299998342991 ], [ 8721620.126200001686811, 3825913.600199997425079 ], [ 8721612.519000001251698, 3826008.735799998044968 ], [ 8721622.577599998563528, 3826110.141599997878075 ], [ 8721657.172699999064207, 3826164.349399998784065 ], [ 8721697.796799998730421, 3826212.710199996829033 ], [ 8721726.784000001847744, 3826248.954499997198582 ], [ 8721773.752900000661612, 3826273.610299997031689 ], [ 8721826.750700000673532, 3826292.418799996376038 ], [ 8721938.565499998629093, 3826336.093699999153614 ], [ 8722103.904699999839067, 3826368.811999998986721 ], [ 8722227.988200001418591, 3826388.884800001978874 ], [ 8722310.710700001567602, 3826402.266500003635883 ], [ 8722464.20380000025034, 3826434.770300000905991 ], [ 8722599.926100000739098, 3826466.956799998879433 ], [ 8722640.8684, 3826497.457800000905991 ], [ 8722745.924600001424551, 3826588.644599996507168 ], [ 8722810.353300001472235, 3826631.472000002861023 ], [ 8722880.915800001472235, 3826662.498700000345707 ], [ 8722951.478399999439716, 3826693.5253000035882 ], [ 8722974.957600001245737, 3826705.847999997437 ], [ 8722986.707499999552965, 3826712.014799997210503 ], [ 8723057.270500000566244, 3826743.040899999439716 ], [ 8723122.223900001496077, 3826756.103100001811981 ], [ 8723216.273899998515844, 3826799.454899996519089 ], [ 8723280.704599998891354, 3826842.280699998140335 ], [ 8723339.002599999308586, 3826896.907600000500679 ], [ 8723385.348799999803305, 3826957.277099996805191 ], [ 8723448.944299999624491, 3827047.726700000464916 ], [ 8723483.338700000196695, 3827113.839699998497963 ], [ 8723522.925700001418591, 3827221.72919999808073 ], [ 8723568.333000000566244, 3827335.677400000393391 ], [ 8723584.538100000470877, 3827425.288999997079372 ], [ 8723570.600099999457598, 3827544.142300002276897 ], [ 8723556.870700001716614, 3827651.09009999781847 ], [ 8723554.885299999266863, 3827764.20160000026226 ], [ 8723553.004299998283386, 3827871.360699996352196 ], [ 8723568.583099998533726, 3827996.695500001311302 ], [ 8723619.499200001358986, 3828134.5675999969244 ], [ 8723629.363099999725819, 3828247.892399996519089 ], [ 8723640.062899999320507, 3828313.590300001204014 ], [ 8723626.437899999320507, 3828414.589599996805191 ], [ 8723571.027199998497963, 3828532.715899996459484 ], [ 8723546.284000001847744, 3828591.831699997186661 ], [ 8723502.930500000715256, 3828698.261600002646446 ], [ 8723435.773200001567602, 3828810.225699998438358 ], [ 8723404.999800000339746, 3828875.1908999979496 ], [ 8723385.761799998581409, 3828958.227600000798702 ], [ 8723360.80799999833107, 3829029.2522 ], [ 8723366.105200000107288, 3829065.079499997198582 ], [ 8723460.27419999986887, 3829102.482299998402596 ], [ 8723483.241500001400709, 3829144.578599996864796 ], [ 8723499.102899998426437, 3829140.675599999725819 ], [ 8723511.3412000015378, 3829132.682099997997284 ], [ 8723516.048099998384714, 3829119.515699997544289 ], [ 8723519.219200000166893, 3829107.856799997389317 ], [ 8723521.861000001430511, 3829098.225900001823902 ], [ 8723527.014899998903275, 3829090.149999998509884 ], [ 8723531.684900000691414, 3829085.880800001323223 ], [ 8723554.757100000977516, 3829122.023199997842312 ], [ 8723601.528299998492002, 3829158.585600003600121 ], [ 8723636.659200001507998, 3829183.030199997127056 ], [ 8723677.714899998158216, 3829207.579899996519089 ], [ 8723771.781100001186132, 3829250.935000002384186 ], [ 8723854.102299999445677, 3829288.126000002026558 ], [ 8723947.856300000101328, 3829349.341600000858307 ], [ 8724047.118700001388788, 3829434.477399997413158 ], [ 8724122.890799999237061, 3829507.286100000143051 ], [ 8724175.381000000983477, 3829555.860200002789497 ], [ 8724257.392099998891354, 3829610.911700002849102 ], [ 8724351.566300000995398, 3829648.3103 ], [ 8724510.91609999909997, 3829686.859099999070168 ], [ 8724651.762899998575449, 3829766.770999997854233 ], [ 8724757.268800001591444, 3829834.146700002253056 ], [ 8724903.6272, 3829937.977799996733665 ], [ 8724985.434900000691414, 3830004.935000002384186 ], [ 8725049.571800000965595, 3830065.624700002372265 ], [ 8725130.965199999511242, 3830156.398299999535084 ], [ 8725194.895399998873472, 3830228.996399998664856 ], [ 8725252.797200001776218, 3830307.444399997591972 ], [ 8725287.725400000810623, 3830343.795699998736382 ], [ 8725328.786800000816584, 3830368.342799998819828 ], [ 8725411.117499999701977, 3830405.528300002217293 ], [ 8725469.747600000351667, 3830442.296300001442432 ], [ 8725568.50620000064373, 3830557.199699997901917 ], [ 8725614.767799999564886, 3830623.530900001525879 ], [ 8725654.585700001567602, 3830719.530000001192093 ], [ 8725677.7685999982059, 3830749.718599997460842 ], [ 8725730.164200000464916, 3830804.245700001716614 ], [ 8725812.498199999332428, 3830841.429999999701977 ], [ 8725895.039799999445677, 3830866.7051 ], [ 8726036.629299998283386, 3830904.929099999368191 ], [ 8726255.457699999213219, 3830932.594400003552437 ], [ 8726409.002900000661612, 3830965.068599998950958 ], [ 8726556.519999999552965, 3831003.391999997198582 ], [ 8726638.753600001335144, 3831046.526900000870228 ], [ 8726702.901099998503923, 3831107.213799998164177 ], [ 8726748.859200000762939, 3831191.407600000500679 ], [ 8726782.553399998694658, 3831299.212700001895428 ], [ 8726816.2478, 3831407.018399998545647 ], [ 8726845.256400000303984, 3831443.264899998903275 ], [ 8726903.170800000429153, 3831521.7128000035882 ], [ 8726973.143800001591444, 3831588.458700001239777 ], [ 8727037.5011, 3831637.2368 ], [ 8727124.323899999260902, 3831757.886500000953674 ], [ 8727170.079799998551607, 3831853.992200002074242 ], [ 8727219.905499998480082, 3832057.389399997889996 ], [ 8727234.795499999076128, 3832224.437899999320507 ], [ 8727219.301300000399351, 3832402.832299999892712 ], [ 8727219.623100001364946, 3832402.924800001084805 ], [ 8727219.849199999123812, 3832402.880400002002716 ], [ 8727309.66780000180006, 3832350.838799998164177 ], [ 8727344.778599999845028, 3832346.036899998784065 ], [ 8727392.501600001007318, 3832339.510099999606609 ], [ 8727414.66270000115037, 3832345.444799996912479 ], [ 8727463.374400001019239, 3832358.489699997007847 ], [ 8728086.809099998325109, 3832525.444499999284744 ], [ 8728259.2837999984622, 3832571.63289999961853 ], [ 8728257.138700000941753, 3832569.325900003314018 ], [ 8728547.301399998366833, 3832292.962300002574921 ], [ 8728716.082899998873472, 3832132.202600002288818 ], [ 8729395.772799998521805, 3831673.337399996817112 ], [ 8729927.1426, 3830837.135300002992153 ], [ 8730264.75620000064373, 3830299.983300000429153 ], [ 8730634.826200000941753, 3830095.549099996685982 ], [ 8731334.989599999040365, 3830418.404799997806549 ], [ 8732234.257800001651049, 3830497.623999997973442 ], [ 8733581.369899999350309, 3830028.635099999606609 ], [ 8734266.184099998325109, 3829625.017700001597404 ], [ 8734626.151799999177456, 3828749.672499999403954 ], [ 8734892.857999999076128, 3827491.771999999880791 ], [ 8734933.407000001519918, 3826200.402999997138977 ], [ 8734360.880399998277426, 3825473.501299999654293 ], [ 8734130.2434, 3824824.744000002741814 ], [ 8734225.149399999529123, 3824087.871399998664856 ], [ 8734294.222699999809265, 3823962.078199997544289 ], [ 8734744.981699999421835, 3823141.143399998545647 ], [ 8735893.10020000115037, 3822356.057599999010563 ], [ 8736931.522599998861551, 3821022.29839999973774 ], [ 8737439.403000000864267, 3820524.385300002992153 ], [ 8738108.584300000220537, 3818835.743600003421307 ], [ 8738640.116500001400709, 3818635.285999998450279 ], [ 8738913.756799999624491, 3818532.079599998891354 ], [ 8739646.790399998426437, 3818627.077799998223782 ], [ 8740878.877999998629093, 3818832.4331 ], [ 8741118.351100001484156, 3818872.335199996829033 ], [ 8741752.603000000119209, 3818529.535199999809265 ], [ 8742309.838199999183416, 3817970.6382 ], [ 8742309.042199999094009, 3817919.513300001621246 ], [ 8742299.4037000015378, 3817300.485100001096725 ], [ 8741941.871199999004602, 3816497.14639999717474 ], [ 8741474.156100001186132, 3815704.82039999961853 ], [ 8741001.047200001776218, 3814857.151500001549721 ], [ 8740226.384199999272823, 3812641.716099999845028 ], [ 8739224.923799999058247, 3811511.300300002098083 ], [ 8738217.528900001198053, 3810884.597800001502037 ], [ 8737287.8048, 3809914.779700003564358 ], [ 8736886.611999999731779, 3809227.946800000965595 ], [ 8736762.390000000596046, 3807395.993699997663498 ], [ 8736782.059900000691414, 3806510.01690000295639 ], [ 8736803.418000001460314, 3805547.9441 ], [ 8736801.732200000435114, 3802698.874099999666214 ], [ 8736733.392099998891354, 3800303.873199999332428 ], [ 8736350.376400001347065, 3798666.45440000295639 ], [ 8735658.967300001531839, 3797283.135099999606609 ], [ 8734516.667300000786781, 3795832.90429999679327 ], [ 8734288.129999998956919, 3795251.92620000243187 ], [ 8734220.739399999380112, 3795080.60869999974966 ], [ 8734479.606199998408556, 3794887.5337999984622 ], [ 8735249.91499999910593, 3794811.311999998986721 ], [ 8736460.3805, 3794691.434500001370907 ], [ 8737304.495900001376867, 3794607.756499998271465 ], [ 8737853.34910000115633, 3794553.323399998247623 ], [ 8738165.995000001043081, 3794522.307800002396107 ], [ 8738950.424699999392033, 3794691.308700002729893 ], [ 8739958.480900000780821, 3794908.428099997341633 ], [ 8740965.588700000196695, 3795125.274999998509884 ], [ 8741004.027499999850988, 3795133.550200000405312 ], [ 8742654.190499998629093, 3795543.2456 ], [ 8742769.645300000905991, 3795571.903200000524521 ], [ 8743688.203499998897314, 3795871.175700001418591 ], [ 8745201.131700001657009, 3795999.398400001227856 ], [ 8745554.818199999630451, 3795875.318400003015995 ], [ 8745792.904199998825788, 3795791.788099996745586 ], [ 8746758.4496, 3795452.993900001049042 ], [ 8748370.847899999469519, 3794342.593900002539158 ], [ 8749746.455400001257658, 3793088.311999998986721 ], [ 8750648.725600000470877, 3792104.726999998092651 ], [ 8751347.404500000178814, 3790750.880699999630451 ], [ 8751218.320900000631809, 3789757.482799999415874 ], [ 8751111.182900000363588, 3788932.924199998378754 ], [ 8751237.777399998158216, 3787971.596500001847744 ], [ 8751320.354899998754263, 3787126.349899999797344 ], [ 8751243.486099999397993, 3786352.954099997878075 ], [ 8750589.471400000154972, 3785358.569700002670288 ], [ 8749726.663199998438358, 3784496.733900003135204 ], [ 8749292.565699998289347, 3784038.19990000128746 ], [ 8749353.172699999064207, 3783530.117299996316433 ], [ 8749688.578099999576807, 3782994.518899999558926 ], [ 8750275.367600001394749, 3782622.311200000345707 ], [ 8750524.058299999684095, 3782464.563699997961521 ], [ 8750980.265500001609325, 3782028.39469999819994 ], [ 8751359.598400000482798, 3780819.184000000357628 ], [ 8751271.863699998706579, 3779378.1554000005126 ], [ 8751678.525499999523163, 3778445.220200002193451 ], [ 8752074.1097999997437, 3777959.467000000178814 ], [ 8753008.01969999819994, 3777865.64469999819994 ], [ 8753348.27250000089407, 3777893.0945999994874 ], [ 8754238.587699998170137, 3777964.920800000429153 ], [ 8756013.017400000244379, 3777953.530199997127056 ], [ 8756518.272799998521805, 3777456.577799998223782 ], [ 8757050.851599998772144, 3776678.112899996340275 ], [ 8757907.026700001209974, 3774617.392399996519089 ], [ 8757945.282000001519918, 3774525.3158999979496 ], [ 8758080.431200001388788, 3774311.496899999678135 ], [ 8758647.568999998271465, 3773414.186200000345707 ], [ 8758998.881900001317263, 3772858.311599999666214 ], [ 8759660.138300001621246, 3772247.045199997723103 ], [ 8760420.275199998170137, 3771544.309299997985363 ], [ 8761070.188799999654293, 3770495.054700002074242 ], [ 8761709.02140000090003, 3769463.594400003552437 ], [ 8762948.44539999961853, 3768000.8716000020504 ], [ 8763996.575500000268221, 3767065.782600000500679 ], [ 8764780.134100001305342, 3766366.648400001227856 ], [ 8766369.64469999819994, 3764534.137100003659725 ], [ 8766726.666600000113249, 3764118.075099997222424 ], [ 8767312.144400000572205, 3763435.777800001204014 ], [ 8767537.6371, 3763385.58049999922514 ], [ 8767867.420000001788139, 3763312.156599998474121 ], [ 8768233.680599998682737, 3763230.611199997365475 ], [ 8768355.522100001573563, 3763228.866700001060963 ], [ 8769506.598099999129772, 3763212.338600002229214 ], [ 8770367.65260000154376, 3762957.474899999797344 ], [ 8770701.537500001490116, 3762422.195900000631809 ], [ 8770689.563799999654293, 3761755.153599999845028 ], [ 8770434.274900000542402, 3759776.625100001692772 ], [ 8770240.949299998581409, 3758974.267499998211861 ], [ 8769861.366900000721216, 3757398.7412 ], [ 8769766.617800001055002, 3757005.4679000005126 ], [ 8769544.164500001817942, 3754801.759400002658367 ], [ 8768714.049699999392033, 3753161.170199997723103 ], [ 8767698.234999999403954, 3751873.502899996936321 ], [ 8766425.252900000661612, 3750778.95440000295639 ], [ 8766393.276700001209974, 3750461.318199999630451 ], [ 8766375.35869999974966, 3750283.327399998903275 ], [ 8766566.203299999237061, 3749429.475400000810623 ], [ 8766599.930799998342991, 3749154.525499999523163 ], [ 8766718.209899999201298, 3748190.263099998235703 ], [ 8766650.855999998748302, 3748105.21169999986887 ], [ 8766147.49269999936223, 3747469.587399996817112 ], [ 8766031.723799999803305, 3746999.681500002741814 ], [ 8765866.785399999469519, 3746330.170900002121925 ], [ 8765881.233399998396635, 3745977.351199999451637 ], [ 8765917.102400001138449, 3745101.395400002598763 ], [ 8765946.815900001674891, 3744375.722499996423721 ], [ 8765667.425200000405312, 3743314.080399997532368 ], [ 8765569.354699999094009, 3742941.397200003266335 ], [ 8765319.804000001400709, 3741993.06530000269413 ], [ 8765157.8885000012815, 3741653.86429999768734 ], [ 8764408.753100000321865, 3740084.362999998033047 ], [ 8763257.881799999624491, 3739089.467600002884865 ], [ 8762435.691599998623133, 3738061.267300002276897 ], [ 8762357.863699998706579, 3737900.788699999451637 ], [ 8762272.194699998944998, 3737724.139799997210503 ], [ 8761947.621500000357628, 3737054.849299997091293 ], [ 8761940.826499998569489, 3735333.025499999523163 ], [ 8762574.664500001817942, 3733935.431699998676777 ], [ 8762634.431400001049042, 3733761.17790000140667 ], [ 8762981.916400000452995, 3732748.011 ], [ 8763087.869100000709295, 3732439.083099998533726 ], [ 8764400.640999998897314, 3731750.468699999153614 ], [ 8765429.216099999845028, 3731534.953400000929832 ], [ 8765373.913699999451637, 3730985.132500000298023 ], [ 8764547.121100001037121, 3730458.123000003397465 ], [ 8764453.466600000858307, 3730285.51129999756813 ], [ 8764188.3147, 3729796.818099997937679 ], [ 8764004.476199999451637, 3729457.977099999785423 ], [ 8764342.696400001645088, 3728424.076300002634525 ], [ 8765317.01069999858737, 3726952.230099998414516 ], [ 8765446.03660000115633, 3726757.317400000989437 ], [ 8765539.758099999278784, 3726279.735600002110004 ], [ 8765701.719900000840425, 3725454.383000001311302 ], [ 8765724.833599999547005, 3725214.785199999809265 ], [ 8765836.923900000751019, 3724052.797899998724461 ], [ 8766618.039799999445677, 3722571.234999999403954 ], [ 8766666.008400000631809, 3722480.244499996304512 ], [ 8766857.313099998980761, 3722117.362999998033047 ], [ 8766901.587799999862909, 3722079.819499999284744 ], [ 8767647.683400001376867, 3721447.118500001728535 ], [ 8767653.956900000572205, 3721441.798500001430511 ], [ 8767824.105999998748302, 3721297.500799998641014 ], [ 8769283.510899998247623, 3720982.385399997234344 ], [ 8769558.460700001567602, 3721028.4408999979496 ], [ 8770519.456500001251698, 3721189.373400002717972 ], [ 8770600.934300001710653, 3721237.519100002944469 ], [ 8771400.539299998432398, 3721709.979400001466274 ], [ 8771480.116999998688698, 3721690.144000001251698 ], [ 8771557.771200001239777, 3721670.787799999117851 ], [ 8771735.990299999713898, 3721626.362800002098083 ], [ 8771777.665100000798702, 3721615.974200002849102 ], [ 8771785.155999999493361, 3721529.622900001704693 ], [ 8771821.8838, 3721106.234499998390675 ], [ 8771837.857700001448393, 3720922.087600000202656 ], [ 8771879.670099999755621, 3720440.065099999308586 ], [ 8771889.003899998962879, 3719440.207999996840954 ], [ 8772013.197999998927116, 3718484.191399998962879 ], [ 8772257.321199998259544, 3718020.593900002539158 ], [ 8772754.257100000977516, 3717076.843199998140335 ], [ 8774659.271699998527765, 3715716.941200003027916 ], [ 8776280.812699999660254, 3714683.443400003015995 ], [ 8776422.245999999344349, 3714593.288800001144409 ], [ 8777763.438799999654293, 3713124.4679000005126 ], [ 8777799.955600000917912, 3712824.44030000269413 ], [ 8777913.823899999260902, 3711888.842200003564358 ], [ 8777075.522900000214577, 3710699.330399997532368 ], [ 8775242.213199999183416, 3708946.467699997127056 ], [ 8774821.001200001686811, 3708345.890600003302097 ], [ 8774081.333099998533726, 3707291.165399998426437 ], [ 8773426.32039999961853, 3706847.250399999320507 ], [ 8772304.487799998372793, 3706086.962399996817112 ], [ 8771660.909800000488758, 3705967.595899999141693 ], [ 8770974.774999998509884, 3705840.306000001728535 ], [ 8770942.498500000685453, 3705827.008299998939037 ], [ 8770414.981699999421835, 3705428.8169 ], [ 8770179.0945999994874, 3705250.750699996948242 ], [ 8769571.460299998521805, 3704148.804899998009205 ], [ 8768615.037000000476837, 3703414.964599996805191 ], [ 8767233.783399999141693, 3703389.303400002419949 ], [ 8766081.309000000357628, 3702896.917900003492832 ], [ 8764856.116399999707937, 3701592.251400001347065 ], [ 8764846.214499998837709, 3701581.70719999819994 ], [ 8764721.389699999243021, 3701398.365199998021126 ], [ 8764224.7027000002563, 3700668.795100003480911 ], [ 8764070.024500001221895, 3700441.592500001192093 ], [ 8764003.90989999845624, 3699783.504000000655651 ], [ 8764275.702300000935793, 3698648.016099996864796 ], [ 8764388.686000000685453, 3698252.973499998450279 ], [ 8764765.13230000063777, 3696936.665899999439716 ], [ 8764660.4239999987185, 3695895.018100000917912 ], [ 8764738.310499999672174, 3695688.942100003361702 ], [ 8764875.606800001114607, 3695325.668700002133846 ], [ 8764878.078000001609325, 3695319.130199998617172 ], [ 8765647.303300000727177, 3695296.388599999248981 ], [ 8766520.74439999833703, 3695761.419100001454353 ], [ 8766537.943599998950958, 3695773.089400000870228 ], [ 8767230.590999998152256, 3696243.052799999713898 ], [ 8768261.585400000214577, 3696082.746500000357628 ], [ 8768637.190999999642372, 3695435.30009999871254 ], [ 8768960.037500001490116, 3694636.702299997210503 ], [ 8769034.122099999338388, 3694453.439000003039837 ], [ 8769649.932100001722574, 3694003.058899998664856 ], [ 8770494.9298, 3693640.028399996459484 ], [ 8771475.789099998772144, 3692986.218800000846386 ], [ 8772494.440400000661612, 3692162.38849999755621 ], [ 8773336.829799998551607, 3691353.920100003480911 ], [ 8773398.3445999994874, 3691294.882299996912479 ], [ 8773990.639199998229742, 3690071.725400000810623 ], [ 8774058.854699999094009, 3688570.167599998414516 ], [ 8773822.191799998283386, 3687321.364799998700619 ], [ 8773694.754799999296665, 3687054.201999999582767 ], [ 8773192.953099999576807, 3686002.154700003564358 ], [ 8772014.214400000870228, 3685237.210699997842312 ], [ 8771900.052700001746416, 3685112.7676 ], [ 8771149.1798, 3684294.226000003516674 ], [ 8771085.981300000101328, 3684225.328500002622604 ], [ 8772513.067099999636412, 3683636.968099996447563 ], [ 8774597.341400001198053, 3683036.917999997735023 ], [ 8774599.44819999858737, 3683036.31139999628067 ], [ 8776010.625799998641014, 3682836.457699999213219 ], [ 8776847.625500001013279, 3682359.136200003325939 ], [ 8777311.644499998539686, 3682094.491400003433228 ], [ 8778517.856300000101328, 3680421.738099999725819 ], [ 8778950.030000001192093, 3678717.983400002121925 ], [ 8779078.805100001394749, 3677819.851899996399879 ], [ 8778661.755800001323223, 3676424.865099996328354 ], [ 8778614.708000000566244, 3676300.182199999690056 ], [ 8778059.197900000959635, 3674827.917099997401237 ], [ 8779548.945099998265505, 3673446.149400003254414 ], [ 8780070.070599999278784, 3672962.733499996364117 ], [ 8780103.19819999858737, 3672921.850299999117851 ], [ 8781047.39809999987483, 3671756.5996999964118 ], [ 8781608.989799998700619, 3671034.953599996864796 ], [ 8781408.386100001633167, 3670681.564800001680851 ], [ 8781171.264499999582767, 3670263.845200002193451 ], [ 8781162.277800001204014, 3670237.778200000524521 ], [ 8781114.205200001597404, 3670098.336900003254414 ], [ 8781111.318900000303984, 3670073.867700003087521 ], [ 8781104.2837999984622, 3670044.478699997067451 ], [ 8781050.364199999719858, 3669875.847000002861023 ], [ 8781012.092700000852346, 3669720.374899998307228 ], [ 8781012.691199999302626, 3669644.601000003516674 ], [ 8781025.585900001227856, 3669603.20610000193119 ], [ 8781088.70549999922514, 3669340.291900001466274 ], [ 8781167.823399998247623, 3669097.355200000107288 ], [ 8781170.5724, 3669092.885300002992153 ], [ 8781229.658100001513958, 3668996.813500002026558 ], [ 8781247.249099999666214, 3668970.135200001299381 ], [ 8781345.040699999779463, 3668821.8257 ], [ 8781394.319299999624491, 3668730.125 ], [ 8781409.722300000488758, 3668701.462099999189377 ], [ 8781469.121199999004602, 3668641.098300002515316 ], [ 8781475.779199998825788, 3668634.332099996507168 ], [ 8781510.441300000995398, 3668564.246399998664856 ], [ 8781505.743999999016523, 3668476.709100000560284 ], [ 8781479.186200000345707, 3668315.48139999806881 ], [ 8781431.133200000971556, 3668148.221199996769428 ], [ 8781402.835999999195337, 3668037.04559999704361 ], [ 8781416.920800000429153, 3667958.229900002479553 ], [ 8781488.29280000180006, 3667785.608499996364117 ], [ 8781533.6974, 3667717.456699997186661 ], [ 8781558.233600001782179, 3667680.628200002014637 ], [ 8781713.991599999368191, 3667505.972900003194809 ], [ 8781909.498399998992682, 3667355.535499997437 ], [ 8782025.225400000810623, 3667248.663500003516674 ], [ 8782087.844300001859665, 3667194.901900000870228 ], [ 8782090.287799999117851, 3667192.803999997675419 ], [ 8782187.461800001561642, 3667105.177799999713898 ], [ 8782208.292199999094009, 3667077.599600002169609 ], [ 8782218.120700001716614, 3667064.587300002574921 ], [ 8782265.006099998950958, 3667002.513899996876717 ], [ 8782346.316700000315905, 3666934.605899997055531 ], [ 8782466.190699998289347, 3666870.609700001776218 ], [ 8782713.6776, 3666670.519500002264977 ], [ 8782927.706399999558926, 3666501.733300000429153 ], [ 8783098.043000001460314, 3666411.071999996900558 ], [ 8783389.772599998861551, 3666290.693999998271465 ], [ 8783666.22690000012517, 3666171.996200002729893 ], [ 8783786.580299999564886, 3666102.58500000089407 ], [ 8783903.97239999845624, 3666009.700499996542931 ], [ 8784024.096799999475479, 3665853.252099998295307 ], [ 8784146.893699999898672, 3665699.079700000584126 ], [ 8784337.741399999707937, 3665506.655299998819828 ], [ 8784393.7555, 3665458.388099998235703 ], [ 8784511.669599998742342, 3665413.306699998676777 ], [ 8784580.246399998664856, 3665365.136500000953674 ], [ 8784641.616099998354912, 3665320.517899997532368 ], [ 8784685.418099999427795, 3665284.228900000452995 ], [ 8784733.290100000798702, 3665244.568099997937679 ], [ 8784802.983899999409914, 3665167.546300001442432 ], [ 8784864.772700000554323, 3665114.336199998855591 ], [ 8784900.5515, 3665083.524999998509884 ], [ 8784912.046500001102686, 3665062.194300003349781 ], [ 8784913.282600000500679, 3665059.900499999523163 ], [ 8784938.786899998784065, 3665012.573299996554852 ], [ 8784974.460900001227856, 3664924.466700002551079 ], [ 8785001.250399999320507, 3664824.567800000309944 ], [ 8785038.559799998998642, 3664757.217200003564358 ], [ 8785068.503899998962879, 3664714.159800000488758 ], [ 8785072.465599998831749, 3664665.490800000727177 ], [ 8785065.769000001251698, 3664602.3103 ], [ 8785068.156199999153614, 3664591.520300000905991 ], [ 8785088.077500000596046, 3664501.476800002157688 ], [ 8785166.324400000274181, 3664361.395300000905991 ], [ 8785244.3224, 3664253.777900002896786 ], [ 8785269.9847999997437, 3664183.633900001645088 ], [ 8785290.070700000971556, 3664049.681900002062321 ], [ 8785294.567299999296665, 3664019.6941 ], [ 8785296.593299999833107, 3663985.36150000244379 ], [ 8785307.199799999594688, 3663805.621200002729893 ], [ 8785311.056600000709295, 3663740.263800002634525 ], [ 8785296.995700001716614, 3663466.013899996876717 ], [ 8785339.015999998897314, 3663282.639300003647804 ], [ 8785341.551300000399351, 3663271.575199998915195 ], [ 8785372.835200000554323, 3663227.802500002086163 ], [ 8785437.694200001657009, 3663137.051299996674061 ], [ 8785461.69310000166297, 3663083.721799999475479 ], [ 8785501.588799998164177, 3662995.065999999642372 ], [ 8785549.752700001001358, 3662887.83049999922514 ], [ 8785560.920299999415874, 3662862.965899996459484 ], [ 8785557.791799999773502, 3662815.216499999165535 ], [ 8785556.900699999183416, 3662801.616800002753735 ], [ 8785554.6239, 3662787.210100002586842 ], [ 8785534.642700001597404, 3662660.775499999523163 ], [ 8785536.371899999678135, 3662602.610799998044968 ], [ 8785538.261, 3662539.070500001311302 ], [ 8785539.743500001728535, 3662344.311300002038479 ], [ 8785540.540899999439716, 3662330.618500001728535 ], [ 8785552.129999998956919, 3662131.60419999808073 ], [ 8785558.095199998468161, 3662090.021499998867512 ], [ 8785563.500500001013279, 3662052.342299997806549 ], [ 8785588.745400000363588, 3662024.913599997758865 ], [ 8785610.153799999505281, 3662001.653099998831749 ], [ 8785628.190099999308586, 3661982.056599996984005 ], [ 8785685.89979999884963, 3661944.628799997270107 ], [ 8785762.286200001835823, 3661928.98480000346899 ], [ 8785816.259300000965595, 3661910.914300002157688 ], [ 8785990.785900000482798, 3661791.426399998366833 ], [ 8786012.078699998557568, 3661764.088200002908707 ], [ 8786013.76969999819994, 3661718.566500000655651 ], [ 8786005.704999998211861, 3661611.885200001299381 ], [ 8786004.392000000923872, 3661594.514899998903275 ], [ 8785997.130899999290705, 3661487.161300003528595 ], [ 8785994.0929000005126, 3661435.431199997663498 ], [ 8785992.363000001758337, 3661405.975299999117851 ], [ 8786007.888599999248981, 3661370.028099998831749 ], [ 8786097.399500001221895, 3661279.646300002932549 ], [ 8786176.992600001394749, 3661195.500200003385544 ], [ 8786234.773200001567602, 3661148.154799997806549 ], [ 8786275.411699999123812, 3661113.301299996674061 ], [ 8786299.249600000679493, 3661045.860500000417233 ], [ 8786341.118999999016523, 3660966.836499996483326 ], [ 8786421.524599999189377, 3660893.516500003635883 ], [ 8786473.750199999660254, 3660868.669399999082088 ], [ 8786573.504099998623133, 3660846.889300003647804 ], [ 8786622.901900000870228, 3660840.052599996328354 ], [ 8786788.528400000184774, 3660887.296499997377396 ], [ 8786995.642099998891354, 3660906.001500003039837 ], [ 8787100.64299999922514, 3660902.290399998426437 ], [ 8787162.580600000917912, 3660898.2522 ], [ 8787215.722500000149012, 3660870.704499997198582 ], [ 8787301.310400001704693, 3660823.56700000166893 ], [ 8787356.974300000816584, 3660818.578599996864796 ], [ 8787426.843800000846386, 3660833.533500000834465 ], [ 8787579.379700001329184, 3660831.98200000077486 ], [ 8787652.939300000667572, 3660833.439499996602535 ], [ 8787807.128100000321865, 3660850.83219999819994 ], [ 8787970.409800000488758, 3660852.062799997627735 ], [ 8788099.6064000017941, 3660852.1338 ], [ 8788208.249099999666214, 3660841.229599997401237 ], [ 8788300.588599998503923, 3660850.939599998295307 ], [ 8788372.956399999558926, 3660892.056199997663498 ], [ 8788421.041000001132488, 3660941.104900002479553 ], [ 8788469.4206000007689, 3660829.666000001132488 ], [ 8788509.377000000327826, 3660765.048900000751019 ], [ 8788533.898499999195337, 3660616.197599999606609 ], [ 8788534.74439999833703, 3660611.062799997627735 ], [ 8788534.633000001311302, 3660609.187399998307228 ], [ 8788533.219099998474121, 3660585.37610000371933 ], [ 8788527.5669, 3660490.193599998950958 ], [ 8788479.074799999594688, 3660375.32660000026226 ], [ 8788372.38459999859333, 3660244.696699999272823 ], [ 8788253.089899998158216, 3660120.283399999141693 ], [ 8788145.217500001192093, 3660028.413000002503395 ], [ 8788143.793499998748302, 3660025.987000003457069 ], [ 8788121.297800000756979, 3659987.662000000476837 ], [ 8788127.497099999338388, 3659853.569300003349781 ], [ 8788127.714400000870228, 3659848.868199996650219 ], [ 8788107.437100000679493, 3659800.932499997317791 ], [ 8788038.317299999296665, 3659685.913999997079372 ], [ 8787995.5320999994874, 3659614.568099997937679 ], [ 8787987.808600001037121, 3659601.689099997282028 ], [ 8788152.372900001704693, 3659428.928300000727177 ], [ 8788207.865899998694658, 3659325.668200001120567 ], [ 8788300.264800000935793, 3659205.556699998676777 ], [ 8788343.953699998557568, 3659121.141000002622604 ], [ 8788404.216400001198053, 3658950.034699998795986 ], [ 8788404.438499998301268, 3658949.404100000858307 ], [ 8788404.46680000051856, 3658949.168099999427795 ], [ 8788423.627399999648333, 3658789.337399996817112 ], [ 8788424.522199999541044, 3658781.873599998652935 ], [ 8788417.330800000578165, 3658654.214800000190735 ], [ 8788416.596500001847744, 3658641.179399996995926 ], [ 8788451.259500000625849, 3658563.910700000822544 ], [ 8788460.508400000631809, 3658554.598700001835823 ], [ 8788467.754200000315905, 3658547.303400002419949 ], [ 8788504.585200000554323, 3658510.221000000834465 ], [ 8788671.455899998545647, 3658387.065499998629093 ], [ 8788754.375, 3658334.498599998652935 ], [ 8788880.903599999845028, 3658207.43469999730587 ], [ 8788948.101700000464916, 3658097.055799998342991 ], [ 8789039.264600001275539, 3658021.111699998378754 ], [ 8789160.817600000649691, 3657959.817299999296665 ], [ 8789208.637200001627207, 3657922.312399998307228 ], [ 8789292.781399998813868, 3657824.680699996650219 ], [ 8789354.121500000357628, 3657717.413900002837181 ], [ 8789415.504200000315905, 3657665.136100001633167 ], [ 8789454.259700000286102, 3657640.183899998664856 ], [ 8789539.032600000500679, 3657578.614600002765656 ], [ 8789599.67960000038147, 3657504.245899997651577 ], [ 8789598.968299999833107, 3657479.000399999320507 ], [ 8789588.302700001746416, 3657465.254100002348423 ], [ 8789582.085099998861551, 3657457.240599997341633 ], [ 8789495.624099999666214, 3657382.6809 ], [ 8789469.235399998724461, 3657330.4679000005126 ], [ 8789469.100499998778105, 3657330.200900003314018 ], [ 8789465.937399998307228, 3657272.486199997365475 ], [ 8789467.409499999135733, 3657260.447899997234344 ], [ 8789477.390799999237061, 3657178.823700003325939 ], [ 8789495.900299999862909, 3657101.4397 ], [ 8789506.2456, 3657047.102899998426437 ], [ 8789512.695500001311302, 3657013.226300001144409 ], [ 8789561.447999998927116, 3656970.321099996566772 ], [ 8789622.744300000369549, 3656929.311899997293949 ], [ 8789698.311700001358986, 3656899.225100003182888 ], [ 8789747.989799998700619, 3656879.682099997997284 ], [ 8789788.269200000911951, 3656863.836499996483326 ], [ 8789881.946199998259544, 3656810.446999996900558 ], [ 8790033.13120000064373, 3656743.060400001704693 ], [ 8790173.300999999046326, 3656709.843999996781349 ], [ 8790259.616099998354912, 3656681.637299999594688 ], [ 8790337.067099999636412, 3656638.942400000989437 ], [ 8790583.807199999690056, 3656505.554099999368191 ], [ 8790735.012499999254942, 3656434.556599996984005 ], [ 8790870.229600001126528, 3656341.807899996638298 ], [ 8790969.621899999678135, 3656241.584600001573563 ], [ 8791081.1897, 3656193.729400001466274 ], [ 8791196.357500001788139, 3656144.09740000218153 ], [ 8791284.441599998623133, 3656118.603100001811981 ], [ 8791455.974899999797344, 3656088.310199998319149 ], [ 8791571.920299999415874, 3656054.905699998140335 ], [ 8791627.618099998682737, 3656042.693199999630451 ], [ 8791711.460999999195337, 3656019.617700003087521 ], [ 8791728.077799998223782, 3656015.044399999082088 ], [ 8791755.235399998724461, 3656007.570000000298023 ], [ 8791841.624699998646975, 3656030.282399997115135 ], [ 8791898.056600000709295, 3656040.608300000429153 ], [ 8791925.057300001382828, 3656027.735200002789497 ], [ 8791960.30180000141263, 3655991.036300003528595 ], [ 8791987.727400001138449, 3655919.128200002014637 ], [ 8792040.978999998420477, 3655748.260799996554852 ], [ 8792102.640000000596046, 3655654.970399998128414 ], [ 8792160.363200001418591, 3655610.323299996554852 ], [ 8792276.82490000128746, 3655629.19539999961853 ], [ 8792378.911299999803305, 3655651.5675999969244 ], [ 8792429.135299999266863, 3655651.931599996984005 ], [ 8792454.389499999582767, 3655632.285300001502037 ], [ 8792532.268699999898672, 3655528.295500002801418 ], [ 8792671.648600000888109, 3655352.645700000226498 ], [ 8792727.944600000977516, 3655182.514399997889996 ], [ 8792739.485100001096725, 3655147.638099998235703 ], [ 8792791.125500001013279, 3654949.726099997758865 ], [ 8792794.269799999892712, 3654900.877400003373623 ], [ 8792801.21510000154376, 3654792.975599996745586 ], [ 8792812.888900000602007, 3654756.833400003612041 ], [ 8792829.157299999147654, 3654706.466600000858307 ], [ 8792836.067099999636412, 3654685.07379999756813 ], [ 8792881.379900000989437, 3654619.306800000369549 ], [ 8792917.629200000315905, 3654566.694499999284744 ], [ 8792927.186299998313189, 3654551.548000000417233 ], [ 8792992.918999999761581, 3654447.369300000369549 ], [ 8793040.231300000101328, 3654371.444600000977516 ], [ 8793041.002000000327826, 3654370.207699999213219 ], [ 8793027.302999999374151, 3654279.082400001585484 ], [ 8793002.8429000005126, 3654187.879900000989437 ], [ 8793010.015099998563528, 3654169.071199998259544 ], [ 8793027.519000001251698, 3654123.168099999427795 ], [ 8793076.355999998748302, 3654065.840599998831749 ], [ 8793082.890500001609325, 3654029.838100001215935 ], [ 8793108.501400001347065, 3653959.726199999451637 ], [ 8793158.651900000870228, 3653843.828599996864796 ], [ 8793173.081900000572205, 3653768.745200000703335 ], [ 8793182.866799999028444, 3653717.831600002944469 ], [ 8793182.425799999386072, 3653704.854599997401237 ], [ 8793182.340399999171495, 3653702.341499999165535 ], [ 8793179.160199999809265, 3653608.757700003683567 ], [ 8793167.888000000268221, 3653554.603799998760223 ], [ 8793121.91950000077486, 3653461.448399998247623 ], [ 8793058.17119999974966, 3653346.536399997770786 ], [ 8793040.339299999177456, 3653303.880999997258186 ], [ 8793034.364799998700619, 3653289.589400000870228 ], [ 8793041.111299999058247, 3653223.851000003516674 ], [ 8793044.656599998474121, 3653162.099500000476837 ], [ 8793046.231499999761581, 3653134.670100003480911 ], [ 8793019.722300000488758, 3653079.506800003349781 ], [ 8792970.769799999892712, 3653027.786399997770786 ], [ 8792957.469300001859665, 3652991.658699996769428 ], [ 8792931.184099998325109, 3652920.26070000231266 ], [ 8792928.453299999237061, 3652800.385099999606609 ], [ 8792943.296, 3652731.102399997413158 ], [ 8792993.28319999948144, 3652637.74210000038147 ], [ 8793047.33219999819994, 3652477.726099997758865 ], [ 8793103.086899999529123, 3652314.499700002372265 ], [ 8793112.464999999850988, 3652287.0449 ], [ 8793126.5526, 3652245.801899999380112 ], [ 8793177.34180000051856, 3652102.436800003051758 ], [ 8793218.30350000038743, 3652015.479999996721745 ], [ 8793219.223600000143051, 3652013.526699997484684 ], [ 8793164.9967, 3651947.354500003159046 ], [ 8793121.549499999731779, 3651878.556699998676777 ], [ 8793078.314500000327826, 3651780.023900002241135 ], [ 8793012.683600001037121, 3651678.626800000667572 ], [ 8792953.239799998700619, 3651589.890299998223782 ], [ 8792856.4864999987185, 3651452.225599996745586 ], [ 8792850.721900001168251, 3651429.996399998664856 ], [ 8792846.887800000607967, 3651415.211499996483326 ], [ 8792857.904800001531839, 3651379.247400000691414 ], [ 8792882.883499998599291, 3651334.373400002717972 ], [ 8792926.657999999821186, 3651231.515299998223782 ], [ 8792984.957499999552965, 3651103.532600000500679 ], [ 8793102.94200000166893, 3650904.345899999141693 ], [ 8793164.680700000375509, 3650796.663599997758865 ], [ 8793212.00279999896884, 3650698.789499998092651 ], [ 8793229.127500001341105, 3650686.298000000417233 ], [ 8793302.787999998778105, 3650667.004600003361702 ], [ 8793390.8445999994874, 3650640.606100000441074 ], [ 8793511.395199999213219, 3650583.804799996316433 ], [ 8793721.780600000172853, 3650502.417499996721745 ], [ 8793795.592599999159575, 3650461.498400002717972 ], [ 8793916.197900000959635, 3650396.585799999535084 ], [ 8793920.425500001758337, 3650395.6891999989748 ], [ 8794023.054200001060963, 3650373.922700002789497 ], [ 8794029.13569999858737, 3650374.661200001835823 ], [ 8794079.403400000184774, 3650380.765000000596046 ], [ 8794140.167199999094009, 3650335.35639999806881 ], [ 8794195.431000001728535, 3650261.257200002670288 ], [ 8794198.202100001275539, 3650255.446999996900558 ], [ 8794201.458700001239777, 3650248.618699997663498 ], [ 8794250.993599999696016, 3650144.756399996578693 ], [ 8794276.752700001001358, 3650049.818499997258186 ], [ 8794320.295800000429153, 3649858.741800002753735 ], [ 8794353.45380000025034, 3649684.78320000320673 ], [ 8794366.975099999457598, 3649546.212899997830391 ], [ 8794399.679299999028444, 3649436.429999999701977 ], [ 8794437.839699998497963, 3649343.761 ], [ 8794484.374699998646975, 3649230.755199998617172 ], [ 8794553.606899999082088, 3649115.504199996590614 ], [ 8794608.02250000089407, 3648999.002400003373623 ], [ 8794632.726100001484156, 3648891.457900002598763 ], [ 8794639.0, 3648821.756800003349781 ], [ 8794650.0439000017941, 3648699.061700001358986 ], [ 8794641.566599998623133, 3648607.32660000026226 ], [ 8794648.232900001108646, 3648551.223200000822544 ], [ 8794686.372600000351667, 3648478.727700002491474 ], [ 8794797.868599999696016, 3648363.495999999344349 ], [ 8794806.404399998486042, 3648354.6743 ], [ 8794905.616999998688698, 3648272.299099996685982 ], [ 8794961.17509999871254, 3648236.023599997162819 ], [ 8794997.060100000351667, 3648159.5022 ], [ 8795011.461500000208616, 3648049.996799997985363 ], [ 8795015.127300001680851, 3648022.122599996626377 ], [ 8795042.187100000679493, 3647903.14190000295639 ], [ 8795062.204199999570847, 3647850.039800003170967 ], [ 8795118.868599999696016, 3647699.718599997460842 ], [ 8795158.966400001198053, 3647509.789200000464916 ], [ 8795190.190900001674891, 3647346.757700003683567 ], [ 8795194.470499999821186, 3647324.412699997425079 ], [ 8795200.393899999558926, 3647287.451899997889996 ], [ 8795232.622999999672174, 3647086.34910000115633 ], [ 8795232.72859999909997, 3647071.261100001633167 ], [ 8795232.94370000064373, 3647040.518399998545647 ], [ 8795164.423500001430511, 3647056.075599998235703 ], [ 8795081.707699999213219, 3647144.864900000393391 ], [ 8795016.192499998956919, 3647209.782499998807907 ], [ 8794946.222899999469519, 3647279.114 ], [ 8794875.457699999213219, 3647299.8108000010252 ], [ 8794770.269600000232458, 3647330.575199998915195 ], [ 8794681.4419, 3647339.550899997353554 ], [ 8794621.936999998986721, 3647345.56360000371933 ], [ 8794544.938400000333786, 3647356.23759999871254 ], [ 8794480.412599999457598, 3647365.182499997317791 ], [ 8794334.585900001227856, 3647348.102600000798702 ], [ 8794299.258900001645088, 3647320.390799999237061 ], [ 8794231.904599998146296, 3647267.555500000715256 ], [ 8794216.657200001180172, 3647255.594899997115135 ], [ 8794150.5449, 3647252.831600002944469 ], [ 8794139.596799999475479, 3647188.586800001561642 ], [ 8794129.239100001752377, 3647141.234200000762939 ], [ 8794123.022399999201298, 3647112.812799997627735 ], [ 8794117.5066, 3647087.596100002527237 ], [ 8794079.049899999052286, 3647043.780199997127056 ], [ 8794019.714400000870228, 3647050.231499999761581 ], [ 8793946.343499999493361, 3647075.550200000405312 ], [ 8793935.1338, 3647079.418399997055531 ], [ 8793857.523499999195337, 3647090.321599997580051 ], [ 8793789.229200001806021, 3647073.791199997067451 ], [ 8793720.934999998658895, 3647057.260799996554852 ], [ 8793548.05799999833107, 3646996.438799999654293 ], [ 8793507.143699999898672, 3646977.812100000679493 ], [ 8793377.44649999961257, 3646937.922899998724461 ], [ 8793302.345100000500679, 3646916.758500002324581 ], [ 8793181.802499998360872, 3646872.350599996745586 ], [ 8793174.001499999314547, 3646870.152099996805191 ], [ 8793131.735399998724461, 3646858.24040000140667 ], [ 8792997.209600001573563, 3646856.125299997627735 ], [ 8792859.337499998509884, 3646843.672499999403954 ], [ 8792765.872499998658895, 3646839.560199998319149 ], [ 8792639.253899998962879, 3646847.81139999628067 ], [ 8792561.725999999791384, 3646847.250500001013279 ], [ 8792418.104100000113249, 3646841.6272 ], [ 8792290.263099998235703, 3646861.324699997901917 ], [ 8792214.664599999785423, 3646875.652199998497963 ], [ 8792173.806400001049042, 3646883.395700000226498 ], [ 8792004.953299999237061, 3646898.21000000089407 ], [ 8791944.568199999630451, 3646892.041599996387959 ], [ 8791893.35359999909997, 3646879.064800001680851 ], [ 8791822.969799999147654, 3646859.061200000345707 ], [ 8791802.326099999248981, 3646853.1941 ], [ 8791712.372699998319149, 3646836.49719999730587 ], [ 8791566.48759999871254, 3646828.557700000703335 ], [ 8791562.092500001192093, 3646827.678599998354912 ], [ 8791459.466099999845028, 3646807.151600003242493 ], [ 8791302.13060000166297, 3646806.000900000333786 ], [ 8791233.756999999284744, 3646800.917099997401237 ], [ 8791188.335299998521805, 3646775.376800000667572 ], [ 8791102.318999998271465, 3646687.665600001811981 ], [ 8791013.624000001698732, 3646654.932800002396107 ], [ 8790904.774000000208616, 3646571.636799998581409 ], [ 8790742.035199999809265, 3646373.3662 ], [ 8790631.225999999791384, 3646246.516199998557568 ], [ 8790508.516100000590086, 3646188.324199996888638 ], [ 8790270.291499998420477, 3646023.869400002062321 ], [ 8790129.796900000423193, 3645903.673699997365475 ], [ 8789909.468100000172853, 3645787.469499997794628 ], [ 8789695.932300001382828, 3645678.187600001692772 ], [ 8789552.339099999517202, 3645670.246899999678135 ], [ 8789368.076299998909235, 3645611.590599998831749 ], [ 8789129.313999999314547, 3645522.737400002777576 ], [ 8788990.420099999755621, 3645500.435000002384186 ], [ 8788919.787799999117851, 3645489.093400001525879 ], [ 8788894.427200000733137, 3645488.903800003230572 ], [ 8788808.830699998885393, 3645488.263899996876717 ], [ 8788755.625399999320507, 3645487.866099998354912 ], [ 8788711.6985, 3645497.331299997866154 ], [ 8788678.04619999974966, 3645504.582599997520447 ], [ 8788591.191199999302626, 3645523.297899998724461 ], [ 8788569.675000000745058, 3645538.82379999756813 ], [ 8788534.066700000315905, 3645564.518500000238419 ], [ 8788396.332499999552965, 3645663.906300000846386 ], [ 8788297.608399998396635, 3645754.823399998247623 ], [ 8788130.634300000965595, 3645824.604099996387959 ], [ 8787947.988699998706579, 3645855.309799998998642 ], [ 8787706.094200000166893, 3645880.98369999974966 ], [ 8787576.043400000780821, 3645891.458800002932549 ], [ 8787476.75730000063777, 3645930.127099998295307 ], [ 8787454.83839999884367, 3645938.663699999451637 ], [ 8787329.2956000007689, 3645956.045500002801418 ], [ 8787226.656800001859665, 3645959.85080000013113 ], [ 8787178.158500000834465, 3645946.631099998950958 ], [ 8787150.409800000488758, 3645939.067400000989437 ], [ 8787140.185199998319149, 3645936.2804000005126 ], [ 8787064.214699998497963, 3645877.275700002908707 ], [ 8787035.903499998152256, 3645855.287000000476837 ], [ 8786995.736600000411272, 3645854.501199997961521 ], [ 8786938.065900001674891, 3645853.373000003397465 ], [ 8786844.393800001591444, 3645851.540399998426437 ], [ 8786817.808800000697374, 3645849.281800001859665 ], [ 8786756.256499998271465, 3645844.052299998700619 ], [ 8786696.27479999884963, 3645838.956200003623962 ], [ 8786574.271999999880791, 3645991.556699998676777 ], [ 8786352.437199998646975, 3646379.4243 ], [ 8786190.518899999558926, 3646682.967200003564358 ], [ 8786063.49269999936223, 3646895.115699999034405 ], [ 8785994.460200000554323, 3646977.086000002920628 ], [ 8785847.846000000834465, 3647065.336999997496605 ], [ 8785669.567800000309944, 3647118.968800000846386 ], [ 8785516.633099999278784, 3647138.418700002133846 ], [ 8785398.006700001657009, 3647144.380999997258186 ], [ 8785245.456199999898672, 3647113.414700001478195 ], [ 8785104.570000000298023, 3647048.161799997091293 ], [ 8784945.793600000441074, 3646936.937100000679493 ], [ 8784941.725099999457598, 3646934.951399996876717 ], [ 8784914.356300000101328, 3646921.593800000846386 ], [ 8784802.665199998766184, 3646867.081699997186661 ], [ 8784693.493700001388788, 3646837.734499998390675 ], [ 8784618.335799999535084, 3646817.530799999833107 ], [ 8784529.958700001239777, 3646747.103900000452995 ], [ 8784525.409699998795986, 3646743.478900000452995 ], [ 8784474.03830000013113, 3646603.292900003492832 ], [ 8784452.679699998348951, 3646415.218000002205372 ], [ 8784451.456799998879433, 3646364.057499997317791 ], [ 8784449.947900000959635, 3646300.933799996972084 ], [ 8784449.228199999779463, 3646270.82320000231266 ], [ 8784450.0044, 3646263.722999997437 ], [ 8784450.880100000649691, 3646255.711800001561642 ], [ 8784461.491300001740456, 3646158.633199997246265 ], [ 8784478.508000001311302, 3646021.274099998176098 ], [ 8784445.58219999819994, 3645947.152500003576279 ], [ 8784438.161299999803305, 3645930.446800000965595 ], [ 8784296.984900001436472, 3645804.819799996912479 ], [ 8784261.512800000607967, 3645773.254600003361702 ], [ 8784223.789900001138449, 3645743.624099999666214 ], [ 8784213.203899998217821, 3645735.309000000357628 ], [ 8784158.387200001627207, 3645692.251800000667572 ], [ 8784084.214000001549721, 3645620.240800000727177 ], [ 8784065.593600001186132, 3645602.16330000013113 ], [ 8783974.1266999989748, 3645635.822899997234344 ], [ 8783950.493000000715256, 3645643.99889999628067 ], [ 8783935.259799998253584, 3645649.268799997866154 ], [ 8783912.082299999892712, 3645643.59740000218153 ], [ 8783901.272700000554323, 3645640.952299997210503 ], [ 8783857.879700001329184, 3645630.334200002253056 ], [ 8783821.449700001627207, 3645630.631099998950958 ], [ 8783755.732200000435114, 3645631.166799999773502 ], [ 8783714.218899998813868, 3645631.505199998617172 ], [ 8783565.8564000017941, 3645650.969800002872944 ], [ 8783447.116300001740456, 3645672.956000000238419 ], [ 8783268.863400001078844, 3645724.264499999582767 ], [ 8783183.762899998575449, 3645723.597599998116493 ], [ 8783157.2401, 3645723.389700002968311 ], [ 8783157.140500001609325, 3645723.388899996876717 ], [ 8783157.110399998724461, 3645723.379799999296665 ], [ 8783126.655999999493361, 3645714.162299998104572 ], [ 8783004.076900001615286, 3645677.061599999666214 ], [ 8782970.603100001811981, 3645666.930200003087521 ], [ 8782684.075599998235703, 3645567.291199997067451 ], [ 8782524.1107, 3645466.353799998760223 ], [ 8782390.6721, 3645412.015900000929832 ], [ 8782349.095100000500679, 3645395.085199996829033 ], [ 8782333.258699998259544, 3645391.589500002563 ], [ 8782286.363099999725819, 3645381.237899996340275 ], [ 8782149.925900001078844, 3645351.120800003409386 ], [ 8782141.2685999982059, 3645350.694700002670288 ], [ 8782066.732599999755621, 3645347.02589999884367 ], [ 8782065.431099999696016, 3645347.382700003683567 ], [ 8781993.610800001770258, 3645367.070100001990795 ], [ 8781813.893100000917912, 3645459.595100000500679 ], [ 8781768.049800001084805, 3645490.166000001132488 ], [ 8781662.934599999338388, 3645519.120800003409386 ], [ 8781486.849500000476837, 3645584.174400001764297 ], [ 8781301.390000000596046, 3645681.232100002467632 ], [ 8781268.989900000393391, 3645704.01349999755621 ], [ 8781182.158599998801947, 3645765.0669 ], [ 8781114.200599998235703, 3645830.184799998998642 ], [ 8781108.635899998247623, 3645835.51690000295639 ], [ 8781071.593800000846386, 3645906.257700003683567 ], [ 8781036.306800000369549, 3646043.466600000858307 ], [ 8780994.866700001060963, 3646093.549400001764297 ], [ 8780894.125100001692772, 3646145.450499996542931 ], [ 8780892.092999998480082, 3646146.834100000560284 ], [ 8780724.471099998801947, 3646260.963299997150898 ], [ 8780717.376200001686811, 3646263.603000000119209 ], [ 8780652.530799999833107, 3646287.729500003159046 ], [ 8780595.298099998384714, 3646309.023500002920628 ], [ 8780591.823699999600649, 3646310.316200003027916 ], [ 8780590.909800000488758, 3646310.961199998855591 ], [ 8780543.668200001120567, 3646344.303999997675419 ], [ 8780495.040100000798702, 3646437.868699997663498 ], [ 8780441.778000000864267, 3646540.563000001013279 ], [ 8780399.952799998223782, 3646638.766199998557568 ], [ 8780310.5337999984622, 3646699.922600001096725 ], [ 8780198.020799998193979, 3646797.559000000357628 ], [ 8780090.011999998241663, 3646902.106499999761581 ], [ 8779995.117600001394749, 3647077.800700001418591 ], [ 8779867.603000000119209, 3647340.318199999630451 ], [ 8779845.209399998188019, 3647431.80629999935627 ], [ 8779831.891100000590086, 3647529.097300000488758 ], [ 8779790.47069999948144, 3647575.744199998676777 ], [ 8779722.917500000447035, 3647610.721699997782707 ], [ 8779626.576299998909235, 3647680.989100001752377 ], [ 8779544.278099998831749, 3647848.769599996507168 ], [ 8779377.561099998652935, 3648163.691299997270107 ], [ 8779308.368999999016523, 3648260.534599997103214 ], [ 8779239.221999999135733, 3648351.648800000548363 ], [ 8779115.517900001257658, 3648420.549099996685982 ], [ 8779096.363400001078844, 3648423.64299999922514 ], [ 8779034.451699998229742, 3648433.643399998545647 ], [ 8779016.574700001627207, 3648431.864 ], [ 8778921.652399998158216, 3648422.415600001811981 ], [ 8778884.329900000244379, 3648415.973099999129772 ], [ 8778824.015000000596046, 3648405.561899997293949 ], [ 8778788.956199999898672, 3648399.510200001299381 ], [ 8778712.635899998247623, 3648386.336000002920628 ], [ 8778701.999299999326468, 3648384.499899998307228 ], [ 8778684.799600001424551, 3648381.530900001525879 ], [ 8778675.434500001370907, 3648383.959299996495247 ], [ 8778650.519299998879433, 3648390.419799998402596 ], [ 8778564.5135000012815, 3648450.454700000584126 ], [ 8778493.561099998652935, 3648481.963500000536442 ], [ 8778377.05460000038147, 3648506.225500002503395 ], [ 8778292.520399998873472, 3648525.017399996519089 ], [ 8778123.284699998795986, 3648583.225699998438358 ], [ 8778011.282299999147654, 3648614.39750000089407 ], [ 8777973.689500000327826, 3648617.976300001144409 ], [ 8777933.681400001049042, 3648621.784999996423721 ], [ 8777925.963700000196695, 3648624.759300000965595 ], [ 8777869.624000001698732, 3648646.472000002861023 ], [ 8777797.287599999457598, 3648707.761500000953674 ], [ 8777723.791700001806021, 3648771.333200000226498 ], [ 8777643.490600001066923, 3648820.714299999177456 ], [ 8777622.968699999153614, 3648833.334200002253056 ], [ 8777565.637699998915195, 3648868.589900001883507 ], [ 8777473.802999999374151, 3648943.470399998128414 ], [ 8777320.411800000816584, 3649015.553199999034405 ], [ 8777113.838500000536442, 3649176.583999998867512 ], [ 8776969.2665, 3649285.4087999984622 ], [ 8776944.8838, 3649300.8783999979496 ], [ 8776907.728399999439716, 3649324.451499998569489 ], [ 8776824.832899998873472, 3649377.044299997389317 ], [ 8776721.289000000804663, 3649488.498400002717972 ], [ 8776592.54450000077486, 3649613.496699996292591 ], [ 8776505.652100000530481, 3649780.097900003194809 ], [ 8776418.504299998283386, 3650003.75620000064373 ], [ 8776331.756700001657009, 3650328.716700002551079 ], [ 8776277.344399999827147, 3650555.364799998700619 ], [ 8776267.792100001126528, 3650652.111699998378754 ], [ 8776255.197999998927116, 3650692.498499996960163 ], [ 8776221.554400000721216, 3650736.231799997389317 ], [ 8776195.220899999141693, 3650743.055500000715256 ], [ 8776121.527800001204014, 3650749.172600001096725 ], [ 8776118.087600000202656, 3650749.458200000226498 ], [ 8776070.249099999666214, 3650761.056100003421307 ], [ 8776012.767299998551607, 3650774.991899996995926 ], [ 8775953.125799998641014, 3650804.343599997460842 ], [ 8775886.12220000103116, 3650837.318400003015995 ], [ 8775742.031199999153614, 3650890.69650000333786 ], [ 8775596.100299999117851, 3650954.621200002729893 ], [ 8775515.215199999511242, 3650990.918499998748302 ], [ 8775450.0810999982059, 3651029.107100002467632 ], [ 8775423.456199999898672, 3651071.137699998915195 ], [ 8775419.793099999427795, 3651079.277199998497963 ], [ 8775382.410100001841784, 3651162.3429000005126 ], [ 8775355.522900000214577, 3651236.06139999628067 ], [ 8775342.64979999884963, 3651309.896899998188019 ], [ 8775342.068300001323223, 3651380.314400002360344 ], [ 8775324.531300000846386, 3651435.347199998795986 ], [ 8775316.888900000602007, 3651459.329599998891354 ], [ 8775260.518699999898672, 3651528.131099998950958 ], [ 8775256.716899998486042, 3651532.771499998867512 ], [ 8775223.112399999052286, 3651571.223700001835823 ], [ 8775206.880300000309944, 3651627.42679999768734 ], [ 8775206.138000000268221, 3651717.210799999535084 ], [ 8775184.067899998277426, 3651843.789800003170967 ], [ 8775172.65430000051856, 3651952.852799996733665 ], [ 8775143.212099999189377, 3652123.387999996542931 ], [ 8775119.25789999961853, 3652265.800499998033047 ], [ 8775107.859700001776218, 3652315.081699997186661 ], [ 8775101.925900001078844, 3652340.737000003457069 ], [ 8775088.368700001388788, 3652399.352700002491474 ], [ 8775052.587400000542402, 3652488.847999997437 ], [ 8775019.317099999636412, 3652592.450400002300739 ], [ 8774987.213899999856949, 3652660.84910000115633 ], [ 8774974.865499999374151, 3652678.52589999884367 ], [ 8774951.752300001680851, 3652711.612800002098083 ], [ 8774868.769299998879433, 3652788.389700002968311 ], [ 8774752.249899998307228, 3652894.817800000309944 ], [ 8774686.886799998581409, 3652959.416900001466274 ], [ 8774605.082699999213219, 3653104.872599996626377 ], [ 8774553.368299998342991, 3653213.605599999427795 ], [ 8774545.292399998754263, 3653230.810400001704693 ], [ 8774531.963899999856949, 3653259.205799996852875 ], [ 8774531.524900000542402, 3653312.025100000202656 ], [ 8774562.212799999862909, 3653414.407799996435642 ], [ 8774586.009500000625849, 3653502.646799996495247 ], [ 8774583.350699998438358, 3653611.793999999761581 ], [ 8774583.208500001579523, 3653628.909400001168251 ], [ 8774583.207499999552965, 3653629.022699996829033 ], [ 8774582.750999998301268, 3653683.982100002467632 ], [ 8774613.776000000536442, 3653745.871100001037121 ], [ 8774670.6435999982059, 3653860.801700003445148 ], [ 8774722.416499998420477, 3653956.320799998939037 ], [ 8774740.539299998432398, 3653996.211199998855591 ], [ 8774746.507500000298023, 3654009.347999997437 ], [ 8774723.554999999701977, 3654030.285899996757507 ], [ 8774679.694400001317263, 3654036.96169999986887 ], [ 8774514.19370000064373, 3654132.42059999704361 ], [ 8774390.697599999606609, 3654233.513899996876717 ], [ 8774289.0793999992311, 3654337.432099997997284 ], [ 8774074.006999999284744, 3654493.222300000488758 ], [ 8773987.550000000745058, 3654564.690999999642372 ], [ 8773931.290399998426437, 3654587.10869999974966 ], [ 8773778.4712999984622, 3654631.603399999439716 ], [ 8773662.505399998277426, 3654669.36429999768734 ], [ 8773585.2632, 3654686.320699997246265 ], [ 8773514.197900000959635, 3654698.046300001442432 ], [ 8773428.246300000697374, 3654708.765100002288818 ], [ 8773400.785300001502037, 3654744.631800003349781 ], [ 8773342.917199999094009, 3654854.200499996542931 ], [ 8773274.57209999859333, 3654959.278399996459484 ], [ 8773201.9934, 3655046.711300000548363 ], [ 8773170.025100000202656, 3655097.508199997246265 ], [ 8773167.800000000745058, 3655153.840499997138977 ], [ 8773171.110599998384714, 3655163.720799997448921 ], [ 8773198.570900000631809, 3655245.672600001096725 ], [ 8773229.416200000792742, 3655328.700599998235703 ], [ 8773230.518199998885393, 3655406.193899996578693 ], [ 8773223.292100001126528, 3655420.900499999523163 ], [ 8773178.816300000995398, 3655511.416199997067451 ], [ 8773140.307, 3655582.712899997830391 ], [ 8773112.064100001007318, 3655635.0022 ], [ 8773079.0777000002563, 3655702.522100001573563 ], [ 8773071.632199998944998, 3655754.409599997103214 ], [ 8773074.606800001114607, 3655763.786399997770786 ], [ 8773089.557700000703335, 3655810.915200002491474 ], [ 8773112.791700001806021, 3655861.302299998700619 ], [ 8773117.921399999409914, 3655893.92849999666214 ], [ 8773122.772900000214577, 3655924.784999996423721 ], [ 8773116.643300000578165, 3656028.636100001633167 ], [ 8773119.829700000584126, 3656051.455799996852875 ], [ 8773128.214299999177456, 3656111.504900000989437 ], [ 8773141.581999998539686, 3656189.105999998748302 ], [ 8773172.354899998754263, 3656280.943999998271465 ], [ 8773271.995700001716614, 3656519.538999997079372 ], [ 8773437.152499999850988, 3656887.25620000064373 ], [ 8773513.1371, 3657021.7483000010252 ], [ 8773568.256099998950958, 3657136.691699996590614 ], [ 8773627.219700001180172, 3657211.160499997437 ], [ 8773717.771899998188019, 3657280.612400002777576 ], [ 8773791.168499998748302, 3657305.888999998569489 ], [ 8773852.268699999898672, 3657334.584100000560284 ], [ 8773895.81529999896884, 3657366.653200000524521 ], [ 8773911.263799998909235, 3657405.5304000005126 ], [ 8773894.874000001698732, 3657479.36370000243187 ], [ 8773887.543400000780821, 3657500.86089999973774 ], [ 8773886.416299998760223, 3657504.16610000282526 ], [ 8773860.738699998706579, 3657579.466399997472763 ], [ 8773840.357999999076128, 3657711.388300001621246 ], [ 8773828.768899999558926, 3657839.862899996340275 ], [ 8773817.282699998468161, 3657956.010399997234344 ], [ 8773802.688499998301268, 3658024.577600002288818 ], [ 8773801.801199998706579, 3658025.72070000320673 ], [ 8773761.938700001686811, 3658077.072400003671646 ], [ 8773599.64469999819994, 3658202.515500001609325 ], [ 8773463.754299998283386, 3658314.090700000524521 ], [ 8773357.965700000524521, 3658388.932499997317791 ], [ 8773304.318300001323223, 3658419.631499998271465 ], [ 8773248.774700000882149, 3658451.415700003504753 ], [ 8773129.037500001490116, 3658517.331399999558926 ], [ 8773079.817299999296665, 3658534.527300000190735 ], [ 8772957.136700000613928, 3658533.485799998044968 ], [ 8772890.493999999016523, 3658538.20380000025034 ], [ 8772843.322700001299381, 3658520.189300000667572 ], [ 8772804.795400001108646, 3658516.339000001549721 ], [ 8772766.179299999028444, 3658523.056100003421307 ], [ 8772716.973600000143051, 3658538.489600002765656 ], [ 8772652.06870000064373, 3658544.982500001788139 ], [ 8772578.400800000876188, 3658551.400700002908707 ], [ 8772524.08559999987483, 3658549.1765 ], [ 8772436.694499999284744, 3658520.250100001692772 ], [ 8772304.880699999630451, 3658459.239699997007847 ], [ 8772213.354800000786781, 3658401.214800000190735 ], [ 8772175.088899999856949, 3658366.541900001466274 ], [ 8772138.407999999821186, 3658351.697499997913837 ], [ 8772073.52589999884367, 3658355.546300001442432 ], [ 8771985.073800001293421, 3658348.625 ], [ 8771892.247999999672174, 3658340.785199999809265 ], [ 8771818.6554000005126, 3658338.393700003623962 ], [ 8771717.156500000506639, 3658319.910599999129772 ], [ 8771613.995200000703335, 3658290.8445999994874 ], [ 8771458.751899998635054, 3658203.207299999892712 ], [ 8771310.310600001364946, 3658140.285599999129772 ], [ 8771175.905699998140335, 3658075.72240000218153 ], [ 8771059.13230000063777, 3657998.981100000441074 ], [ 8770840.849800001829863, 3657905.511900000274181 ], [ 8770708.17119999974966, 3657844.48309999704361 ], [ 8770601.720800001174212, 3657790.725000001490116 ], [ 8770484.5449, 3657761.531400002539158 ], [ 8770397.101300001144409, 3657739.639499999582767 ], [ 8770295.849700000137091, 3657692.969700001180172 ], [ 8770147.553899999707937, 3657614.189000003039837 ], [ 8769924.55519999936223, 3657459.025100000202656 ], [ 8769799.030099999159575, 3657382.201099999248981 ], [ 8769655.921300001442432, 3657312.268500000238419 ], [ 8769526.574799999594688, 3657272.395099997520447 ], [ 8769461.01799999922514, 3657253.33110000193119 ], [ 8769364.130399998277426, 3657209.336499996483326 ], [ 8769290.817600000649691, 3657175.233800001442432 ], [ 8769198.0456000007689, 3657162.095499999821186 ], [ 8769091.361099999397993, 3657136.506499998271465 ], [ 8768920.066199999302626, 3657083.933399997651577 ], [ 8768775.013000000268221, 3657036.872299998998642 ], [ 8768628.116300001740456, 3657000.36089999973774 ], [ 8768577.403599999845028, 3656987.587700001895428 ], [ 8768379.688299998641014, 3656950.627999998629093 ], [ 8768311.657800000160933, 3656939.332000002264977 ], [ 8768099.687800001353025, 3656904.135799996554852 ], [ 8768016.341699998825788, 3656915.729999996721745 ], [ 8767910.9518, 3656942.979999996721745 ], [ 8767799.674499999731779, 3656941.998499996960163 ], [ 8767687.390000000596046, 3656955.977399997413158 ], [ 8767588.824000000953674, 3657004.419600002467632 ], [ 8767535.996899999678135, 3657034.832000002264977 ], [ 8767474.331500001251698, 3657070.332699999213219 ], [ 8767419.806099999696016, 3657092.745800003409386 ], [ 8767305.590199999511242, 3657126.958800002932549 ], [ 8767225.615699999034405, 3657153.54900000244379 ], [ 8767123.781800001859665, 3657174.661399997770786 ], [ 8766941.638000000268221, 3657160.716899998486042 ], [ 8766748.793999999761581, 3657167.809299997985363 ], [ 8766648.890500001609325, 3657168.681900002062321 ], [ 8766550.677000001072884, 3657176.613899998366833 ], [ 8766431.387899998575449, 3657189.640900000929832 ], [ 8766352.575300000607967, 3657183.654700003564358 ], [ 8766280.850299999117851, 3657168.925300002098083 ], [ 8766260.829599998891354, 3657153.776500001549721 ], [ 8766239.088899999856949, 3657155.143100000917912 ], [ 8766231.432500001043081, 3657156.487700000405312 ], [ 8766223.030200000852346, 3657157.963100001215935 ], [ 8766191.256799999624491, 3657166.384300000965595 ], [ 8766145.844200000166893, 3657195.796800002455711 ], [ 8766073.4221, 3657215.892800003290176 ], [ 8766001.183299999684095, 3657215.247299998998642 ], [ 8765887.626200001686811, 3657218.676700003445148 ], [ 8765720.706399999558926, 3657254.223700001835823 ], [ 8765509.781800001859665, 3657264.186200000345707 ], [ 8765399.343699999153614, 3657248.378700003027916 ], [ 8765259.368000000715256, 3657238.23139999806881 ], [ 8765069.162099998444319, 3657239.484200000762939 ], [ 8764869.872600000351667, 3657267.322599999606609 ], [ 8764661.085799999535084, 3657285.44200000166893 ], [ 8764610.755399998277426, 3657307.953299999237061 ], [ 8764535.90089999884367, 3657352.4679000005126 ], [ 8764475.934500001370907, 3657380.818499997258186 ], [ 8764433.167300000786781, 3657381.913800001144409 ], [ 8764408.42509999871254, 3657382.327500000596046 ], [ 8764318.147399999201298, 3657383.836900003254414 ], [ 8764192.794399999082088, 3657387.147299997508526 ], [ 8764003.861400000751019, 3657410.623700000345707 ], [ 8763819.503800000995398, 3657417.100100003182888 ], [ 8763745.923300001770258, 3657401.615299999713898 ], [ 8763684.994199998676777, 3657372.910099998116493 ], [ 8763585.263999998569489, 3657314.218699999153614 ], [ 8763520.83669999986887, 3657264.737999998033047 ], [ 8763456.303100001066923, 3657227.109399996697903 ], [ 8763370.916499998420477, 3657212.997100003063679 ], [ 8763269.192800000309944, 3657212.070299997925758 ], [ 8763121.807399999350309, 3657206.281400002539158 ], [ 8762981.900499999523163, 3657188.706200003623962 ], [ 8762969.545899998396635, 3657185.765500001609325 ], [ 8762884.800799999386072, 3657165.594400003552437 ], [ 8762803.717099998146296, 3657164.853200003504753 ], [ 8762738.574499998241663, 3657182.914300002157688 ], [ 8762689.904399998486042, 3657196.408299997448921 ], [ 8762383.549899999052286, 3657323.987300001084805 ], [ 8762167.660399999469519, 3657393.125799998641014 ], [ 8761924.162599999457598, 3657417.557300001382828 ], [ 8761776.762299999594688, 3657413.237199999392033 ], [ 8761562.032499998807907, 3657354.954599998891354 ], [ 8761426.5625, 3657335.924699999392033 ], [ 8761311.434999998658895, 3657323.654100000858307 ], [ 8761290.399099998176098, 3657321.412000000476837 ], [ 8761289.577799998223782, 3657321.324500001966953 ], [ 8761218.7588, 3657326.596500001847744 ], [ 8761164.0482, 3657343.87049999833107 ], [ 8761076.632199998944998, 3657390.474899999797344 ], [ 8761011.247999999672174, 3657446.173299998044968 ], [ 8760952.812600001692772, 3657507.940399996936321 ], [ 8760948.717000000178814, 3657512.269500002264977 ], [ 8760856.577100001275539, 3657591.426600001752377 ], [ 8760758.893100000917912, 3657632.008299998939037 ], [ 8760692.386599998921156, 3657649.171400003135204 ], [ 8760632.276299998164177, 3657659.781900003552437 ], [ 8760572.7643, 3657670.286300003528595 ], [ 8760445.783900000154972, 3657689.850400000810623 ], [ 8760287.569899998605251, 3657738.756700001657009 ], [ 8760189.596500001847744, 3657810.44820000231266 ], [ 8760115.197700001299381, 3657883.840700000524521 ], [ 8760025.535300001502037, 3658013.396600000560284 ], [ 8759925.701400000602007, 3658126.559000000357628 ], [ 8759790.65989999845624, 3658220.130000002682209 ], [ 8759671.038400001823902, 3658304.318899996578693 ], [ 8759634.824999999254942, 3658329.805600002408028 ], [ 8759483.479699999094009, 3658432.113499999046326 ], [ 8759371.098099999129772, 3658466.623800002038479 ], [ 8759201.421799998730421, 3658478.369999997317791 ], [ 8759024.469799999147654, 3658479.673699997365475 ], [ 8758883.851599998772144, 3658439.71169999986887 ], [ 8758862.702500000596046, 3658433.701399996876717 ], [ 8758779.217399999499321, 3658389.48369999974966 ], [ 8758669.024900000542402, 3658331.12049999833107 ], [ 8758486.757599998265505, 3658270.134300000965595 ], [ 8758315.732900001108646, 3658268.522200003266335 ], [ 8758260.517900001257658, 3658275.243900001049042 ], [ 8758055.92850000038743, 3658300.149899996817112 ], [ 8758051.475600000470877, 3658300.829700000584126 ], [ 8758029.339099999517202, 3658304.20889999717474 ], [ 8757863.971200000494719, 3658329.452100001275539 ], [ 8757716.313299998641014, 3658351.762599997222424 ], [ 8757645.766399998217821, 3658327.386100001633167 ], [ 8757583.242199998348951, 3658264.137900002300739 ], [ 8757525.996100001037121, 3658206.229000002145767 ], [ 8757413.766399998217821, 3658067.36259999871254 ], [ 8757354.335499998182058, 3657958.632399998605251 ], [ 8757318.4945, 3657850.126599997282028 ], [ 8757292.112799998372793, 3657676.516500003635883 ], [ 8757271.960400000214577, 3657624.465800002217293 ], [ 8757209.221200000494719, 3657554.23030000180006 ], [ 8757078.749499998986721, 3657474.460799999535084 ], [ 8756984.703200001269579, 3657440.969099998474121 ], [ 8756825.264800000935793, 3657407.047200001776218 ], [ 8756824.315099999308586, 3657406.845100000500679 ], [ 8756677.084100000560284, 3657384.698299996554852 ], [ 8756637.6261, 3657372.515699997544289 ], [ 8756582.997099999338388, 3657355.648999996483326 ], [ 8756537.686999998986721, 3657313.729900002479553 ], [ 8756492.503100000321865, 3657258.477099999785423 ], [ 8756427.366900000721216, 3657130.432899996638298 ], [ 8756343.655699998140335, 3656939.98309999704361 ], [ 8756280.965399999171495, 3656865.302400000393391 ], [ 8756215.032600000500679, 3656821.704899996519089 ], [ 8756169.430300001055002, 3656810.897200003266335 ], [ 8756148.608800001442432, 3656829.959100000560284 ], [ 8756142.262699998915195, 3656877.310099996626377 ], [ 8756141.616799999028444, 3656945.458999998867512 ], [ 8756166.103000000119209, 3657006.440200001001358 ], [ 8756206.623700000345707, 3657086.836400002241135 ], [ 8756274.243299998342991, 3657263.799900002777576 ], [ 8756330.238899998366833, 3657422.873599998652935 ], [ 8756373.611900001764297, 3657513.67059999704361 ], [ 8756391.992400001734495, 3657596.820600003004074 ], [ 8756384.438799999654293, 3657616.010499998927116 ], [ 8756320.6798, 3657653.924999997019768 ], [ 8756136.5760000012815, 3657788.480800002813339 ], [ 8756006.302400000393391, 3657921.328599996864796 ], [ 8756003.781899999827147, 3657950.60530000180006 ], [ 8756002.988400001078844, 3657959.821699999272823 ], [ 8756021.388799998909235, 3658040.752099998295307 ], [ 8756050.90989999845624, 3658115.1216000020504 ], [ 8756058.237700000405312, 3658130.207099996507168 ], [ 8756092.850999999791384, 3658201.464400000870228 ], [ 8755961.88569999858737, 3658329.122400000691414 ], [ 8755835.594799999147654, 3658430.153399996459484 ], [ 8755736.094399999827147, 3658504.769199997186661 ], [ 8755536.081700000911951, 3658605.091399997472763 ], [ 8755430.723499998450279, 3658675.204199999570847 ], [ 8755345.977699998766184, 3658748.478900000452995 ], [ 8755281.773899998515844, 3658832.32379999756813 ], [ 8755175.098499998450279, 3659040.232600003480911 ], [ 8755144.7621, 3659128.850100003182888 ], [ 8755144.224899999797344, 3659185.154700003564358 ], [ 8755152.15260000154376, 3659281.551100000739098 ], [ 8755178.923300001770258, 3659412.212099999189377 ], [ 8755211.604299999773502, 3659696.305799998342991 ], [ 8755209.126499999314547, 3659801.496100001037121 ], [ 8755186.2364999987185, 3660036.899099998176098 ], [ 8755199.695700000971556, 3660171.883699998259544 ], [ 8755195.288899999111891, 3660195.728500001132488 ], [ 8755179.849599998444319, 3660279.269500002264977 ], [ 8755174.81700000166893, 3660306.500399999320507 ], [ 8755120.60249999910593, 3660424.534000001847744 ], [ 8755034.300999999046326, 3660548.386200003325939 ], [ 8755032.387499999254942, 3660551.132299996912479 ], [ 8754978.576299998909235, 3660629.645300000905991 ], [ 8754948.6371, 3660673.328100003302097 ], [ 8754906.980999998748302, 3660711.457699999213219 ], [ 8754859.666999999433756, 3660724.339000001549721 ], [ 8754802.215300001204014, 3660717.856299996376038 ], [ 8754680.094799999147654, 3660688.519000001251698 ], [ 8754497.531700000166893, 3660657.113899998366833 ], [ 8754170.376400001347065, 3660633.197200000286102 ], [ 8754102.84739999845624, 3660642.809500001370907 ], [ 8753780.519900001585484, 3660688.690800003707409 ], [ 8753301.441700000315905, 3660820.368500001728535 ], [ 8752996.587699998170137, 3660930.02419999986887 ], [ 8752903.6831, 3660973.92400000244379 ], [ 8752830.657999999821186, 3661008.430200003087521 ], [ 8752676.235199999064207, 3661059.151299998164177 ], [ 8752602.821699999272823, 3661083.264399997889996 ], [ 8752575.158500000834465, 3661104.633400000631809 ], [ 8752527.041299998760223, 3661141.802500002086163 ], [ 8752517.927499998360872, 3661169.130599997937679 ], [ 8752508.8136, 3661196.458800002932549 ], [ 8752486.5, 3661368.156199999153614 ], [ 8752446.792300000786781, 3661508.561599999666214 ], [ 8752397.092300001531839, 3661614.782700002193451 ], [ 8752287.439800001680851, 3661819.715199999511242 ], [ 8752224.8114, 3661890.240599997341633 ], [ 8752203.559500001370907, 3661900.236000001430511 ], [ 8752076.650499999523163, 3661959.925200000405312 ], [ 8751910.878600001335144, 3662020.542900003492832 ], [ 8751885.593400001525879, 3662046.542900003492832 ], [ 8751842.349199999123812, 3662091.009400002658367 ], [ 8751776.855099998414516, 3662152.613399997353554 ], [ 8751599.137699998915195, 3662227.931999996304512 ], [ 8751395.71059999987483, 3662368.209200002253056 ], [ 8751348.367600001394749, 3662397.042499996721745 ], [ 8751259.20890000090003, 3662451.342799998819828 ], [ 8751155.322500001639128, 3662485.287799999117851 ], [ 8751078.695799998939037, 3662510.3257 ], [ 8750904.254900000989437, 3662551.581200003623962 ], [ 8750752.196100000292063, 3662566.377499997615814 ], [ 8750506.640099998563528, 3662563.940200001001358 ], [ 8750469.045000001788139, 3662563.567100003361702 ], [ 8750149.449000000953674, 3662517.406499996781349 ], [ 8750094.347899999469519, 3662502.978699997067451 ], [ 8749967.034800000488758, 3662469.642800003290176 ], [ 8749814.1891999989748, 3662414.761399999260902 ], [ 8749732.073100000619888, 3662366.513400003314018 ], [ 8749634.365699999034405, 3662254.37780000269413 ], [ 8749512.94709999859333, 3662153.862199999392033 ], [ 8749419.925799999386072, 3662068.457900002598763 ], [ 8749415.02250000089407, 3662063.95610000193119 ], [ 8749351.962900001555681, 3662027.754600003361702 ], [ 8749258.9543999992311, 3662037.198600001633167 ], [ 8749192.151999998837709, 3662080.992799997329712 ], [ 8749164.778400000184774, 3662104.019299998879433 ], [ 8749120.763599999248981, 3662141.044399999082088 ], [ 8749040.614700000733137, 3662192.115299999713898 ], [ 8748912.035300001502037, 3662218.986199997365475 ], [ 8748714.379700001329184, 3662221.447899997234344 ], [ 8748543.224599998444319, 3662228.620099999010563 ], [ 8748269.017000000923872, 3662216.967000000178814 ], [ 8747985.887499999254942, 3662212.629699997603893 ], [ 8747723.581999998539686, 3662190.712300002574921 ], [ 8747454.305100001394749, 3662128.702600002288818 ], [ 8747289.956799998879433, 3662045.52080000191927 ], [ 8747099.885200001299381, 3661880.561300002038479 ], [ 8747076.326200000941753, 3661843.212600000202656 ], [ 8746998.267400000244379, 3661719.463899999856949 ], [ 8746948.040600001811981, 3661581.12049999833107 ], [ 8746913.260400000959635, 3661520.002300001680851 ], [ 8746873.698600001633167, 3661494.405299998819828 ], [ 8746845.137600000947714, 3661484.797499999403954 ], [ 8746673.804400000721216, 3661427.161499999463558 ], [ 8746254.761500000953674, 3661301.362899996340275 ], [ 8746157.945799998939037, 3661249.985200002789497 ], [ 8746045.689599998295307, 3661121.3838 ], [ 8746005.620999999344349, 3661040.546400003135204 ], [ 8745977.763000000268221, 3660984.343599997460842 ], [ 8745919.870700001716614, 3660730.32940000295639 ], [ 8745897.838300000876188, 3660575.97749999910593 ], [ 8745884.8904, 3660545.700099997222424 ], [ 8745870.467199999839067, 3660511.972699999809265 ], [ 8745828.260800000280142, 3660456.707999996840954 ], [ 8745718.541299998760223, 3660369.63120000064373 ], [ 8745548.548099998384714, 3660264.153200000524521 ], [ 8745449.393899999558926, 3660153.472599998116493 ], [ 8745319.999499998986721, 3659971.349500000476837 ], [ 8745105.585799999535084, 3659739.45099999755621 ], [ 8744896.925299998372793, 3659522.4309 ], [ 8744743.724700000137091, 3659362.293099999427795 ], [ 8744593.945099998265505, 3659156.2533999979496 ], [ 8744493.905499998480082, 3658989.255500003695488 ], [ 8744466.355200000107288, 3658944.839100003242493 ], [ 8744366.248500000685453, 3658783.446599997580051 ], [ 8744326.818799998611212, 3658745.994199998676777 ], [ 8744316.687199998646975, 3658747.420000001788139 ], [ 8744189.489, 3658765.320500001311302 ], [ 8744092.179699998348951, 3658764.314400002360344 ], [ 8743980.324000000953674, 3658743.893500000238419 ], [ 8743796.847199998795986, 3658661.975900001823902 ], [ 8743576.650299999862909, 3658566.339500002563 ], [ 8743431.038699999451637, 3658530.746699996292591 ], [ 8743214.215999998152256, 3658537.384199999272823 ], [ 8743181.646499998867512, 3658539.275499999523163 ], [ 8742954.545099999755621, 3658552.463100001215935 ], [ 8742787.480000000447035, 3658546.469899997115135 ], [ 8742721.657000001519918, 3658544.108499996364117 ], [ 8742550.906800001859665, 3658515.65429999679327 ], [ 8742424.697700001299381, 3658479.786700002849102 ], [ 8742074.566799998283386, 3658380.276399999856949 ], [ 8741744.898299999535084, 3658320.512999996542931 ], [ 8741532.809300001710653, 3658297.541199997067451 ], [ 8741402.820700000971556, 3658319.883199997246265 ], [ 8741308.061799999326468, 3658357.412600003182888 ], [ 8741216.776099998503923, 3658344.597699999809265 ], [ 8741066.393199998885393, 3658343.013899996876717 ], [ 8740818.549100000411272, 3658355.218099996447563 ], [ 8740688.837999999523163, 3658350.885300002992153 ], [ 8740370.473400000482798, 3658338.629100002348423 ], [ 8739988.759500000625849, 3658321.249300003051758 ], [ 8739785.316399998962879, 3658317.60869999974966 ], [ 8739637.007100000977516, 3658300.399999998509884 ], [ 8739630.682500001043081, 3658299.66610000282526 ], [ 8739561.512299999594688, 3658276.124499998986721 ], [ 8739554.282299999147654, 3658273.663800001144409 ], [ 8739500.872299998998642, 3658249.442400000989437 ], [ 8739470.635400000959635, 3658235.729999996721745 ], [ 8739422.138700000941753, 3658220.396300002932549 ], [ 8739346.620000001043081, 3658250.709499999880791 ], [ 8739237.9496, 3658294.229900002479553 ], [ 8739155.60249999910593, 3658327.208400003612041 ], [ 8739046.2511, 3658349.750799998641014 ], [ 8738890.975600000470877, 3658392.54730000346899 ], [ 8738527.031899999827147, 3658437.556199997663498 ], [ 8738431.017499998211861, 3658453.39130000025034 ], [ 8738322.862300001084805, 3658500.914899997413158 ], [ 8738245.500900000333786, 3658520.820799998939037 ], [ 8738048.037900000810623, 3658530.423100002110004 ], [ 8737910.644299998879433, 3658543.372599996626377 ], [ 8737648.606899999082088, 3658551.374499998986721 ], [ 8737302.039799999445677, 3658578.294799998402596 ], [ 8737192.5320999994874, 3658593.889700002968311 ], [ 8737184.340700000524521, 3658595.056199997663498 ], [ 8736988.708599999547005, 3658601.058600001037121 ], [ 8736920.430799998342991, 3658610.238099999725819 ], [ 8736771.41330000013113, 3658619.445799998939037 ], [ 8736799.760299999266863, 3658653.108800001442432 ], [ 8736818.905699998140335, 3658708.3091000020504 ], [ 8736839.256999999284744, 3658818.51630000025034 ], [ 8736829.245000001043081, 3658915.774099998176098 ], [ 8736755.99720000103116, 3659053.820500001311302 ], [ 8736673.373599998652935, 3659145.786899998784065 ], [ 8736539.067099999636412, 3659288.582699999213219 ], [ 8736515.144799999892712, 3659344.220799997448921 ], [ 8736493.167199999094009, 3659553.147699996829033 ], [ 8736509.347199998795986, 3659801.25900000333786 ], [ 8736496.965799998492002, 3660035.540700003504753 ], [ 8736455.734400000423193, 3660199.187299996614456 ], [ 8736387.444299999624491, 3660376.066600002348423 ], [ 8736358.198800001293421, 3660467.715599998831749 ], [ 8736331.282800000160933, 3660551.275700002908707 ], [ 8736273.932500001043081, 3660628.194600000977516 ], [ 8736166.391399998217821, 3660700.061300002038479 ], [ 8736016.287399999797344, 3660808.432499997317791 ], [ 8735840.440499998629093, 3660974.229500003159046 ], [ 8735755.449799999594688, 3661034.618299998342991 ], [ 8735558.513300001621246, 3661158.708200000226498 ], [ 8735512.683800000697374, 3661248.376299999654293 ], [ 8735420.427700001746416, 3661399.754900000989437 ], [ 8735247.591499999165535, 3661617.882600001990795 ], [ 8735188.26240000128746, 3661711.011900000274181 ], [ 8735132.336300000548363, 3661904.268500000238419 ], [ 8735091.4956, 3662030.062600001692772 ], [ 8734990.658399999141693, 3662227.340700000524521 ], [ 8734961.401700001209974, 3662277.51799999922514 ], [ 8734889.063999999314547, 3662328.577200002968311 ], [ 8734819.826900001615286, 3662383.276900000870228 ], [ 8734786.814300000667572, 3662448.742899999022484 ], [ 8734778.357200000435114, 3662566.77929999679327 ], [ 8734752.969700001180172, 3662673.810099996626377 ], [ 8734716.132800001651049, 3662760.877499997615814 ], [ 8734619.5793999992311, 3662893.281800001859665 ], [ 8734461.835099998861551, 3663041.248000003397465 ], [ 8734393.699499998241663, 3663118.053999997675419 ], [ 8734356.947599999606609, 3663197.008000001311302 ], [ 8734346.8882, 3663296.996200002729893 ], [ 8734344.1732, 3663381.734999999403954 ], [ 8734334.865699999034405, 3663408.104299999773502 ], [ 8734321.026599999517202, 3663447.312299996614456 ], [ 8734288.4309, 3663474.008900001645088 ], [ 8734240.561799999326468, 3663502.341300003230572 ], [ 8734145.029100000858307, 3663540.070100001990795 ], [ 8734065.735399998724461, 3663569.860699996352196 ], [ 8733975.433600001037121, 3663601.3429000005126 ], [ 8733972.952500000596046, 3663602.207900002598763 ], [ 8733923.403299998492002, 3663638.156900003552437 ], [ 8733872.549100000411272, 3663675.052699998021126 ], [ 8733780.7837999984622, 3663778.653899997472763 ], [ 8733727.3257, 3663907.928000003099442 ], [ 8733717.556699998676777, 3663980.868600003421307 ], [ 8733700.072599999606609, 3664031.147699996829033 ], [ 8733690.689599998295307, 3664058.130400002002716 ], [ 8733655.814899999648333, 3664091.654799997806549 ], [ 8733649.878100000321865, 3664097.3618 ], [ 8733591.258000001311302, 3664123.77139999717474 ], [ 8733562.601700000464916, 3664123.455600000917912 ], [ 8733536.8618, 3664123.171999998390675 ], [ 8733516.781399998813868, 3664122.9507 ], [ 8733439.711199998855591, 3664113.082800000905991 ], [ 8733396.600999999791384, 3664116.214800000190735 ], [ 8733331.463700000196695, 3664123.858000002801418 ], [ 8733319.324000000953674, 3664125.282600000500679 ], [ 8733209.980399999767542, 3664112.351800002157688 ], [ 8733116.907000001519918, 3664088.778099998831749 ], [ 8733013.253600001335144, 3664047.951999999582767 ], [ 8732990.6587999984622, 3664056.399499997496605 ], [ 8732942.967399999499321, 3664074.229900002479553 ], [ 8732844.932399999350309, 3664175.955399997532368 ], [ 8732762.7577, 3664272.510899998247623 ], [ 8732761.292399998754263, 3664274.232600003480911 ], [ 8732643.651999998837709, 3664363.115099996328354 ], [ 8732542.617600001394749, 3664410.695900000631809 ], [ 8732522.472699999809265, 3664419.148599997162819 ], [ 8732412.788699999451637, 3664465.171300001442432 ], [ 8732371.308800000697374, 3664489.427400000393391 ], [ 8732300.786699999123812, 3664530.666500002145767 ], [ 8732240.947999998927116, 3664585.917700000107288 ], [ 8732198.520399998873472, 3664690.063400000333786 ], [ 8732179.060899998992682, 3664815.716899998486042 ], [ 8732171.470899999141693, 3664864.727099999785423 ], [ 8732134.564899999648333, 3664956.309399999678135 ], [ 8732116.240899998694658, 3664990.377499997615814 ], [ 8732107.0760000012815, 3665002.676899999380112 ], [ 8732061.58559999987483, 3665063.725000001490116 ], [ 8731968.922699999064207, 3665165.511100001633167 ], [ 8731871.1129, 3665245.594200000166893 ], [ 8731829.991599999368191, 3665345.773999996483326 ], [ 8731787.448100000619888, 3665396.284400001168251 ], [ 8731734.447700001299381, 3665443.162299998104572 ], [ 8731650.193300001323223, 3665468.595100000500679 ], [ 8731603.660500001162291, 3665482.541000001132488 ], [ 8731599.290699999779463, 3665483.850599996745586 ], [ 8731574.238600000739098, 3665534.555799998342991 ], [ 8731561.431200001388788, 3665585.39750000089407 ], [ 8731558.863800000399351, 3665611.4824 ], [ 8731556.55290000140667, 3665634.961999997496605 ], [ 8731551.579, 3665685.499099999666214 ], [ 8731547.304299999028444, 3665755.775700002908707 ], [ 8731520.54109999909997, 3665802.946199998259544 ], [ 8731490.413899999111891, 3665820.159699998795986 ], [ 8731457.159499999135733, 3665839.159999996423721 ], [ 8731380.035399999469519, 3665852.364600002765656 ], [ 8731260.947999998927116, 3665863.342200003564358 ], [ 8731140.461100000888109, 3665842.657200001180172 ], [ 8731063.998500000685453, 3665796.091700002551079 ], [ 8730994.708599999547005, 3665733.78320000320673 ], [ 8730916.350099999457598, 3665624.208999998867512 ], [ 8730826.125100001692772, 3665475.215300001204014 ], [ 8730682.040500000119209, 3665237.279799997806549 ], [ 8730664.927099999040365, 3665212.799599997699261 ], [ 8730645.818500000983477, 3665185.465499997138977 ], [ 8730594.508699998259544, 3665078.015699997544289 ], [ 8730564.212000001221895, 3664977.566200003027916 ], [ 8730519.391699999570847, 3664811.116999998688698 ], [ 8730413.853999998420477, 3664616.932199999690056 ], [ 8730332.381700001657009, 3664518.616499997675419 ], [ 8730325.391100000590086, 3664516.253700003027916 ], [ 8730205.422200001776218, 3664475.705200001597404 ], [ 8729993.452100001275539, 3664491.359899997711182 ], [ 8729826.408399999141693, 3664502.106499999761581 ], [ 8729823.662799999117851, 3664501.7212999984622 ], [ 8729756.517200000584126, 3664492.300999999046326 ], [ 8729711.972699999809265, 3664462.9397 ], [ 8729581.112700000405312, 3664367.671899996697903 ], [ 8729501.552700001746416, 3664299.58669999986887 ], [ 8729439.964899998158216, 3664229.449699997901917 ], [ 8729334.691500000655651, 3664093.436099998652935 ], [ 8729242.359999999403954, 3664004.013400003314018 ], [ 8729142.447799999266863, 3663950.578400000929832 ], [ 8729028.894999999552965, 3663913.221400000154972 ], [ 8728996.021899998188019, 3663911.072300001978874 ], [ 8728945.49720000103116, 3663907.769199997186661 ], [ 8728859.276000000536442, 3663914.008000001311302 ], [ 8728777.912900000810623, 3663967.196699999272823 ], [ 8728707.377500001341105, 3664015.096900001168251 ], [ 8728590.323399998247623, 3664049.843800000846386 ], [ 8728454.986600000411272, 3664124.06139999628067 ], [ 8728425.981100000441074, 3664139.967600002884865 ], [ 8728221.932, 3664249.479800000786781 ], [ 8728078.4510000012815, 3664399.360600002110004 ], [ 8727957.495299998670816, 3664620.745399996638298 ], [ 8727867.340900000184774, 3664816.328500002622604 ], [ 8727805.019799999892712, 3664931.060199998319149 ], [ 8727763.05009999871254, 3664991.910800002515316 ], [ 8727771.149099998176098, 3665069.5658999979496 ], [ 8727812.961599998176098, 3665181.877300001680851 ], [ 8727848.165100000798702, 3665243.607600003480911 ], [ 8727888.945999998599291, 3665304.933899998664856 ], [ 8727907.395199999213219, 3665375.466499999165535 ], [ 8727916.999200001358986, 3665454.6891999989748 ], [ 8727925.029100000858307, 3665532.336400002241135 ], [ 8727926.464699998497963, 3665546.217299997806549 ], [ 8727939.595100000500679, 3665585.780000001192093 ], [ 8727956.921300001442432, 3665637.984700001776218 ], [ 8728045.519799999892712, 3665693.493699997663498 ], [ 8728092.885200001299381, 3665732.83669999986887 ], [ 8728135.650800000876188, 3665768.358999997377396 ], [ 8728150.441599998623133, 3665790.782899998128414 ], [ 8728197.576400000602007, 3665862.242799997329712 ], [ 8728210.47239999845624, 3665887.868600003421307 ], [ 8728242.069200001657009, 3665950.654799997806549 ], [ 8728260.540399998426437, 3666019.432099997997284 ], [ 8728245.913199998438358, 3666075.526399999856949 ], [ 8728205.006900001317263, 3666134.838899999856949 ], [ 8728127.186299998313189, 3666209.555299997329712 ], [ 8727990.963799998164177, 3666343.385499998927116 ], [ 8727953.435600001364946, 3666413.286100000143051 ], [ 8727887.778499998152256, 3666495.173699997365475 ], [ 8727832.1415, 3666619.372599996626377 ], [ 8727756.824200000613928, 3666782.029200002551079 ], [ 8727697.9243, 3666885.093599997460842 ], [ 8727589.42509999871254, 3667042.099399998784065 ], [ 8727511.5176, 3667123.849299997091293 ], [ 8727430.428300000727177, 3667177.430299997329712 ], [ 8727324.82660000026226, 3667232.489900000393391 ], [ 8727243.616799999028444, 3667296.618699997663498 ], [ 8727193.697700001299381, 3667378.687899999320507 ], [ 8727145.328499998897314, 3667478.358199998736382 ], [ 8727131.9879, 3667574.912699997425079 ], [ 8727124.134199999272823, 3667650.430500000715256 ], [ 8727091.9868, 3667708.087999999523163 ], [ 8727081.660399999469519, 3667730.151299998164177 ], [ 8727054.331900000572205, 3667788.540700003504753 ], [ 8727023.734400000423193, 3667863.799699999392033 ], [ 8727026.217799998819828, 3667953.503799997270107 ], [ 8727026.922600001096725, 3668039.584299996495247 ], [ 8727026.952100001275539, 3668043.18860000371933 ], [ 8727030.736000001430511, 3668249.8412000015378 ], [ 8727033.791900001466274, 3668292.1503000035882 ], [ 8727035.906399998813868, 3668321.426100000739098 ], [ 8727038.299100000411272, 3668354.552299998700619 ], [ 8727050.475099999457598, 3668438.215700000524521 ], [ 8727047.024599999189377, 3668511.1503000035882 ], [ 8727038.862700000405312, 3668536.553999997675419 ], [ 8727021.94310000166297, 3668562.736900001764297 ], [ 8726995.510200001299381, 3668579.139600001275539 ], [ 8726952.625599998980761, 3668580.407300002872944 ], [ 8726923.75730000063777, 3668580.076999999582767 ], [ 8726826.735199999064207, 3668571.93299999833107 ], [ 8726712.317099999636412, 3668554.796499997377396 ], [ 8726624.182799998670816, 3668534.443999998271465 ], [ 8726526.465900000184774, 3668510.464100003242493 ], [ 8726406.154899999499321, 3668473.036300003528595 ], [ 8726316.762899998575449, 3668434.396099999547005 ], [ 8726280.785500001162291, 3668418.844700001180172 ], [ 8726209.613499999046326, 3668368.791900001466274 ], [ 8726112.638799998909235, 3668279.757700003683567 ], [ 8726033.040399998426437, 3668201.473399996757507 ], [ 8725977.816199999302626, 3668134.019799999892712 ], [ 8725922.692600000649691, 3668057.775399997830391 ], [ 8725905.5044, 3668184.180699996650219 ], [ 8725904.079999998211861, 3668197.18639999628067 ], [ 8725880.115299999713898, 3668415.996699996292591 ], [ 8725863.914299998432398, 3668609.236299999058247 ], [ 8725814.229899998754263, 3668823.194200001657009 ], [ 8725768.1435999982059, 3669028.403800003230572 ], [ 8725766.53999999910593, 3669034.97860000282526 ], [ 8725724.086500000208616, 3669209.020400002598763 ], [ 8725681.818300001323223, 3669386.142499998211861 ], [ 8725658.410500001162291, 3669443.9037000015378 ], [ 8725615.816100001335144, 3669496.168600000441074 ], [ 8725536.317600000649691, 3669562.076200000941753 ], [ 8725457.524999998509884, 3669612.030699998140335 ], [ 8725446.420200001448393, 3669619.071099996566772 ], [ 8725300.491700001060963, 3669678.935699999332428 ], [ 8725161.661499999463558, 3669730.088600002229214 ], [ 8725055.310899998992682, 3669771.943999998271465 ], [ 8725005.313099998980761, 3669782.796300001442432 ], [ 8724929.230799999088049, 3669779.278300002217293 ], [ 8724922.1305, 3669777.753499999642372 ], [ 8724825.364700000733137, 3669756.973399996757507 ], [ 8724815.92339999973774, 3669756.468500003218651 ], [ 8724741.4189000017941, 3669752.484200000762939 ], [ 8724634.565400000661612, 3669761.797499999403954 ], [ 8724585.899599999189377, 3669774.023999996483326 ], [ 8724527.5099, 3669788.693499997258186 ], [ 8724400.904100000858307, 3669841.740199998021126 ], [ 8724346.339499998837709, 3669869.243900001049042 ], [ 8724212.308600001037121, 3669959.133500002324581 ], [ 8724143.60359999909997, 3669998.782600000500679 ], [ 8724091.394999999552965, 3669973.555699996650219 ], [ 8723908.523699998855591, 3669897.568300001323223 ], [ 8723789.947799999266863, 3669861.016699999570847 ], [ 8723704.515799999237061, 3669833.643299996852875 ], [ 8723555.850600000470877, 3669826.634999997913837 ], [ 8723447.479800000786781, 3669815.699000000953674 ], [ 8723349.678599998354912, 3669798.730700001120567 ], [ 8723248.429000001400709, 3669777.325000002980232 ], [ 8723115.969900000840425, 3669730.934199996292591 ], [ 8722952.302000001072884, 3669659.55799999833107 ], [ 8722862.63060000166297, 3669620.700000002980232 ], [ 8722688.395599998533726, 3669555.352399997413158 ], [ 8722549.114500001072884, 3669493.930100001394749 ], [ 8722380.294700000435114, 3669414.574799999594688 ], [ 8722275.989100001752377, 3669355.319300003349781 ], [ 8722262.720300000160933, 3669344.695900000631809 ], [ 8722251.519499998539686, 3669335.728299997746944 ], [ 8722213.573699999600649, 3669305.347999997437 ], [ 8722145.725699998438358, 3669271.139300003647804 ], [ 8722101.324299998581409, 3669252.153200000524521 ], [ 8721992.063200000673532, 3669242.95549999922514 ], [ 8721795.381299998611212, 3669227.45269999653101 ], [ 8721772.541499998420477, 3669226.690999999642372 ], [ 8721591.598400000482798, 3669220.656300000846386 ], [ 8721499.6085, 3669231.0022 ], [ 8721393.518699999898672, 3669249.973700001835823 ], [ 8721344.53660000115633, 3669262.098899997770786 ], [ 8721244.346099998801947, 3669286.900399997830391 ], [ 8721156.616500001400709, 3669306.966499999165535 ], [ 8721044.134199999272823, 3669348.721100002527237 ], [ 8720919.907999999821186, 3669421.98929999768734 ], [ 8720852.102699998766184, 3669458.9956 ], [ 8720760.087200000882149, 3669521.083999998867512 ], [ 8720758.617800001055002, 3669522.075499996542931 ], [ 8720756.332499999552965, 3669520.109999999403954 ], [ 8720695.383299998939037, 3669467.691600002348423 ], [ 8720633.785500001162291, 3669422.998800002038479 ], [ 8720549.19480000063777, 3669399.13570000231266 ], [ 8720483.264699999243021, 3669350.874200001358986 ], [ 8720368.551399998366833, 3669284.448600001633167 ], [ 8720263.658500000834465, 3669201.433200001716614 ], [ 8720191.031300000846386, 3669127.593400001525879 ], [ 8720049.1233000010252, 3668993.14190000295639 ], [ 8720001.515799999237061, 3668949.493500001728535 ], [ 8719902.626400001347065, 3668877.0996999964118 ], [ 8719863.425799999386072, 3668862.565600000321865 ], [ 8719736.019900001585484, 3668908.528099998831749 ], [ 8719635.980999998748302, 3668933.714199997484684 ], [ 8719494.013399999588728, 3668953.124399997293949 ], [ 8719320.822200000286102, 3668949.300599999725819 ], [ 8719202.035399999469519, 3668932.056900002062321 ], [ 8719142.683699999004602, 3668919.917999997735023 ], [ 8719038.72749999910593, 3668906.366999998688698 ], [ 8718931.272300001233816, 3668892.773500002920628 ], [ 8718874.500500001013279, 3668924.194899998605251 ], [ 8718831.752999998629093, 3668947.854400001466274 ], [ 8718702.656199999153614, 3668988.5132 ], [ 8718533.494699999690056, 3669013.744000002741814 ], [ 8718416.092799998819828, 3669027.284100003540516 ], [ 8718323.279199998825788, 3669033.204999998211861 ], [ 8718303.586800001561642, 3669098.634099997580051 ], [ 8718303.239700000733137, 3669099.787299998104572 ], [ 8718262.170699998736382, 3669242.612499997019768 ], [ 8718257.227400001138449, 3669256.332400001585484 ], [ 8718227.788699999451637, 3669338.038999997079372 ], [ 8718183.62950000166893, 3669372.679300002753735 ], [ 8718078.273299999535084, 3669403.068000003695488 ], [ 8717909.656899999827147, 3669455.55629999935627 ], [ 8717748.373100001364946, 3669479.994800001382828 ], [ 8717666.012699998915195, 3669489.554899998009205 ], [ 8717558.150400001555681, 3669583.217600002884865 ], [ 8717570.102699998766184, 3669514.222499996423721 ], [ 8717578.822599999606609, 3669463.885899998247623 ], [ 8717570.997000001370907, 3669386.416299998760223 ], [ 8717563.108199998736382, 3669314.221799999475479 ], [ 8717528.84910000115633, 3669252.261200003325939 ], [ 8717397.5760000012815, 3669108.240599997341633 ], [ 8717327.184799998998642, 3668994.848700001835823 ], [ 8717276.019299998879433, 3668883.447599999606609 ], [ 8717230.565200001001358, 3668733.429999999701977 ], [ 8717211.250700000673532, 3668592.521200001239777 ], [ 8717239.7478, 3668550.662600003182888 ], [ 8717313.796700000762939, 3668504.078000001609325 ], [ 8717375.429999999701977, 3668471.410999998450279 ], [ 8717435.733399998396635, 3668403.559299997985363 ], [ 8717470.023699998855591, 3668316.05179999768734 ], [ 8717492.108800001442432, 3668224.880900003015995 ], [ 8717486.557900000363588, 3668103.485100001096725 ], [ 8717478.879999998956919, 3668013.715300001204014 ], [ 8717469.655000001192093, 3667988.062700003385544 ], [ 8717443.315200001001358, 3667914.818099997937679 ], [ 8717370.654899999499321, 3667845.366099998354912 ], [ 8717317.617199998348951, 3667744.500699996948242 ], [ 8717287.144999999552965, 3667658.85360000282526 ], [ 8717275.539200000464916, 3667605.084600001573563 ], [ 8717265.976700000464916, 3667526.723700001835823 ], [ 8717284.2972999997437, 3667384.521300002932549 ], [ 8717281.38289999961853, 3667262.284299999475479 ], [ 8717267.475299999117851, 3667108.266699999570847 ], [ 8717239.236999999731779, 3666982.209899999201298 ], [ 8717203.084899999201298, 3666859.575099997222424 ], [ 8717168.472699999809265, 3666754.541799999773502 ], [ 8717089.462400000542402, 3666631.39130000025034 ], [ 8717020.392200000584126, 3666554.953699998557568 ], [ 8716928.455200001597404, 3666488.789300002157688 ], [ 8716844.969900000840425, 3666463.373599998652935 ], [ 8716808.171900000423193, 3666452.171099998056889 ], [ 8716684.053399998694658, 3666443.637199997901917 ], [ 8716600.1064000017941, 3666440.863099999725819 ], [ 8716472.025499999523163, 3666470.959899999201298 ], [ 8716401.877399999648333, 3666471.940700002014637 ], [ 8716322.824200000613928, 3666512.976000003516674 ], [ 8716270.914299998432398, 3666530.899999998509884 ], [ 8716267.845400001853704, 3666533.581500001251698 ], [ 8716174.614, 3666615.044600002467632 ], [ 8716098.736999999731779, 3666668.628799997270107 ], [ 8716005.598200000822544, 3666702.662699997425079 ], [ 8715917.960900001227856, 3666715.664300002157688 ], [ 8715839.43019999936223, 3666698.885799996554852 ], [ 8715724.522799998521805, 3666651.775100000202656 ], [ 8715620.112199999392033, 3666604.79110000282526 ], [ 8715587.473499998450279, 3666596.312600001692772 ], [ 8715520.695999998599291, 3666578.965899996459484 ], [ 8715412.427200000733137, 3666561.823700003325939 ], [ 8715325.882100000977516, 3666629.339900001883507 ], [ 8715251.284699998795986, 3666721.616800002753735 ], [ 8715191.041900001466274, 3666784.178999997675419 ], [ 8715101.017200000584126, 3666849.894299998879433 ], [ 8715018.328899998217821, 3666887.566799998283386 ], [ 8714909.4847999997437, 3666917.886399999260902 ], [ 8714891.086599998176098, 3666924.411799997091293 ], [ 8714831.96229999884963, 3666972.476400002837181 ], [ 8714727.597800001502037, 3667120.901600003242493 ], [ 8714620.368900001049042, 3667273.400499999523163 ], [ 8714509.49269999936223, 3667302.89469999819994 ], [ 8714408.760600000619888, 3667377.708099998533726 ], [ 8714374.326400000602007, 3667331.570500001311302 ], [ 8714319.816100001335144, 3667209.580200001597404 ], [ 8714240.751200001686811, 3667092.5647 ], [ 8714180.482500001788139, 3667012.70380000025034 ], [ 8714135.171399999409914, 3666956.118199996650219 ], [ 8714123.606499999761581, 3666941.675700001418591 ], [ 8714084.853900000452995, 3666891.090199999511242 ], [ 8714031.892900001257658, 3666857.912600003182888 ], [ 8713965.619600001722574, 3666840.395900003612041 ], [ 8713910.749499998986721, 3666820.381800003349781 ], [ 8713840.977800000458956, 3666802.821599997580051 ], [ 8713782.30970000103116, 3666807.375799998641014 ], [ 8713717.679299999028444, 3666798.66950000077486 ], [ 8713673.230900000780821, 3666784.93639999628067 ], [ 8713647.215199999511242, 3666766.154899999499321 ], [ 8713636.165199998766184, 3666739.645499996840954 ], [ 8713626.321899998933077, 3666685.898199997842312 ], [ 8713621.845600001513958, 3666657.457599997520447 ], [ 8713614.953899998217821, 3666613.670999996364117 ], [ 8713593.646499998867512, 3666495.608300000429153 ], [ 8713552.925900001078844, 3666391.3733000010252 ], [ 8713457.959199998527765, 3666216.143899999558926 ], [ 8713365.7043999992311, 3666033.916500002145767 ], [ 8713281.383099999278784, 3665918.597999997437 ], [ 8713188.016399998217821, 3665827.782300002872944 ], [ 8713094.500700000673532, 3665749.271799996495247 ], [ 8712955.699000000953674, 3665654.379199996590614 ], [ 8712912.462000001221895, 3665613.4087999984622 ], [ 8712874.515999998897314, 3665568.98759999871254 ], [ 8712866.242600001394749, 3665530.207099996507168 ], [ 8712873.991399999707937, 3665468.769199997186661 ], [ 8712880.631000000983477, 3665429.637699998915195 ], [ 8712875.35190000012517, 3665426.005999997258186 ], [ 8712877.9662000015378, 3665212.112000003457069 ], [ 8712829.096999999135733, 3665082.209299996495247 ], [ 8712818.145899999886751, 3665076.995399996638298 ], [ 8712708.356499999761581, 3665027.83839999884367 ], [ 8712610.133900001645088, 3664986.9408999979496 ], [ 8712464.860800001770258, 3664903.973800003528595 ], [ 8712315.434300001710653, 3664793.897399999201298 ], [ 8712228.324999999254942, 3664725.177199997007847 ], [ 8712156.670299999415874, 3664640.414399996399879 ], [ 8712116.566100001335144, 3664544.318199999630451 ], [ 8712094.762899998575449, 3664419.589500002563 ], [ 8712066.202300000935793, 3664260.507100000977516 ], [ 8712030.6858000010252, 3664156.353299997746944 ], [ 8711995.037200000137091, 3664063.020400002598763 ], [ 8711915.875799998641014, 3663932.173000000417233 ], [ 8711827.764899998903275, 3663872.459899999201298 ], [ 8711743.70890000090003, 3663847.968900002539158 ], [ 8711586.16499999910593, 3663815.349600002169609 ], [ 8711451.031300000846386, 3663784.811099998652935 ], [ 8711349.794700000435114, 3663770.926299996674061 ], [ 8711247.416600000113249, 3663776.866999998688698 ], [ 8711178.834499999880791, 3663807.577200002968311 ], [ 8711069.529899999499321, 3663865.737099997699261 ], [ 8710988.229299999773502, 3663908.914099998772144 ], [ 8710868.389699999243021, 3663948.002899996936321 ], [ 8710773.863000001758337, 3663972.075400002300739 ], [ 8710694.912900000810623, 3663970.188299998641014 ], [ 8710748.147799998521805, 3663874.355499997735023 ], [ 8710792.899399999529123, 3663738.736699998378754 ], [ 8710815.547699999064207, 3663648.836199998855591 ], [ 8710827.144200000911951, 3663509.198399998247623 ], [ 8710829.160199999809265, 3663345.994999997317791 ], [ 8710837.9419, 3663216.244499996304512 ], [ 8710828.6897, 3663093.484399996697903 ], [ 8710768.479899998754263, 3663027.803900003433228 ], [ 8710646.021999999880791, 3662916.257200002670288 ], [ 8710590.95160000026226, 3662870.48030000180006 ], [ 8710410.792100001126528, 3662715.692199997603893 ], [ 8710277.727200001478195, 3662630.017300002276897 ], [ 8710262.921500001102686, 3662620.484499998390675 ], [ 8710137.842799998819828, 3662580.960400000214577 ], [ 8710023.623799998313189, 3662571.322899997234344 ], [ 8709989.892499998211861, 3662571.578100003302097 ], [ 8709904.952399998903275, 3662633.11150000244379 ], [ 8709779.3733000010252, 3662780.763800002634525 ], [ 8709688.777800001204014, 3662781.282600000500679 ], [ 8709657.187600001692772, 3662812.949100002646446 ], [ 8709516.109099999070168, 3662910.693199999630451 ], [ 8709442.079799998551607, 3662952.852700002491474 ], [ 8709312.7379, 3663009.705600000917912 ], [ 8709188.792700000107288, 3663043.028999999165535 ], [ 8709022.561299998313189, 3663110.701200000941753 ], [ 8708880.954700000584126, 3663168.422700002789497 ], [ 8708780.638599999248981, 3663189.729400001466274 ], [ 8708576.3838, 3663195.360799998044968 ], [ 8708482.391199998557568, 3663201.895999997854233 ], [ 8708463.984700001776218, 3663203.175800003111362 ], [ 8708387.235199999064207, 3663217.595899999141693 ], [ 8708291.932100001722574, 3663246.144599996507168 ], [ 8708202.611900001764297, 3663286.0537 ], [ 8708126.702599998563528, 3663314.846799999475479 ], [ 8708052.135099999606609, 3663318.007299996912479 ], [ 8707987.088799998164177, 3663294.613099999725819 ], [ 8707911.976399999111891, 3663259.805600002408028 ], [ 8707778.60359999909997, 3663230.415500000119209 ], [ 8707660.324000000953674, 3663218.656999997794628 ], [ 8707535.0022, 3663198.600500002503395 ], [ 8707446.46680000051856, 3663175.932099997997284 ], [ 8707404.912099998444319, 3663151.807700000703335 ], [ 8707383.435499999672174, 3663073.563199996948242 ], [ 8707382.438499998301268, 3662990.449000000953674 ], [ 8707371.739100001752377, 3662948.249700002372265 ], [ 8707296.150800000876188, 3662870.344700001180172 ], [ 8707152.509799998253584, 3662764.90089999884367 ], [ 8707054.403000000864267, 3662691.838799998164177 ], [ 8706993.999099999666214, 3662624.386 ], [ 8706941.51630000025034, 3662495.479099996387959 ], [ 8706901.424899999052286, 3662355.445900000631809 ], [ 8706849.203000001609325, 3662124.98139999806881 ], [ 8706855.819699998944998, 3661923.993199996650219 ], [ 8706860.032400000840425, 3661832.744599997997284 ], [ 8706866.299199998378754, 3661740.4966000020504 ], [ 8706873.366900000721216, 3661665.698899999260902 ], [ 8706872.902100000530481, 3661621.581200003623962 ], [ 8706858.122299998998642, 3661579.333099998533726 ], [ 8706816.818599998950958, 3661535.721799999475479 ], [ 8706750.850900001823902, 3661487.210100002586842 ], [ 8706735.903799999505281, 3661476.218199998140335 ], [ 8706687.959899999201298, 3661433.034999996423721 ], [ 8706614.979200001806021, 3661351.576800003647804 ], [ 8706569.122699998319149, 3661304.829700000584126 ], [ 8706517.929000001400709, 3661317.0 ], [ 8706412.821199998259544, 3661354.641099996864796 ], [ 8706331.473000001162291, 3661370.016599997878075 ], [ 8706264.4978, 3661378.906999997794628 ], [ 8706203.272199999541044, 3661377.099299997091293 ], [ 8706165.74210000038147, 3661358.155000001192093 ], [ 8706124.492499999701977, 3661310.4397 ], [ 8706038.595199998468161, 3661241.637100003659725 ], [ 8705971.545200001448393, 3661216.160099998116493 ], [ 8705789.995999999344349, 3661123.56530000269413 ], [ 8705476.685199998319149, 3661037.487000003457069 ], [ 8705317.885400000959635, 3661002.624700002372265 ], [ 8705255.830400001257658, 3661000.832900002598763 ], [ 8705126.048799999058247, 3660997.085400000214577 ], [ 8704971.165699999779463, 3661055.619099996984005 ], [ 8704706.110199999064207, 3661317.23309999704361 ], [ 8704700.313499998301268, 3661322.954599998891354 ], [ 8704698.48759999871254, 3661326.247599996626377 ], [ 8704533.1402000002563, 3661624.452799998223782 ], [ 8704393.571400001645088, 3661842.189300000667572 ], [ 8704313.199000000953674, 3661980.6721 ], [ 8704229.528299998492002, 3662057.560199998319149 ], [ 8704131.136500000953674, 3662088.093299999833107 ], [ 8704109.524399999529123, 3662093.927400000393391 ], [ 8704046.334399998188019, 3662110.985399998724461 ], [ 8703996.941500000655651, 3662124.318899996578693 ], [ 8703910.757500000298023, 3662158.086099997162819 ], [ 8703854.068300001323223, 3662200.440999999642372 ], [ 8703839.275299999862909, 3662216.574100002646446 ], [ 8703808.514600001275539, 3662250.121299996972084 ], [ 8703739.747299998998642, 3662278.983300000429153 ], [ 8703658.091400001198053, 3662277.927400000393391 ], [ 8703565.260499998927116, 3662272.622699998319149 ], [ 8703473.673900000751019, 3662249.893700003623962 ], [ 8703364.188700001686811, 3662190.0 ], [ 8703306.601399999111891, 3662143.088799998164177 ], [ 8703250.792700000107288, 3662116.718299999833107 ], [ 8703155.019200000911951, 3662102.140100002288818 ], [ 8703059.786899998784065, 3662101.871799997985363 ], [ 8703053.958200000226498, 3662101.855400003492832 ], [ 8702930.50789999961853, 3662096.149999998509884 ], [ 8702853.758699998259544, 3662110.541799999773502 ], [ 8702814.276399999856949, 3662128.763700000941753 ], [ 8702771.60249999910593, 3662148.458599999547005 ], [ 8702712.336500000208616, 3662152.817800000309944 ], [ 8702673.997699998319149, 3662153.420199997723103 ], [ 8702640.8618, 3662153.940800003707409 ], [ 8702543.619199998676777, 3662159.909500002861023 ], [ 8702530.521899998188019, 3662160.713500000536442 ], [ 8702527.795000001788139, 3662161.148000001907349 ], [ 8702465.052400000393391, 3662171.14639999717474 ], [ 8702423.854699999094009, 3662199.335400000214577 ], [ 8702333.47859999909997, 3662241.246699996292591 ], [ 8702268.021699998527765, 3662250.653399996459484 ], [ 8702182.508499998599291, 3662232.099299997091293 ], [ 8701996.754599999636412, 3662149.658299997448921 ], [ 8701628.169100001454353, 3661996.093999996781349 ], [ 8701624.716299999505281, 3661995.063699997961521 ], [ 8701527.493599999696016, 3661966.0537 ], [ 8701488.721099998801947, 3661964.520999997854233 ], [ 8701438.4956, 3661980.278399996459484 ], [ 8701403.814399998635054, 3662007.423900000751019 ], [ 8701386.930300001055002, 3662020.639300003647804 ], [ 8701343.649999998509884, 3662051.875699996948242 ], [ 8701287.512600000947714, 3662051.141099996864796 ], [ 8701142.522700000554323, 3662053.346600003540516 ], [ 8701113.432500001043081, 3662058.048600003123283 ], [ 8701007.486699998378754, 3662075.173199996352196 ], [ 8700983.387499999254942, 3662078.175999999046326 ], [ 8700954.980900000780821, 3662081.715499997138977 ], [ 8700903.190600000321865, 3662088.168600000441074 ], [ 8700799.107599999755621, 3662084.751900002360344 ], [ 8700756.372099999338388, 3662073.932199999690056 ], [ 8700726.631400000303984, 3662005.833700001239777 ], [ 8700687.350499998778105, 3661886.316399998962879 ], [ 8700646.215599998831749, 3661752.413099996745586 ], [ 8700603.594000000506639, 3661654.396600000560284 ], [ 8700550.806600000709295, 3661553.169399999082088 ], [ 8700540.766600001603365, 3661461.7368 ], [ 8700540.51410000026226, 3661450.733800001442432 ], [ 8700538.811799999326468, 3661376.565999999642372 ], [ 8700539.245200000703335, 3661264.755199998617172 ], [ 8700519.432799998670816, 3661218.332500003278255 ], [ 8700474.011700000613928, 3661178.754199996590614 ], [ 8700439.323899999260902, 3661177.272699996829033 ], [ 8700351.32319999858737, 3661193.555100001394749 ], [ 8700263.228900000452995, 3661217.01690000295639 ], [ 8700183.473200000822544, 3661227.251800000667572 ], [ 8700116.245400000363588, 3661216.108800001442432 ], [ 8700020.409400001168251, 3661128.677500002086163 ], [ 8699857.625100001692772, 3660930.601700000464916 ], [ 8699683.902300000190735, 3660788.801299996674061 ], [ 8699520.683400001376867, 3660624.5713 ], [ 8699442.163800001144409, 3660540.445600003004074 ], [ 8699417.266100000590086, 3660492.930500000715256 ], [ 8699411.704700000584126, 3660371.8147 ], [ 8699410.830400001257658, 3660282.5608000010252 ], [ 8699410.654800001531839, 3660217.934600003063679 ], [ 8699391.787200000137091, 3660177.680600002408028 ], [ 8699359.666000001132488, 3660136.225699998438358 ], [ 8699293.692099999636412, 3660107.658600002527237 ], [ 8699218.090700000524521, 3660112.814000003039837 ], [ 8699074.944600000977516, 3660131.436499997973442 ], [ 8698970.525400001555681, 3660154.673100002110004 ], [ 8698903.276200000196695, 3660145.576899997889996 ], [ 8698815.777499999850988, 3660123.902999997138977 ], [ 8698720.612500000745058, 3660064.173900000751019 ], [ 8698606.27309999987483, 3659987.778200000524521 ], [ 8698538.664200000464916, 3659928.413800001144409 ], [ 8698471.631900001317263, 3659902.906599998474121 ], [ 8698333.108199998736382, 3659880.553400002419949 ], [ 8698200.438200000673532, 3659878.791500002145767 ], [ 8698099.2522, 3659878.657399997115135 ], [ 8698099.2483000010252, 3659878.657399997115135 ], [ 8698028.960999999195337, 3659878.5641999989748 ], [ 8697937.11259999871254, 3659877.342799998819828 ], [ 8697851.49549999833107, 3659867.997900001704693 ], [ 8697768.135899998247623, 3659842.270400002598763 ], [ 8697693.319600000977516, 3659787.9358000010252 ], [ 8697661.392900001257658, 3659732.12049999833107 ], [ 8697636.02250000089407, 3659643.569300003349781 ], [ 8697609.098299998790026, 3659518.071599997580051 ], [ 8697585.201299998909235, 3659472.621500000357628 ], [ 8697534.690000001341105, 3659432.971199996769428 ], [ 8697441.50730000063777, 3659378.391400001943111 ], [ 8697395.214000001549721, 3659328.53999999910593 ], [ 8697363.53319999948144, 3659254.266199998557568 ], [ 8697356.615299999713898, 3659159.8091000020504 ], [ 8697349.7516999989748, 3659061.250399999320507 ], [ 8697320.11259999871254, 3658987.005000002682209 ], [ 8697276.2412, 3658908.467399999499321 ], [ 8697269.070999998599291, 3658899.583499997854233 ], [ 8697236.072799999266863, 3658858.698600001633167 ], [ 8697177.020899999886751, 3658847.653499998152256 ], [ 8697061.067200001329184, 3658817.386100001633167 ], [ 8696934.719000000506639, 3658801.338299997150898 ], [ 8696850.886199999600649, 3658805.756099998950958 ], [ 8696779.47239999845624, 3658809.519500002264977 ], [ 8696722.353399999439716, 3658806.704199999570847 ], [ 8696665.587699998170137, 3658777.225500002503395 ], [ 8696587.133299998939037, 3658690.018700003623962 ], [ 8696555.620700001716614, 3658603.440499998629093 ], [ 8696529.850400000810623, 3658545.658100001513958 ], [ 8696455.071699999272823, 3658489.270900003612041 ], [ 8696438.589400000870228, 3658475.55290000140667 ], [ 8696319.801899999380112, 3658376.687299996614456 ], [ 8696217.717999998480082, 3658301.471699997782707 ], [ 8696114.151700001209974, 3658233.53490000218153 ], [ 8696032.559599999338388, 3658180.012699998915195 ], [ 8695924.782900001853704, 3658144.896099999547005 ], [ 8695819.157299999147654, 3658110.48030000180006 ], [ 8695668.954, 3658046.92339999973774 ], [ 8695437.602200001478195, 3657869.454199999570847 ], [ 8695286.024099998176098, 3657679.725500002503395 ], [ 8694932.535199999809265, 3657333.665399998426437 ], [ 8694915.301699999719858, 3657316.793700002133846 ], [ 8694654.3871, 3657062.003899998962879 ], [ 8694612.705400001257658, 3657009.136500000953674 ], [ 8694575.110399998724461, 3656961.452600002288818 ], [ 8694534.127399999648333, 3656897.313799999654293 ], [ 8694515.094900000840425, 3656887.178099997341633 ], [ 8694455.089800000190735, 3656855.222599998116493 ], [ 8694403.258600000292063, 3656851.222900003194809 ], [ 8694245.589000001549721, 3656839.055799998342991 ], [ 8694118.2324, 3656823.486100003123283 ], [ 8694007.692899998277426, 3656781.762000001966953 ], [ 8693929.346900001168251, 3656752.189599998295307 ], [ 8693842.050700001418591, 3656719.23870000243187 ], [ 8693733.068300001323223, 3656703.402500003576279 ], [ 8693611.401099998503923, 3656720.210900001227856 ], [ 8693408.07880000025034, 3656813.85080000013113 ], [ 8693336.71229999884963, 3656860.274300001561642 ], [ 8693281.44539999961853, 3656896.225100003182888 ], [ 8693080.582400001585484, 3656979.767499998211861 ], [ 8693068.204999998211861, 3656984.915500000119209 ], [ 8693047.453299999237061, 3656993.546499997377396 ], [ 8692879.972899999469519, 3657054.072800002992153 ], [ 8692850.550500001758337, 3657064.705799996852875 ], [ 8692813.868900001049042, 3657072.017899997532368 ], [ 8692686.823600001633167, 3657097.343299999833107 ], [ 8692656.298300001770258, 3657096.432099997997284 ], [ 8692560.3277000002563, 3657093.566699996590614 ], [ 8692307.410900000482798, 3657084.301100000739098 ], [ 8692203.315499998629093, 3657080.486299999058247 ], [ 8691938.329900000244379, 3657054.299699999392033 ], [ 8691628.766600001603365, 3657068.902199998497963 ], [ 8691601.336300000548363, 3657070.195799998939037 ], [ 8691513.530499998480082, 3657073.094499997794628 ], [ 8691237.29450000077486, 3657048.792499996721745 ], [ 8690973.317499998956919, 3657023.628899998962879 ], [ 8690563.90989999845624, 3657051.846000000834465 ], [ 8690452.353300001472235, 3657059.532700002193451 ], [ 8690447.035100001841784, 3657060.319600000977516 ], [ 8690314.534299999475479, 3657079.925999999046326 ], [ 8690262.148400001227856, 3657087.677699998021126 ], [ 8690089.389699999243021, 3657034.0154 ], [ 8689927.228300001472235, 3656951.781499996781349 ], [ 8689914.110199999064207, 3656943.9054000005126 ], [ 8689811.835700001567602, 3656882.499799996614456 ], [ 8689724.620200000703335, 3656842.322899997234344 ], [ 8689661.89299999922514, 3656802.484099999070168 ], [ 8689589.721700001507998, 3656707.134900003671646 ], [ 8689502.873100001364946, 3656640.297799997031689 ], [ 8689363.278200000524521, 3656550.167999997735023 ], [ 8689245.428300000727177, 3656511.615900002419949 ], [ 8689185.272199999541044, 3656507.705600000917912 ], [ 8689142.049600001424551, 3656496.850900001823902 ], [ 8689072.204300001263618, 3656455.373700000345707 ], [ 8688992.691399998962879, 3656411.967299997806549 ], [ 8688913.178599998354912, 3656368.5608000010252 ], [ 8688789.928399998694658, 3656277.628799997270107 ], [ 8688696.155099999159575, 3656195.310199998319149 ], [ 8688620.36710000038147, 3656140.930200003087521 ], [ 8688578.64809999987483, 3656132.145900003612041 ], [ 8688523.482099998742342, 3656136.506899997591972 ], [ 8688428.157499998807907, 3656166.972000002861023 ], [ 8688344.225499998778105, 3656185.289200000464916 ], [ 8688267.760299999266863, 3656180.123000003397465 ], [ 8688216.830699998885393, 3656173.26070000231266 ], [ 8688056.742499999701977, 3656090.015299998223782 ], [ 8687925.94709999859333, 3656028.712499998509884 ], [ 8687823.182100001722574, 3656006.769199997186661 ], [ 8687666.668699998408556, 3655960.488300003111362 ], [ 8687655.375100001692772, 3655817.786100000143051 ], [ 8687634.729299999773502, 3655687.260399997234344 ], [ 8687591.978700000792742, 3655531.815499998629093 ], [ 8687560.947000000625849, 3655414.478100001811981 ], [ 8687511.707800000905991, 3655285.60700000077486 ], [ 8687488.95160000026226, 3655234.016199998557568 ], [ 8687464.735800001770258, 3655214.193999998271465 ], [ 8687412.902800001204014, 3655199.113200001418591 ], [ 8687350.85359999909997, 3655184.915100000798702 ], [ 8687230.369800001382828, 3655116.575900003314018 ], [ 8687126.054400000721216, 3655059.742200002074242 ], [ 8686985.011900000274181, 3655002.393799997866154 ], [ 8686807.712699998170137, 3654910.696599997580051 ], [ 8686686.583299998193979, 3654815.6841000020504 ], [ 8686559.818500000983477, 3654685.72749999910593 ], [ 8686443.984400000423193, 3654503.627999998629093 ], [ 8686315.560899998992682, 3654273.159400001168251 ], [ 8686227.333700001239777, 3654087.349299997091293 ], [ 8686191.085999999195337, 3653979.174800001084805 ], [ 8686158.919300001114607, 3653871.05799999833107 ], [ 8686159.768399998545647, 3653736.7466000020504 ], [ 8686160.328699998557568, 3653734.747900001704693 ], [ 8686200.405299998819828, 3653591.780100002884865 ], [ 8686202.71339999884367, 3653583.546300001442432 ], [ 8686248.11879999935627, 3653473.44650000333786 ], [ 8686321.579799998551607, 3653326.829000003635883 ], [ 8686321.960400000214577, 3653326.093099996447563 ], [ 8686328.625500001013279, 3653311.373400002717972 ], [ 8686349.017299998551607, 3653266.338699996471405 ], [ 8686356.444299999624491, 3653185.901199996471405 ], [ 8686285.794799998402596, 3653019.054799996316433 ], [ 8686278.26410000026226, 3653001.270300000905991 ], [ 8686254.690400000661612, 3652851.326700001955032 ], [ 8686228.699099998921156, 3652692.60080000013113 ], [ 8686230.470199998468161, 3652641.474299997091293 ], [ 8686234.227800000458956, 3652533.001800000667572 ], [ 8686297.587099999189377, 3652378.14639999717474 ], [ 8686236.235800001770258, 3652371.681199997663498 ], [ 8686190.670800000429153, 3652369.85809999704361 ], [ 8686105.428199999034405, 3652366.447599999606609 ], [ 8685896.114900000393391, 3652330.274300001561642 ], [ 8685774.002999998629093, 3652336.36370000243187 ], [ 8685708.2346, 3652339.643399998545647 ], [ 8685646.319400001317263, 3652365.383699998259544 ], [ 8685549.475099999457598, 3652405.645199999213219 ], [ 8685536.325399998575449, 3652408.715499997138977 ], [ 8685384.624299999326468, 3652444.136 ], [ 8685269.761399999260902, 3652450.968199998140335 ], [ 8685215.164299998432398, 3652454.215700000524521 ], [ 8685201.571600001305342, 3652466.466600000858307 ], [ 8685100.929900001734495, 3652557.173199996352196 ], [ 8685018.174199998378754, 3652631.759400002658367 ], [ 8684869.765299998223782, 3652805.379100002348423 ], [ 8684841.904100000858307, 3652845.684199996292591 ], [ 8684720.8235, 3653011.048299998044968 ], [ 8684622.349800001829863, 3653159.767399996519089 ], [ 8684569.890099998563528, 3653218.434600003063679 ], [ 8684528.732700001448393, 3653264.461999997496605 ], [ 8684490.302099999040365, 3653275.374399997293949 ], [ 8684473.479400001466274, 3653275.41669999808073 ], [ 8684402.7331000007689, 3653275.594400003552437 ], [ 8684312.96510000154376, 3653293.4087999984622 ], [ 8684273.043699998408556, 3653310.226899996399879 ], [ 8684142.711399998515844, 3653436.546700000762939 ], [ 8684076.436999998986721, 3653510.086099997162819 ], [ 8684013.151999998837709, 3653580.308300003409386 ], [ 8683880.418000001460314, 3653659.427299998700619 ], [ 8683794.612399999052286, 3653666.411200001835823 ], [ 8683727.864, 3653666.078100003302097 ], [ 8683683.404599998146296, 3653665.856200002133846 ], [ 8683609.6239, 3653688.390900000929832 ], [ 8683506.302499998360872, 3653707.4287 ], [ 8683410.150800000876188, 3653724.516999997198582 ], [ 8683366.529800001531839, 3653731.18639999628067 ], [ 8683287.44649999961257, 3653743.277699999511242 ], [ 8683167.7445, 3653766.181500002741814 ], [ 8683083.688900001347065, 3653793.6941 ], [ 8683011.05689999833703, 3653807.013999998569489 ], [ 8682980.227899998426437, 3653804.031499996781349 ], [ 8682948.901399999856949, 3653801.000900000333786 ], [ 8682885.928300000727177, 3653780.6206 ], [ 8682808.442099999636412, 3653776.439000003039837 ], [ 8682758.513599999248981, 3653771.624899998307228 ], [ 8682740.010899998247623, 3653745.214000001549721 ], [ 8682701.680799998342991, 3653713.905599996447563 ], [ 8682578.3037, 3653708.042300000786781 ], [ 8682462.154599998146296, 3653696.129000000655651 ], [ 8682368.709699999541044, 3653666.082900002598763 ], [ 8682327.667100001126528, 3653652.584299996495247 ], [ 8682228.557399999350309, 3653619.987700000405312 ], [ 8682200.9419, 3653611.552799999713898 ], [ 8682149.917399998754263, 3653606.433399997651577 ], [ 8682027.189599998295307, 3653592.292900003492832 ], [ 8681911.309599999338388, 3653559.313100002706051 ], [ 8681840.458000000566244, 3653523.074400000274181 ], [ 8681762.449299998581409, 3653483.17509999871254 ], [ 8681619.282900001853704, 3653414.390900000929832 ], [ 8681388.710900001227856, 3653269.583999998867512 ], [ 8681348.747000001370907, 3653243.032300002872944 ], [ 8681218.935400001704693, 3653156.78660000115633 ], [ 8681202.685400001704693, 3653176.740000002086163 ], [ 8681133.645300000905991, 3653291.159100003540516 ], [ 8681086.363499999046326, 3653358.460799999535084 ], [ 8680989.037099998444319, 3653509.492499999701977 ], [ 8680891.061299998313189, 3653652.917000003159046 ], [ 8680810.363499999046326, 3653770.969800002872944 ], [ 8680758.923700001090765, 3653828.91610000282526 ], [ 8680725.336100000888109, 3653860.311300002038479 ], [ 8680687.973299998790026, 3653894.004299998283386 ], [ 8680671.465700000524521, 3653908.890600003302097 ], [ 8680626.308899998664856, 3653932.087399996817112 ], [ 8680618.002900000661612, 3653936.354099996387959 ], [ 8680562.119899999350309, 3653956.207699999213219 ], [ 8680491.717099998146296, 3653982.642899997532368 ], [ 8680438.0691, 3653990.750299997627735 ], [ 8680383.374099999666214, 3654011.760200001299381 ], [ 8680357.376600001007318, 3654041.910700000822544 ], [ 8680331.110399998724461, 3654109.029799997806549 ], [ 8680324.441300000995398, 3654118.518200002610683 ], [ 8680297.089499998837709, 3654157.432199999690056 ], [ 8680234.350099999457598, 3654193.190700002014637 ], [ 8680186.041299998760223, 3654211.217399999499321 ], [ 8680164.47749999910593, 3654219.171899996697903 ], [ 8680129.017400000244379, 3654232.252300001680851 ], [ 8680084.160399999469519, 3654244.379900000989437 ], [ 8679944.411100000143051, 3654353.564900003373623 ], [ 8679868.983600001782179, 3654473.321000002324581 ], [ 8679800.14919999986887, 3654613.559299997985363 ], [ 8679742.8596, 3654739.610600002110004 ], [ 8679681.21059999987483, 3654833.434000000357628 ], [ 8679572.1096, 3654977.55629999935627 ], [ 8679554.6316, 3655003.321199998259544 ], [ 8679490.838199999183416, 3655097.361299999058247 ], [ 8679457.140099998563528, 3655138.017099998891354 ], [ 8679423.229699999094009, 3655178.928999997675419 ], [ 8679358.023699998855591, 3655200.0337999984622 ], [ 8679318.574000000953674, 3655189.413699999451637 ], [ 8679282.3429000005126, 3655292.052299998700619 ], [ 8679103.166600000113249, 3655262.79169999808073 ], [ 8678948.785399999469519, 3655212.35419999808073 ], [ 8678675.674899999052286, 3655116.095399998128414 ], [ 8678446.436500001698732, 3655020.470499999821186 ], [ 8678345.066199999302626, 3654973.875299997627735 ], [ 8678256.973600000143051, 3654855.69200000166893 ], [ 8678051.458200000226498, 3654672.220799997448921 ], [ 8677880.840500000864267, 3654474.902300000190735 ], [ 8677756.443199999630451, 3654327.478399999439716 ], [ 8677655.173300001770258, 3654133.224200002849102 ], [ 8677621.247099999338388, 3654009.681599996984005 ], [ 8677559.146200001239777, 3653788.317299999296665 ], [ 8677520.907000001519918, 3653725.030599996447563 ], [ 8677519.71229999884963, 3653723.053300000727177 ], [ 8677517.833799999207258, 3653723.014200001955032 ], [ 8677470.645300000905991, 3653734.565600000321865 ], [ 8677425.949400000274181, 3653747.105700001120567 ], [ 8677390.844799999147654, 3653756.954800002276897 ], [ 8677356.540199998766184, 3653763.241499997675419 ], [ 8677333.723799999803305, 3653767.422799997031689 ], [ 8677297.014199998229742, 3653767.743299998342991 ], [ 8677281.83559999987483, 3653772.985200002789497 ], [ 8677128.653599999845028, 3653782.023500002920628 ], [ 8676975.367400001734495, 3653798.236199997365475 ], [ 8676880.968800000846386, 3653801.099200002849102 ], [ 8676838.581500001251698, 3653802.384800001978874 ], [ 8676724.654800001531839, 3653778.156700000166893 ], [ 8676592.902499999850988, 3653716.752999998629093 ], [ 8676298.307799998670816, 3653486.848800003528595 ], [ 8676040.355200000107288, 3653263.633100003004074 ], [ 8675849.197200000286102, 3653078.310999996960163 ], [ 8675773.972500000149012, 3652919.30349999666214 ], [ 8675771.049600001424551, 3652913.481700003147125 ], [ 8675768.3202, 3652910.875200003385544 ], [ 8675718.077399998903275, 3652874.444300003349781 ], [ 8675701.954199999570847, 3652862.7533999979496 ], [ 8675643.797800000756979, 3652836.537100002169609 ], [ 8675538.462400000542402, 3652789.053099997341633 ], [ 8675403.970199998468161, 3652762.625699996948242 ], [ 8675288.038100000470877, 3652720.78830000013113 ], [ 8675280.120299998670816, 3652716.6853 ], [ 8675227.0777000002563, 3652711.306699998676777 ], [ 8675150.858399998396635, 3652690.701099999248981 ], [ 8675017.440900001674891, 3652604.656000003218651 ], [ 8674892.601199999451637, 3652529.612400002777576 ], [ 8674830.337799999862909, 3652492.18469999730587 ], [ 8674636.412599999457598, 3652358.079800002276897 ], [ 8674547.865899998694658, 3652308.58110000193119 ], [ 8674487.011599998921156, 3652298.526399999856949 ], [ 8674435.401099998503923, 3652289.998999997973442 ], [ 8674300.727800000458956, 3652290.055100001394749 ], [ 8674183.464699998497963, 3652313.987099997699261 ], [ 8674102.578099999576807, 3652388.1853 ], [ 8674076.402699999511242, 3652410.427599996328354 ], [ 8674000.572900000959635, 3652512.194399997591972 ], [ 8673927.965300001204014, 3652593.141000002622604 ], [ 8673833.066500000655651, 3652663.503799997270107 ], [ 8673779.982599999755621, 3652683.347300000488758 ], [ 8673765.964800000190735, 3652696.609999999403954 ], [ 8673707.158500000834465, 3652714.102799996733665 ], [ 8673700.969399999827147, 3652714.830200001597404 ], [ 8673693.372000001370907, 3652715.723099999129772 ], [ 8673685.335099998861551, 3652718.727399997413158 ], [ 8673667.799100000411272, 3652723.705300003290176 ], [ 8673548.044599998742342, 3652757.699699997901917 ], [ 8673321.320900000631809, 3652772.783900000154972 ], [ 8673086.414500001817942, 3652753.263099998235703 ], [ 8673047.8614999987185, 3652757.708700001239777 ], [ 8672912.058200001716614, 3652764.150100000202656 ], [ 8672747.80799999833107, 3652780.645499996840954 ], [ 8672664.193799998611212, 3652777.347599998116493 ], [ 8672644.67790000140667, 3652770.177699998021126 ], [ 8672489.6537000015378, 3652713.223600000143051 ], [ 8672191.489, 3652591.883699998259544 ], [ 8672167.802999999374151, 3652582.480099998414516 ], [ 8671933.856800001114607, 3652489.600900001823902 ], [ 8671692.939100001007318, 3652315.390100002288818 ], [ 8671647.17850000038743, 3652282.299999997019768 ], [ 8671728.714400000870228, 3652012.848700001835823 ], [ 8671795.177099999040365, 3651796.489 ], [ 8671840.204999998211861, 3651649.527699999511242 ], [ 8671844.111200001090765, 3651641.784500002861023 ], [ 8671884.350900001823902, 3651562.0176 ], [ 8671897.471900001168251, 3651502.750399999320507 ], [ 8671902.6371, 3651476.118699997663498 ], [ 8671869.545200001448393, 3651353.211900003254414 ], [ 8671837.875799998641014, 3651238.269100002944469 ], [ 8671759.937399998307228, 3651102.064099997282028 ], [ 8671742.671399999409914, 3651071.890299998223782 ], [ 8671627.430599998682737, 3650863.07320000231266 ], [ 8671573.123100001364946, 3650772.94200000166893 ], [ 8671484.061200000345707, 3650625.131099998950958 ], [ 8671357.470600001513958, 3650494.060199998319149 ], [ 8671223.789599999785423, 3650291.122100003063679 ], [ 8671178.671399999409914, 3650236.13570000231266 ], [ 8671121.589699998497963, 3650166.568999998271465 ], [ 8671043.036100000143051, 3650109.8838 ], [ 8671013.489500001072884, 3650095.863200001418591 ], [ 8670902.6985, 3650068.966399997472763 ], [ 8670708.982799999415874, 3650061.952500000596046 ], [ 8670568.545200001448393, 3650039.336099997162819 ], [ 8670578.692499998956919, 3649919.71169999986887 ], [ 8670568.005800001323223, 3649905.168399997055531 ], [ 8670560.529599998146296, 3649892.873499996960163 ], [ 8670552.037999998778105, 3649878.908900000154972 ], [ 8670532.729100000113249, 3649726.587499998509884 ], [ 8670537.605000000447035, 3649606.324400000274181 ], [ 8670547.012899998575449, 3649541.740299999713898 ], [ 8670567.6097999997437, 3649503.610500000417233 ], [ 8670576.917899999767542, 3649486.379000000655651 ], [ 8670590.627900000661612, 3649449.326399996876717 ], [ 8670600.346599999815226, 3649415.795199997723103 ], [ 8670601.763900000602007, 3649384.7837999984622 ], [ 8670620.207800000905991, 3649173.892499998211861 ], [ 8670642.852699998766184, 3648954.866599999368191 ], [ 8670661.930399999022484, 3648838.295800000429153 ], [ 8670675.022999998182058, 3648781.089400000870228 ], [ 8670719.912399999797344, 3648712.0608000010252 ], [ 8670774.010000001639128, 3648641.120899997651577 ], [ 8670750.4662000015378, 3648578.23870000243187 ], [ 8670720.4529, 3648538.835400000214577 ], [ 8670670.81980000063777, 3648515.537699997425079 ], [ 8670623.74549999833107, 3648457.42679999768734 ], [ 8670608.452599998563528, 3648388.519100002944469 ], [ 8670595.199299998581409, 3648319.642499998211861 ], [ 8670581.409499999135733, 3648291.722300000488758 ], [ 8670578.3673, 3648285.562799997627735 ], [ 8670537.107200000435114, 3648248.040799997746944 ], [ 8670517.065000001341105, 3648242.185999996960163 ], [ 8670485.313400000333786, 3648232.910599999129772 ], [ 8670377.111999999731779, 3648238.455799996852875 ], [ 8670309.914900001138449, 3648230.268100000917912 ], [ 8670138.096200000494719, 3648192.826800003647804 ], [ 8670129.522799998521805, 3648189.97070000320673 ], [ 8669954.393500000238419, 3648131.628799997270107 ], [ 8669830.098099999129772, 3648053.90089999884367 ], [ 8669815.906500000506639, 3648040.554099999368191 ], [ 8669742.5912000015378, 3647971.603299997746944 ], [ 8669701.517799999564886, 3647921.782399997115135 ], [ 8669698.903200000524521, 3647892.0176 ], [ 8669706.05290000140667, 3647857.275600001215935 ], [ 8669712.412599999457598, 3647807.146600000560284 ], [ 8669698.856899999082088, 3647758.76690000295639 ], [ 8669658.819400001317263, 3647707.937200002372265 ], [ 8669640.854600001126528, 3647692.189099997282028 ], [ 8669619.55629999935627, 3647673.519000001251698 ], [ 8669573.868299998342991, 3647659.503499999642372 ], [ 8669489.185499999672174, 3647661.298000000417233 ], [ 8669396.022399999201298, 3647684.488399997353554 ], [ 8669342.6897, 3647704.18129999935627 ], [ 8669391.26799999922514, 3647729.516199998557568 ], [ 8669399.843699999153614, 3647762.604599997401237 ], [ 8669403.802799999713898, 3647777.880599997937679 ], [ 8669403.916799999773502, 3647838.3574 ], [ 8669389.527800001204014, 3647872.026100002229214 ], [ 8669389.118599999696016, 3647872.983499996364117 ], [ 8669361.723900001496077, 3647863.343999996781349 ], [ 8669357.374600000679493, 3647859.248599998652935 ], [ 8669317.469999998807907, 3647821.6743 ], [ 8669284.2029, 3647795.545699998736382 ], [ 8669248.51240000128746, 3647795.005400002002716 ], [ 8669217.7668999992311, 3647804.789899997413158 ], [ 8669164.289799999445677, 3647766.055299997329712 ], [ 8669112.545000001788139, 3647747.846600003540516 ], [ 8669033.021800000220537, 3647745.616700001060963 ], [ 8669027.066199999302626, 3647744.653800003230572 ], [ 8668921.098000001162291, 3647727.520400002598763 ], [ 8668808.355099998414516, 3647696.085900001227856 ], [ 8668656.613299999386072, 3647612.80969999730587 ], [ 8668598.637499999254942, 3647577.10080000013113 ], [ 8668531.730200000107288, 3647535.890699997544289 ], [ 8668525.236699998378754, 3647531.891199998557568 ], [ 8668448.1217, 3647437.446900002658367 ], [ 8668433.6415, 3647412.213899999856949 ], [ 8668408.366099998354912, 3647368.16950000077486 ], [ 8668324.130199998617172, 3647272.592399999499321 ], [ 8668238.19310000166297, 3647190.249200001358986 ], [ 8668203.479600001126528, 3647156.987300001084805 ], [ 8668076.651000000536442, 3647045.3882 ], [ 8667981.635000001639128, 3646988.594899997115135 ], [ 8667857.095600001513958, 3646928.277000002563 ], [ 8667760.273800000548363, 3646856.081299997866154 ], [ 8667746.848499998450279, 3646827.75620000064373 ], [ 8667710.852000001817942, 3646751.809500001370907 ], [ 8667687.638399999588728, 3646599.386799998581409 ], [ 8667683.941399998962879, 3646575.112000003457069 ], [ 8667645.1206, 3646376.71169999986887 ], [ 8667624.683800000697374, 3646244.187200002372265 ], [ 8667594.787200000137091, 3646179.706500001251698 ], [ 8667578.261799998581409, 3646144.064599998295307 ], [ 8667515.942800000309944, 3646083.670500002801418 ], [ 8667445.883200000971556, 3646063.129000000655651 ], [ 8667403.5702, 3646028.662299998104572 ], [ 8667392.601199999451637, 3645980.4358000010252 ], [ 8667387.312800001353025, 3645957.18469999730587 ], [ 8667404.467700000852346, 3645900.596699997782707 ], [ 8667405.559500001370907, 3645896.995099999010563 ], [ 8667424.964999999850988, 3645827.5996999964118 ], [ 8667425.732099998742342, 3645743.059399999678135 ], [ 8667418.1743, 3645682.61429999768734 ], [ 8667415.268300000578165, 3645659.373000003397465 ], [ 8667431.893199998885393, 3645571.488799996674061 ], [ 8667458.021899998188019, 3645520.575800001621246 ], [ 8667549.575100000947714, 3645342.179799996316433 ], [ 8667626.083700001239777, 3645205.505400002002716 ], [ 8667712.7555, 3645071.036300003528595 ], [ 8667746.48589999973774, 3645032.0945999994874 ], [ 8667758.72859999909997, 3644997.949699997901917 ], [ 8667751.568999998271465, 3644965.558700002729893 ], [ 8667727.487300001084805, 3644941.572300001978874 ], [ 8667712.386199999600649, 3644926.531099997460842 ], [ 8667607.773699998855591, 3644852.102399997413158 ], [ 8667604.934099998325109, 3644850.082099996507168 ], [ 8667517.164299998432398, 3644719.618000000715256 ], [ 8667506.626600001007318, 3644691.378200002014637 ], [ 8667472.595300000160933, 3644600.177799999713898 ], [ 8667426.016399998217821, 3644475.351199999451637 ], [ 8667375.341499999165535, 3644366.051600001752377 ], [ 8667333.186000000685453, 3644275.127300001680851 ], [ 8667317.575800001621246, 3644244.54280000180006 ], [ 8667268.602000001817942, 3644148.590599998831749 ], [ 8667202.453899998217821, 3644018.989500001072884 ], [ 8667117.459399998188019, 3643840.409000001847744 ], [ 8667101.08669999986887, 3643802.504100002348423 ], [ 8667055.670699998736382, 3643697.368699997663498 ], [ 8667054.429900001734495, 3643694.496299996972084 ], [ 8667028.791999999433756, 3643635.131099998950958 ], [ 8666965.357099998742342, 3643447.148699998855591 ], [ 8666926.031399998813868, 3643316.920699998736382 ], [ 8666863.686099998652935, 3643208.398400001227856 ], [ 8666790.918099999427795, 3643081.733900003135204 ], [ 8666640.018699999898672, 3642811.980700001120567 ], [ 8666465.155099999159575, 3642485.570500001311302 ], [ 8666359.408599998801947, 3642288.178099997341633 ], [ 8666210.627300001680851, 3642282.823299996554852 ], [ 8666043.232799999415874, 3642294.600900001823902 ], [ 8665989.078600000590086, 3642293.769500002264977 ], [ 8665804.700199998915195, 3642290.938900001347065 ], [ 8665762.983899999409914, 3642286.537500001490116 ], [ 8665562.5581, 3642265.390799999237061 ], [ 8665531.8838, 3642262.154399998486042 ], [ 8665218.137299999594688, 3642242.981600001454353 ], [ 8665053.1875, 3642228.145000003278255 ], [ 8664892.597100000828505, 3642194.930699996650219 ], [ 8664787.003499999642372, 3642099.035300001502037 ], [ 8664674.240800000727177, 3641871.876900002360344 ], [ 8664666.817400000989437, 3641856.957400001585484 ], [ 8664653.998199999332428, 3641831.192699998617172 ], [ 8664483.691500000655651, 3641488.906800001859665 ], [ 8664316.166000001132488, 3641152.200400002300739 ], [ 8664159.666600000113249, 3640852.656300000846386 ], [ 8664142.498399998992682, 3640826.977099999785423 ], [ 8664059.9989, 3640703.578900001943111 ], [ 8664029.549699999392033, 3640633.9463 ], [ 8664002.165699999779463, 3640571.3235 ], [ 8663963.470199998468161, 3640482.833099998533726 ], [ 8663876.163199998438358, 3640325.753100000321865 ], [ 8663754.58219999819994, 3640203.452200002968311 ], [ 8663739.620400000363588, 3640188.401799999177456 ], [ 8663513.60869999974966, 3640035.319899998605251 ], [ 8663367.97410000115633, 3639959.296800002455711 ], [ 8663227.857599999755621, 3639922.288900002837181 ], [ 8663130.13910000026226, 3639912.575599998235703 ], [ 8663110.569200001657009, 3639925.590199999511242 ], [ 8663109.688200000673532, 3639931.025399997830391 ], [ 8663104.937399998307228, 3639960.335799999535084 ], [ 8663116.049600001424551, 3640033.248099997639656 ], [ 8663187.669700000435114, 3640149.105599999427795 ], [ 8663208.820799998939037, 3640174.463899999856949 ], [ 8663219.702500000596046, 3640187.509999997913837 ], [ 8663268.684500001370907, 3640250.766000002622604 ], [ 8663290.603799998760223, 3640283.890799999237061 ], [ 8663270.766199998557568, 3640314.31870000064373 ], [ 8663259.554900001734495, 3640322.623199999332428 ], [ 8663255.864799998700619, 3640325.356600001454353 ], [ 8663214.231800001114607, 3640356.195000000298023 ], [ 8663214.14919999986887, 3640356.85360000282526 ], [ 8663211.588899999856949, 3640377.268899999558926 ], [ 8663206.474300000816584, 3640377.490299999713898 ], [ 8663157.230599999427795, 3640379.621699996292591 ], [ 8663124.836899999529123, 3640389.916900001466274 ], [ 8663021.846099998801947, 3640391.390500001609325 ], [ 8662997.854499999433756, 3640386.51799999922514 ], [ 8662890.741999998688698, 3640364.76410000026226 ], [ 8662838.765999998897314, 3640365.7566 ], [ 8662831.594500001519918, 3640365.893500000238419 ], [ 8662744.816799998283386, 3640373.764600001275539 ], [ 8662587.806099999696016, 3640374.395000003278255 ], [ 8662421.401099998503923, 3640389.220799997448921 ], [ 8662301.643899999558926, 3640420.139899998903275 ], [ 8662219.774500001221895, 3640431.012100003659725 ], [ 8662201.528499998152256, 3640433.435099996626377 ], [ 8662082.572900000959635, 3640445.411200001835823 ], [ 8661972.084300000220537, 3640437.763599999248981 ], [ 8661920.137600000947714, 3640434.168099999427795 ], [ 8661941.232500001788139, 3640416.9934 ], [ 8661948.689100001007318, 3640410.922499999403954 ], [ 8661980.021600000560284, 3640385.412799999117851 ], [ 8662000.804699998348951, 3640373.00900000333786 ], [ 8662109.6721, 3640308.034699998795986 ], [ 8662293.316799998283386, 3640233.034100003540516 ], [ 8662385.585099998861551, 3640199.6382 ], [ 8662426.864399999380112, 3640187.574500001966953 ], [ 8662465.464200001209974, 3640176.29389999806881 ], [ 8662525.447999998927116, 3640120.879699997603893 ], [ 8662564.801300000399351, 3640014.943499997258186 ], [ 8662565.072500001639128, 3639898.15429999679327 ], [ 8662557.0658, 3639872.913999997079372 ], [ 8662544.170000001788139, 3639832.261200003325939 ], [ 8662518.337499998509884, 3639755.534400001168251 ], [ 8662448.001400001347065, 3639635.666400000452995 ], [ 8662422.480399999767542, 3639592.173100002110004 ], [ 8662396.542199999094009, 3639489.32150000333786 ], [ 8662397.727099999785423, 3639412.504699997603893 ], [ 8662415.171399999409914, 3639339.014899998903275 ], [ 8662441.021800000220537, 3639249.265000000596046 ], [ 8662511.49379999935627, 3639174.552799999713898 ], [ 8662581.507500000298023, 3639129.542599998414516 ], [ 8662678.003100000321865, 3639085.968800000846386 ], [ 8662738.692600000649691, 3639065.444399997591972 ], [ 8662744.611400000751019, 3639063.442699998617172 ], [ 8662807.505399998277426, 3639017.296700000762939 ], [ 8662858.246599998325109, 3638963.837399996817112 ], [ 8662896.618999999016523, 3638923.409500002861023 ], [ 8662977.872499998658895, 3638876.523999996483326 ], [ 8663023.108899999409914, 3638851.616300001740456 ], [ 8663062.261900000274181, 3638824.564999997615814 ], [ 8663098.377500001341105, 3638729.854400001466274 ], [ 8663098.473999999463558, 3638728.78660000115633 ], [ 8663106.976599998772144, 3638634.717000000178814 ], [ 8663104.553899999707937, 3638527.115900002419949 ], [ 8663080.793000001460314, 3638415.086499996483326 ], [ 8663070.300299998372793, 3638390.758500002324581 ], [ 8663039.294799998402596, 3638318.870099999010563 ], [ 8663034.533300001174212, 3638307.830200001597404 ], [ 8663045.641199998557568, 3638288.228200003504753 ], [ 8663046.222800001502037, 3638287.201800003647804 ], [ 8663093.721200000494719, 3638203.3816 ], [ 8663104.735399998724461, 3638183.945000000298023 ], [ 8663185.634700000286102, 3638094.010200001299381 ], [ 8663192.886199999600649, 3638085.948700003325939 ], [ 8663208.855999998748302, 3638043.323700003325939 ], [ 8663237.530099999159575, 3637966.789700001478195 ], [ 8663343.137800000607967, 3637744.782499998807907 ], [ 8663397.63910000026226, 3637630.210199996829033 ], [ 8663404.697200000286102, 3637611.789599999785423 ], [ 8663481.526500001549721, 3637411.277300000190735 ], [ 8663549.8885000012815, 3637165.677400000393391 ], [ 8663551.648200001567602, 3637159.35530000180006 ], [ 8663649.328299999237061, 3636904.791000001132488 ], [ 8663703.6081000007689, 3636827.813400000333786 ], [ 8663719.714800000190735, 3636784.638599999248981 ], [ 8663728.263700000941753, 3636758.203900001943111 ], [ 8663749.734299998730421, 3636687.67119999974966 ], [ 8663749.888799998909235, 3636687.163800001144409 ], [ 8663804.687399998307228, 3636622.418799996376038 ], [ 8663859.779800001531839, 3636557.32660000026226 ], [ 8663882.119600001722574, 3636557.672499999403954 ], [ 8663885.058800000697374, 3636554.037000000476837 ], [ 8663949.32490000128746, 3636510.007100000977516 ], [ 8663975.703499998897314, 3636491.934600003063679 ], [ 8663911.274000000208616, 3636442.611699998378754 ], [ 8663843.050000000745058, 3636412.533399999141693 ], [ 8663746.985399998724461, 3636416.536100000143051 ], [ 8663642.431699998676777, 3636465.116099998354912 ], [ 8663632.435499999672174, 3636473.444499999284744 ], [ 8663576.809599999338388, 3636519.78999999910593 ], [ 8663504.980599999427795, 3636572.014300003647804 ], [ 8663446.862300001084805, 3636595.428800001740456 ], [ 8663390.714400000870228, 3636592.204499997198582 ], [ 8663275.610399998724461, 3636565.318099997937679 ], [ 8663202.331300001591444, 3636559.47410000115633 ], [ 8663137.885499998927116, 3636588.280000001192093 ], [ 8663093.511300001293421, 3636631.516199998557568 ], [ 8663041.929000001400709, 3636737.39190000295639 ], [ 8662958.987199999392033, 3636852.193400003015995 ], [ 8662893.412399999797344, 3636902.863399997353554 ], [ 8662805.739799998700619, 3636970.608499996364117 ], [ 8662703.423900000751019, 3637025.494199998676777 ], [ 8662600.054099999368191, 3637047.417700000107288 ], [ 8662515.654599998146296, 3637053.947800002992153 ], [ 8662395.697299998253584, 3637037.960100002586842 ], [ 8662378.594399999827147, 3637032.237899996340275 ], [ 8662218.64750000089407, 3636978.723899997770786 ], [ 8662047.938700001686811, 3636913.309399999678135 ], [ 8661930.820700000971556, 3636865.202200002968311 ], [ 8661906.075399998575449, 3636799.711000002920628 ], [ 8661841.205400001257658, 3636754.772100001573563 ], [ 8661784.078400000929832, 3636713.876000002026558 ], [ 8661769.223499998450279, 3636665.011799998581409 ], [ 8661765.4712999984622, 3636554.354699999094009 ], [ 8661750.4831000007689, 3636514.116999998688698 ], [ 8661712.780699998140335, 3636479.01519999653101 ], [ 8661612.964000001549721, 3636372.348999999463558 ], [ 8661486.472300000488758, 3636274.678199999034405 ], [ 8661451.789900001138449, 3636246.327399998903275 ], [ 8661435.602800000458956, 3636233.095399998128414 ], [ 8661439.157299999147654, 3636152.190700002014637 ], [ 8661440.4239999987185, 3636123.359700001776218 ], [ 8661452.410700000822544, 3635954.125500001013279 ], [ 8661457.304999999701977, 3635839.686800003051758 ], [ 8661496.209399998188019, 3635645.777800001204014 ], [ 8661504.023299999535084, 3635443.54169999808073 ], [ 8661503.785399999469519, 3635432.687399998307228 ], [ 8661500.683699999004602, 3635291.146799996495247 ], [ 8661499.449799999594688, 3635234.839800000190735 ], [ 8661474.283100001513958, 3634995.230599999427795 ], [ 8661491.951999999582767, 3634862.175200000405312 ], [ 8661570.822799999266863, 3634758.312299996614456 ], [ 8661626.516199998557568, 3634639.185900002717972 ], [ 8661651.989500001072884, 3634556.449500001966953 ], [ 8661678.129799999296665, 3634430.588500000536442 ], [ 8661746.082299999892712, 3634275.579099997878075 ], [ 8661752.484099999070168, 3634239.2324 ], [ 8661759.275400001555681, 3634200.67400000244379 ], [ 8661762.337400000542402, 3634183.289200000464916 ], [ 8661819.3935999982059, 3634174.023999996483326 ], [ 8661929.763900000602007, 3634156.101300001144409 ], [ 8662062.812100000679493, 3634131.512299999594688 ], [ 8662222.7018, 3634086.950000002980232 ], [ 8662385.590500000864267, 3634050.275399997830391 ], [ 8662535.729200001806021, 3634030.654399998486042 ], [ 8662736.235599998384714, 3633983.582400001585484 ], [ 8662873.431200001388788, 3633993.558700002729893 ], [ 8663035.690200001001358, 3633997.64919999986887 ], [ 8663169.837499998509884, 3634002.8699000030756 ], [ 8663224.074099998921156, 3634008.807599999010563 ], [ 8663286.699999999254942, 3634015.663699999451637 ], [ 8663363.015799999237061, 3634026.259199999272823 ], [ 8663439.452199999243021, 3634029.01349999755621 ], [ 8663391.371100001037121, 3633958.468800000846386 ], [ 8663347.661299999803305, 3633857.406199999153614 ], [ 8663290.652499999850988, 3633758.490699999034405 ], [ 8663227.688900001347065, 3633691.636600002646446 ], [ 8663234.389499999582767, 3633618.398999996483326 ], [ 8663238.006400000303984, 3633578.866499997675419 ], [ 8663220.408100001513958, 3633514.301600001752377 ], [ 8663212.890500001609325, 3633486.721100002527237 ], [ 8663165.965900000184774, 3633391.884900003671646 ], [ 8663103.953099999576807, 3633314.067699998617172 ], [ 8663221.636599998921156, 3633171.598800003528595 ], [ 8663383.53489999845624, 3633009.902800001204014 ], [ 8663475.239199999719858, 3632918.313000001013279 ], [ 8663621.36259999871254, 3632752.759800001978874 ], [ 8663705.8918999992311, 3632568.223600000143051 ], [ 8663935.144799999892712, 3632230.714000001549721 ], [ 8663963.528900001198053, 3632188.9265 ], [ 8663993.142700001597404, 3632161.031499996781349 ], [ 8664042.888900000602007, 3632114.172399997711182 ], [ 8664112.36600000038743, 3632048.727700002491474 ], [ 8664197.8202, 3631976.342000000178814 ], [ 8664119.278000000864267, 3631945.536700002849102 ], [ 8663955.712600000202656, 3631881.384099997580051 ], [ 8663898.230099998414516, 3631844.443300001323223 ], [ 8663740.250999998301268, 3631742.918999999761581 ], [ 8663695.319200001657009, 3631698.515500001609325 ], [ 8663635.312199998646975, 3631639.214100003242493 ], [ 8663533.143800001591444, 3631538.247100003063679 ], [ 8663484.557300001382828, 3631463.810599997639656 ], [ 8663346.840199999511242, 3631252.823100000619888 ], [ 8663303.605900000780821, 3631123.170900002121925 ], [ 8663304.568500000983477, 3631060.538099996745586 ], [ 8663325.388099998235703, 3631027.085600003600121 ], [ 8663340.91330000013113, 3631002.140000000596046 ], [ 8663351.969300001859665, 3630989.575400002300739 ], [ 8663400.627500001341105, 3630934.277400001883507 ], [ 8663453.725600000470877, 3630819.634400002658367 ], [ 8663377.365299999713898, 3630698.07039999961853 ], [ 8663335.260800000280142, 3630580.237700000405312 ], [ 8663309.394999999552965, 3630507.850100003182888 ], [ 8663308.121100001037121, 3630431.67339999973774 ], [ 8663325.605000000447035, 3630343.681000001728535 ], [ 8663331.966099999845028, 3630311.667199999094009 ], [ 8663334.584499999880791, 3630220.811899997293949 ], [ 8663306.695099998265505, 3630159.630400002002716 ], [ 8663297.929999999701977, 3630140.40259999781847 ], [ 8663234.020300000905991, 3630004.296700000762939 ], [ 8663193.833299998193979, 3629915.235200002789497 ], [ 8663163.849899999797344, 3629765.133000001311302 ], [ 8663152.977800000458956, 3629710.7051 ], [ 8663146.255300000309944, 3629704.016000002622604 ], [ 8663144.737199999392033, 3629702.505500003695488 ], [ 8663092.787799999117851, 3629650.813000001013279 ], [ 8662905.473299998790026, 3629573.977899998426437 ], [ 8662893.601500000804663, 3629569.108199998736382 ], [ 8662721.337099999189377, 3629485.363499999046326 ], [ 8662570.301399998366833, 3629372.469800002872944 ], [ 8662472.1570999994874, 3629225.588600002229214 ], [ 8662469.952500000596046, 3629222.289300002157688 ], [ 8662393.825300000607967, 3629007.390600003302097 ], [ 8662372.469200000166893, 3628933.587999999523163 ], [ 8662342.771899998188019, 3628830.959899999201298 ], [ 8662318.337499998509884, 3628762.256899997591972 ], [ 8662286.548000000417233, 3628672.873099997639656 ], [ 8662262.017200000584126, 3628520.194700002670288 ], [ 8662262.908900000154972, 3628304.048600003123283 ], [ 8662266.760600000619888, 3628164.358499996364117 ], [ 8662268.460299998521805, 3628102.716399997472763 ], [ 8662265.8445999994874, 3628087.648000001907349 ], [ 8662237.035700000822544, 3627921.688500002026558 ], [ 8662256.1118, 3627794.259499996900558 ], [ 8662267.94649999961257, 3627778.679799996316433 ], [ 8662298.524000000208616, 3627738.426399998366833 ], [ 8662495.977600000798702, 3627613.77759999781847 ], [ 8662880.38289999961853, 3627410.980099998414516 ], [ 8662938.514499999582767, 3627376.196699999272823 ], [ 8663208.465399999171495, 3627214.669799998402596 ], [ 8663312.789599999785423, 3627194.283600002527237 ], [ 8663348.1963, 3627187.364699997007847 ], [ 8663450.026799999177456, 3627207.191699996590614 ], [ 8663457.850999999791384, 3627208.71509999781847 ], [ 8663590.247900001704693, 3627261.119800001382828 ], [ 8663808.203400000929832, 3627392.218900002539158 ], [ 8663966.05290000140667, 3627458.524300001561642 ], [ 8663966.49040000140667, 3627458.716300003230572 ], [ 8663985.583599999547005, 3627467.097900003194809 ], [ 8664070.447200000286102, 3627504.351599998772144 ], [ 8664162.962600000202656, 3627527.888599999248981 ], [ 8664206.271000001579523, 3627517.368299998342991 ], [ 8664239.012800000607967, 3627509.414800003170967 ], [ 8664273.042899999767542, 3627486.779899999499321 ], [ 8664289.507599998265505, 3627475.828500002622604 ], [ 8664332.843800000846386, 3627447.003600001335144 ], [ 8664429.192699998617172, 3627379.718599997460842 ], [ 8664479.652300000190735, 3627334.565099999308586 ], [ 8664550.614, 3627271.065399996936321 ], [ 8664632.15430000051856, 3627193.408299997448921 ], [ 8664659.7412, 3627167.134700000286102 ], [ 8664851.450899999588728, 3626936.758400000631809 ], [ 8664885.619100000709295, 3626874.108599998056889 ], [ 8664921.853900000452995, 3626807.669699996709824 ], [ 8664840.945599999278784, 3626676.538999997079372 ], [ 8664840.764899998903275, 3626676.245999999344349 ], [ 8664633.374299999326468, 3626573.575099997222424 ], [ 8664521.616900000721216, 3626530.096600003540516 ], [ 8664369.714400000870228, 3626554.766800001263618 ], [ 8664136.8037, 3626602.743699997663498 ], [ 8663915.769900001585484, 3626673.005900003015995 ], [ 8663842.166799999773502, 3626691.515000000596046 ], [ 8663754.807100001722574, 3626650.864500001072884 ], [ 8663542.201200000941753, 3626490.380699999630451 ], [ 8663405.377599999308586, 3626364.196400001645088 ], [ 8663404.540899999439716, 3626363.424699999392033 ], [ 8663367.490499999374151, 3626329.255400002002716 ], [ 8663192.276700001209974, 3626439.513999998569489 ], [ 8663083.73030000180006, 3626505.3699000030756 ], [ 8663067.101100001484156, 3626511.032399997115135 ], [ 8662904.381700001657009, 3626566.440700002014637 ], [ 8662779.088799998164177, 3626608.701800003647804 ], [ 8662715.07149999961257, 3626633.359200000762939 ], [ 8662580.643699999898672, 3626685.135899998247623 ], [ 8662561.505800001323223, 3626692.507100000977516 ], [ 8662457.282800000160933, 3626715.445200003683567 ], [ 8662311.635299999266863, 3626730.36879999935627 ], [ 8662212.165899999439716, 3626761.975699998438358 ], [ 8662052.2445, 3626830.708999998867512 ], [ 8662012.186599999666214, 3626851.862999998033047 ], [ 8661903.165500000119209, 3626909.434799998998642 ], [ 8661778.500199999660254, 3626989.768799997866154 ], [ 8661705.108199998736382, 3627073.3596 ], [ 8661663.738299999386072, 3627121.701099999248981 ], [ 8661605.546100001782179, 3627189.699799999594688 ], [ 8661506.742800001055002, 3627256.928199999034405 ], [ 8661388.504799999296665, 3627316.483800001442432 ], [ 8661316.5022, 3627389.043399997055531 ], [ 8661268.116900000721216, 3627465.17119999974966 ], [ 8661243.852000001817942, 3627503.348499998450279 ], [ 8661090.189599998295307, 3627798.148400001227856 ], [ 8660931.9712999984622, 3627984.38629999756813 ], [ 8660923.38399999961257, 3627994.494099996984005 ], [ 8660833.144400000572205, 3628060.627899996936321 ], [ 8660739.200399998575449, 3628129.159800000488758 ], [ 8660661.940600000321865, 3628146.370099999010563 ], [ 8660578.762200001627207, 3628151.205700002610683 ], [ 8660522.444499999284744, 3628157.690600000321865 ], [ 8660479.1085, 3628193.855200000107288 ], [ 8660454.498599998652935, 3628216.759400002658367 ], [ 8660423.306000001728535, 3628245.790200002491474 ], [ 8660208.109700001776218, 3628488.045000001788139 ], [ 8659950.620299998670816, 3628698.929999999701977 ], [ 8659548.867199998348951, 3628912.453400000929832 ], [ 8659348.327300000935793, 3628998.071599997580051 ], [ 8659265.88120000064373, 3629033.270000003278255 ], [ 8659017.833299998193979, 3629107.960900001227856 ], [ 8658588.905499998480082, 3629182.244000002741814 ], [ 8658356.516100000590086, 3629193.304499998688698 ], [ 8658177.812399998307228, 3629210.125100001692772 ], [ 8658032.665600001811981, 3629269.236599996685982 ], [ 8657754.515900000929832, 3629392.331000000238419 ], [ 8657729.898699998855591, 3629403.225299999117851 ], [ 8657581.662300001829863, 3629425.436200000345707 ], [ 8657425.23930000141263, 3629424.178599998354912 ], [ 8657415.646200001239777, 3629423.265299998223782 ], [ 8657223.876800000667572, 3629405.008900001645088 ], [ 8657179.150100000202656, 3629373.590700000524521 ], [ 8657162.836899999529123, 3629322.97240000218153 ], [ 8657150.438799999654293, 3629289.547799997031689 ], [ 8657112.4243, 3629187.062399998307228 ], [ 8657111.721599999815226, 3629185.5574000030756 ], [ 8657035.57660000026226, 3629022.482900001108646 ], [ 8657005.143699999898672, 3628937.250399999320507 ], [ 8656936.407600000500679, 3628878.429200001060963 ], [ 8656792.227099999785423, 3628798.754100002348423 ], [ 8656661.430100001394749, 3628722.976000003516674 ], [ 8656582.184500001370907, 3628633.281199999153614 ], [ 8656521.0537, 3628596.074000000953674 ], [ 8656489.618000000715256, 3628583.106299996376038 ], [ 8656414.201499998569489, 3628551.995899997651577 ], [ 8656324.487799998372793, 3628522.892899997532368 ], [ 8656254.918000001460314, 3628500.324600003659725 ], [ 8656031.520199999213219, 3628407.097000002861023 ], [ 8655852.129799999296665, 3628313.342600002884865 ], [ 8655607.3673, 3628180.466499999165535 ], [ 8655545.620000001043081, 3628143.860500000417233 ], [ 8655514.554400000721216, 3628099.148900002241135 ], [ 8655485.43129999935627, 3628009.026500001549721 ], [ 8655485.080400001257658, 3628003.785700000822544 ], [ 8655484.494699999690056, 3627995.039399996399879 ], [ 8655477.526900000870228, 3627890.997299998998642 ], [ 8655463.031300000846386, 3627842.468599997460842 ], [ 8655446.194699998944998, 3627786.102799996733665 ], [ 8655380.848400000482798, 3627668.382700003683567 ], [ 8655293.881799999624491, 3627526.98200000077486 ], [ 8655232.228900000452995, 3627330.723399996757507 ], [ 8655191.073899999260902, 3627151.988899998366833 ], [ 8655132.055100001394749, 3627020.864900000393391 ], [ 8655044.957699999213219, 3626888.062899999320507 ], [ 8654979.255100000649691, 3626716.307099997997284 ], [ 8654970.741300001740456, 3626656.988099999725819 ], [ 8654965.472199998795986, 3626620.27759999781847 ], [ 8654955.051899999380112, 3626547.675300002098083 ], [ 8654959.661800000816584, 3626411.436800003051758 ], [ 8654991.4835, 3626337.437700003385544 ], [ 8654998.996899999678135, 3626319.965800002217293 ], [ 8655046.844200000166893, 3626231.087999999523163 ], [ 8655133.686099998652935, 3626148.976300001144409 ], [ 8655160.608399998396635, 3626069.587399996817112 ], [ 8655171.578000001609325, 3625917.490900002419949 ], [ 8655169.910999998450279, 3625906.418600000441074 ], [ 8655140.629200000315905, 3625711.920100003480911 ], [ 8655149.42850000038743, 3625542.60080000013113 ], [ 8655173.3673, 3625420.188400000333786 ], [ 8655195.654100000858307, 3625375.611400000751019 ], [ 8655290.398200001567602, 3625186.107100002467632 ], [ 8655448.252399999648333, 3624870.365299999713898 ], [ 8655453.519900001585484, 3624859.828699998557568 ], [ 8655489.466600000858307, 3624771.567800000309944 ], [ 8655528.829999998211861, 3624674.917900003492832 ], [ 8655539.973000001162291, 3624647.557899996638298 ], [ 8655534.7804000005126, 3624556.269199997186661 ], [ 8655534.240499999374151, 3624546.778399996459484 ], [ 8655493.337099999189377, 3624429.473899997770786 ], [ 8655419.78489999845624, 3624290.773100003600121 ], [ 8655394.937899999320507, 3624162.67679999768734 ], [ 8655509.712999999523163, 3624065.208200000226498 ], [ 8655507.758200000971556, 3624041.910199999809265 ], [ 8655526.857299998402596, 3624023.633699998259544 ], [ 8655644.971999999135733, 3624006.445500001311302 ], [ 8655758.303100001066923, 3623971.142399996519089 ], [ 8655878.140900000929832, 3623951.597599998116493 ], [ 8656055.768800001591444, 3623950.965599998831749 ], [ 8656138.520300000905991, 3623957.419600002467632 ], [ 8656326.030299998819828, 3623953.790200002491474 ], [ 8656364.474800001829863, 3623946.326999999582767 ], [ 8656436.099300000816584, 3623919.024400003254414 ], [ 8656521.059900000691414, 3623877.405699998140335 ], [ 8656575.118500001728535, 3623835.63120000064373 ], [ 8656611.351500000804663, 3623807.6316 ], [ 8656641.946199998259544, 3623727.082699999213219 ], [ 8656647.471000000834465, 3623674.157700002193451 ], [ 8656641.425200000405312, 3623658.417099997401237 ], [ 8656641.195999998599291, 3623647.907600000500679 ], [ 8656622.305300001055002, 3623578.203100003302097 ], [ 8656617.147900000214577, 3623517.957999996840954 ], [ 8656625.775299999862909, 3623435.832500003278255 ], [ 8656632.464099999517202, 3623399.105099998414516 ], [ 8656665.190400000661612, 3623338.236900001764297 ], [ 8656673.429900001734495, 3623280.661899998784065 ], [ 8656675.367899999022484, 3623157.913999997079372 ], [ 8656660.826699998229742, 3623072.965300001204014 ], [ 8656633.761599998921156, 3623007.46169999986887 ], [ 8656614.820000000298023, 3622969.098700001835823 ], [ 8656592.350000001490116, 3622922.085199996829033 ], [ 8656591.645899999886751, 3622916.499799996614456 ], [ 8656589.092999998480082, 3622896.250100001692772 ], [ 8656589.616399999707937, 3622863.108900003135204 ], [ 8656592.792199999094009, 3622852.753600001335144 ], [ 8656610.224800001829863, 3622795.910899996757507 ], [ 8656623.485300000756979, 3622729.82379999756813 ], [ 8656623.644799999892712, 3622719.723800003528595 ], [ 8656624.31870000064373, 3622677.04389999806881 ], [ 8656617.4364, 3622648.695900000631809 ], [ 8656604.388999998569489, 3622623.932899996638298 ], [ 8656597.113299999386072, 3622612.4551 ], [ 8656567.4375, 3622565.639899998903275 ], [ 8656549.834300000220537, 3622519.932599999010563 ], [ 8656542.389899998903275, 3622449.833200000226498 ], [ 8656532.328299999237061, 3622390.741899996995926 ], [ 8656501.67850000038743, 3622320.272600002586842 ], [ 8656466.802499998360872, 3622285.340000003576279 ], [ 8656464.592399999499321, 3622270.572200000286102 ], [ 8656482.9712999984622, 3622189.836499996483326 ], [ 8656514.377399999648333, 3622135.090700000524521 ], [ 8656553.654100000858307, 3622123.440399996936321 ], [ 8656581.589699998497963, 3622133.707599997520447 ], [ 8656610.281599998474121, 3622173.451800003647804 ], [ 8656616.775800000876188, 3622182.861000001430511 ], [ 8656670.599199999123812, 3622260.843299999833107 ], [ 8656677.254700001329184, 3622252.491800002753735 ], [ 8656708.182799998670816, 3622262.227700002491474 ], [ 8656778.905699998140335, 3622300.36150000244379 ], [ 8656810.185499999672174, 3622311.905100002884865 ], [ 8656858.305300001055002, 3622329.66330000013113 ], [ 8656869.261100001633167, 3622327.190399996936321 ], [ 8656945.286899998784065, 3622156.07880000025034 ], [ 8657006.603399999439716, 3622063.749899998307228 ], [ 8657014.032200001180172, 3622060.744800001382828 ], [ 8657024.571800000965595, 3622033.583200000226498 ], [ 8657040.226199999451637, 3622024.115900002419949 ], [ 8657051.927499998360872, 3622032.810199998319149 ], [ 8657054.903299998492002, 3622044.74549999833107 ], [ 8657105.403000000864267, 3622041.382500000298023 ], [ 8657120.600900001823902, 3622025.89299999922514 ], [ 8657143.30350000038743, 3622026.325499996542931 ], [ 8657154.124000001698732, 3622039.608300000429153 ], [ 8657224.368000000715256, 3622043.889899998903275 ], [ 8657249.530900001525879, 3622048.930600002408028 ], [ 8657269.99720000103116, 3622053.030500002205372 ], [ 8657277.864900000393391, 3622045.4628000035882 ], [ 8657286.63120000064373, 3622037.030799999833107 ], [ 8657334.883299998939037, 3622025.581600002944469 ], [ 8657381.550000000745058, 3622036.964400000870228 ], [ 8657406.687399998307228, 3622051.998199999332428 ], [ 8657418.949999999254942, 3622072.038000002503395 ], [ 8657420.240600001066923, 3622074.147100001573563 ], [ 8657426.848400000482798, 3622104.527500003576279 ], [ 8657426.936999998986721, 3622117.316799998283386 ], [ 8657456.43470000103116, 3622150.511399999260902 ], [ 8657477.636700000613928, 3622174.37049999833107 ], [ 8657516.068999998271465, 3622190.934199996292591 ], [ 8657531.605700001120567, 3622179.873099997639656 ], [ 8657558.962999999523163, 3622151.320699997246265 ], [ 8657579.593199998140335, 3622129.789200000464916 ], [ 8657611.380899999290705, 3622093.880599997937679 ], [ 8657638.756299998611212, 3622094.860600002110004 ], [ 8657665.761500000953674, 3622126.856499999761581 ], [ 8657675.415300000458956, 3622135.531900003552437 ], [ 8657762.196699999272823, 3622106.386399999260902 ], [ 8657769.412599999457598, 3622103.962899997830391 ], [ 8657774.638300001621246, 3622102.207800000905991 ], [ 8657795.75279999896884, 3622095.1162 ], [ 8657878.85530000180006, 3622067.205399997532368 ], [ 8657936.520300000905991, 3622047.8378000035882 ], [ 8658064.611600000411272, 3622007.174400001764297 ], [ 8658142.782900001853704, 3621982.357900001108646 ], [ 8658254.303100001066923, 3621976.709100000560284 ], [ 8658512.008699998259544, 3621963.652400001883507 ], [ 8658724.826999999582767, 3621947.376299999654293 ], [ 8658887.981800001114607, 3621971.792099997401237 ], [ 8658899.1118, 3621973.457500003278255 ], [ 8658912.083500001579523, 3621979.811200000345707 ], [ 8658956.09180000051856, 3622001.36710000038147 ], [ 8658987.231800001114607, 3622041.145099997520447 ], [ 8659001.149700000882149, 3622087.194600000977516 ], [ 8659017.431600000709295, 3622141.065800003707409 ], [ 8659026.996300000697374, 3622167.239100001752377 ], [ 8659078.350699998438358, 3622307.768500000238419 ], [ 8659112.829799998551607, 3622368.471100002527237 ], [ 8659156.242199998348951, 3622404.760399997234344 ], [ 8659185.623199999332428, 3622410.374600000679493 ], [ 8659212.271299999207258, 3622415.466600000858307 ], [ 8659259.113800000399351, 3622417.413500003516674 ], [ 8659307.499200001358986, 3622419.424599997699261 ], [ 8659390.63459999859333, 3622442.279600001871586 ], [ 8659397.515999998897314, 3622444.171400003135204 ], [ 8659445.258600000292063, 3622465.236400000751019 ], [ 8659504.287300001829863, 3622491.280799999833107 ], [ 8659569.352299999445677, 3622526.289099998772144 ], [ 8659661.782299999147654, 3622576.02080000191927 ], [ 8659745.770300000905991, 3622595.75959999859333 ], [ 8659749.032200001180172, 3622596.0996999964118 ], [ 8659806.435199998319149, 3622602.083200000226498 ], [ 8659850.322500001639128, 3622606.657799996435642 ], [ 8659856.762499999254942, 3622607.329099997878075 ], [ 8660074.569200001657009, 3622584.973700001835823 ], [ 8660270.877599999308586, 3622605.943000003695488 ], [ 8660344.111699998378754, 3622613.76519999653101 ], [ 8660551.078499998897314, 3622659.986299999058247 ], [ 8660592.00450000166893, 3622670.473499998450279 ], [ 8660730.891100000590086, 3622706.062799997627735 ], [ 8660732.187699999660254, 3622706.405599996447563 ], [ 8660828.505800001323223, 3622731.864399999380112 ], [ 8660974.405799999833107, 3622777.122299998998642 ], [ 8661118.9712999984622, 3622829.724799998104572 ], [ 8661204.374000001698732, 3622837.200800001621246 ], [ 8661204.625100001692772, 3622837.167999997735023 ], [ 8661263.134100001305342, 3622829.526199996471405 ], [ 8661326.989199999719858, 3622808.425999999046326 ], [ 8661451.034400001168251, 3622766.167499996721745 ], [ 8661590.48200000077486, 3622754.842600002884865 ], [ 8661678.580400001257658, 3622770.694499999284744 ], [ 8661702.565200001001358, 3622775.010300002992153 ], [ 8661750.394499998539686, 3622780.359899997711182 ], [ 8661868.428199999034405, 3622793.56139999628067 ], [ 8661917.123100001364946, 3622795.165600001811981 ], [ 8661939.250100001692772, 3622795.894599996507168 ], [ 8661948.057300001382828, 3622792.667099997401237 ], [ 8661949.489, 3622792.142399996519089 ], [ 8661981.023899998515844, 3622780.585900001227856 ], [ 8662002.280699998140335, 3622748.996200002729893 ], [ 8662076.891399998217821, 3622664.218199998140335 ], [ 8662136.313900001347065, 3622613.5801 ], [ 8662166.726300001144409, 3622542.845899999141693 ], [ 8662153.802799999713898, 3622509.4956 ], [ 8662107.268500000238419, 3622436.933200001716614 ], [ 8662098.927700001746416, 3622423.926899999380112 ], [ 8661948.537300001829863, 3622115.881099998950958 ], [ 8661873.160500001162291, 3621934.234099999070168 ], [ 8661899.598900001496077, 3621892.18129999935627 ], [ 8661927.994300000369549, 3621847.015799999237061 ], [ 8661977.109900001436472, 3621768.8926 ], [ 8662074.713199999183416, 3621604.002700001001358 ], [ 8662126.254799999296665, 3621518.228299997746944 ], [ 8662197.821800000965595, 3621399.127999998629093 ], [ 8662297.646000001579523, 3621263.188799999654293 ], [ 8662353.828699998557568, 3621196.44370000064373 ], [ 8662422.083099998533726, 3621115.3574 ], [ 8662428.530200000852346, 3621093.360799998044968 ], [ 8662427.215199999511242, 3621044.479999996721745 ], [ 8662426.977400001138449, 3621035.638700000941753 ], [ 8662411.096799999475479, 3620899.540100000798702 ], [ 8662397.846400000154972, 3620785.98139999806881 ], [ 8662394.83500000089407, 3620735.457299999892712 ], [ 8662378.438700001686811, 3620460.369800001382828 ], [ 8662357.015500001609325, 3620344.645099997520447 ], [ 8662321.610199999064207, 3620264.302000001072884 ], [ 8662243.89919999986887, 3620155.066600002348423 ], [ 8662144.340500000864267, 3620007.146200001239777 ], [ 8662132.848799999803305, 3619990.072300001978874 ], [ 8661971.232599999755621, 3619777.644299998879433 ], [ 8661782.3125, 3619514.46339999884367 ], [ 8661676.121500000357628, 3619391.501800000667572 ], [ 8661638.320099998265505, 3619347.730099998414516 ], [ 8661532.190699998289347, 3619260.147600002586842 ], [ 8661352.9857, 3619159.146899998188019 ], [ 8661217.733600001782179, 3619113.170800000429153 ], [ 8661156.154899999499321, 3619092.237899996340275 ], [ 8660983.481100000441074, 3619042.889600001275539 ], [ 8660837.215300001204014, 3619023.412600003182888 ], [ 8660809.661800000816584, 3618910.054499998688698 ], [ 8660802.191599998623133, 3618784.239 ], [ 8660788.361600000411272, 3618551.308799996972084 ], [ 8660788.164099998772144, 3618548.737400002777576 ], [ 8660762.82039999961853, 3618218.730700001120567 ], [ 8660753.8202, 3618101.536200001835823 ], [ 8660735.881700001657009, 3617841.050399996340275 ], [ 8660718.44200000166893, 3617705.766699999570847 ], [ 8660705.924699999392033, 3617568.106700003147125 ], [ 8660728.242800001055002, 3617389.264899998903275 ], [ 8660738.144999999552965, 3617309.778200000524521 ], [ 8660747.775499999523163, 3617232.473300002515316 ], [ 8660743.536800000816584, 3617033.581799998879433 ], [ 8660725.182700000703335, 3616744.135099999606609 ], [ 8660716.325399998575449, 3616583.96679999679327 ], [ 8660673.168800000101328, 3616217.566699996590614 ], [ 8660624.97749999910593, 3615979.795999996364117 ], [ 8660599.08390000090003, 3615852.03999999910593 ], [ 8660598.310199998319149, 3615848.222800001502037 ], [ 8660598.089200001209974, 3615847.725500002503395 ], [ 8660534.596200000494719, 3615704.866300001740456 ], [ 8660528.415300000458956, 3615631.137000001966953 ], [ 8660804.690499998629093, 3615430.156499996781349 ], [ 8660827.305799998342991, 3615413.704700000584126 ], [ 8660879.094399999827147, 3615378.595299996435642 ], [ 8660985.843600001186132, 3615306.224600002169609 ], [ 8661027.229600001126528, 3615278.167000003159046 ], [ 8661055.9934, 3615234.439400002360344 ], [ 8661058.512800000607967, 3615220.142800003290176 ], [ 8661088.127599999308586, 3615052.09570000320673 ], [ 8661147.023299999535084, 3614876.308799996972084 ], [ 8661178.334499999880791, 3614668.186499997973442 ], [ 8661190.617800001055002, 3614517.004000000655651 ], [ 8661217.566500000655651, 3614185.320699997246265 ], [ 8661220.827300000935793, 3614165.276900000870228 ], [ 8661263.544599998742342, 3613902.699600003659725 ], [ 8661266.151500001549721, 3613886.674699999392033 ], [ 8661286.405000001192093, 3613724.330799996852875 ], [ 8661288.458200000226498, 3613707.8733000010252 ], [ 8661257.053599998354912, 3613710.835400000214577 ], [ 8661109.93299999833107, 3613724.711199998855591 ], [ 8661001.979299999773502, 3613757.377599999308586 ], [ 8660859.883699998259544, 3613787.054099999368191 ], [ 8660627.895100001245737, 3613865.628600001335144 ], [ 8660615.05799999833107, 3613870.543399997055531 ], [ 8660572.732500001788139, 3613886.748400002717972 ], [ 8660390.830699998885393, 3613956.390799999237061 ], [ 8660160.535500001162291, 3614004.308899998664856 ], [ 8660036.099300000816584, 3613997.44370000064373 ], [ 8659990.071899998933077, 3614004.573899999260902 ], [ 8659943.514899998903275, 3614011.786200001835823 ], [ 8659921.046599999070168, 3614015.266800001263618 ], [ 8659759.2621, 3614054.440600000321865 ], [ 8659579.774300001561642, 3614132.600500002503395 ], [ 8659385.406100001186132, 3614225.249099999666214 ], [ 8659331.732500001788139, 3614221.948399998247623 ], [ 8659241.782000001519918, 3614195.987300001084805 ], [ 8659220.818599998950958, 3614200.032300002872944 ], [ 8659124.20890000090003, 3614218.673199996352196 ], [ 8659006.174699999392033, 3614270.801399998366833 ], [ 8658912.821800000965595, 3614320.547200001776218 ], [ 8658787.002500001341105, 3614387.593800000846386 ], [ 8658726.20719999819994, 3614422.532600000500679 ], [ 8658508.539200000464916, 3614547.622000001370907 ], [ 8658343.534699998795986, 3614635.816500000655651 ], [ 8658236.894099999219179, 3614739.660199999809265 ], [ 8658209.174100000411272, 3614797.402500003576279 ], [ 8658204.0713, 3614808.031999997794628 ], [ 8658182.024300001561642, 3614853.956600002944469 ], [ 8658181.351500000804663, 3614855.358300000429153 ], [ 8658137.6114999987185, 3614997.014200001955032 ], [ 8658126.69370000064373, 3615210.744999997317791 ], [ 8658125.272399999201298, 3615238.569899998605251 ], [ 8658100.351300001144409, 3615425.933200001716614 ], [ 8658086.293999999761581, 3615543.52080000191927 ], [ 8658090.35020000115037, 3615614.184900000691414 ], [ 8658091.088500000536442, 3615627.046300001442432 ], [ 8658100.294199999421835, 3615671.581699997186661 ], [ 8658133.081999998539686, 3615830.201700001955032 ], [ 8658133.213899999856949, 3615893.862099997699261 ], [ 8658133.224500000476837, 3615898.928400002419949 ], [ 8658129.634199999272823, 3615916.936899997293949 ], [ 8658110.625799998641014, 3616012.281099997460842 ], [ 8658102.737300001084805, 3616051.848700001835823 ], [ 8658089.250799998641014, 3616134.085299998521805 ], [ 8658073.027499999850988, 3616233.009400002658367 ], [ 8658045.874299999326468, 3616406.849200002849102 ], [ 8657999.089600000530481, 3616586.516000002622604 ], [ 8657961.190400000661612, 3616666.915200002491474 ], [ 8657928.598600000143051, 3616720.398599997162819 ], [ 8657885.14979999884963, 3616748.982699997723103 ], [ 8657852.09180000051856, 3616770.730899997055531 ], [ 8657695.548900000751019, 3616862.747500002384186 ], [ 8657628.468299999833107, 3616897.343800000846386 ], [ 8657381.584699999541044, 3617024.671999998390675 ], [ 8657178.892000000923872, 3617099.995899997651577 ], [ 8656861.059900000691414, 3617196.802599996328354 ], [ 8656647.954999998211861, 3617235.134900003671646 ], [ 8656633.623199999332428, 3617234.906300000846386 ], [ 8656615.718199998140335, 3617234.620800003409386 ], [ 8656560.046, 3617233.732699997723103 ], [ 8656487.486400000751019, 3617188.391099996864796 ], [ 8656422.027199998497963, 3617111.175899997353554 ], [ 8656312.072000000625849, 3616981.473300002515316 ], [ 8656232.346999999135733, 3616932.15820000320673 ], [ 8656080.3015, 3616827.322999998927116 ], [ 8656005.380300000309944, 3616766.423500001430511 ], [ 8655961.6064000017941, 3616662.015500001609325 ], [ 8655897.94649999961257, 3616544.296099998056889 ], [ 8655844.841600000858307, 3616438.212099999189377 ], [ 8655824.120200000703335, 3616386.874399997293949 ], [ 8655825.8733000010252, 3616380.239699997007847 ], [ 8655794.026999998837709, 3616326.796800002455711 ], [ 8655768.664599999785423, 3616231.892300002276897 ], [ 8655768.402699999511242, 3616167.307099997997284 ], [ 8655767.669399999082088, 3615986.427799999713898 ], [ 8655817.83219999819994, 3615363.808399997651577 ], [ 8655869.250399999320507, 3614738.778800003230572 ], [ 8655880.2544, 3614659.898000001907349 ], [ 8655890.601100001484156, 3614585.728900000452995 ], [ 8655862.263799998909235, 3614536.301700003445148 ], [ 8655861.489399999380112, 3614534.951200000941753 ], [ 8655821.634100001305342, 3614468.662699997425079 ], [ 8655771.636199999600649, 3614387.486900001764297 ], [ 8655728.148699998855591, 3614319.299900002777576 ], [ 8655714.923799999058247, 3614295.58839999884367 ], [ 8655694.310699999332428, 3614258.630300000309944 ], [ 8655683.447799999266863, 3614233.892899997532368 ], [ 8655615.352200001478195, 3614078.824000000953674 ], [ 8655555.542300000786781, 3614000.559799998998642 ], [ 8655477.74100000038743, 3613940.413800001144409 ], [ 8655397.9923, 3613887.598700001835823 ], [ 8655315.627599999308586, 3613845.784999996423721 ], [ 8655201.603199999779463, 3613798.554999999701977 ], [ 8655188.2989999987185, 3613795.565399996936321 ], [ 8655182.902100000530481, 3613794.352700002491474 ], [ 8655095.753899998962879, 3613774.76969999819994 ], [ 8655014.162900000810623, 3613761.189499996602535 ], [ 8654959.622099999338388, 3613735.772799998521805 ], [ 8654908.638700000941753, 3613717.984700001776218 ], [ 8654734.02589999884367, 3613536.803400002419949 ], [ 8654629.771699998527765, 3613436.269400000572205 ], [ 8654593.757800001651049, 3613363.343400001525879 ], [ 8654564.604699999094009, 3613304.310000002384186 ], [ 8654564.51410000026226, 3613304.126599997282028 ], [ 8654556.561099998652935, 3613266.390100002288818 ], [ 8654558.536100000143051, 3613263.909500002861023 ], [ 8654582.745999999344349, 3613233.500500001013279 ], [ 8654595.598999999463558, 3613164.937600001692772 ], [ 8654569.918800000101328, 3613098.978799998760223 ], [ 8654524.826999999582767, 3613043.453299999237061 ], [ 8654464.941799998283386, 3612976.944700002670288 ], [ 8654440.006099998950958, 3612931.413999997079372 ], [ 8654425.708799999207258, 3612889.278200000524521 ], [ 8654424.204100001603365, 3612849.497299998998642 ], [ 8654443.872499998658895, 3612822.951200000941753 ], [ 8654488.621899999678135, 3612765.648100003600121 ], [ 8654529.059000000357628, 3612736.378899998962879 ], [ 8654645.460799999535084, 3612652.124799996614456 ], [ 8654731.339999999850988, 3612563.248199999332428 ], [ 8654809.206300001591444, 3612507.55179999768734 ], [ 8654902.746800001710653, 3612474.670999996364117 ], [ 8654949.187300000339746, 3612445.331200003623962 ], [ 8655010.046599999070168, 3612406.963600002229214 ], [ 8655068.337400000542402, 3612272.934399999678135 ], [ 8655129.458099998533726, 3612114.412699997425079 ], [ 8655182.085400000214577, 3612029.3716000020504 ], [ 8655280.047600001096725, 3611934.015600003302097 ], [ 8655283.181699998676777, 3611931.506800003349781 ], [ 8655367.1864, 3611864.263999998569489 ], [ 8655398.757800001651049, 3611838.99210000038147 ], [ 8655409.75, 3611830.483800001442432 ], [ 8655498.63060000166297, 3611761.687600001692772 ], [ 8655515.022700000554323, 3611748.999600000679493 ], [ 8655574.594799999147654, 3611702.88910000026226 ], [ 8655580.4527000002563, 3611698.354699999094009 ], [ 8655602.505899999290705, 3611680.979999996721745 ], [ 8655827.706199999898672, 3611503.555399999022484 ], [ 8655944.687399998307228, 3611363.108199998736382 ], [ 8655946.651700001209974, 3611358.483400002121925 ], [ 8655995.410300001502037, 3611243.685900002717972 ], [ 8656011.533100001513958, 3611194.076700001955032 ], [ 8656089.231699999421835, 3610954.994300000369549 ], [ 8656126.305300001055002, 3610840.916799999773502 ], [ 8656153.687199998646975, 3610769.690399996936321 ], [ 8656176.310100000351667, 3610710.842600002884865 ], [ 8656229.430599998682737, 3610572.662600003182888 ], [ 8656231.886500000953674, 3610566.3462999984622 ], [ 8656277.785599999129772, 3610448.30009999871254 ], [ 8656346.15260000154376, 3610216.300399996340275 ], [ 8656345.378100000321865, 3610188.071900002658367 ], [ 8656164.118900001049042, 3610148.373099997639656 ], [ 8655949.987300001084805, 3610103.239699997007847 ], [ 8655736.653900001198053, 3610007.818400003015995 ], [ 8655551.56700000166893, 3609901.806199997663498 ], [ 8655300.986000001430511, 3609753.639600001275539 ], [ 8655272.208299998193979, 3609736.623599998652935 ], [ 8655231.294300001114607, 3609710.784500002861023 ], [ 8655158.603500001132488, 3609664.8766999989748 ], [ 8655093.842500001192093, 3609647.862000003457069 ], [ 8655049.198800001293421, 3609636.132799997925758 ], [ 8654929.563799999654293, 3609636.665700003504753 ], [ 8654908.68189999833703, 3609613.68860000371933 ], [ 8654888.383900001645088, 3609545.682800002396107 ], [ 8654856.388999998569489, 3609406.587399996817112 ], [ 8654855.907400000840425, 3609404.922799997031689 ], [ 8654852.372099999338388, 3609392.701899997889996 ], [ 8654802.687100000679493, 3609220.951200000941753 ], [ 8654708.145100001245737, 3608847.742799997329712 ], [ 8654681.581999998539686, 3608746.954199999570847 ], [ 8654678.515599999576807, 3608735.319300003349781 ], [ 8654674.879599999636412, 3608721.523299999535084 ], [ 8654642.460999999195337, 3608609.283100001513958 ], [ 8654638.979499999433756, 3608601.356899999082088 ], [ 8654600.168600000441074, 3608512.998199999332428 ], [ 8654558.295800000429153, 3608457.540100000798702 ], [ 8654442.184599999338388, 3608365.439300000667572 ], [ 8654306.147799998521805, 3608249.385099999606609 ], [ 8654232.9206000007689, 3608149.380599997937679 ], [ 8654166.609099999070168, 3608031.645199999213219 ], [ 8654107.148899998515844, 3607926.074000000953674 ], [ 8654063.187100000679493, 3607886.357799999415874 ], [ 8653934.875, 3607770.437399998307228 ], [ 8653879.5581, 3607720.462700001895428 ], [ 8653745.443500000983477, 3607623.725599996745586 ], [ 8653644.978500001132488, 3607551.2588 ], [ 8653598.428199999034405, 3607518.530799999833107 ], [ 8653416.677700001746416, 3607390.747699998319149 ], [ 8653408.773800000548363, 3607375.008000001311302 ], [ 8653401.0449, 3607359.616999998688698 ], [ 8653329.6689000017941, 3607217.480700001120567 ], [ 8653190.748799998313189, 3606948.854400001466274 ], [ 8653092.91780000180006, 3606650.8213 ], [ 8653043.3805, 3606407.277999997138977 ], [ 8653034.41160000115633, 3606166.542700000107288 ], [ 8653066.044300001114607, 3605926.467799998819828 ], [ 8653071.984099999070168, 3605755.79280000180006 ], [ 8653038.050200000405312, 3605672.543799996376038 ], [ 8653029.136599998921156, 3605656.676700003445148 ], [ 8652942.456000000238419, 3605502.376500003039837 ], [ 8652848.526700001209974, 3605357.316299997270107 ], [ 8652813.139699999243021, 3605302.666199997067451 ], [ 8652795.756099998950958, 3605261.421400003135204 ], [ 8652725.631900001317263, 3605095.042700000107288 ], [ 8652655.334100000560284, 3604961.3378000035882 ], [ 8652641.133099999278784, 3604934.327200002968311 ], [ 8652586.671599999070168, 3604830.741499997675419 ], [ 8652374.999099999666214, 3604569.559600003063679 ], [ 8652337.033900000154972, 3604523.5641999989748 ], [ 8652249.212000001221895, 3604417.166599996387959 ], [ 8652178.739, 3604280.707099996507168 ], [ 8652065.193199999630451, 3604031.861599996685982 ], [ 8652041.964400000870228, 3603971.494999997317791 ], [ 8652003.64979999884963, 3603871.923699997365475 ], [ 8651902.13459999859333, 3603672.677500002086163 ], [ 8651759.543099999427795, 3603502.833800002932549 ], [ 8651692.117899999022484, 3603438.068199999630451 ], [ 8651464.383600000292063, 3603219.31700000166893 ], [ 8651393.355099998414516, 3603151.090400002896786 ], [ 8651207.47239999845624, 3603015.978900000452995 ], [ 8651144.524399999529123, 3602982.312600001692772 ], [ 8650932.034499999135733, 3602868.667099997401237 ], [ 8650915.509399998933077, 3602860.336400002241135 ], [ 8650902.695700000971556, 3602853.876500003039837 ], [ 8650674.4835, 3602738.825199998915195 ], [ 8650457.616300001740456, 3602604.275799997150898 ], [ 8650452.523800000548363, 3602600.696199998259544 ], [ 8650298.088300000876188, 3602492.138599999248981 ], [ 8650130.424100000411272, 3602420.671999998390675 ], [ 8650090.690999999642372, 3602402.245200000703335 ], [ 8650039.219700001180172, 3602378.374499998986721 ], [ 8649984.125599998980761, 3602349.55349999666214 ], [ 8649964.854200001806021, 3602323.189499996602535 ], [ 8649944.40430000051856, 3602295.213200002908707 ], [ 8649944.0472999997437, 3602284.949000000953674 ], [ 8649941.48930000141263, 3602211.409500002861023 ], [ 8649947.225400000810623, 3602158.757100000977516 ], [ 8649948.974199999123812, 3602142.704999998211861 ], [ 8649951.531899999827147, 3602119.227899998426437 ], [ 8649996.263799998909235, 3602013.674900002777576 ], [ 8650004.858199998736382, 3601993.394900001585484 ], [ 8650072.441300000995398, 3601862.913400001823902 ], [ 8650076.380199998617172, 3601843.138300001621246 ], [ 8650078.504700001329184, 3601811.575099997222424 ], [ 8650087.5810999982059, 3601774.716600000858307 ], [ 8650100.819899998605251, 3601754.187799997627735 ], [ 8650113.8596, 3601725.037000000476837 ], [ 8650137.512600000947714, 3601672.159400001168251 ], [ 8650160.983600001782179, 3601612.424999997019768 ], [ 8650164.296, 3601604.653300002217293 ], [ 8650168.707899998873472, 3601508.589000001549721 ], [ 8650168.708700001239777, 3601503.501599997282028 ], [ 8650168.722699999809265, 3601410.6787 ], [ 8650162.4662000015378, 3601385.73870000243187 ], [ 8650173.636300001293421, 3601341.378100000321865 ], [ 8650180.765900000929832, 3601291.891400001943111 ], [ 8650213.748599998652935, 3601234.449600003659725 ], [ 8650223.852400001138449, 3601221.974500000476837 ], [ 8650248.392400000244379, 3601183.632399998605251 ], [ 8650268.4419, 3601166.919699996709824 ], [ 8650292.538699999451637, 3601137.166799999773502 ], [ 8650294.423900000751019, 3601134.839199997484684 ], [ 8650381.8564000017941, 3601018.832500003278255 ], [ 8650383.955800000578165, 3601016.0471 ], [ 8650430.425700001418591, 3600940.335299998521805 ], [ 8650432.238299999386072, 3600937.381999999284744 ], [ 8650456.917899999767542, 3600864.773299999535084 ], [ 8650458.990200001746416, 3600858.333800002932549 ], [ 8650461.96059999987483, 3600846.956900000572205 ], [ 8650488.074799999594688, 3600747.470499999821186 ], [ 8650506.342700000852346, 3600694.777500003576279 ], [ 8650521.184099998325109, 3600653.485500000417233 ], [ 8650499.364100001752377, 3600618.5176 ], [ 8650433.872499998658895, 3600572.352600000798702 ], [ 8650337.432, 3600534.19820000231266 ], [ 8650300.756799999624491, 3600543.034599997103214 ], [ 8650275.178899999707937, 3600543.196000002324581 ], [ 8650249.589099999517202, 3600540.4341000020504 ], [ 8650222.815400000661612, 3600535.9375 ], [ 8650199.534299999475479, 3600530.243199996650219 ], [ 8650175.613200001418591, 3600517.533100001513958 ], [ 8650174.224300000816584, 3600516.001900002360344 ], [ 8650138.744600001722574, 3600476.884700000286102 ], [ 8650098.930799998342991, 3600432.733300000429153 ], [ 8650054.9408, 3600368.751000002026558 ], [ 8650026.110100001096725, 3600314.614399999380112 ], [ 8650010.785300001502037, 3600280.827399998903275 ], [ 8649990.774399999529123, 3600241.224899999797344 ], [ 8649968.985500000417233, 3600195.806500002741814 ], [ 8649875.428599998354912, 3600014.715499997138977 ], [ 8649820.181099999696016, 3599917.512000001966953 ], [ 8649794.740699999034405, 3599847.575199998915195 ], [ 8649794.877900000661612, 3599831.136799998581409 ], [ 8649795.077300000935793, 3599807.2654 ], [ 8649821.457400001585484, 3599751.029200002551079 ], [ 8649860.1233000010252, 3599704.638400003314018 ], [ 8649960.5044, 3599583.089400000870228 ], [ 8649992.910399999469519, 3599533.719300001859665 ], [ 8650086.020899999886751, 3599391.866700001060963 ], [ 8650123.6114999987185, 3599347.324199996888638 ], [ 8650166.799899999052286, 3599296.148599997162819 ], [ 8650307.588100001215935, 3599127.27419999986887 ], [ 8650347.941399998962879, 3599078.870800003409386 ], [ 8650410.383400000631809, 3599024.740599997341633 ], [ 8650502.637600000947714, 3598999.624899998307228 ], [ 8650612.478000000119209, 3598996.592000000178814 ], [ 8650774.020500000566244, 3598989.716499999165535 ], [ 8650915.848600000143051, 3598991.14360000193119 ], [ 8651051.395599998533726, 3599008.972999997437 ], [ 8651194.026500001549721, 3599046.026799999177456 ], [ 8651222.017499998211861, 3599055.981899999082088 ], [ 8651257.050900001078844, 3599057.2051 ], [ 8651335.458200000226498, 3599097.131300002336502 ], [ 8651341.49379999935627, 3599102.309500001370907 ], [ 8651375.236099999397993, 3599115.536499999463558 ], [ 8651515.013399999588728, 3599178.513300001621246 ], [ 8651531.985199999064207, 3599186.159999996423721 ], [ 8651620.648600000888109, 3599226.1074 ], [ 8651755.763399999588728, 3599267.293600000441074 ], [ 8651826.101799998432398, 3599267.999399997293949 ], [ 8651920.109999999403954, 3599242.856600001454353 ], [ 8652003.081900000572205, 3599193.133699998259544 ], [ 8652032.433800000697374, 3599175.54389999806881 ], [ 8652096.622499998658895, 3599123.730099998414516 ], [ 8652173.377900000661612, 3599037.947999998927116 ], [ 8652267.927499998360872, 3598918.176399998366833 ], [ 8652383.500500001013279, 3598722.333599999547005 ], [ 8652458.541499998420477, 3598552.468800000846386 ], [ 8652559.875300001353025, 3598402.862499997019768 ], [ 8652648.162500001490116, 3598305.331000000238419 ], [ 8652680.535599999129772, 3598277.671899996697903 ], [ 8652732.198899999260902, 3598267.990099996328354 ], [ 8652816.538699999451637, 3598278.525700002908707 ], [ 8652870.971599999815226, 3598303.54280000180006 ], [ 8652880.573300000280142, 3598305.246699996292591 ], [ 8652927.347800001502037, 3598329.452799998223782 ], [ 8652956.249899998307228, 3598342.73589999973774 ], [ 8652975.683899998664856, 3598351.667599998414516 ], [ 8653068.181499999016523, 3598390.890900000929832 ], [ 8653120.817200001329184, 3598413.211000002920628 ], [ 8653146.174199998378754, 3598421.052799999713898 ], [ 8653194.776099998503923, 3598436.083400003612041 ], [ 8653218.579199999570847, 3598431.841700002551079 ], [ 8653259.02309999987483, 3598394.195600003004074 ], [ 8653262.425299998372793, 3598388.139799997210503 ], [ 8653335.430100001394749, 3598258.191799998283386 ], [ 8653420.582800000905991, 3598124.459499999880791 ], [ 8653487.706700000911951, 3597990.851400002837181 ], [ 8653556.497699998319149, 3597844.965999998152256 ], [ 8653575.997499998658895, 3597805.704000003635883 ], [ 8653625.333999998867512, 3597817.739100001752377 ], [ 8653656.098799999803305, 3597825.243900001049042 ], [ 8653657.078600000590086, 3597825.482900001108646 ], [ 8653659.444899998605251, 3597826.060099996626377 ], [ 8653662.375700000673532, 3597818.786300003528595 ], [ 8653676.16160000115633, 3597784.571999996900558 ], [ 8653693.534699998795986, 3597700.046899996697903 ], [ 8653686.037599999457598, 3597634.443400003015995 ], [ 8653663.384300000965595, 3597581.477399997413158 ], [ 8653619.373700000345707, 3597528.166799999773502 ], [ 8653567.352200001478195, 3597441.449400000274181 ], [ 8653533.948300000280142, 3597326.049400001764297 ], [ 8653534.094500001519918, 3597183.282200001180172 ], [ 8653552.912900000810623, 3597075.168099999427795 ], [ 8653584.336800001561642, 3597010.027300000190735 ], [ 8653597.102000001817942, 3596983.565499998629093 ], [ 8653705.651999998837709, 3596874.753799997270107 ], [ 8653723.622000001370907, 3596864.100100003182888 ], [ 8653808.474700000137091, 3596813.794200003147125 ], [ 8653888.965700000524521, 3596766.074299998581409 ], [ 8654143.78660000115633, 3596660.692400000989437 ], [ 8654429.604899998754263, 3596553.659000001847744 ], [ 8654623.921100001782179, 3596491.306400001049042 ], [ 8654695.78489999845624, 3596431.490500003099442 ], [ 8654721.338899999856949, 3596410.220499999821186 ], [ 8654786.909400001168251, 3596316.815600000321865 ], [ 8654819.974899999797344, 3596185.320200003683567 ], [ 8654801.769499998539686, 3596054.0757 ], [ 8654743.561599999666214, 3595953.317100003361702 ], [ 8654714.662300001829863, 3595822.97580000013113 ], [ 8654714.564100001007318, 3595774.20719999819994 ], [ 8654663.233800001442432, 3595775.169100001454353 ], [ 8654587.198899999260902, 3595776.593900002539158 ], [ 8654577.550200000405312, 3595722.351899996399879 ], [ 8654583.71680000051856, 3595688.439800001680851 ], [ 8654602.070099998265505, 3595652.121500000357628 ], [ 8654613.731300000101328, 3595639.112199999392033 ], [ 8654662.63740000128746, 3595584.552500002086163 ], [ 8654807.150699999183416, 3595471.474500000476837 ], [ 8654894.451400000602007, 3595456.766599997878075 ], [ 8654922.671399999409914, 3595436.156700000166893 ], [ 8654947.425599999725819, 3595424.210799999535084 ], [ 8654951.088799998164177, 3595424.125299997627735 ], [ 8654989.871199999004602, 3595423.220200002193451 ], [ 8655001.91440000012517, 3595422.939000003039837 ], [ 8655044.828499998897314, 3595410.747900001704693 ], [ 8655113.726300001144409, 3595376.433700002729893 ], [ 8655186.326999999582767, 3595319.314900003373623 ], [ 8655299.208299998193979, 3595173.443999998271465 ], [ 8655373.97069999948144, 3595087.329899996519089 ], [ 8655413.697900000959635, 3595041.570699997246265 ], [ 8655428.36540000140667, 3595024.676100000739098 ], [ 8655556.991099998354912, 3594919.76129999756813 ], [ 8655618.534099999815226, 3594869.563199996948242 ], [ 8655737.772199999541044, 3594752.895099997520447 ], [ 8655739.374299999326468, 3594746.279100000858307 ], [ 8655749.758400000631809, 3594703.397200003266335 ], [ 8655737.67339999973774, 3594615.383299998939037 ], [ 8655716.241300001740456, 3594574.571099996566772 ], [ 8655659.599599998444319, 3594532.674199998378754 ], [ 8655475.628800000995398, 3594396.594200000166893 ], [ 8655319.273499999195337, 3594280.941200003027916 ], [ 8655312.41499999910593, 3594270.225000001490116 ], [ 8655281.693199999630451, 3594222.223200000822544 ], [ 8655287.107799999415874, 3594136.834299996495247 ], [ 8655274.869199998676777, 3594052.287600003182888 ], [ 8655194.223999999463558, 3593945.351899996399879 ], [ 8655182.463300000876188, 3593921.647200003266335 ], [ 8655176.920499999076128, 3593910.475199997425079 ], [ 8655134.104400001466274, 3593871.144400000572205 ], [ 8655147.477400001138449, 3593785.803099997341633 ], [ 8655154.986699998378754, 3593779.216499999165535 ], [ 8655159.000799998641014, 3593747.959100000560284 ], [ 8655249.690699998289347, 3593699.592100001871586 ], [ 8655360.170299999415874, 3593631.142300002276897 ], [ 8655400.567400000989437, 3593578.001500003039837 ], [ 8655376.874699998646975, 3593422.268299996852875 ], [ 8655262.136300001293421, 3593349.294600002467632 ], [ 8655235.775199998170137, 3593332.528899997472763 ], [ 8655200.662599999457598, 3593310.197300001978874 ], [ 8655130.115699999034405, 3593287.508699998259544 ], [ 8654841.433800000697374, 3593194.665799997746944 ], [ 8654748.674499999731779, 3593135.738399997353554 ], [ 8654720.58049999922514, 3593017.408699996769428 ], [ 8654755.743500001728535, 3592749.637900002300739 ], [ 8654763.166600000113249, 3592693.110200002789497 ], [ 8654819.300599999725819, 3592485.47860000282526 ], [ 8654842.200100000947714, 3592432.580399997532368 ], [ 8654893.050999999046326, 3592315.114100001752377 ], [ 8654912.5702, 3592270.024400003254414 ], [ 8654909.291700001806021, 3592127.593900002539158 ], [ 8654893.050799999386072, 3592095.579099997878075 ], [ 8654806.879099998623133, 3591925.713600002229214 ], [ 8654728.434900000691414, 3591660.62610000371933 ], [ 8654728.393899999558926, 3591660.614799998700619 ], [ 8654734.161699999123812, 3591585.829800002276897 ], [ 8654736.097899999469519, 3591560.725500002503395 ], [ 8654745.556099999696016, 3591438.094400003552437 ], [ 8654801.219000000506639, 3591247.998700000345707 ], [ 8654957.273600000888109, 3591129.624899998307228 ], [ 8655056.794700000435114, 3591092.941299997270107 ], [ 8655137.724800001829863, 3591063.110299997031689 ], [ 8655291.551699999719858, 3590994.808399997651577 ], [ 8655539.713899999856949, 3590870.740699999034405 ], [ 8655679.177299998700619, 3590817.768700003623962 ], [ 8655782.753699999302626, 3590798.318300001323223 ], [ 8655843.000199999660254, 3590787.004699997603893 ], [ 8655870.45549999922514, 3590782.978200003504753 ], [ 8655924.888599999248981, 3590774.994999997317791 ], [ 8656024.844200000166893, 3590760.335400000214577 ], [ 8656070.690400000661612, 3590738.468599997460842 ], [ 8656109.100999999791384, 3590720.148199997842312 ], [ 8656112.988800000399351, 3590714.813500002026558 ], [ 8656114.7632, 3590712.378600001335144 ], [ 8656175.415300000458956, 3590629.152500003576279 ], [ 8656164.464200001209974, 3590574.265299998223782 ], [ 8656152.480399999767542, 3590514.201800003647804 ], [ 8656144.778000000864267, 3590475.597099997103214 ], [ 8656151.942499998956919, 3590420.839900001883507 ], [ 8656153.559300001710653, 3590408.482600003480911 ], [ 8656156.439599998295307, 3590403.771600000560284 ], [ 8656175.677700001746416, 3590372.305500000715256 ], [ 8656328.517099998891354, 3590293.07660000026226 ], [ 8656472.870799999684095, 3590225.175599999725819 ], [ 8656508.06700000166893, 3590208.6199000030756 ], [ 8656515.8871, 3590184.784400001168251 ], [ 8656517.531300000846386, 3590179.772799998521805 ], [ 8656521.467799998819828, 3590167.774300001561642 ], [ 8656537.163499999791384, 3590164.541900001466274 ], [ 8656540.875900000333786, 3590163.777400001883507 ], [ 8656580.731899999082088, 3590155.569399997591972 ], [ 8656645.221500001847744, 3590102.012900002300739 ], [ 8656646.0121, 3590101.356299996376038 ], [ 8656671.9945, 3590079.778599999845028 ], [ 8656867.206399999558926, 3590015.175899997353554 ], [ 8657044.421799998730421, 3589941.805500000715256 ], [ 8657099.504900000989437, 3589928.022200003266335 ], [ 8657143.568999998271465, 3589916.995999999344349 ], [ 8657176.875900000333786, 3589908.661499999463558 ], [ 8657320.1371, 3589912.478100001811981 ], [ 8657358.670200001448393, 3589913.504699997603893 ], [ 8657375.20380000025034, 3589913.955799996852875 ], [ 8657446.955299999564886, 3589915.913500003516674 ], [ 8657492.778299998492002, 3589897.434500001370907 ], [ 8657595.692099999636412, 3589855.9324000030756 ], [ 8657655.987799998372793, 3589805.79450000077486 ], [ 8657684.040300000458956, 3589782.4679000005126 ], [ 8657717.304499998688698, 3589712.180299997329712 ], [ 8657721.8684, 3589702.536700002849102 ], [ 8657743.597600001841784, 3589607.737000003457069 ], [ 8657744.608300000429153, 3589603.327500000596046 ], [ 8657744.166700001806021, 3589437.552599996328354 ], [ 8657826.193, 3589295.213299997150898 ], [ 8657865.445500001311302, 3589255.831799998879433 ], [ 8657913.800999999046326, 3589207.317100003361702 ], [ 8657932.568, 3589188.488399997353554 ], [ 8658001.568599998950958, 3589151.538599997758865 ], [ 8658060.972199998795986, 3589119.728100001811981 ], [ 8658171.961300000548363, 3589050.951300002634525 ], [ 8658191.57039999961853, 3589030.788500003516674 ], [ 8658264.968299999833107, 3588955.318499997258186 ], [ 8658364.357900001108646, 3588863.771799996495247 ], [ 8658389.729499999433756, 3588839.471799999475479 ], [ 8658466.647300001233816, 3588765.802699998021126 ], [ 8658530.640500001609325, 3588704.735100001096725 ], [ 8658561.978100001811981, 3588674.8301 ], [ 8658582.14750000089407, 3588665.57940000295639 ], [ 8658652.88399999961257, 3588633.136699996888638 ], [ 8658732.196199998259544, 3588596.760099999606609 ], [ 8658821.058200001716614, 3588590.408100001513958 ], [ 8658832.407499998807907, 3588593.796400003135204 ], [ 8658837.334300000220537, 3588595.267300002276897 ], [ 8658924.984099999070168, 3588621.434900000691414 ], [ 8658937.46059999987483, 3588630.868100002408028 ], [ 8659057.898299999535084, 3588721.928099997341633 ], [ 8659164.100299999117851, 3588826.480800002813339 ], [ 8659234.879999998956919, 3588911.164200000464916 ], [ 8659378.862799998372793, 3588973.731100000441074 ], [ 8659487.479299999773502, 3588966.811599999666214 ], [ 8659509.431400001049042, 3588955.379000000655651 ], [ 8659572.612300001084805, 3588922.474500000476837 ], [ 8659593.792300000786781, 3588911.443999998271465 ], [ 8659596.007399998605251, 3588909.559399999678135 ], [ 8659630.689300000667572, 3588880.050800003111362 ], [ 8659638.194299999624491, 3588873.665299996733665 ], [ 8659693.1706000007689, 3588826.889200001955032 ], [ 8659775.154199998825788, 3588700.295500002801418 ], [ 8659813.351199999451637, 3588550.840700000524521 ], [ 8659824.072500001639128, 3588508.89130000025034 ], [ 8659828.825399998575449, 3588359.480400003492832 ], [ 8659824.731300000101328, 3588322.740900002419949 ], [ 8659820.175599999725819, 3588281.858599998056889 ], [ 8659711.626800000667572, 3588212.324500001966953 ], [ 8659585.611999999731779, 3588205.810400001704693 ], [ 8659430.572999998927116, 3588178.842600002884865 ], [ 8659323.085400000214577, 3588135.6875 ], [ 8659264.541999999433756, 3588112.18299999833107 ], [ 8659193.752500001341105, 3588029.844899997115135 ], [ 8659174.066500000655651, 3587953.953900001943111 ], [ 8659152.13399999961257, 3587784.688199996948242 ], [ 8659119.93470000103116, 3587680.721000000834465 ], [ 8659101.151700001209974, 3587620.073399998247623 ], [ 8659028.665699999779463, 3587497.461900003254414 ], [ 8658935.2820999994874, 3587366.078500002622604 ], [ 8658822.686799999326468, 3587281.367399998009205 ], [ 8658670.104100000113249, 3587120.75450000166893 ], [ 8658592.948300000280142, 3587023.231200002133846 ], [ 8658567.613299999386072, 3586955.7449000030756 ], [ 8658566.871599998325109, 3586953.769400000572205 ], [ 8658567.88399999961257, 3586951.033100001513958 ], [ 8658569.656700000166893, 3586920.187600001692772 ], [ 8658597.140000000596046, 3586871.967299997806549 ], [ 8658612.853799998760223, 3586829.5 ], [ 8658644.039799999445677, 3586789.679999999701977 ], [ 8658677.514600001275539, 3586730.946800000965595 ], [ 8658736.955400001257658, 3586672.284999996423721 ], [ 8658784.136500000953674, 3586618.560599997639656 ], [ 8658874.409400001168251, 3586515.76799999922514 ], [ 8658954.025600001215935, 3586428.884999997913837 ], [ 8659120.141199998557568, 3586362.485799998044968 ], [ 8659130.020799998193979, 3586343.819600000977516 ], [ 8659132.963500000536442, 3586341.897799998521805 ], [ 8659179.988200001418591, 3586311.184799998998642 ], [ 8659192.319200001657009, 3586281.560900002717972 ], [ 8659202.087600000202656, 3586258.093900002539158 ], [ 8659140.05350000038743, 3586135.504600003361702 ], [ 8659107.021600000560284, 3586057.874600000679493 ], [ 8659096.098499998450279, 3585926.576200000941753 ], [ 8659085.130699999630451, 3585837.2837999984622 ], [ 8659096.698300000280142, 3585801.036499999463558 ], [ 8659129.447200000286102, 3585698.417599998414516 ], [ 8659140.423700001090765, 3585664.022600002586842 ], [ 8659185.230500001460314, 3585617.180200003087521 ], [ 8659218.619100000709295, 3585582.274999998509884 ], [ 8659223.024999998509884, 3585577.66889999806881 ], [ 8659251.416499998420477, 3585547.987400002777576 ], [ 8659366.429200001060963, 3585470.473800003528595 ], [ 8659519.169199999421835, 3585416.903599999845028 ], [ 8659579.002900000661612, 3585376.693199999630451 ], [ 8659596.796399999409914, 3585343.494199998676777 ], [ 8659599.439500000327826, 3585338.562799997627735 ], [ 8659612.140799999237061, 3585314.864900000393391 ], [ 8659592.463199999183416, 3585230.250699996948242 ], [ 8659502.984099999070168, 3585170.695500001311302 ], [ 8659417.791000001132488, 3585113.992899999022484 ], [ 8659405.911200001835823, 3585106.518500000238419 ], [ 8659269.232900001108646, 3585020.525200001895428 ], [ 8659156.687699999660254, 3584907.244000002741814 ], [ 8659103.37049999833107, 3584788.750799998641014 ], [ 8659110.419300001114607, 3584680.231700003147125 ], [ 8659110.557599999010563, 3584513.37049999833107 ], [ 8659106.80009999871254, 3584346.965599998831749 ], [ 8659104.378499999642372, 3584239.722499996423721 ], [ 8659104.584300000220537, 3584222.213299997150898 ], [ 8659105.626800000667572, 3584133.538900002837181 ], [ 8659112.224300000816584, 3584079.164700001478195 ], [ 8659112.634500000625849, 3584075.784100003540516 ], [ 8659144.500199999660254, 3584028.018500000238419 ], [ 8659145.387299999594688, 3584026.688799999654293 ], [ 8659162.042399998754263, 3584001.723499998450279 ], [ 8659183.785199999809265, 3583972.32880000025034 ], [ 8659217.245700001716614, 3583927.092699997127056 ], [ 8659340.37049999833107, 3583869.42119999974966 ], [ 8659436.772399999201298, 3583819.909800000488758 ], [ 8659475.506700001657009, 3583784.239 ], [ 8659535.525600001215935, 3583728.96679999679327 ], [ 8659620.318900000303984, 3583687.605499997735023 ], [ 8659724.831199999898672, 3583663.186599999666214 ], [ 8659769.362700000405312, 3583645.063900001347065 ], [ 8659826.455200001597404, 3583621.82940000295639 ], [ 8659878.173599999397993, 3583544.861699998378754 ], [ 8659908.4551, 3583417.696599997580051 ], [ 8659926.373100001364946, 3583365.343500003218651 ], [ 8659965.883299998939037, 3583249.900799997150898 ], [ 8659982.910700000822544, 3583200.14919999986887 ], [ 8660038.679699998348951, 3583134.842799998819828 ], [ 8660095.041000001132488, 3583065.456000000238419 ], [ 8660127.314899999648333, 3583016.251900002360344 ], [ 8660170.002099998295307, 3582951.171899996697903 ], [ 8660218.801600001752377, 3582872.828699998557568 ], [ 8660228.122400000691414, 3582857.864799998700619 ], [ 8660256.625300001353025, 3582766.882299996912479 ], [ 8660239.826699998229742, 3582707.363099999725819 ], [ 8660239.273499999195337, 3582681.692500002682209 ], [ 8660199.254900000989437, 3582629.160800002515316 ], [ 8660187.528999999165535, 3582629.336400002241135 ], [ 8660050.648699998855591, 3582631.386600002646446 ], [ 8660040.203000001609325, 3582628.468199998140335 ], [ 8659827.126899998635054, 3582680.811999998986721 ], [ 8659621.044799998402596, 3582701.66780000180006 ], [ 8659355.739, 3582737.047700002789497 ], [ 8659259.096200000494719, 3582753.424699999392033 ], [ 8659177.513900000602007, 3582767.249600000679493 ], [ 8659050.9879, 3582742.0603 ], [ 8658913.462699998170137, 3582682.4529 ], [ 8658780.002999998629093, 3582621.667499996721745 ], [ 8658666.2566, 3582587.162100002169609 ], [ 8658574.550599999725819, 3582575.994999997317791 ], [ 8658556.456500001251698, 3582576.160999998450279 ], [ 8658457.295200001448393, 3582577.070699997246265 ], [ 8658250.031300000846386, 3582607.227300003170967 ], [ 8658032.304900001734495, 3582667.71169999986887 ], [ 8657897.013599999248981, 3582712.504100002348423 ], [ 8657884.54839999973774, 3582722.612999998033047 ], [ 8657827.30799999833107, 3582769.0337999984622 ], [ 8657804.883000001311302, 3582824.255000002682209 ], [ 8657794.150800000876188, 3582850.682800002396107 ], [ 8657746.681099999696016, 3582924.199199996888638 ], [ 8657738.421799998730421, 3582936.99040000140667 ], [ 8657721.493900001049042, 3582963.206699997186661 ], [ 8657662.214800000190735, 3583031.994699999690056 ], [ 8657621.692499998956919, 3583061.710199996829033 ], [ 8657593.0929000005126, 3583082.682599999010563 ], [ 8657551.883900001645088, 3583080.893100000917912 ], [ 8657490.372900001704693, 3583052.255500003695488 ], [ 8657439.885000001639128, 3583034.703199997544289 ], [ 8657319.483800001442432, 3582946.534400001168251 ], [ 8657318.642099998891354, 3582945.918099999427795 ], [ 8657242.078099999576807, 3582888.091899998486042 ], [ 8657198.040500000119209, 3582794.128100000321865 ], [ 8657210.890900000929832, 3582718.304200001060963 ], [ 8657225.988200001418591, 3582689.115199998021126 ], [ 8657226.984499998390675, 3582687.188900001347065 ], [ 8657299.859499998390675, 3582546.292499996721745 ], [ 8657328.383200000971556, 3582499.502300001680851 ], [ 8657334.337400000542402, 3582489.734999999403954 ], [ 8657362.061099998652935, 3582444.257100000977516 ], [ 8657405.092799998819828, 3582358.548199996352196 ], [ 8657435.353700000792742, 3582278.653099998831749 ], [ 8657429.661800000816584, 3582159.062799997627735 ], [ 8657409.568900000303984, 3582108.898999996483326 ], [ 8657390.857700001448393, 3582062.184799998998642 ], [ 8657364.857700001448393, 3581924.496399998664856 ], [ 8657337.683200001716614, 3581808.384800001978874 ], [ 8657340.111900001764297, 3581695.21509999781847 ], [ 8657340.249200001358986, 3581550.558200001716614 ], [ 8657367.61710000038147, 3581449.665500000119209 ], [ 8657379.308899998664856, 3581356.927699998021126 ], [ 8657381.217799998819828, 3581351.037299998104572 ], [ 8657410.398600000888109, 3581260.991700001060963 ], [ 8657415.403000000864267, 3581245.5493 ], [ 8657468.946400001645088, 3581085.777900002896786 ], [ 8657470.065699998289347, 3581083.390000000596046 ], [ 8657518.960400000214577, 3580979.078100003302097 ], [ 8657555.046500001102686, 3580863.61259999871254 ], [ 8657579.513799998909235, 3580756.319300003349781 ], [ 8657584.181099999696016, 3580729.493600003421307 ], [ 8657552.948300000280142, 3580620.973499998450279 ], [ 8657502.53940000012517, 3580515.93129999935627 ], [ 8657423.853700000792742, 3580463.546800002455711 ], [ 8657393.258499998599291, 3580443.178099997341633 ], [ 8657363.919199999421835, 3580423.645700000226498 ], [ 8657257.115299999713898, 3580390.23870000243187 ], [ 8657238.599899999797344, 3580384.447300001978874 ], [ 8657110.949700001627207, 3580349.914899997413158 ], [ 8657030.287599999457598, 3580330.595499999821186 ], [ 8656982.603999998420477, 3580331.953000001609325 ], [ 8656899.326999999582767, 3580334.32320000231266 ], [ 8656891.5768, 3580334.543799996376038 ], [ 8656881.6941, 3580335.815999999642372 ], [ 8656819.601500000804663, 3580343.809000000357628 ], [ 8656803.580299999564886, 3580349.324100002646446 ], [ 8656729.954300001263618, 3580374.668700002133846 ], [ 8656687.821800000965595, 3580389.171899996697903 ], [ 8656637.278499998152256, 3580424.48309999704361 ], [ 8656551.918200001120567, 3580484.118100002408028 ], [ 8656440.955699998885393, 3580592.486199997365475 ], [ 8656362.454700000584126, 3580748.151699997484684 ], [ 8656345.725000001490116, 3580776.904799997806549 ], [ 8656301.653999999165535, 3580895.607100002467632 ], [ 8656290.719500001519918, 3580925.058399997651577 ], [ 8656250.079999998211861, 3580983.435900002717972 ], [ 8656189.539700001478195, 3581070.400499999523163 ], [ 8656185.417199999094009, 3581074.932499997317791 ], [ 8656173.472699999809265, 3581092.104000002145767 ], [ 8656164.425999999046326, 3581101.859399996697903 ], [ 8656047.328200001269579, 3581228.130900003015995 ], [ 8655951.756700001657009, 3581357.825599998235703 ], [ 8655838.764499999582767, 3581473.953000001609325 ], [ 8655824.361200001090765, 3581488.755900003015995 ], [ 8655815.238899998366833, 3581491.69820000231266 ], [ 8655717.214200001209974, 3581523.315099999308586 ], [ 8655631.122600000351667, 3581495.307700000703335 ], [ 8655590.141100000590086, 3581443.094999998807907 ], [ 8655547.014400001615286, 3581364.243199996650219 ], [ 8655500.822000000625849, 3581279.786300003528595 ], [ 8655428.3733000010252, 3581207.367399998009205 ], [ 8655407.298099998384714, 3581192.836599998176098 ], [ 8655375.730900000780821, 3581171.071699999272823 ], [ 8655352.773899998515844, 3581155.2434 ], [ 8655301.066300000995398, 3581146.585100002586842 ], [ 8655192.50620000064373, 3581170.964500002563 ], [ 8655049.666499998420477, 3581223.312899999320507 ], [ 8655037.753600001335144, 3581239.116099998354912 ], [ 8654992.563200000673532, 3581299.063799999654293 ], [ 8654944.5, 3581369.069499999284744 ], [ 8654887.157699998468161, 3581393.942800000309944 ], [ 8654791.924899999052286, 3581435.251800000667572 ], [ 8654655.580600000917912, 3581420.19200000166893 ], [ 8654460.896600000560284, 3581316.256899997591972 ], [ 8654458.267000000923872, 3581311.804300002753735 ], [ 8654439.366799999028444, 3581301.476700000464916 ], [ 8654410.790699999779463, 3581280.663999997079372 ], [ 8654345.988400001078844, 3581223.940499998629093 ], [ 8654343.403499998152256, 3581182.502999998629093 ], [ 8654338.8597999997437, 3581109.663900002837181 ], [ 8654341.404699999839067, 3581102.559900000691414 ], [ 8654351.162200000137091, 3581075.322400003671646 ], [ 8654363.364700000733137, 3581041.259099997580051 ], [ 8654425.012800000607967, 3580972.601099997758865 ], [ 8654497.237300001084805, 3580921.380999997258186 ], [ 8654609.821699999272823, 3580832.551700003445148 ], [ 8654708.957600001245737, 3580726.321099996566772 ], [ 8654732.891600001603365, 3580659.669200003147125 ], [ 8654733.000799998641014, 3580588.509800001978874 ], [ 8654712.921799998730421, 3580535.570200003683567 ], [ 8654690.481199998408556, 3580511.640600003302097 ], [ 8654689.250799998641014, 3580511.372699998319149 ], [ 8654442.179900001734495, 3580481.663599997758865 ], [ 8654376.151399999856949, 3580442.32209999859333 ], [ 8654338.597600001841784, 3580419.946599997580051 ], [ 8654292.789599999785423, 3580348.436099998652935 ], [ 8654292.63230000063777, 3580341.153499998152256 ], [ 8654290.333999998867512, 3580234.731299996376038 ], [ 8654296.411899998784065, 3580121.164599999785423 ], [ 8654327.817200001329184, 3580025.163199998438358 ], [ 8654376.083999998867512, 3579942.301100000739098 ], [ 8654406.499299999326468, 3579922.266199998557568 ], [ 8654436.467599999159575, 3579902.525799997150898 ], [ 8654549.980099998414516, 3579876.472300000488758 ], [ 8654663.082800000905991, 3579876.145999997854233 ], [ 8654782.824400000274181, 3579860.913900002837181 ], [ 8654909.511100001633167, 3579811.479400001466274 ], [ 8654952.655499998480082, 3579782.148199997842312 ], [ 8654956.50560000166297, 3579761.99040000140667 ], [ 8654964.293699998408556, 3579721.215400002896786 ], [ 8654969.363400001078844, 3579712.730400003492832 ], [ 8654991.237199999392033, 3579676.120899997651577 ], [ 8655000.46510000154376, 3579660.6765 ], [ 8655154.840700000524521, 3579524.951099999248981 ], [ 8655308.204700000584126, 3579377.559500001370907 ], [ 8655388.967300001531839, 3579295.999099999666214 ], [ 8655405.182500001043081, 3579286.363600000739098 ], [ 8655548.6554000005126, 3579201.108300000429153 ], [ 8655621.139800000935793, 3579182.3462999984622 ], [ 8655683.319499999284744, 3579166.251599997282028 ], [ 8655741.420299999415874, 3579136.9353 ], [ 8655767.516800001263618, 3579123.767499998211861 ], [ 8655783.449299998581409, 3579105.811800003051758 ], [ 8655809.067499998956919, 3579076.939900003373623 ], [ 8655828.517700001597404, 3579055.019400000572205 ], [ 8655863.851500000804663, 3578970.853000000119209 ], [ 8655871.553199999034405, 3578952.507200002670288 ], [ 8655899.490800000727177, 3578885.958200000226498 ], [ 8655921.06870000064373, 3578821.8074000030756 ], [ 8655935.572000000625849, 3578778.689000003039837 ], [ 8655950.8462999984622, 3578738.398800000548363 ], [ 8655999.001499999314547, 3578611.3766999989748 ], [ 8656088.030000001192093, 3578368.869000002741814 ], [ 8656093.618999999016523, 3578356.591700002551079 ], [ 8656145.613099999725819, 3578242.377499997615814 ], [ 8656183.965799998492002, 3578190.522799998521805 ], [ 8656187.143800001591444, 3578186.865800000727177 ], [ 8656189.54109999909997, 3578184.106799997389317 ], [ 8656215.101700000464916, 3578154.691399998962879 ], [ 8656239.152300000190735, 3578127.013800002634525 ], [ 8656247.189800001680851, 3578101.607299998402596 ], [ 8656267.443999998271465, 3578037.582800000905991 ], [ 8656271.822900000959635, 3578023.741099998354912 ], [ 8656276.406700000166893, 3578009.250799998641014 ], [ 8656285.874400001019239, 3577996.347599998116493 ], [ 8656320.525299999862909, 3577949.123000003397465 ], [ 8656329.8585, 3577936.402800001204014 ], [ 8656389.101700000464916, 3577878.737499997019768 ], [ 8656479.157600000500679, 3577821.8766999989748 ], [ 8656483.163600001484156, 3577819.347099997103214 ], [ 8656529.052999999374151, 3577773.320699997246265 ], [ 8656586.030699998140335, 3577660.246399998664856 ], [ 8656652.25789999961853, 3577573.423100002110004 ], [ 8656744.033500000834465, 3577473.217100001871586 ], [ 8656830.776399999856949, 3577396.351899996399879 ], [ 8656873.532499998807907, 3577358.463899999856949 ], [ 8656874.647900000214577, 3577357.139399997889996 ], [ 8656946.143500000238419, 3577272.239 ], [ 8656997.872999999672174, 3577185.976899996399879 ], [ 8657023.505300000309944, 3577074.04839999973774 ], [ 8657006.817899998277426, 3576934.081000000238419 ], [ 8657001.156100001186132, 3576780.134800001978874 ], [ 8657009.084300000220537, 3576673.100100003182888 ], [ 8657014.673599999397993, 3576597.641099996864796 ], [ 8657033.68129999935627, 3576477.6787 ], [ 8657040.354899998754263, 3576435.560099996626377 ], [ 8657112.978300001472235, 3576326.594400003552437 ], [ 8657207.069699998944998, 3576215.3125 ], [ 8657207.405600000172853, 3576214.929099999368191 ], [ 8657308.136900000274181, 3576099.958700001239777 ], [ 8657383.689300000667572, 3575949.604400001466274 ], [ 8657431.353700000792742, 3575857.517800003290176 ], [ 8657458.008900001645088, 3575799.243900001049042 ], [ 8657479.604800000786781, 3575752.030599996447563 ], [ 8657499.456199999898672, 3575695.886200003325939 ], [ 8657515.667599998414516, 3575650.03660000115633 ], [ 8657625.782400000840425, 3575564.753100000321865 ], [ 8657627.706599999219179, 3575563.262800000607967 ], [ 8657657.136199999600649, 3575542.246500000357628 ], [ 8657737.35359999909997, 3575484.961800001561642 ], [ 8657764.712000001221895, 3575465.424599997699261 ], [ 8657923.710900001227856, 3575423.004100002348423 ], [ 8658123.847699999809265, 3575429.013599999248981 ], [ 8658201.127300001680851, 3575467.337399996817112 ], [ 8658203.052000001072884, 3575468.291900001466274 ], [ 8658271.389899998903275, 3575502.1809 ], [ 8658314.635899998247623, 3575523.626599997282028 ], [ 8658331.097600001841784, 3575534.740500003099442 ], [ 8658334.551600001752377, 3575537.072400003671646 ], [ 8658464.238099999725819, 3575624.627499997615814 ], [ 8658638.207800000905991, 3575719.219499997794628 ], [ 8658710.169700000435114, 3575741.328199997544289 ], [ 8658712.44480000063777, 3575742.027199998497963 ], [ 8658726.51969999819994, 3575739.680600002408028 ], [ 8658730.361000001430511, 3575739.040200002491474 ], [ 8658747.2162000015378, 3575736.229999996721745 ], [ 8658815.780299998819828, 3575724.79839999973774 ], [ 8658827.334399998188019, 3575722.872000001370907 ], [ 8658930.069600000977516, 3575659.985200002789497 ], [ 8659048.489, 3575563.885499998927116 ], [ 8659184.468699999153614, 3575441.50900000333786 ], [ 8659217.439500000327826, 3575411.836199998855591 ], [ 8659298.870400000363588, 3575358.834399998188019 ], [ 8659307.418800000101328, 3575353.270400002598763 ], [ 8659314.948699999600649, 3575348.369300000369549 ], [ 8659350.401999998837709, 3575301.043999999761581 ], [ 8659378.246399998664856, 3575263.875699996948242 ], [ 8659455.1393, 3575173.784999996423721 ], [ 8659492.631999999284744, 3575129.857199996709824 ], [ 8659570.800999999046326, 3575067.3175999969244 ], [ 8659582.366399999707937, 3575058.064599998295307 ], [ 8659624.403000000864267, 3575024.432700000703335 ], [ 8659690.552799999713898, 3574998.832900002598763 ], [ 8659905.861699998378754, 3574889.382399998605251 ], [ 8659999.853100001811981, 3574864.964000001549721 ], [ 8660035.338899999856949, 3574873.380699999630451 ], [ 8660089.234200000762939, 3574886.163900002837181 ], [ 8660137.907499998807907, 3574897.708499997854233 ], [ 8660177.344099998474121, 3574907.062399998307228 ], [ 8660300.727299999445677, 3574959.308300003409386 ], [ 8660341.46680000051856, 3574976.559199996292591 ], [ 8660407.513900000602007, 3575112.448600001633167 ], [ 8660435.866399999707937, 3575221.494699999690056 ], [ 8660489.155699998140335, 3575346.304099999368191 ], [ 8660536.6765, 3575415.718099996447563 ], [ 8660616.1393, 3575442.00110000371933 ], [ 8660729.313200000673532, 3575443.539200000464916 ], [ 8660751.306499999016523, 3575443.838100001215935 ], [ 8660834.899599999189377, 3575409.7246999964118 ], [ 8660835.449400000274181, 3575409.500299997627735 ], [ 8660835.977200001478195, 3575409.068899996578693 ], [ 8660930.269499998539686, 3575331.984099999070168 ], [ 8660948.055399999022484, 3575317.443899996578693 ], [ 8660964.580600000917912, 3575291.177400000393391 ], [ 8661020.652100000530481, 3575202.052299998700619 ], [ 8661129.791799999773502, 3575075.60809999704361 ], [ 8661255.720300000160933, 3575010.390000000596046 ], [ 8661365.352000001817942, 3575032.604000002145767 ], [ 8661384.657600000500679, 3575052.590700000524521 ], [ 8661391.721599999815226, 3575059.903899997472763 ], [ 8661485.938499998301268, 3575157.445200003683567 ], [ 8661585.091099999845028, 3575246.128700003027916 ], [ 8661737.644900001585484, 3575295.771700002253056 ], [ 8661905.826900001615286, 3575396.153800003230572 ], [ 8662033.352099999785423, 3575589.793999999761581 ], [ 8662213.692499998956919, 3575754.319300003349781 ], [ 8662395.223299998790026, 3575854.11540000140667 ], [ 8662422.231800001114607, 3575868.735399998724461 ], [ 8662501.9510000012815, 3575911.888400003314018 ], [ 8662521.9037000015378, 3575912.962399996817112 ], [ 8662578.099700000137091, 3575915.98759999871254 ], [ 8662578.527899999171495, 3575916.01070000231266 ], [ 8662604.714800000190735, 3575907.510200001299381 ], [ 8662631.726700000464916, 3575886.07660000026226 ], [ 8662643.357099998742342, 3575876.847999997437 ], [ 8662700.71229999884963, 3575630.816699996590614 ], [ 8662702.446800000965595, 3575623.376500003039837 ], [ 8662706.228799998760223, 3575617.9868 ], [ 8662795.127700001001358, 3575491.297399997711182 ], [ 8662869.457800000905991, 3575352.931599996984005 ], [ 8662883.195300001651049, 3575334.725500002503395 ], [ 8662909.452500000596046, 3575287.213200002908707 ], [ 8662960.510600000619888, 3575232.259099997580051 ], [ 8662971.044700000435114, 3575218.29839999973774 ], [ 8663080.74379999935627, 3575096.492399998009205 ], [ 8663147.194299999624491, 3575012.658600002527237 ], [ 8663171.480999998748302, 3574940.165500000119209 ], [ 8663166.021999999880791, 3574914.149700000882149 ], [ 8663143.274099998176098, 3574805.740699999034405 ], [ 8663133.6162, 3574759.714599996805191 ], [ 8663080.938499998301268, 3574606.685599997639656 ], [ 8663013.910300001502037, 3574411.969200000166893 ], [ 8662927.505199998617172, 3574256.370200000703335 ], [ 8662907.8651, 3574230.27759999781847 ], [ 8662882.993200000375509, 3574197.234399996697903 ], [ 8662881.957699999213219, 3574173.9341000020504 ], [ 8662879.602099999785423, 3574120.930500000715256 ], [ 8662876.052200000733137, 3574041.053099997341633 ], [ 8662892.620200000703335, 3573964.031599998474121 ], [ 8662892.753400001674891, 3573957.222300000488758 ], [ 8662895.8048, 3573949.226999998092651 ], [ 8662921.517799999564886, 3573829.691100001335144 ], [ 8662959.847699999809265, 3573756.545999996364117 ], [ 8663102.248700000345707, 3573620.025200001895428 ], [ 8663104.448699999600649, 3573617.916000001132488 ], [ 8663157.709100000560284, 3573566.443999998271465 ], [ 8663252.187699999660254, 3573451.292199999094009 ], [ 8663273.429999999701977, 3573411.851199999451637 ], [ 8663308.384500000625849, 3573305.664599999785423 ], [ 8663339.488000001758337, 3573193.800599999725819 ], [ 8663349.070099998265505, 3573102.436599999666214 ], [ 8663357.046100001782179, 3573026.386500000953674 ], [ 8663363.067299999296665, 3572968.975599996745586 ], [ 8663442.4879, 3572643.143500000238419 ], [ 8663481.671599999070168, 3572528.612199999392033 ], [ 8663505.467599999159575, 3572500.265600003302097 ], [ 8663560.4529, 3572434.765600003302097 ], [ 8663671.316399998962879, 3572365.761900000274181 ], [ 8663736.3772, 3572220.719800002872944 ], [ 8663747.457800000905991, 3572043.161499999463558 ], [ 8663750.38740000128746, 3571996.217699997127056 ], [ 8663699.312600001692772, 3571752.968599997460842 ], [ 8663641.1897, 3571576.209700003266335 ], [ 8663605.171799998730421, 3571498.54559999704361 ], [ 8663580.735300000756979, 3571445.853699997067451 ], [ 8663570.622299998998642, 3571428.151699997484684 ], [ 8663534.214400000870228, 3571382.335500001907349 ], [ 8663467.479400001466274, 3571342.344999998807907 ], [ 8663447.187300000339746, 3571337.862899996340275 ], [ 8663433.948100000619888, 3571334.938699997961521 ], [ 8663376.762600000947714, 3571326.329000003635883 ], [ 8663264.427999999374151, 3571326.056500002741814 ], [ 8663262.384399998933077, 3571326.0515 ], [ 8663114.976599998772144, 3571320.209499999880791 ], [ 8663076.153099998831749, 3571318.670900002121925 ], [ 8662966.195000000298023, 3571271.097000002861023 ], [ 8662906.667399998754263, 3571219.085799999535084 ], [ 8662862.320799998939037, 3571101.684600003063679 ], [ 8662848.470199998468161, 3571031.839800000190735 ], [ 8662844.287599999457598, 3570972.064900003373623 ], [ 8662829.068799998611212, 3570754.569899998605251 ], [ 8662819.840500000864267, 3570700.824100002646446 ], [ 8662797.586500000208616, 3570571.217200003564358 ], [ 8662770.371800001710653, 3570417.566799998283386 ], [ 8662743.246399998664856, 3570114.711199998855591 ], [ 8662724.55689999833703, 3570030.1294 ], [ 8662688.095899999141693, 3569865.116700001060963 ], [ 8662688.543400000780821, 3569731.48139999806881 ], [ 8662688.342700000852346, 3569730.088899999856949 ], [ 8662688.55629999935627, 3569727.6283999979496 ], [ 8662702.91499999910593, 3569562.262699998915195 ], [ 8662717.701299998909235, 3569495.550200000405312 ], [ 8662729.651599999517202, 3569441.633100003004074 ], [ 8662733.184099998325109, 3569332.0757 ], [ 8662730.865800000727177, 3569309.983199998736382 ], [ 8662719.913699999451637, 3569205.61710000038147 ], [ 8662717.0929000005126, 3569040.112000003457069 ], [ 8662719.461399998515844, 3569039.951200000941753 ], [ 8662718.040699999779463, 3569032.74549999833107 ], [ 8662716.348200000822544, 3569028.363099999725819 ], [ 8662700.310199998319149, 3568986.835400000214577 ], [ 8662686.730399999767542, 3568953.720899999141693 ], [ 8662670.853000000119209, 3568921.787600003182888 ], [ 8662651.445599999278784, 3568884.047700002789497 ], [ 8662616.349800001829863, 3568841.764899998903275 ], [ 8662595.846900001168251, 3568813.361699998378754 ], [ 8662594.756900001317263, 3568812.572999998927116 ], [ 8662591.388999998569489, 3568807.528999999165535 ], [ 8662567.203099999576807, 3568792.632600001990795 ], [ 8662438.93189999833703, 3568713.628100000321865 ], [ 8662345.455800000578165, 3568661.550399996340275 ], [ 8662331.113899998366833, 3568653.560099996626377 ], [ 8662306.29280000180006, 3568652.440499998629093 ], [ 8662239.507500000298023, 3568649.42790000140667 ], [ 8662183.456900000572205, 3568647.7212999984622 ], [ 8662044.6842, 3568643.496100001037121 ], [ 8661926.406300000846386, 3568630.029500000178814 ], [ 8661916.472699999809265, 3568629.286899998784065 ], [ 8661800.592199999839067, 3568620.624899998307228 ], [ 8661695.122400000691414, 3568624.811200000345707 ], [ 8661687.3733000010252, 3568625.11879999935627 ], [ 8661655.624299999326468, 3568626.379000000655651 ], [ 8661647.146600000560284, 3568624.386900000274181 ], [ 8661624.515700001269579, 3568619.069200001657009 ], [ 8661595.361200001090765, 3568612.218699999153614 ], [ 8661578.524000000208616, 3568608.26240000128746 ], [ 8661576.806600000709295, 3568606.534400001168251 ], [ 8661479.431699998676777, 3568508.561800003051758 ], [ 8661357.141100000590086, 3568410.588600002229214 ], [ 8661223.832800000905991, 3568328.338299997150898 ], [ 8661051.679000001400709, 3568251.312799997627735 ], [ 8660897.47690000012517, 3568208.684799998998642 ], [ 8660764.725299999117851, 3568161.975100003182888 ], [ 8660640.679499998688698, 3568127.5176 ], [ 8660539.794199999421835, 3568115.789700001478195 ], [ 8660394.839000001549721, 3568115.698299996554852 ], [ 8660280.039700001478195, 3568113.871100001037121 ], [ 8660099.153400000184774, 3568096.265500001609325 ], [ 8660069.816100001335144, 3568091.094300001859665 ], [ 8659953.058800000697374, 3568070.513800002634525 ], [ 8659747.219200000166893, 3568082.023299999535084 ], [ 8659609.81700000166893, 3568076.091600000858307 ], [ 8659464.853100001811981, 3568089.383299998939037 ], [ 8659385.626600001007318, 3568092.241800002753735 ], [ 8659306.564300000667572, 3568095.094400003552437 ], [ 8659095.47069999948144, 3568072.451800003647804 ], [ 8659082.249400001019239, 3568071.033600002527237 ], [ 8659082.196899998933077, 3568071.027999997138977 ], [ 8659082.038499999791384, 3568071.027900002896786 ], [ 8658929.710200000554323, 3568070.910199999809265 ], [ 8658771.42790000140667, 3568064.94820000231266 ], [ 8658675.2434, 3568025.235299997031689 ], [ 8658658.786499999463558, 3568005.635300002992153 ], [ 8658650.239, 3567989.133699998259544 ], [ 8658643.25560000166297, 3567972.652800001204014 ], [ 8658626.965799998492002, 3567950.091899998486042 ], [ 8658617.666700001806021, 3567924.746200002729893 ], [ 8658593.20380000025034, 3567893.159000001847744 ], [ 8658577.716600000858307, 3567880.410400003194809 ], [ 8658523.49100000038743, 3567835.773199997842312 ], [ 8658466.864999998360872, 3567791.609999999403954 ], [ 8658358.767099998891354, 3567707.302699998021126 ], [ 8658152.453899998217821, 3567510.718199998140335 ], [ 8658126.941199999302626, 3567478.943300001323223 ], [ 8657974.527100000530481, 3567289.116700001060963 ], [ 8657947.309399999678135, 3567255.217600002884865 ], [ 8657829.082100000232458, 3567195.311099998652935 ], [ 8657808.433400001376867, 3567190.660999998450279 ], [ 8657634.433499999344349, 3567151.475699998438358 ], [ 8657295.928300000727177, 3567115.228000000119209 ], [ 8657160.159099999815226, 3567077.262199997901917 ], [ 8657076.960299998521805, 3567041.043499998748302 ], [ 8656974.695500001311302, 3566996.524899996817112 ], [ 8656688.500500001013279, 3566837.630800001323223 ], [ 8656541.720499999821186, 3566719.231799997389317 ], [ 8656315.384100001305342, 3566582.277400001883507 ], [ 8656133.020899999886751, 3566477.92230000346899 ], [ 8656026.844500001519918, 3566417.164200000464916 ], [ 8655859.507599998265505, 3566278.679399996995926 ], [ 8655654.140099998563528, 3566137.115900002419949 ], [ 8655442.083200000226498, 3565952.850000001490116 ], [ 8655293.673700001090765, 3565853.177699998021126 ], [ 8655222.688499998301268, 3565805.503100000321865 ], [ 8655175.957499999552965, 3565780.425200000405312 ], [ 8655010.38910000026226, 3565691.57209999859333 ], [ 8654938.021899998188019, 3565683.982500001788139 ], [ 8654872.90989999845624, 3565628.673600003123283 ], [ 8654799.186200000345707, 3565566.04900000244379 ], [ 8654675.64750000089407, 3565424.792099997401237 ], [ 8654528.426899999380112, 3565298.152800001204014 ], [ 8654256.584199998527765, 3565098.8015 ], [ 8653910.253800000995398, 3564891.819399997591972 ], [ 8653351.761100001633167, 3564621.414399996399879 ], [ 8653195.853799998760223, 3564568.254699997603893 ], [ 8653111.678399998694658, 3564539.55349999666214 ], [ 8653054.922499999403954, 3564520.201499998569489 ], [ 8652894.561000000685453, 3564549.744300000369549 ], [ 8652729.062899999320507, 3564586.140500001609325 ], [ 8652631.415500000119209, 3564607.615199998021126 ], [ 8652376.175799999386072, 3564571.339199997484684 ], [ 8652114.370999999344349, 3564545.664800003170967 ], [ 8652049.473700001835823, 3564534.800800003111362 ], [ 8651859.236600000411272, 3564502.954499997198582 ], [ 8651703.231899999082088, 3564404.557199999690056 ], [ 8651618.651200000196695, 3564351.209299996495247 ], [ 8651544.953600000590086, 3564283.617600001394749 ], [ 8651492.605099998414516, 3564235.606299996376038 ], [ 8651399.150699999183416, 3564081.9695999994874 ], [ 8651297.44990000128746, 3563911.059900000691414 ], [ 8651193.195999998599291, 3563742.480999998748302 ], [ 8651158.254000000655651, 3563685.979699999094009 ], [ 8651071.6919, 3563594.279100000858307 ], [ 8650952.8585, 3563468.391500003635883 ], [ 8650722.345400001853704, 3563222.54280000180006 ], [ 8650589.228700000792742, 3563149.671599999070168 ], [ 8650454.397999998182058, 3563051.063699997961521 ], [ 8650399.320099998265505, 3562898.059199996292591 ], [ 8650390.224800001829863, 3562801.507299996912479 ], [ 8650325.375900000333786, 3562725.466899998486042 ], [ 8650219.309500001370907, 3562693.74040000140667 ], [ 8649995.932700000703335, 3562666.519299998879433 ], [ 8649841.236099999397993, 3562610.4287 ], [ 8649825.7412, 3562602.062700003385544 ], [ 8649583.442200001329184, 3562471.240900002419949 ], [ 8649294.384399998933077, 3562288.69200000166893 ], [ 8649123.3224, 3562125.216700002551079 ], [ 8648966.812300000339746, 3561919.136699996888638 ], [ 8648946.191100001335144, 3561885.708800002932549 ], [ 8648946.099300000816584, 3561885.560000002384186 ], [ 8648854.671500001102686, 3561737.351199999451637 ], [ 8648715.809000000357628, 3561495.147699996829033 ], [ 8648598.330299999564886, 3561379.682300001382828 ], [ 8648438.026999998837709, 3561276.36370000243187 ], [ 8648189.907499998807907, 3561199.443599998950958 ], [ 8647709.962200000882149, 3561089.005199998617172 ], [ 8647519.392400000244379, 3561045.149800002574921 ], [ 8647439.777800001204014, 3561026.826700001955032 ], [ 8647177.04839999973774, 3560966.360399998724461 ], [ 8646963.590300001204014, 3560919.579499997198582 ], [ 8646680.095400001853704, 3560857.449500001966953 ], [ 8646435.786400001496077, 3560812.560999996960163 ], [ 8646395.5945999994874, 3560805.176299996674061 ], [ 8646269.982299998402596, 3560782.096699997782707 ], [ 8646153.921799998730421, 3560855.894199997186661 ], [ 8646066.439300000667572, 3560911.520300000905991 ], [ 8645929.410999998450279, 3560961.298600003123283 ], [ 8645914.201299998909235, 3560966.82379999756813 ], [ 8645905.288899999111891, 3560966.879100002348423 ], [ 8645820.411200001835823, 3560967.405299998819828 ], [ 8645720.175599999725819, 3560971.091899998486042 ], [ 8645635.515099998563528, 3560999.670999996364117 ], [ 8645553.414599999785423, 3561066.8496999964118 ], [ 8645402.844700001180172, 3561150.023400001227856 ], [ 8645316.04839999973774, 3561168.89469999819994 ], [ 8645238.135400000959635, 3561185.834600001573563 ], [ 8645186.223000001162291, 3561184.968500003218651 ], [ 8645074.062199998646975, 3561183.097099997103214 ], [ 8644961.837200000882149, 3561172.533900000154972 ], [ 8644852.740200001746416, 3561162.26519999653101 ], [ 8644753.907900001853704, 3561209.881899997591972 ], [ 8644566.931000001728535, 3561303.150499999523163 ], [ 8644551.432799998670816, 3561305.111699998378754 ], [ 8644417.417899999767542, 3561322.070799998939037 ], [ 8644222.019900001585484, 3561280.242299996316433 ], [ 8644120.486000001430511, 3561233.55799999833107 ], [ 8643948.103900000452995, 3561089.292000003159046 ], [ 8643901.541299998760223, 3561004.893100000917912 ], [ 8643846.7162000015378, 3560905.517099998891354 ], [ 8643824.193799998611212, 3560808.096000000834465 ], [ 8643798.098499998450279, 3560695.220100000500679 ], [ 8643793.025600001215935, 3560673.277099996805191 ], [ 8643793.541200000792742, 3560661.627899996936321 ], [ 8643803.258000001311302, 3560442.112499997019768 ], [ 8643808.05519999936223, 3560281.544799998402596 ], [ 8643703.128100000321865, 3559926.364500001072884 ], [ 8643630.800999999046326, 3559661.69709999859333 ], [ 8643606.561799999326468, 3559602.127700001001358 ], [ 8643590.0168999992311, 3559561.467500001192093 ], [ 8643520.232700001448393, 3559389.966300003230572 ], [ 8643506.361900001764297, 3559376.096199996769428 ], [ 8643482.412900000810623, 3559352.148100003600121 ], [ 8643409.128199998289347, 3559278.866800002753735 ], [ 8643327.138700000941753, 3559241.6587999984622 ], [ 8643208.1864, 3559187.675499998033047 ], [ 8643021.114599999040365, 3559181.479299999773502 ], [ 8643011.164299998432398, 3559181.149700000882149 ], [ 8642909.499699998646975, 3559207.282899998128414 ], [ 8642759.201299998909235, 3559274.362300001084805 ], [ 8642628.843199998140335, 3559327.648299999535084 ], [ 8642547.841099999845028, 3559360.759199999272823 ], [ 8642510.53830000013113, 3559361.201399996876717 ], [ 8642452.162200000137091, 3559347.366499997675419 ], [ 8642392.138000000268221, 3559304.588699996471405 ], [ 8642372.229499999433756, 3559288.925899997353554 ], [ 8642305.893699999898672, 3559236.737400002777576 ], [ 8642189.096799999475479, 3559148.023100003600121 ], [ 8642060.771899998188019, 3559111.588100001215935 ], [ 8642040.430599998682737, 3559111.432199999690056 ], [ 8641944.640099998563528, 3559110.698100000619888 ], [ 8641828.5526, 3559170.849600002169609 ], [ 8641728.044199999421835, 3559206.290799997746944 ], [ 8641672.055300001055002, 3559226.033600002527237 ], [ 8641496.6316, 3559326.997400000691414 ], [ 8641491.296100001782179, 3559330.068199999630451 ], [ 8641395.539000000804663, 3559419.23589999973774 ], [ 8641387.378600001335144, 3559426.834700003266335 ], [ 8641355.615200001746416, 3559453.055799998342991 ], [ 8641344.1570999994874, 3559462.514600001275539 ], [ 8641305.246399998664856, 3559519.726199999451637 ], [ 8641280.790800001472235, 3559555.684000000357628 ], [ 8641118.758099999278784, 3559559.365000002086163 ], [ 8640916.4239999987185, 3559551.651900000870228 ], [ 8640827.174499999731779, 3559531.471799999475479 ], [ 8640742.327100001275539, 3559512.287000000476837 ], [ 8640655.207699999213219, 3559484.727799996733665 ], [ 8640556.682, 3559453.560400001704693 ], [ 8640513.376200001686811, 3559439.861199997365475 ], [ 8640399.560499999672174, 3559387.495300002396107 ], [ 8640022.744199998676777, 3559214.124399997293949 ], [ 8639821.967000000178814, 3559114.325000002980232 ], [ 8639787.770300000905991, 3559103.986199997365475 ], [ 8639727.325399998575449, 3559085.71169999986887 ], [ 8639544.204700000584126, 3559030.3462999984622 ], [ 8639339.892200000584126, 3559014.011799998581409 ], [ 8638889.585200000554323, 3558862.824100002646446 ], [ 8638812.543999999761581, 3558843.262000001966953 ], [ 8638699.667199999094009, 3558814.600599996745586 ], [ 8638248.555100001394749, 3558711.571900002658367 ], [ 8638215.551399998366833, 3558698.731299996376038 ], [ 8637960.628499999642372, 3558599.549999997019768 ], [ 8637787.386100001633167, 3558510.908900000154972 ], [ 8637727.975299999117851, 3558452.688799999654293 ], [ 8637678.386100001633167, 3558404.093400001525879 ], [ 8637663.651000000536442, 3558377.476199999451637 ], [ 8637634.009700000286102, 3558323.932599999010563 ], [ 8637632.899399999529123, 3558321.927199997007847 ], [ 8637552.434099998325109, 3558166.3429000005126 ], [ 8637483.25959999859333, 3558098.762500002980232 ], [ 8637483.24100000038743, 3558098.752300001680851 ], [ 8637463.248700000345707, 3558087.828500002622604 ], [ 8637386.136100001633167, 3558045.693400003015995 ], [ 8637201.157800000160933, 3558021.097300000488758 ], [ 8637099.423000000417233, 3557974.738899998366833 ], [ 8636854.367600001394749, 3557863.072300001978874 ], [ 8636660.676100000739098, 3557724.812600001692772 ], [ 8636602.406399998813868, 3557662.001400001347065 ], [ 8636545.590300001204014, 3557600.756499998271465 ], [ 8636384.921300001442432, 3557443.221000000834465 ], [ 8636360.538699999451637, 3557399.209200002253056 ], [ 8636321.751600001007318, 3557358.969099998474121 ], [ 8636326.050900001078844, 3557340.006700001657009 ], [ 8636290.999400001019239, 3557280.806199997663498 ], [ 8636264.654399998486042, 3557259.171300001442432 ], [ 8636200.822799999266863, 3557206.751999996602535 ], [ 8636168.36089999973774, 3557182.959600001573563 ], [ 8636030.443300001323223, 3557081.875600002706051 ], [ 8635840.007800001651049, 3556999.007500000298023 ], [ 8635675.112199999392033, 3556902.378100000321865 ], [ 8635665.697999998927116, 3556896.86150000244379 ], [ 8635527.943999998271465, 3556804.409800000488758 ], [ 8635497.069499999284744, 3556773.277300000190735 ], [ 8635399.849899999797344, 3556675.24549999833107 ], [ 8635320.150600001215935, 3556494.593400001525879 ], [ 8635309.960900001227856, 3556425.946099996566772 ], [ 8635312.505899999290705, 3556242.554399996995926 ], [ 8635315.261300001293421, 3556097.59179999679327 ], [ 8635343.885899998247623, 3555917.55799999833107 ], [ 8635414.412999998778105, 3555657.571000002324581 ], [ 8635488.434799998998642, 3555404.551399998366833 ], [ 8635560.716099999845028, 3555151.55290000140667 ], [ 8635572.024300001561642, 3555119.259499996900558 ], [ 8635584.296399999409914, 3555084.213200002908707 ], [ 8635586.547400001436472, 3555077.78490000218153 ], [ 8635586.592999998480082, 3555077.654600001871586 ], [ 8635588.690200001001358, 3555071.665799997746944 ], [ 8635593.952199999243021, 3555056.375600002706051 ], [ 8635621.804499998688698, 3554975.442199997603893 ], [ 8635698.519900001585484, 3554799.261399999260902 ], [ 8635698.736000001430511, 3554798.75900000333786 ], [ 8635724.178100001066923, 3554739.630699999630451 ], [ 8635745.460999999195337, 3554690.168399997055531 ], [ 8635806.872099999338388, 3554578.683300003409386 ], [ 8635845.840700000524521, 3554496.994599997997284 ], [ 8636053.789799999445677, 3554064.802699998021126 ], [ 8636057.927700001746416, 3554056.20269999653101 ], [ 8636067.639199998229742, 3554036.018299996852875 ], [ 8636475.669700000435114, 3553526.961900003254414 ], [ 8636688.734099999070168, 3553178.390699997544289 ], [ 8636714.50959999859333, 3552784.242899999022484 ], [ 8636791.651999998837709, 3552431.431000001728535 ], [ 8636793.020100001245737, 3552425.173900000751019 ], [ 8636775.619699999690056, 3552436.45889999717474 ], [ 8636756.610599998384714, 3552448.787000000476837 ], [ 8636755.969000000506639, 3552448.699000000953674 ], [ 8636711.109700001776218, 3552442.552500002086163 ], [ 8636658.297800000756979, 3552452.6858000010252 ], [ 8636643.69029999896884, 3552445.343400001525879 ], [ 8636636.395599998533726, 3552428.405199997127056 ], [ 8636645.980799999088049, 3552370.252099998295307 ], [ 8636617.912799999117851, 3552319.992200002074242 ], [ 8636617.188400000333786, 3552319.234200000762939 ], [ 8636550.099199999123812, 3552344.531400002539158 ], [ 8636485.452799998223782, 3552385.017300002276897 ], [ 8636439.6743, 3552380.605999998748302 ], [ 8636385.302299998700619, 3552391.360399998724461 ], [ 8636370.2043999992311, 3552383.867700003087521 ], [ 8636362.589499998837709, 3552366.452200002968311 ], [ 8636372.124800000339746, 3552306.457800000905991 ], [ 8636342.320500001311302, 3552254.822899997234344 ], [ 8636281.165100000798702, 3552191.941699996590614 ], [ 8635692.021699998527765, 3552516.519000001251698 ], [ 8635177.820599999278784, 3552803.581500001251698 ], [ 8634769.793600000441074, 3553047.215300001204014 ], [ 8634570.258400000631809, 3553171.850599996745586 ], [ 8634421.882199998944998, 3553250.791400000452995 ], [ 8633931.805300001055002, 3553477.964900001883507 ], [ 8633821.077300000935793, 3553534.90259999781847 ], [ 8633513.0011, 3553771.807099997997284 ], [ 8633466.9087999984622, 3553794.920699998736382 ], [ 8633360.627099998295307, 3553898.729900002479553 ], [ 8633299.888999998569489, 3553970.389700002968311 ], [ 8633248.10020000115037, 3554073.108499996364117 ], [ 8633221.097600001841784, 3554116.566699996590614 ], [ 8633004.592199999839067, 3554324.188199996948242 ], [ 8632888.181800000369549, 3554430.806100003421307 ], [ 8632840.369600001722574, 3554496.839800000190735 ], [ 8632809.422200001776218, 3554540.854900002479553 ], [ 8632801.519799999892712, 3554584.328900001943111 ], [ 8632809.336500000208616, 3554640.809799998998642 ], [ 8632828.40089999884367, 3554683.740500003099442 ], [ 8632864.888300001621246, 3554716.532799996435642 ], [ 8633006.960799999535084, 3554826.217100001871586 ], [ 8633023.739500001072884, 3554903.5996999964118 ], [ 8633018.649099998176098, 3554942.002700001001358 ], [ 8632777.396999999880791, 3555151.299999997019768 ], [ 8632653.650600001215935, 3555281.075800001621246 ], [ 8632462.409099999815226, 3555477.429099999368191 ], [ 8632440.452500000596046, 3555511.301700003445148 ], [ 8632425.2668999992311, 3555530.48309999704361 ], [ 8632417.908700000494719, 3555579.055299997329712 ], [ 8632404.965799998492002, 3555601.627400003373623 ], [ 8632282.889699999243021, 3555734.229999996721745 ], [ 8632178.226599998772144, 3555870.807800002396107 ], [ 8632127.095499999821186, 3555868.496100001037121 ], [ 8632110.791799999773502, 3555873.567900002002716 ], [ 8631966.694699998944998, 3556098.209299996495247 ], [ 8631899.4070999994874, 3556194.171899996697903 ], [ 8631742.696100000292063, 3556417.665899999439716 ], [ 8631658.796599999070168, 3556571.781300000846386 ], [ 8631555.803300000727177, 3556712.321599997580051 ], [ 8631326.639699999243021, 3557096.178300000727177 ], [ 8631256.831900000572205, 3557197.213600002229214 ], [ 8631153.827199999243021, 3557336.623599998652935 ], [ 8631033.955800000578165, 3557475.454300001263618 ], [ 8631031.770399998873472, 3557478.497900001704693 ], [ 8630858.86769999936223, 3557719.296499997377396 ], [ 8630846.868299998342991, 3557891.008400000631809 ], [ 8630843.465500000864267, 3557919.81700000166893 ], [ 8630829.3827, 3557946.91499999910593 ], [ 8630814.171599999070168, 3557980.791400000452995 ], [ 8630666.0912000015378, 3558198.689099997282028 ], [ 8630622.713300000876188, 3558279.988099999725819 ], [ 8630600.554400000721216, 3558483.913500003516674 ], [ 8630594.280900001525879, 3558553.392099998891354 ], [ 8630578.478100001811981, 3558614.393799997866154 ], [ 8630505.150699999183416, 3558829.000500001013279 ], [ 8630455.925200000405312, 3559094.481499999761581 ], [ 8630469.322900000959635, 3559174.719800002872944 ], [ 8630557.981800001114607, 3559382.936200000345707 ], [ 8630561.272700000554323, 3559390.664899997413158 ], [ 8630525.374099999666214, 3559799.698399998247623 ], [ 8630496.084100000560284, 3559852.782999999821186 ], [ 8630305.18129999935627, 3560112.477899998426437 ], [ 8630189.288499999791384, 3560274.209100000560284 ], [ 8630117.065499998629093, 3560374.997900001704693 ], [ 8630089.465300001204014, 3560421.302400000393391 ], [ 8630016.7982, 3560534.792099997401237 ], [ 8629983.586500000208616, 3560560.753499999642372 ], [ 8629943.094999998807907, 3560573.1294 ], [ 8629905.918999999761581, 3560622.251599997282028 ], [ 8629888.4221, 3560673.079099997878075 ], [ 8629843.423099998384714, 3560689.979000002145767 ], [ 8629714.095199998468161, 3560693.206299997866154 ], [ 8629682.572900000959635, 3560676.930699996650219 ], [ 8629506.7467, 3560586.146099999547005 ], [ 8629319.975999999791384, 3560665.578000001609325 ], [ 8629064.644099999219179, 3560288.32660000026226 ], [ 8628983.843899998813868, 3560159.387699998915195 ], [ 8628912.590700000524521, 3560051.3699000030756 ], [ 8628854.824200000613928, 3559940.534400001168251 ], [ 8628727.947900000959635, 3559809.835699997842312 ], [ 8628685.3904, 3559676.4309 ], [ 8628570.890700001269579, 3559544.052100002765656 ], [ 8628519.5614, 3559479.785099998116493 ], [ 8628470.003499999642372, 3559417.73589999973774 ], [ 8628353.134700000286102, 3559271.40990000218153 ], [ 8628246.502099998295307, 3559144.140900000929832 ], [ 8628115.364999998360872, 3558855.808200001716614 ], [ 8628058.274999998509884, 3558754.566699996590614 ], [ 8627985.273299999535084, 3558625.108000002801418 ], [ 8627918.603300001472235, 3558465.693499997258186 ], [ 8627919.064500000327826, 3558372.2837999984622 ], [ 8627919.403799999505281, 3558303.550599999725819 ], [ 8627884.825599998235703, 3558120.455899998545647 ], [ 8627877.8733000010252, 3557872.446199998259544 ], [ 8627864.152399998158216, 3557648.715000003576279 ], [ 8627859.972800001502037, 3557430.668200001120567 ], [ 8627864.128499999642372, 3557274.755900003015995 ], [ 8627877.876200001686811, 3557096.285700000822544 ], [ 8627882.591499999165535, 3556946.594400003552437 ], [ 8627856.416999999433756, 3556787.267700001597404 ], [ 8627831.963899999856949, 3556592.923100002110004 ], [ 8627848.5304000005126, 3556411.07660000026226 ], [ 8627861.004099998623133, 3556338.225500002503395 ], [ 8627862.814399998635054, 3556250.126599997282028 ], [ 8627849.970100000500679, 3556198.704800002276897 ], [ 8627834.86600000038743, 3556145.590999998152256 ], [ 8627806.274999998509884, 3556097.535800002515316 ], [ 8627750.18470000103116, 3556023.465899996459484 ], [ 8627631.906899999827147, 3555821.653899997472763 ], [ 8627537.153099998831749, 3555672.976199999451637 ], [ 8627106.588700000196695, 3555695.3235 ], [ 8626688.096200000494719, 3555717.044299997389317 ], [ 8626661.637499999254942, 3555689.417999997735023 ], [ 8626659.476300001144409, 3555749.846400000154972 ], [ 8626652.770899999886751, 3555772.454800002276897 ], [ 8626630.348200000822544, 3555812.023400001227856 ], [ 8626557.972300000488758, 3555892.887299999594688 ], [ 8626492.349800001829863, 3555982.226999998092651 ], [ 8626391.3564000017941, 3556097.592799998819828 ], [ 8626374.568, 3556144.4966000020504 ], [ 8626359.457100000232458, 3556190.840499997138977 ], [ 8626264.6418999992311, 3556296.026900000870228 ], [ 8626184.378499999642372, 3556371.829199999570847 ], [ 8626160.265799999237061, 3556408.583499997854233 ], [ 8626151.899900000542402, 3556415.518200002610683 ], [ 8626125.454700000584126, 3556437.439800001680851 ], [ 8626102.426300000399351, 3556444.816299997270107 ], [ 8626078.823100000619888, 3556440.888599999248981 ], [ 8626061.375399999320507, 3556426.23759999871254 ], [ 8626040.557300001382828, 3556407.620099999010563 ], [ 8626001.715300001204014, 3556362.492600001394749 ], [ 8625931.401999998837709, 3556320.790299996733665 ], [ 8625820.075899999588728, 3556288.194799996912479 ], [ 8625748.679999999701977, 3556272.470399998128414 ], [ 8625703.140799999237061, 3556252.771999999880791 ], [ 8625637.313799999654293, 3556203.159699998795986 ], [ 8625564.16950000077486, 3556145.084399998188019 ], [ 8625443.208099998533726, 3556039.63120000064373 ], [ 8625400.449099998921156, 3556006.930299997329712 ], [ 8625392.883200000971556, 3556003.795900002121925 ], [ 8625221.082899998873472, 3555932.6206 ], [ 8625068.709600001573563, 3555880.29559999704361 ], [ 8625020.680799998342991, 3555876.372699998319149 ], [ 8624952.937300000339746, 3555870.839000001549721 ], [ 8624880.99379999935627, 3555867.550999999046326 ], [ 8624845.580800000578165, 3555856.293300002813339 ], [ 8624722.980999998748302, 3555785.855200000107288 ], [ 8624630.749200001358986, 3555731.752599999308586 ], [ 8624603.749000001698732, 3555714.273500002920628 ], [ 8624573.912200000137091, 3555674.7820999994874 ], [ 8624530.560899998992682, 3555603.669299997389317 ], [ 8624491.6853, 3555529.167900003492832 ], [ 8624465.214099999517202, 3555480.072700001299381 ], [ 8624405.580899998545647, 3555421.966300003230572 ], [ 8624362.239, 3555365.545999996364117 ], [ 8624345.911499999463558, 3555343.538999997079372 ], [ 8624277.8301, 3555271.344099998474121 ], [ 8624218.771600000560284, 3555224.54110000282526 ], [ 8624094.051300000399351, 3555245.020000003278255 ], [ 8624081.630100000649691, 3555197.594200000166893 ], [ 8624065.301600001752377, 3555175.020700000226498 ], [ 8624043.854800000786781, 3555151.368600003421307 ], [ 8624037.171100001782179, 3555143.997599996626377 ], [ 8623996.109900001436472, 3555111.856100000441074 ], [ 8623978.683899998664856, 3555103.399499997496605 ], [ 8623935.415699999779463, 3555103.456600002944469 ], [ 8623892.675299998372793, 3555079.226300001144409 ], [ 8623861.748599998652935, 3555059.492600001394749 ], [ 8623812.286499999463558, 3555053.336999997496605 ], [ 8623750.488200001418591, 3555056.799699999392033 ], [ 8623697.090999998152256, 3555046.135600000619888 ], [ 8623662.81529999896884, 3555049.564099997282028 ], [ 8623641.466699998825788, 3555056.93129999935627 ], [ 8623620.705600000917912, 3555084.629199996590614 ], [ 8623594.320500001311302, 3555108.378499999642372 ], [ 8623535.356800001114607, 3555137.805299997329712 ], [ 8623481.440200001001358, 3555162.720899999141693 ], [ 8623332.584800001233816, 3555209.756700001657009 ], [ 8623273.606600001454353, 3555238.627700001001358 ], [ 8623234.859700001776218, 3555263.521999999880791 ], [ 8623216.4864999987185, 3555271.368500001728535 ], [ 8623187.1173, 3555283.910899996757507 ], [ 8623155.091699998825788, 3555290.152199998497963 ], [ 8623132.6228, 3555291.869699999690056 ], [ 8623061.220400001853704, 3555259.200000002980232 ], [ 8623009.99439999833703, 3555226.898699998855591 ], [ 8623006.675000000745058, 3555224.805600002408028 ], [ 8622884.086300000548363, 3555145.304899998009205 ], [ 8622812.6765, 3555101.329599998891354 ], [ 8622689.086399998515844, 3555131.399499997496605 ], [ 8622637.837099999189377, 3555148.149599999189377 ], [ 8622586.840399999171495, 3555164.817199997603893 ], [ 8622497.505300000309944, 3555167.74040000140667 ], [ 8622430.07149999961257, 3555175.709799997508526 ], [ 8622416.071199998259544, 3555144.435199998319149 ], [ 8622397.978199999779463, 3555104.018500000238419 ], [ 8622354.649500001221895, 3555045.340000003576279 ], [ 8622247.881299998611212, 3555044.877300001680851 ], [ 8622243.947999998927116, 3555044.8766999989748 ], [ 8622123.136399999260902, 3555044.441299997270107 ], [ 8622004.021299999207258, 3555062.621399998664856 ], [ 8621933.754799999296665, 3555077.48870000243187 ], [ 8621920.86879999935627, 3555080.215199999511242 ], [ 8621904.301100000739098, 3555071.445000000298023 ], [ 8621860.156700000166893, 3555048.076800003647804 ], [ 8621800.558600001037121, 3555015.380400002002716 ], [ 8621738.958000000566244, 3554995.503100000321865 ], [ 8621716.812300000339746, 3554988.357199996709824 ], [ 8621581.353399999439716, 3554960.239200003445148 ], [ 8621450.362199999392033, 3554879.041599996387959 ], [ 8621310.336599998176098, 3554765.66499999910593 ], [ 8621135.471799999475479, 3554629.150399997830391 ], [ 8621125.630100000649691, 3554621.760099999606609 ], [ 8621034.817200001329184, 3554553.5658999979496 ], [ 8620942.048900000751019, 3554476.283900000154972 ], [ 8620883.106899999082088, 3554544.663199998438358 ], [ 8620824.189500000327826, 3554648.053800001740456 ], [ 8620758.552999999374151, 3554780.822400003671646 ], [ 8620738.370700001716614, 3554837.307300001382828 ], [ 8620659.804099999368191, 3554961.049999997019768 ], [ 8620655.321400001645088, 3554970.656199999153614 ], [ 8620583.473499998450279, 3555061.068199999630451 ], [ 8620509.94539999961853, 3555177.4695999994874 ], [ 8620467.267499998211861, 3555209.12950000166893 ], [ 8620424.589600000530481, 3555240.789300002157688 ], [ 8620193.249899998307228, 3555484.384800001978874 ], [ 8620106.136500000953674, 3555466.943499997258186 ], [ 8620031.938000001013279, 3555435.943000003695488 ], [ 8619920.648600000888109, 3555401.0066 ], [ 8619714.390299998223782, 3555374.620399996638298 ], [ 8619526.696899998933077, 3555374.745399996638298 ], [ 8619393.525100000202656, 3555376.528800003230572 ], [ 8619306.980399999767542, 3555382.800899997353554 ], [ 8619133.923300001770258, 3555403.250699996948242 ], [ 8619079.978300001472235, 3555411.19370000064373 ], [ 8619029.404699999839067, 3555415.1743 ], [ 8618909.16499999910593, 3555450.268200002610683 ], [ 8618857.4846, 3555471.197300001978874 ], [ 8618729.94200000166893, 3555515.89130000025034 ], [ 8618642.829999998211861, 3555502.961499996483326 ], [ 8618513.014199998229742, 3555490.614799998700619 ], [ 8618505.193999998271465, 3555572.50959999859333 ], [ 8618522.653400000184774, 3555635.752300001680851 ], [ 8618556.405000001192093, 3555692.214500002563 ], [ 8618590.711899999529123, 3555745.276500001549721 ], [ 8618597.520899999886751, 3555849.202500000596046 ], [ 8618595.331399999558926, 3555942.389899998903275 ], [ 8618591.468199998140335, 3556060.435699999332428 ], [ 8618610.626299999654293, 3556144.57599999755621 ], [ 8618614.613000001758337, 3556251.332299999892712 ], [ 8618613.537799999117851, 3556325.884700000286102 ], [ 8618726.499800000339746, 3556316.218900002539158 ], [ 8618778.746599998325109, 3556331.428400002419949 ], [ 8618778.770399998873472, 3556331.435500003397465 ], [ 8618838.394999999552965, 3556424.593099996447563 ], [ 8618870.38230000063777, 3556457.200099997222424 ], [ 8618873.834499999880791, 3556460.719099998474121 ], [ 8618921.045899998396635, 3556471.983300000429153 ], [ 8618948.06810000166297, 3556470.112899996340275 ], [ 8619036.256099998950958, 3556464.008599996566772 ], [ 8619209.900400001555681, 3556443.557300001382828 ], [ 8619321.185499999672174, 3556443.486199997365475 ], [ 8619452.766600001603365, 3556556.360200002789497 ], [ 8619483.370900001376867, 3556585.54110000282526 ], [ 8619531.500900000333786, 3556631.432800002396107 ], [ 8619567.564899999648333, 3556760.754299998283386 ], [ 8619608.116399999707937, 3556881.602700002491474 ], [ 8619610.949700001627207, 3556918.322499997913837 ], [ 8619616.055100001394749, 3556979.32490000128746 ], [ 8619639.688000001013279, 3557030.139799997210503 ], [ 8619686.956999998539686, 3557110.880500003695488 ], [ 8619810.804200001060963, 3557110.466700002551079 ], [ 8619902.794799998402596, 3557110.1587999984622 ], [ 8620089.961399998515844, 3557124.700800001621246 ], [ 8620229.344500001519918, 3557112.733300000429153 ], [ 8620383.943900000303984, 3557147.636399999260902 ], [ 8620475.566599998623133, 3557157.170299999415874 ], [ 8620582.385299999266863, 3557192.673900000751019 ], [ 8620689.212000001221895, 3557239.459600001573563 ], [ 8620804.466899998486042, 3557280.603900000452995 ], [ 8620900.61710000038147, 3557317.810999996960163 ], [ 8620949.546100001782179, 3557362.949100002646446 ], [ 8620978.700300000607967, 3557428.267800003290176 ], [ 8620995.166999999433756, 3557465.160599999129772 ], [ 8621007.616099998354912, 3557568.526600003242493 ], [ 8620998.160900000482798, 3557683.780000001192093 ], [ 8621013.407499998807907, 3557770.757700003683567 ], [ 8621048.331399999558926, 3557851.508900001645088 ], [ 8621116.995000001043081, 3557949.186300002038479 ], [ 8621189.034499999135733, 3558057.016599997878075 ], [ 8621264.469500001519918, 3558177.844899997115135 ], [ 8621307.246399998664856, 3558239.384199999272823 ], [ 8621427.646499998867512, 3558358.482500001788139 ], [ 8621515.3772, 3558405.862300001084805 ], [ 8621588.084800001233816, 3558613.133699998259544 ], [ 8621695.532499998807907, 3558697.213500000536442 ], [ 8621827.382199998944998, 3558772.616899996995926 ], [ 8621839.525299999862909, 3558779.561300002038479 ], [ 8621855.495200000703335, 3558830.783900000154972 ], [ 8621898.162300001829863, 3558967.636100001633167 ], [ 8621871.906300000846386, 3559137.727899998426437 ], [ 8621869.153099998831749, 3559203.269199997186661 ], [ 8621982.249600000679493, 3559302.04169999808073 ], [ 8622032.325100000947714, 3559338.149300001561642 ], [ 8622142.262600000947714, 3559331.173799999058247 ], [ 8622231.329999998211861, 3559325.521799996495247 ], [ 8622466.900400001555681, 3559343.358599998056889 ], [ 8622668.697900000959635, 3559309.258400000631809 ], [ 8622690.6266999989748, 3559313.751500003039837 ], [ 8622685.713199999183416, 3559452.743100002408028 ], [ 8622675.721700001507998, 3559569.614799998700619 ], [ 8622672.379299998283386, 3559608.710500001907349 ], [ 8622658.408100001513958, 3559697.433600001037121 ], [ 8622668.092199999839067, 3559819.4712999984622 ], [ 8622638.396999999880791, 3559909.338799998164177 ], [ 8622687.379599999636412, 3559977.095899999141693 ], [ 8622731.83559999987483, 3560018.294799998402596 ], [ 8622748.165399998426437, 3560040.321800000965595 ], [ 8622699.919100001454353, 3560144.904700003564358 ], [ 8622696.457400001585484, 3560152.363600000739098 ], [ 8622667.383400000631809, 3560215.009700000286102 ], [ 8622648.968899998813868, 3560352.336099997162819 ], [ 8622677.214499998837709, 3560475.494499996304512 ], [ 8622738.594200000166893, 3560569.235500000417233 ], [ 8622787.037399999797344, 3560648.860500000417233 ], [ 8622887.263599999248981, 3560788.328199997544289 ], [ 8622998.152199998497963, 3560893.319399997591972 ], [ 8623056.689800001680851, 3560953.154399998486042 ], [ 8623135.572900000959635, 3561103.392200000584126 ], [ 8623166.013099998235703, 3561162.695600003004074 ], [ 8623191.957699999213219, 3561243.484999999403954 ], [ 8623180.829199999570847, 3561344.085900001227856 ], [ 8623148.257199998944998, 3561389.335199996829033 ], [ 8623077.486400000751019, 3561459.486599996685982 ], [ 8623011.764400001615286, 3561529.068199999630451 ], [ 8622949.97749999910593, 3561590.740900002419949 ], [ 8622833.71229999884963, 3561715.1985 ], [ 8622741.041000001132488, 3561826.071000002324581 ], [ 8622706.872000001370907, 3561954.956500001251698 ], [ 8622626.61540000140667, 3562111.600599996745586 ], [ 8622585.053300000727177, 3562160.8081 ], [ 8622415.872999999672174, 3562256.505500003695488 ], [ 8622260.809599999338388, 3562292.550399996340275 ], [ 8622252.261300001293421, 3562294.537399999797344 ], [ 8622103.250599998980761, 3562311.641699999570847 ], [ 8622079.520399998873472, 3562198.065499998629093 ], [ 8622033.290699999779463, 3562082.80629999935627 ], [ 8621981.430599998682737, 3561953.432499997317791 ], [ 8621902.581300001591444, 3561829.743199996650219 ], [ 8621895.204700000584126, 3561762.495999999344349 ], [ 8621882.773400001227856, 3561698.07320000231266 ], [ 8621856.282800000160933, 3561634.2449000030756 ], [ 8621808.911100000143051, 3561487.342600002884865 ], [ 8621797.625300001353025, 3561446.103000000119209 ], [ 8621771.153000000864267, 3561396.961300000548363 ], [ 8621684.550200000405312, 3561398.17230000346899 ], [ 8621678.292199999094009, 3561334.270000003278255 ], [ 8621669.2212999984622, 3561241.643200002610683 ], [ 8621650.560699999332428, 3561124.683799996972084 ], [ 8621613.917199999094009, 3561024.691699996590614 ], [ 8621426.67119999974966, 3561049.891800001263618 ], [ 8621402.518500000238419, 3561053.142099998891354 ], [ 8621374.585900001227856, 3561012.04730000346899 ], [ 8621284.284699998795986, 3560879.195299997925758 ], [ 8621199.294599998742342, 3560786.598200000822544 ], [ 8621130.488699998706579, 3560736.4978 ], [ 8621024.884100001305342, 3560659.601899996399879 ], [ 8620947.218400001525879, 3560585.63570000231266 ], [ 8620869.483300000429153, 3560412.795100003480911 ], [ 8620783.363800000399351, 3560300.417499996721745 ], [ 8620728.698100000619888, 3560148.456600002944469 ], [ 8620690.935499999672174, 3560027.000200003385544 ], [ 8620675.492600001394749, 3559994.737499997019768 ], [ 8620657.140500001609325, 3559956.39750000089407 ], [ 8620611.545299999415874, 3559891.457900002598763 ], [ 8620557.491999998688698, 3559846.323299996554852 ], [ 8620524.339400000870228, 3559818.640900000929832 ], [ 8620455.143100000917912, 3559751.452600002288818 ], [ 8620432.45160000026226, 3559732.563699997961521 ], [ 8620398.7478, 3559716.816600002348423 ], [ 8620382.400400001555681, 3559690.899700000882149 ], [ 8620352.742499999701977, 3559666.21169999986887 ], [ 8620346.661499999463558, 3559634.239600002765656 ], [ 8620341.460099998861551, 3559606.892399996519089 ], [ 8620311.620000001043081, 3559556.063400000333786 ], [ 8620286.857500001788139, 3559528.403399996459484 ], [ 8620281.550200000405312, 3559525.932700000703335 ], [ 8620185.0658, 3559481.015900000929832 ], [ 8620095.010400000959635, 3559338.139300003647804 ], [ 8620072.9846, 3559298.857900001108646 ], [ 8620069.673300001770258, 3559292.952500000596046 ], [ 8619988.061500001698732, 3559170.981899999082088 ], [ 8619927.288499999791384, 3559085.145199999213219 ], [ 8619800.226399999111891, 3559064.335400000214577 ], [ 8619733.240600001066923, 3558951.378899998962879 ], [ 8619689.927400000393391, 3558911.871200002729893 ], [ 8619653.940099999308586, 3558897.768100000917912 ], [ 8619515.066599998623133, 3558882.051100000739098 ], [ 8619441.389699999243021, 3558818.250100001692772 ], [ 8619356.999800000339746, 3558722.26630000025034 ], [ 8619270.398499999195337, 3558673.737199999392033 ], [ 8619110.702399998903275, 3558603.222999997437 ], [ 8619017.334699999541044, 3558535.483499996364117 ], [ 8618878.416499998420477, 3558419.75450000166893 ], [ 8618769.334199998527765, 3558368.981200002133846 ], [ 8618615.255699999630451, 3558288.852700002491474 ], [ 8618490.405600000172853, 3558184.41610000282526 ], [ 8618413.368500001728535, 3558126.263599999248981 ], [ 8618244.154100000858307, 3558109.411100000143051 ], [ 8618129.527499999850988, 3558180.665799997746944 ], [ 8618041.453899998217821, 3558233.35700000077486 ], [ 8618025.564100001007318, 3558242.862999998033047 ], [ 8617922.085400000214577, 3558158.73870000243187 ], [ 8617886.031399998813868, 3557987.585699997842312 ], [ 8617865.744699999690056, 3557902.292700000107288 ], [ 8617817.369899999350309, 3557822.666799999773502 ], [ 8617787.543400000780821, 3557763.364600002765656 ], [ 8617842.611600000411272, 3557727.1787 ], [ 8617757.056000001728535, 3557493.922899998724461 ], [ 8617722.937600001692772, 3557400.505999997258186 ], [ 8617672.06810000166297, 3557261.223399996757507 ], [ 8617524.228999998420477, 3557213.282300002872944 ], [ 8617320.185899998992682, 3557183.444700002670288 ], [ 8617288.698600001633167, 3557163.118600003421307 ], [ 8617240.348999999463558, 3557119.644000001251698 ], [ 8617182.51240000128746, 3557051.473600000143051 ], [ 8617123.937699999660254, 3556982.432700000703335 ], [ 8617096.951400000602007, 3556949.113099999725819 ], [ 8617064.327300000935793, 3556901.114200003445148 ], [ 8617060.314899999648333, 3556694.947499997913837 ], [ 8617064.367899999022484, 3556618.338799998164177 ], [ 8617064.767299998551607, 3556610.790299996733665 ], [ 8617049.573699999600649, 3556545.270700000226498 ], [ 8616990.518699999898672, 3556464.519000001251698 ], [ 8616970.280699998140335, 3556434.02759999781847 ], [ 8616966.327500000596046, 3556397.889499999582767 ], [ 8616979.803800001740456, 3556358.344499997794628 ], [ 8616980.623399998992682, 3556357.553599998354912 ], [ 8617035.424199998378754, 3556304.661899998784065 ], [ 8617069.124899998307228, 3556280.927000001072884 ], [ 8617080.34910000115633, 3556242.508900001645088 ], [ 8617070.781399998813868, 3556205.807199999690056 ], [ 8616880.272900000214577, 3556220.564599998295307 ], [ 8616822.386199999600649, 3556226.798699997365475 ], [ 8616654.333500001579523, 3556186.1963 ], [ 8616635.799600001424551, 3556227.440800003707409 ], [ 8616606.031399998813868, 3556255.696599997580051 ], [ 8616574.568999998271465, 3556296.937799997627735 ], [ 8616566.863000001758337, 3556306.164300002157688 ], [ 8616515.583299998193979, 3556367.562200002372265 ], [ 8616470.107900001108646, 3556503.132299996912479 ], [ 8616470.115499999374151, 3556520.645900003612041 ], [ 8616465.6426, 3556564.134199999272823 ], [ 8616437.563099998980761, 3556630.23369999974966 ], [ 8616386.434300001710653, 3556682.782899998128414 ], [ 8616290.916400000452995, 3556778.270099997520447 ], [ 8616088.651399999856949, 3556964.740299999713898 ], [ 8616041.344200000166893, 3557007.933799996972084 ], [ 8615997.058600001037121, 3557048.368500001728535 ], [ 8615944.797800000756979, 3557095.267200000584126 ], [ 8615894.238800000399351, 3557161.375699996948242 ], [ 8615951.033700000494719, 3557255.689099997282028 ], [ 8615982.527399998158216, 3557313.300800003111362 ], [ 8615984.404599998146296, 3557315.0608000010252 ], [ 8616075.298799999058247, 3557400.268500000238419 ], [ 8616154.571600001305342, 3557465.19879999756813 ], [ 8616275.425900001078844, 3557500.190399996936321 ], [ 8616336.155699998140335, 3557583.766400001943111 ], [ 8616385.074099998921156, 3557624.989399999380112 ], [ 8616449.727000001817942, 3557679.769599996507168 ], [ 8616509.3412000015378, 3557753.186800003051758 ], [ 8616522.288600001484156, 3557803.457000002264977 ], [ 8616520.20719999819994, 3557835.032200001180172 ], [ 8616518.937300000339746, 3557854.298900000751019 ], [ 8616484.102299999445677, 3557905.714400000870228 ], [ 8616461.632500000298023, 3557961.655299998819828 ], [ 8616461.653999999165535, 3558004.026900000870228 ], [ 8616467.30180000141263, 3558080.281800001859665 ], [ 8616472.387699998915195, 3558152.596400000154972 ], [ 8616561.464200001209974, 3558158.341499999165535 ], [ 8616611.786699999123812, 3558161.58669999986887 ], [ 8616703.427000001072884, 3558186.404500000178814 ], [ 8616740.55290000140667, 3558249.669799998402596 ], [ 8616746.217199999839067, 3558355.869800001382828 ], [ 8616745.235599998384714, 3558363.782799996435642 ], [ 8616737.247000001370907, 3558428.185099996626377 ], [ 8616745.138399999588728, 3558475.648900002241135 ], [ 8616827.229699999094009, 3558537.1858000010252 ], [ 8616854.3114, 3558545.664099998772144 ], [ 8616879.520100001245737, 3558553.556000001728535 ], [ 8616939.108899999409914, 3558576.694200001657009 ], [ 8616878.421, 3558621.910300001502037 ], [ 8616846.386, 3558627.190099999308586 ], [ 8616789.048099998384714, 3558636.639600001275539 ], [ 8616671.565400000661612, 3558672.837099999189377 ], [ 8616530.507399998605251, 3558764.980800002813339 ], [ 8616422.038600001484156, 3558847.505999997258186 ], [ 8616273.582499999552965, 3558724.398199997842312 ], [ 8616108.830699998885393, 3558592.820000000298023 ], [ 8616064.98759999871254, 3558587.179499998688698 ], [ 8616077.372400000691414, 3558677.006099998950958 ], [ 8616066.165399998426437, 3558777.573100000619888 ], [ 8616031.331900000572205, 3558826.169799998402596 ], [ 8615981.311299998313189, 3558888.896499998867512 ], [ 8615932.976100001484156, 3558910.378499999642372 ], [ 8615841.346000000834465, 3558925.096100002527237 ], [ 8615574.894499998539686, 3558982.233000002801418 ], [ 8615394.433499999344349, 3558979.457299999892712 ], [ 8615220.7195999994874, 3558964.234499998390675 ], [ 8615171.94649999961257, 3558956.364600002765656 ], [ 8615108.84569999948144, 3558946.182899996638298 ], [ 8615112.25560000166297, 3559097.034199997782707 ], [ 8615027.937199998646975, 3559180.107199996709824 ], [ 8614943.629700001329184, 3559263.180399999022484 ], [ 8614925.648800000548363, 3559333.241899996995926 ], [ 8614932.965300001204014, 3559388.052400000393391 ], [ 8614956.037900000810623, 3559460.366099998354912 ], [ 8614965.0548, 3559568.844800002872944 ], [ 8614943.702599998563528, 3559668.862099997699261 ], [ 8614922.361900001764297, 3559768.880199998617172 ], [ 8614907.203299999237061, 3559875.671400003135204 ], [ 8614892.596400000154972, 3559982.461800001561642 ], [ 8614910.030200000852346, 3560014.102600000798702 ], [ 8614927.464099999517202, 3560045.743500001728535 ], [ 8614960.874099999666214, 3560091.946099996566772 ], [ 8614970.769000001251698, 3560105.6294 ], [ 8615014.074200000613928, 3560165.515600003302097 ], [ 8615008.452599998563528, 3560182.479699999094009 ], [ 8614949.000399999320507, 3560186.849600002169609 ], [ 8614908.375799998641014, 3560189.835500001907349 ], [ 8614816.177799999713898, 3560221.500500001013279 ], [ 8614696.981899999082088, 3560240.161300003528595 ], [ 8614510.317099999636412, 3560262.792400002479553 ], [ 8614443.971999999135733, 3560254.897299997508526 ], [ 8614295.542199999094009, 3560238.529600001871586 ], [ 8614112.24210000038147, 3560207.462200000882149 ], [ 8613874.404800001531839, 3560174.712499998509884 ], [ 8613850.238099999725819, 3560171.888099998235703 ], [ 8613794.574400000274181, 3560165.677500002086163 ], [ 8613752.398600000888109, 3560150.983499996364117 ], [ 8613710.795000001788139, 3560119.349500000476837 ], [ 8613671.434500001370907, 3560102.961099997162819 ], [ 8613630.388599999248981, 3560099.572800002992153 ], [ 8613546.054999999701977, 3560114.273000001907349 ], [ 8613350.96169999986887, 3560149.303900003433228 ], [ 8613204.213899999856949, 3560169.644799999892712 ], [ 8613069.279500000178814, 3560194.514200001955032 ], [ 8612965.26630000025034, 3560212.017899997532368 ], [ 8612584.613899998366833, 3560267.380599997937679 ], [ 8612500.846700001507998, 3560267.932700000703335 ], [ 8612502.537000000476837, 3560117.625600002706051 ], [ 8612480.058899998664856, 3560049.2588 ], [ 8612460.381099998950958, 3559988.227799996733665 ], [ 8612419.916600000113249, 3559885.386399999260902 ], [ 8612358.081700000911951, 3559720.386 ], [ 8612294.576699998229742, 3559510.760899998247623 ], [ 8612231.059599999338388, 3559386.454800002276897 ], [ 8612162.484299998730421, 3559301.123999997973442 ], [ 8612150.118200000375509, 3559285.299099996685982 ], [ 8612124.227699998766184, 3559483.054700002074242 ], [ 8612122.914099998772144, 3559517.369099996984005 ], [ 8612122.790600001811981, 3559520.594700001180172 ], [ 8612121.415899999439716, 3559556.503600001335144 ], [ 8612107.899000000208616, 3559687.02419999986887 ], [ 8612101.1327, 3559892.132200002670288 ], [ 8612101.119199998676777, 3559988.760099999606609 ], [ 8612110.642700001597404, 3560285.413699999451637 ], [ 8612093.759199999272823, 3560396.729900002479553 ], [ 8612073.276200000196695, 3560433.514300003647804 ], [ 8612003.774099998176098, 3560558.32880000025034 ], [ 8611904.2179000005126, 3560797.919200003147125 ], [ 8611804.66780000180006, 3560981.557700000703335 ], [ 8611737.7368, 3561084.393200002610683 ], [ 8611727.037599999457598, 3561123.384199999272823 ], [ 8611653.918600000441074, 3561260.704300001263618 ], [ 8611598.230500001460314, 3561348.854599997401237 ], [ 8611547.042199999094009, 3561465.257200002670288 ], [ 8611502.039900001138449, 3561535.890000000596046 ], [ 8611452.537799999117851, 3561622.918399997055531 ], [ 8611414.845499999821186, 3561717.854999996721745 ], [ 8611370.962799999862909, 3561796.407499998807907 ], [ 8611287.160900000482798, 3561867.596600003540516 ], [ 8611160.049800001084805, 3561956.302799999713898 ], [ 8611143.151299998164177, 3562042.200199998915195 ], [ 8611135.240899998694658, 3562201.581299997866154 ], [ 8611141.893199998885393, 3562236.182099997997284 ], [ 8611154.909299999475479, 3562303.883400000631809 ], [ 8611172.881400000303984, 3562398.279799997806549 ], [ 8611125.622299998998642, 3562486.995200000703335 ], [ 8611097.493599999696016, 3562528.824400000274181 ], [ 8611077.6206, 3562547.639700002968311 ], [ 8611058.113699998706579, 3562566.108499996364117 ], [ 8611040.676399998366833, 3562580.808499999344349 ], [ 8611027.174499999731779, 3562589.845100000500679 ], [ 8610975.444299999624491, 3562569.483199998736382 ], [ 8610929.328099999576807, 3562537.255999997258186 ], [ 8610846.678399998694658, 3562471.104999996721745 ], [ 8610734.775600001215935, 3562420.209399998188019 ], [ 8610586.8904, 3562351.207599997520447 ], [ 8610538.345400001853704, 3562330.333400003612041 ], [ 8610435.631499998271465, 3562286.16669999808073 ], [ 8610282.124299999326468, 3562223.950900003314018 ], [ 8610225.888700000941753, 3562222.225699998438358 ], [ 8610153.89130000025034, 3562250.460100002586842 ], [ 8610097.0757, 3562292.829999998211861 ], [ 8609966.00620000064373, 3562409.78830000013113 ], [ 8609859.132800001651049, 3562462.307199999690056 ], [ 8609762.952300000935793, 3562487.709200002253056 ], [ 8609685.348299998790026, 3562480.323299996554852 ], [ 8609575.708200000226498, 3562431.103299997746944 ], [ 8609484.622999999672174, 3562367.205700002610683 ], [ 8609400.280999999493361, 3562338.345499999821186 ], [ 8609257.457899998873472, 3562289.107900001108646 ], [ 8609069.083299998193979, 3562240.987000003457069 ], [ 8608907.688499998301268, 3562220.553800001740456 ], [ 8608767.666900001466274, 3562202.969300001859665 ], [ 8608696.837200000882149, 3562162.804700002074242 ], [ 8608668.733899999409914, 3562130.005000002682209 ], [ 8608636.715999998152256, 3562053.697700001299381 ], [ 8608481.661200001835823, 3562012.715000003576279 ], [ 8608443.853700000792742, 3562002.722000002861023 ], [ 8608289.225999999791384, 3561963.085600003600121 ], [ 8608197.079999998211861, 3561825.696099996566772 ], [ 8608158.886, 3561730.725299999117851 ], [ 8608132.484299998730421, 3561690.012800000607967 ], [ 8608091.469300001859665, 3561630.652900002896786 ], [ 8608060.571800000965595, 3561572.996799997985363 ], [ 8608042.046700000762939, 3561517.028899997472763 ], [ 8608034.769999999552965, 3561452.598700001835823 ], [ 8607984.187699999660254, 3561414.140900000929832 ], [ 8607940.902199998497963, 3561383.035199999809265 ], [ 8607911.673099998384714, 3561362.102200001478195 ], [ 8607863.901900000870228, 3561319.129100002348423 ], [ 8607816.131000000983477, 3561276.144400000572205 ], [ 8607795.345499999821186, 3561247.87610000371933 ], [ 8607766.690099999308586, 3561213.389700002968311 ], [ 8607680.128899998962879, 3561148.911399997770786 ], [ 8607625.0647, 3561093.498199999332428 ], [ 8607568.862799998372793, 3561038.64190000295639 ], [ 8607518.847800001502037, 3561000.749200001358986 ], [ 8607379.408900000154972, 3560986.528800003230572 ], [ 8607318.119800001382828, 3560987.057800002396107 ], [ 8607265.184799998998642, 3561145.017300002276897 ], [ 8607304.677200000733137, 3561228.320699997246265 ], [ 8607329.701299998909235, 3561281.104999996721745 ], [ 8607337.477600000798702, 3561297.507799997925758 ], [ 8607278.317899998277426, 3561381.123099997639656 ], [ 8607169.271699998527765, 3561404.468699999153614 ], [ 8607145.517700001597404, 3561409.554200001060963 ], [ 8606922.01069999858737, 3561297.656000003218651 ], [ 8606866.647799998521805, 3561335.502499997615814 ], [ 8606777.214499998837709, 3561396.639200001955032 ], [ 8606713.889499999582767, 3561439.927799999713898 ], [ 8606581.789500001817942, 3561530.229400001466274 ], [ 8606463.660000000149012, 3561644.508299998939037 ], [ 8606328.328099999576807, 3561646.770199999213219 ], [ 8606200.889499999582767, 3561705.672700002789497 ], [ 8606155.590199999511242, 3561837.696699999272823 ], [ 8606042.377599999308586, 3561947.213100001215935 ], [ 8605961.1963, 3562025.743199996650219 ], [ 8605833.490899998694658, 3562010.35530000180006 ], [ 8605718.484999999403954, 3561955.561999998986721 ], [ 8605602.008600000292063, 3561982.460199996829033 ], [ 8605683.040300000458956, 3562294.808300003409386 ], [ 8605641.720499999821186, 3562434.843400001525879 ], [ 8605552.651299998164177, 3562544.824500001966953 ], [ 8605354.01969999819994, 3562614.564900003373623 ], [ 8604874.670200001448393, 3562876.5735 ], [ 8604789.59010000154376, 3563030.337600000202656 ], [ 8604828.988800000399351, 3563244.779100000858307 ], [ 8604855.438499998301268, 3563388.739500001072884 ], [ 8604655.01069999858737, 3563498.819700002670288 ], [ 8604502.018399998545647, 3563665.848700001835823 ], [ 8604367.039700001478195, 3563648.674599997699261 ], [ 8604220.261, 3563490.431599996984005 ], [ 8604082.801699999719858, 3563342.233499996364117 ], [ 8603942.737300001084805, 3563191.223800003528595 ], [ 8603742.969200000166893, 3563180.10700000077486 ], [ 8603345.953499998897314, 3563482.2632 ], [ 8603214.949299998581409, 3563500.127899996936321 ], [ 8603144.260600000619888, 3563406.484300002455711 ], [ 8603084.132199998944998, 3563326.829800002276897 ], [ 8603019.637800000607967, 3563313.858499996364117 ], [ 8602935.714600000530481, 3563296.97919999808073 ], [ 8602813.818999998271465, 3563272.461900003254414 ], [ 8602749.353100001811981, 3563279.830600000917912 ], [ 8602609.157499998807907, 3563295.854900002479553 ], [ 8602491.47520000115037, 3563309.304999999701977 ], [ 8602419.988699998706579, 3563362.988799996674061 ], [ 8602372.406399998813868, 3563573.550899997353554 ], [ 8602441.762899998575449, 3563859.07039999961853 ], [ 8602507.052499998360872, 3564127.843099996447563 ], [ 8602512.156599998474121, 3564269.564099997282028 ], [ 8602403.792500000447035, 3564385.642800003290176 ], [ 8602388.567800000309944, 3564589.751800000667572 ], [ 8602378.019000001251698, 3564731.173000000417233 ], [ 8602248.272700000554323, 3564813.872500002384186 ], [ 8602185.955899998545647, 3564947.750500001013279 ], [ 8602087.954, 3565158.289499998092651 ], [ 8601882.0614, 3565413.24379999935627 ], [ 8601709.333700001239777, 3565559.935900002717972 ], [ 8601536.355700001120567, 3565571.664399996399879 ], [ 8601297.6974, 3565483.979500003159046 ], [ 8601153.295099999755621, 3565571.746200002729893 ], [ 8601017.711399998515844, 3565591.746899999678135 ], [ 8600943.411800000816584, 3565602.706500001251698 ], [ 8600793.196699999272823, 3565549.621299996972084 ], [ 8600583.397999998182058, 3565276.058499999344349 ], [ 8600351.183200001716614, 3565103.173699997365475 ], [ 8600149.346999999135733, 3565053.935199998319149 ], [ 8599930.302000001072884, 3565117.582400001585484 ], [ 8599738.718899998813868, 3565173.247100003063679 ], [ 8599699.656399998813868, 3565184.596500001847744 ], [ 8599604.315200001001358, 3565212.296700000762939 ], [ 8599565.480900000780821, 3565211.330799996852875 ], [ 8599465.309099998325109, 3565129.332999996840954 ], [ 8599352.512600000947714, 3565036.999300003051758 ], [ 8599262.618599999696016, 3564893.292599998414516 ], [ 8599184.0658, 3564847.393799997866154 ], [ 8599094.070799998939037, 3564867.332699999213219 ], [ 8599017.635099999606609, 3565008.246799997985363 ], [ 8598833.854100000113249, 3564907.55629999935627 ], [ 8598702.178599998354912, 3564835.411799997091293 ], [ 8598542.526999998837709, 3564927.936200000345707 ], [ 8598268.778099998831749, 3565086.579499997198582 ], [ 8597967.679099999368191, 3565209.3766999989748 ], [ 8597871.025800000876188, 3565190.461499996483326 ], [ 8597745.872299998998642, 3565165.9679000005126 ], [ 8597504.322500001639128, 3565218.754900000989437 ], [ 8597395.690999999642372, 3565242.4934 ], [ 8597254.94480000063777, 3565273.248499996960163 ], [ 8597146.25620000064373, 3565372.832599997520447 ], [ 8597001.823699999600649, 3565213.610399998724461 ], [ 8596928.580600000917912, 3565280.7162000015378 ], [ 8596899.089499998837709, 3565419.744599997997284 ], [ 8596812.433200001716614, 3565458.318199999630451 ], [ 8596439.579300001263618, 3565197.702100001275539 ], [ 8596133.510099999606609, 3565036.244400002062321 ], [ 8595997.883900001645088, 3564851.874300003051758 ], [ 8595815.587099999189377, 3564604.054999999701977 ], [ 8595728.1891999989748, 3564424.349200002849102 ], [ 8595519.956500001251698, 3563996.174800001084805 ], [ 8595504.717099998146296, 3563951.553599998354912 ], [ 8595366.806400001049042, 3563547.7483000010252 ], [ 8595354.196800000965595, 3563535.118600003421307 ], [ 8595240.230799999088049, 3563420.970600001513958 ], [ 8595168.438900001347065, 3563403.432099997997284 ], [ 8595059.641100000590086, 3563433.489600002765656 ], [ 8594969.524599999189377, 3563532.389200001955032 ], [ 8594913.954500000923872, 3563708.503700003027916 ], [ 8594908.562300000339746, 3563869.011500000953674 ], [ 8594901.509700000286102, 3563901.099399998784065 ], [ 8594863.466299999505281, 3564074.189099997282028 ], [ 8594827.361900001764297, 3564238.453599996864796 ], [ 8594730.500100001692772, 3564679.139600001275539 ], [ 8594724.935400001704693, 3564961.348899997770786 ], [ 8594718.7401, 3565275.522200003266335 ], [ 8594712.546799998730421, 3565589.598499998450279 ], [ 8594736.940699998289347, 3565775.384400002658367 ], [ 8594718.442699998617172, 3565943.166299998760223 ], [ 8594760.896000001579523, 3566186.751999996602535 ], [ 8594793.304900001734495, 3566372.70440000295639 ], [ 8594890.252500001341105, 3566502.657200001180172 ], [ 8594916.773600000888109, 3566563.735600002110004 ], [ 8594769.688499998301268, 3566729.07320000231266 ], [ 8594752.052700001746416, 3566748.897200003266335 ], [ 8594751.675700001418591, 3566754.156700000166893 ], [ 8594644.700199998915195, 3568246.420900002121925 ], [ 8594629.099599998444319, 3568464.043399997055531 ], [ 8594626.897999998182058, 3568516.084299996495247 ], [ 8594632.648899998515844, 3568631.447700001299381 ], [ 8594634.941300000995398, 3568676.693300001323223 ], [ 8594623.743900001049042, 3568734.968999996781349 ], [ 8594590.602099999785423, 3568790.421999998390675 ], [ 8594560.271000001579523, 3568848.151600003242493 ], [ 8594531.606199998408556, 3568892.296599999070168 ], [ 8594492.299699999392033, 3568976.044200003147125 ], [ 8594454.753699999302626, 3569067.558700002729893 ], [ 8594444.013999998569489, 3569093.735500000417233 ], [ 8594432.070000000298023, 3569112.700599998235703 ], [ 8594398.587099999189377, 3569196.366300001740456 ], [ 8594348.934399999678135, 3569314.76410000026226 ], [ 8594299.221700001507998, 3569402.841399997472763 ], [ 8594257.596999999135733, 3569468.769000001251698 ], [ 8594211.316399998962879, 3569532.962099999189377 ], [ 8594143.070999998599291, 3569630.415100000798702 ], [ 8594114.869100000709295, 3569676.028399996459484 ], [ 8594085.57880000025034, 3569745.705700002610683 ], [ 8594075.3585, 3569763.780500002205372 ], [ 8594046.727000001817942, 3569814.415399998426437 ], [ 8594025.2489, 3569899.281400002539158 ], [ 8594010.290399998426437, 3569966.332999996840954 ], [ 8593982.518399998545647, 3569999.01690000295639 ], [ 8593911.262499999254942, 3570042.278200000524521 ], [ 8593881.38569999858737, 3570059.972599998116493 ], [ 8593812.429000001400709, 3570170.777900002896786 ], [ 8593794.463100001215935, 3570222.840300001204014 ], [ 8593772.033500000834465, 3570312.801100000739098 ], [ 8593757.454199999570847, 3570378.432800002396107 ], [ 8593730.464400000870228, 3570410.1404 ], [ 8593660.713700000196695, 3570452.061499997973442 ], [ 8593632.424699999392033, 3570468.786100000143051 ], [ 8593634.244600001722574, 3570472.877099998295307 ], [ 8593639.521000001579523, 3570500.835400000214577 ], [ 8593605.92509999871254, 3570522.465300001204014 ], [ 8593564.267700001597404, 3570580.8235 ], [ 8593513.336599998176098, 3570639.19709999859333 ], [ 8593446.217799998819828, 3570723.234399996697903 ], [ 8593405.724199999123812, 3570784.498099997639656 ], [ 8593358.339400000870228, 3570845.407999999821186 ], [ 8593368.372299998998642, 3570868.126800000667572 ], [ 8593382.465799998492002, 3570893.002099998295307 ], [ 8593383.606800001114607, 3570906.01860000193119 ], [ 8593364.48369999974966, 3570918.476300001144409 ], [ 8593324.563499998301268, 3570975.086400002241135 ], [ 8593275.075300000607967, 3571031.705899998545647 ], [ 8593209.848000001162291, 3571112.66330000013113 ], [ 8593170.494300000369549, 3571172.663400001823902 ], [ 8593078.831300001591444, 3571290.975199997425079 ], [ 8593002.300900001078844, 3571317.072800002992153 ], [ 8592892.557700000703335, 3571360.152900002896786 ], [ 8592793.503600001335144, 3571384.002700001001358 ], [ 8592732.173799999058247, 3571425.913999997079372 ], [ 8592591.482799999415874, 3571472.423799999058247 ], [ 8592569.798900000751019, 3571464.328000001609325 ], [ 8592509.833099998533726, 3571441.9391999989748 ], [ 8592430.993900001049042, 3571412.585600003600121 ], [ 8592330.230099998414516, 3571418.312799997627735 ], [ 8592233.413800001144409, 3571435.364500001072884 ], [ 8592146.200399998575449, 3571491.437399998307228 ], [ 8592118.070000000298023, 3571515.218800000846386 ], [ 8592110.22520000115037, 3571562.75 ], [ 8592084.383900001645088, 3571636.32209999859333 ], [ 8592112.557799998670816, 3571674.205200001597404 ], [ 8592055.145300000905991, 3571683.305799998342991 ], [ 8592003.373399998992682, 3571703.706399999558926 ], [ 8591933.030499998480082, 3571752.415899999439716 ], [ 8591819.358199998736382, 3571812.468999996781349 ], [ 8591766.467799998819828, 3571858.906300000846386 ], [ 8591727.633699998259544, 3571875.90429999679327 ], [ 8591498.598099999129772, 3572002.790299996733665 ], [ 8591423.723499998450279, 3572006.2449000030756 ], [ 8591317.887499999254942, 3572009.701999999582767 ], [ 8591227.250900000333786, 3572014.291400000452995 ], [ 8591226.81810000166297, 3572014.323100000619888 ], [ 8591133.795200001448393, 3572021.138800002634525 ], [ 8591092.709100000560284, 3572031.356499999761581 ], [ 8591000.392099998891354, 3572065.361299999058247 ], [ 8590855.186999998986721, 3572124.288699999451637 ], [ 8590841.470800001174212, 3572131.831399999558926 ], [ 8590794.406500000506639, 3572157.71169999986887 ], [ 8590791.072799999266863, 3572159.915500000119209 ], [ 8590717.300799999386072, 3572208.678900003433228 ], [ 8590652.023499999195337, 3572249.453299999237061 ], [ 8590650.912300001829863, 3572285.662900000810623 ], [ 8590654.334699999541044, 3572361.48030000180006 ], [ 8590675.757599998265505, 3572412.39190000295639 ], [ 8590684.819400001317263, 3572513.664099998772144 ], [ 8590591.358600001782179, 3572503.544100001454353 ], [ 8590570.538100000470877, 3572515.433799996972084 ], [ 8590552.523200001567602, 3572522.229299999773502 ], [ 8590475.415699999779463, 3572574.33049999922514 ], [ 8590410.148800000548363, 3572646.234399996697903 ], [ 8590311.618700001388788, 3572647.977600000798702 ], [ 8590258.693900000303984, 3572644.049500003457069 ], [ 8590227.722699999809265, 3572633.311200000345707 ], [ 8590215.893500000238419, 3572628.79559999704361 ], [ 8590081.313299998641014, 3572588.130000002682209 ], [ 8590019.935100000351667, 3572566.085199996829033 ], [ 8589967.018800001591444, 3572572.906700000166893 ], [ 8589762.692299999296665, 3572684.477700002491474 ], [ 8589686.149700000882149, 3572725.824799999594688 ], [ 8589574.677299998700619, 3572760.959100000560284 ], [ 8589505.865299999713898, 3572746.60080000013113 ], [ 8589406.881700001657009, 3572725.946999996900558 ], [ 8589353.966299999505281, 3572735.023100003600121 ], [ 8589349.465300001204014, 3572736.72749999910593 ], [ 8589290.907200001180172, 3572745.807300001382828 ], [ 8589281.014199998229742, 3572746.288900002837181 ], [ 8589112.517799999564886, 3572754.489 ], [ 8589091.604699999094009, 3572755.506700001657009 ], [ 8589059.510499998927116, 3572752.126800000667572 ], [ 8588841.058299999684095, 3572761.257500000298023 ], [ 8588832.056000001728535, 3572764.666299998760223 ], [ 8588759.425999999046326, 3572772.607799999415874 ], [ 8588678.346900001168251, 3572767.547600001096725 ], [ 8588560.104699999094009, 3572755.139899998903275 ], [ 8588463.271299999207258, 3572764.230599999427795 ], [ 8588397.97580000013113, 3572789.142499998211861 ], [ 8588395.154199998825788, 3572788.577100001275539 ], [ 8588379.394299998879433, 3572794.81360000371933 ], [ 8588287.062899999320507, 3572821.999099999666214 ], [ 8588175.032600000500679, 3572872.966700002551079 ], [ 8588048.37049999833107, 3572930.145499996840954 ], [ 8587963.364799998700619, 3572962.9956 ], [ 8587877.789500001817942, 3572987.918300002813339 ], [ 8587753.359200000762939, 3573007.181999996304512 ], [ 8587710.573800001293421, 3573033.223200000822544 ], [ 8587635.700599998235703, 3573086.432899996638298 ], [ 8587591.795400001108646, 3573127.750500001013279 ], [ 8587499.476199999451637, 3573200.771300002932549 ], [ 8587424.600900001823902, 3573252.846600003540516 ], [ 8587324.395700000226498, 3573332.097800001502037 ], [ 8587216.859700001776218, 3573420.390900000929832 ], [ 8587174.074799999594688, 3573450.956299997866154 ], [ 8587067.669799998402596, 3573526.240699999034405 ], [ 8586967.454700000584126, 3573594.172700002789497 ], [ 8586917.905000001192093, 3573616.813799999654293 ], [ 8586866.108800001442432, 3573658.690200001001358 ], [ 8586833.460799999535084, 3573697.744300000369549 ], [ 8586766.458099998533726, 3573750.947499997913837 ], [ 8586735.499499998986721, 3573784.341399997472763 ], [ 8586724.626200001686811, 3573797.641699999570847 ], [ 8586722.541299998760223, 3573800.191799998283386 ], [ 8586717.071699999272823, 3573805.584299996495247 ], [ 8586664.556699998676777, 3573857.359999999403954 ], [ 8586602.065000001341105, 3573950.742899999022484 ], [ 8586517.059900000691414, 3574110.337399996817112 ], [ 8586435.423300001770258, 3574285.2195999994874 ], [ 8586372.933299999684095, 3574455.012699998915195 ], [ 8586277.776999998837709, 3574568.772799998521805 ], [ 8586246.250700000673532, 3574646.309600003063679 ], [ 8586200.072599999606609, 3574695.55629999935627 ], [ 8586122.378400001674891, 3574844.979099996387959 ], [ 8586054.638999998569489, 3574994.215199999511242 ], [ 8586051.986699998378754, 3575000.058399997651577 ], [ 8586033.973999999463558, 3575114.951200000941753 ], [ 8586019.335400000214577, 3575229.854599997401237 ], [ 8585902.7668999992311, 3575377.587499998509884 ], [ 8585827.313099998980761, 3575576.818400003015995 ], [ 8585663.4254, 3575767.007500000298023 ], [ 8585618.934399999678135, 3575790.22410000115633 ], [ 8585614.985100001096725, 3575792.482699997723103 ], [ 8585603.160000000149012, 3575798.715599998831749 ], [ 8585491.080600000917912, 3575883.621100001037121 ], [ 8585435.883900001645088, 3575918.705799996852875 ], [ 8585362.109700001776218, 3575979.2753000035882 ], [ 8585311.420400001108646, 3576051.732900001108646 ], [ 8585285.5088, 3576108.333499997854233 ], [ 8585273.454100001603365, 3576162.444499999284744 ], [ 8585271.859400000423193, 3576169.602899998426437 ], [ 8585280.393399998545647, 3576166.246899999678135 ], [ 8585328.625, 3576241.409299999475479 ], [ 8585416.945700000971556, 3576363.170900002121925 ], [ 8585436.130399998277426, 3576393.472300000488758 ], [ 8585464.005699999630451, 3576417.925499998033047 ], [ 8585591.714600000530481, 3576477.843400001525879 ], [ 8585657.320099998265505, 3576518.585500001907349 ], [ 8585710.723200000822544, 3576539.520000003278255 ], [ 8585769.357900001108646, 3576573.264799997210503 ], [ 8585847.135299999266863, 3576602.332099996507168 ], [ 8585918.550500001758337, 3576643.074199996888638 ], [ 8585996.329500000923872, 3576668.631499998271465 ], [ 8586030.002999998629093, 3576689.586800001561642 ], [ 8586172.225400000810623, 3576758.223399996757507 ], [ 8586207.639899998903275, 3576778.5996999964118 ], [ 8586245.798900000751019, 3576800.617799997329712 ], [ 8586284.289000000804663, 3576822.826899997889996 ], [ 8586363.808699999004602, 3576856.548199996352196 ], [ 8586440.447500001639128, 3576896.107199996709824 ], [ 8586580.346000000834465, 3576957.7449000030756 ], [ 8586755.074299998581409, 3577023.425300002098083 ], [ 8586835.2401, 3577101.472099997103214 ], [ 8586862.576200000941753, 3577157.417300000786781 ], [ 8586869.180399999022484, 3577182.940200001001358 ], [ 8586870.049899999052286, 3577182.646099999547005 ], [ 8586917.3585, 3577126.582400001585484 ], [ 8586947.216099999845028, 3577110.730700001120567 ], [ 8586979.320799998939037, 3577139.026500001549721 ], [ 8586978.208000000566244, 3577188.848499998450279 ], [ 8586970.88569999858737, 3577215.453199997544289 ], [ 8586955.115800000727177, 3577254.518100000917912 ], [ 8586936.540899999439716, 3577282.263899996876717 ], [ 8586932.845899999141693, 3577290.433399997651577 ], [ 8586919.641199998557568, 3577319.627899996936321 ], [ 8586881.351799998432398, 3577377.388999998569489 ], [ 8586869.528200000524521, 3577408.522600002586842 ], [ 8586871.218199998140335, 3577445.321000002324581 ], [ 8586877.421700000762939, 3577457.206000000238419 ], [ 8586899.38569999858737, 3577476.455899998545647 ], [ 8586956.860399998724461, 3577514.936999998986721 ], [ 8586968.694899998605251, 3577566.454499997198582 ], [ 8586969.827599998563528, 3577636.661700002849102 ], [ 8586966.855599999427795, 3577686.374899998307228 ], [ 8586953.508000001311302, 3577681.388899996876717 ], [ 8586981.88230000063777, 3577699.441399998962879 ], [ 8586965.901700001209974, 3577702.334600001573563 ], [ 8586964.782699998468161, 3577740.825300000607967 ], [ 8586967.608899999409914, 3577790.079599998891354 ], [ 8586976.063700001686811, 3577811.594899997115135 ], [ 8587005.912099998444319, 3577818.952100001275539 ], [ 8587042.529800001531839, 3577819.510399997234344 ], [ 8587101.686700001358986, 3577815.541400000452995 ], [ 8587123.090300001204014, 3577819.499799996614456 ], [ 8587132.107099998742342, 3577835.909400001168251 ], [ 8587134.926199998706579, 3577851.19990000128746 ], [ 8587128.170800000429153, 3577861.957999996840954 ], [ 8587109.014699999243021, 3577881.208099998533726 ], [ 8587100.004799999296665, 3577897.628200002014637 ], [ 8587096.629700001329184, 3577918.015900000929832 ], [ 8587101.710499998182058, 3577940.088600002229214 ], [ 8587109.032600000500679, 3577954.242200002074242 ], [ 8587116.919199999421835, 3577968.395300000905991 ], [ 8587116.92850000038743, 3577984.82209999859333 ], [ 8587111.8581000007689, 3578001.807199999690056 ], [ 8587096.089000001549721, 3578022.19030000269413 ], [ 8587074.680700000375509, 3578051.628799997270107 ], [ 8587071.870799999684095, 3578073.718199998140335 ], [ 8587080.888599999248981, 3578091.829800002276897 ], [ 8587101.738099999725819, 3578113.33839999884367 ], [ 8587119.765099998563528, 3578134.281099997460842 ], [ 8587133.3004, 3578155.793999999761581 ], [ 8587138.367499999701977, 3578195.42849999666214 ], [ 8587138.372900001704693, 3578225.434299997985363 ], [ 8587142.325100000947714, 3578248.087200000882149 ], [ 8587156.409000001847744, 3578262.237000003457069 ], [ 8587167.1206, 3578259.961999997496605 ], [ 8587185.708099998533726, 3578253.167700000107288 ], [ 8587201.476500000804663, 3578252.035700000822544 ], [ 8587218.944299999624491, 3578261.090000003576279 ], [ 8587248.804699998348951, 3578267.312700003385544 ], [ 8587279.220800001174212, 3578258.242200002074242 ], [ 8587296.117400001734495, 3578235.600900001823902 ], [ 8587320.341099999845028, 3578214.645300000905991 ], [ 8587372.165300000458956, 3578176.135499998927116 ], [ 8587402.58500000089407, 3578153.474399998784065 ], [ 8587426.798799999058247, 3578136.489200003445148 ], [ 8587438.627500001341105, 3578134.213200002908707 ], [ 8587451.032499998807907, 3578152.902000002563 ], [ 8587473.010600000619888, 3578172.707699999213219 ], [ 8587494.981600001454353, 3578181.203400000929832 ], [ 8587511.3141999989748, 3578178.924500003457069 ], [ 8587521.452599998563528, 3578162.503200002014637 ], [ 8587528.212400000542402, 3578139.856100000441074 ], [ 8587545.66330000013113, 3578120.605800002813339 ], [ 8587555.811500001698732, 3578120.599899999797344 ], [ 8587565.950199998915195, 3578124.564599998295307 ], [ 8587576.095400001853704, 3578139.283699996769428 ], [ 8587594.680100001394749, 3578147.769400000572205 ], [ 8587611.588500000536442, 3578145.502099998295307 ], [ 8587631.86710000038147, 3578135.302799999713898 ], [ 8587640.315400000661612, 3578124.543300002813339 ], [ 8587650.4419, 3578108.121799997985363 ], [ 8587660.580299999564886, 3578091.7007 ], [ 8587681.429299999028444, 3578091.69990000128746 ], [ 8587700.01630000025034, 3578104.144500002264977 ], [ 8587710.167700000107288, 3578129.062399998307228 ], [ 8587749.614700000733137, 3578178.874499998986721 ], [ 8587809.340799998492002, 3578199.235699996352196 ], [ 8587852.158300001174212, 3578221.87610000371933 ], [ 8587879.202199999243021, 3578217.900200001895428 ], [ 8587905.663800001144409, 3578185.053199999034405 ], [ 8587921.997400000691414, 3578147.119199998676777 ], [ 8587921.423099998384714, 3578131.271600000560284 ], [ 8587927.0614, 3578121.069399997591972 ], [ 8587947.335299998521805, 3578104.086099997162819 ], [ 8587974.375700000673532, 3578095.016699999570847 ], [ 8588005.919199999421835, 3578084.82150000333786 ], [ 8588018.88289999961853, 3578092.743199996650219 ], [ 8588030.147599998861551, 3578110.853000000119209 ], [ 8588040.299499999731779, 3578135.191500000655651 ], [ 8588045.370000001043081, 3578157.843199998140335 ], [ 8588048.1974, 3578185.022799998521805 ], [ 8588053.275699999183416, 3578200.867600001394749 ], [ 8588063.421500001102686, 3578215.586400002241135 ], [ 8588084.266199998557568, 3578227.473899997770786 ], [ 8588087.088500000536442, 3578227.472199998795986 ], [ 8588112.999899998307228, 3578236.520000003278255 ], [ 8588159.213500000536442, 3578272.736599996685982 ], [ 8588181.7533, 3578324.260499998927116 ], [ 8588194.1743, 3578384.265000000596046 ], [ 8588194.183699999004602, 3578417.674999997019768 ], [ 8588198.132100000977516, 3578450.515000000596046 ], [ 8588218.98589999973774, 3578475.414399996399879 ], [ 8588239.831500001251698, 3578487.869099996984005 ], [ 8588256.179699998348951, 3578491.829599998891354 ], [ 8588272.521699998527765, 3578504.275499999523163 ], [ 8588276.473000001162291, 3578522.957599997520447 ], [ 8588274.791799999773502, 3578560.3279 ], [ 8588287.19310000166297, 3578589.203699998557568 ], [ 8588303.540600001811981, 3578610.146999999880791 ], [ 8588344.103000000119209, 3578615.793300002813339 ], [ 8588365.51240000128746, 3578626.545800000429153 ], [ 8588374.635200001299381, 3578634.447700001299381 ], [ 8588410.600400000810623, 3578665.599600002169609 ], [ 8588443.855099998414516, 3578717.684799998998642 ], [ 8588485.018899999558926, 3578815.05349999666214 ], [ 8588534.066700000315905, 3578901.674199998378754 ], [ 8588567.881900001317263, 3578928.266999997198582 ], [ 8588637.188000001013279, 3578954.292499996721745 ], [ 8588686.775699999183416, 3578966.727799996733665 ], [ 8588756.624899998307228, 3578960.475599996745586 ], [ 8588785.364799998700619, 3578958.766199998557568 ], [ 8588816.354600001126528, 3578962.7162000015378 ], [ 8588868.195500001311302, 3578985.348800003528595 ], [ 8588890.730099998414516, 3578989.304200001060963 ], [ 8588931.86600000038743, 3578989.288000002503395 ], [ 8588976.937600001692772, 3578983.607699997723103 ], [ 8588987.4221, 3578984.640600003302097 ], [ 8589045.666799999773502, 3578990.379000000655651 ], [ 8589047.362399999052286, 3578993.202600002288818 ], [ 8589088.518199998885393, 3579056.0371999964118 ], [ 8589092.461800001561642, 3579061.69539999961853 ], [ 8589115.019600000232458, 3579099.062200002372265 ], [ 8589133.624000001698732, 3579133.027900002896786 ], [ 8589210.26410000026226, 3579167.543600000441074 ], [ 8589273.950300000607967, 3579208.840599998831749 ], [ 8589352.289700001478195, 3579267.13400000333786 ], [ 8589413.731800001114607, 3579327.129600003361702 ], [ 8589346.739399999380112, 3579467.018700003623962 ], [ 8589229.602899998426437, 3579611.471199996769428 ], [ 8589363.162799999117851, 3579658.41610000282526 ], [ 8589504.038699999451637, 3579688.925999999046326 ], [ 8589677.626800000667572, 3579776.048299998044968 ], [ 8589767.287300001829863, 3579819.7544 ], [ 8589794.849800001829863, 3579833.190099999308586 ], [ 8589895.209800001233816, 3579954.321800000965595 ], [ 8589784.850299999117851, 3580132.758599996566772 ], [ 8589715.017499998211861, 3580216.610299997031689 ], [ 8589755.067299999296665, 3580302.662500001490116 ], [ 8589855.396800000220537, 3580363.210600003600121 ], [ 8589972.634300000965595, 3580416.949400000274181 ], [ 8590053.223200000822544, 3580436.733599998056889 ], [ 8590163.166400000452995, 3580547.672399997711182 ], [ 8590243.782200001180172, 3580601.437799997627735 ], [ 8590350.897900000214577, 3580702.745200000703335 ], [ 8590484.521499998867512, 3580830.094999998807907 ], [ 8590578.6776, 3580914.427199997007847 ], [ 8590610.927000001072884, 3580934.563199996948242 ], [ 8590675.650400001555681, 3580974.975400000810623 ], [ 8590782.773600000888109, 3581079.119099996984005 ], [ 8590729.3059, 3581182.80179999768734 ], [ 8590692.720800001174212, 3581263.244300000369549 ], [ 8590645.427200000733137, 3581337.466499999165535 ], [ 8590591.917700000107288, 3581404.896799996495247 ], [ 8590501.813099998980761, 3581512.557700000703335 ], [ 8590463.769900001585484, 3581555.07880000025034 ], [ 8590473.139800000935793, 3581554.223499998450279 ], [ 8590601.887699998915195, 3581471.667099997401237 ], [ 8590614.489799998700619, 3581471.921499997377396 ], [ 8590604.019099999219179, 3581482.658299997448921 ], [ 8590637.801399998366833, 3581556.685199998319149 ], [ 8590679.16440000012517, 3581660.451800003647804 ], [ 8590708.3015, 3581736.832599997520447 ], [ 8590743.304699998348951, 3581853.439300000667572 ], [ 8590755.596099998801947, 3581914.670000001788139 ], [ 8590782.445900000631809, 3582017.294600002467632 ], [ 8590800.015099998563528, 3582121.695200003683567 ], [ 8590796.627300001680851, 3582178.863200001418591 ], [ 8590784.0143, 3582280.965800002217293 ], [ 8590804.422600001096725, 3582343.945600003004074 ], [ 8590752.868099998682737, 3582409.942500002682209 ], [ 8590664.783399999141693, 3582505.748000003397465 ], [ 8590606.869600001722574, 3582599.7632 ], [ 8590590.705899998545647, 3582655.788400001823902 ], [ 8590591.951699998229742, 3582713.536700002849102 ], [ 8590612.948800001293421, 3582781.76690000295639 ], [ 8590684.483399998396635, 3582866.822200000286102 ], [ 8590714.813999999314547, 3582958.95549999922514 ], [ 8590704.54450000077486, 3583079.729099996387959 ], [ 8590701.8125, 3583190.583599999547005 ], [ 8590711.214000001549721, 3583266.407999999821186 ], [ 8590771.717000000178814, 3583350.320900000631809 ], [ 8590813.004099998623133, 3583399.268200002610683 ], [ 8590807.300200000405312, 3583466.371500000357628 ], [ 8590779.579500000923872, 3583556.249499998986721 ], [ 8590765.693599998950958, 3583592.451300002634525 ], [ 8590761.193300001323223, 3583680.552199997007847 ], [ 8590774.037300001829863, 3583731.87049999833107 ], [ 8590795.03660000115633, 3583798.354999996721745 ], [ 8590800.928199999034405, 3583849.687200002372265 ], [ 8590780.119199998676777, 3583914.478200003504753 ], [ 8590746.5724, 3583995.043200001120567 ], [ 8590721.756799999624491, 3584090.184399999678135 ], [ 8590713.774999998509884, 3584181.788099996745586 ], [ 8590706.9054000005126, 3584248.315600000321865 ], [ 8590707.2949, 3584254.669299997389317 ], [ 8590710.481100000441074, 3584306.648400001227856 ], [ 8590708.245000001043081, 3584364.414800003170967 ], [ 8590675.353399999439716, 3584493.409100003540516 ], [ 8590693.982999999076128, 3584532.479699999094009 ], [ 8590763.208999998867512, 3584621.056000001728535 ], [ 8590721.438200000673532, 3584642.120899997651577 ], [ 8590754.048700001090765, 3584702.175899997353554 ], [ 8590777.406800001859665, 3584795.49099999666214 ], [ 8590756.608199998736382, 3584860.86540000140667 ], [ 8590777.1402000002563, 3584999.122000001370907 ], [ 8590785.598099999129772, 3585017.962700001895428 ], [ 8590849.383099999278784, 3585160.04730000346899 ], [ 8590988.217300001531839, 3585213.520099997520447 ], [ 8591161.337600000202656, 3585276.265699997544289 ], [ 8591096.998500000685453, 3585343.460900001227856 ], [ 8591223.83729999884963, 3585513.066500000655651 ], [ 8591302.888599999248981, 3585575.950599998235703 ], [ 8591293.7982, 3585699.097099997103214 ], [ 8591254.425000000745058, 3585771.515100002288818 ], [ 8591187.260000001639128, 3585890.0647 ], [ 8591136.245200000703335, 3585940.327799998223782 ], [ 8591004.4923, 3585975.556100003421307 ], [ 8590933.063900001347065, 3585968.665200002491474 ], [ 8590602.212799999862909, 3586038.609899997711182 ], [ 8590554.442200001329184, 3586088.492700003087521 ], [ 8590553.525199998170137, 3586089.450300000607967 ], [ 8590245.662200000137091, 3586401.531300000846386 ], [ 8590187.809000000357628, 3586543.421499997377396 ], [ 8590220.447599999606609, 3586619.8141999989748 ], [ 8590157.945900000631809, 3586764.047799997031689 ], [ 8589989.040800001472235, 3586808.0603 ], [ 8589942.8103, 3586959.281099997460842 ], [ 8590012.251800000667572, 3587192.019000001251698 ], [ 8589959.029100000858307, 3587331.573100000619888 ], [ 8589897.007399998605251, 3587409.863200001418591 ], [ 8589945.4239999987185, 3587561.525799997150898 ], [ 8589794.934000000357628, 3587496.389399997889996 ], [ 8589861.901999998837709, 3587626.434000000357628 ], [ 8589753.553899999707937, 3587796.424999997019768 ], [ 8589746.729899998754263, 3587893.890799999237061 ], [ 8589755.578899998217821, 3587991.934500001370907 ], [ 8589797.437199998646975, 3588019.88459999859333 ], [ 8589739.887200001627207, 3588058.7544 ], [ 8589761.033399999141693, 3588079.11370000243187 ], [ 8589786.997000001370907, 3588119.903999999165535 ], [ 8589788.712499998509884, 3588149.383599996566772 ], [ 8589787.730799999088049, 3588160.990199998021126 ], [ 8589882.97410000115633, 3588135.893799997866154 ], [ 8589955.119100000709295, 3588233.835400000214577 ], [ 8589893.809999998658895, 3588350.057599999010563 ], [ 8589899.921700000762939, 3588360.173199996352196 ], [ 8589897.861299999058247, 3588375.206900000572205 ], [ 8589978.14750000089407, 3588488.854999996721745 ], [ 8590163.2018, 3588742.459299996495247 ], [ 8590103.493000000715256, 3588814.347199998795986 ], [ 8590114.9662000015378, 3588955.587600000202656 ], [ 8590134.855399999767542, 3588968.255599997937679 ], [ 8590145.056699998676777, 3588983.746299996972084 ], [ 8590216.9934, 3588988.68299999833107 ], [ 8590369.3445999994874, 3589109.854500003159046 ], [ 8590362.536899998784065, 3589217.853799998760223 ], [ 8590311.536200001835823, 3589292.640799999237061 ], [ 8590265.116599999368191, 3589320.723899997770786 ], [ 8590360.656700000166893, 3589519.028200000524521 ], [ 8590318.938099998980761, 3589582.130400002002716 ], [ 8590351.020899999886751, 3589674.894000001251698 ], [ 8590339.524599999189377, 3589754.289200000464916 ], [ 8590393.229899998754263, 3589938.069600000977516 ], [ 8590374.859200000762939, 3590079.949400000274181 ], [ 8590278.532800000160933, 3590139.63289999961853 ], [ 8590176.50959999859333, 3590276.961999997496605 ], [ 8590255.002999998629093, 3590330.539099998772144 ], [ 8590248.936500001698732, 3590356.737099997699261 ], [ 8590222.684399999678135, 3590470.105899997055531 ], [ 8590070.175999999046326, 3590642.525200001895428 ], [ 8590127.74269999936223, 3590679.808899998664856 ], [ 8590077.338700000196695, 3590772.10639999806881 ], [ 8589982.0945999994874, 3590783.924099996685982 ], [ 8589926.987799998372793, 3590835.381899997591972 ], [ 8589857.305300001055002, 3590847.159699998795986 ], [ 8589876.043600000441074, 3590949.289200000464916 ], [ 8589827.353100001811981, 3591021.160800002515316 ], [ 8589832.078499998897314, 3591070.186499997973442 ], [ 8589677.037099998444319, 3591110.112800002098083 ], [ 8589554.011599998921156, 3591191.431900002062321 ], [ 8589510.018100000917912, 3591293.653800003230572 ], [ 8589496.199000000953674, 3591384.742200002074242 ], [ 8589519.495400000363588, 3591429.071400001645088 ], [ 8589502.2577, 3591452.533600002527237 ], [ 8589643.644200000911951, 3591520.233800001442432 ], [ 8589825.331399999558926, 3591560.399099998176098 ], [ 8590073.008400000631809, 3591551.202600002288818 ], [ 8590052.707699999213219, 3591568.793999999761581 ], [ 8589981.076400000602007, 3591627.797799997031689 ], [ 8589930.885800000280142, 3591667.51799999922514 ], [ 8589931.451099999248981, 3591668.085400000214577 ], [ 8589876.745099999010563, 3591713.474299997091293 ], [ 8589849.113400001078844, 3591733.330300003290176 ], [ 8589849.679499998688698, 3591735.03320000320673 ], [ 8589826.208299998193979, 3591752.437799997627735 ], [ 8589957.423900000751019, 3591781.626299999654293 ], [ 8590211.846900001168251, 3591772.492799997329712 ], [ 8590190.959100000560284, 3591792.94709999859333 ], [ 8590172.2599, 3591807.55629999935627 ], [ 8590098.118700001388788, 3591865.480599999427795 ], [ 8590003.548799999058247, 3591944.437100000679493 ], [ 8589869.5044, 3592044.465400002896786 ], [ 8589546.270100001245737, 3592681.884999997913837 ], [ 8589504.449999999254942, 3592679.606799997389317 ], [ 8589405.095400001853704, 3592670.414499998092651 ], [ 8589247.668600000441074, 3592675.303800001740456 ], [ 8589143.765799999237061, 3592742.596100002527237 ], [ 8588835.499000001698732, 3592898.326099999248981 ], [ 8588646.970199998468161, 3593102.9358000010252 ], [ 8588457.223299998790026, 3593263.753499999642372 ], [ 8588420.112300001084805, 3593321.612300001084805 ], [ 8588366.7820999994874, 3593410.430200003087521 ], [ 8588357.623100001364946, 3593429.230899997055531 ], [ 8588318.113299999386072, 3593510.332400001585484 ], [ 8588248.550299998372793, 3593621.947499997913837 ], [ 8588061.111699998378754, 3593787.4375 ], [ 8587449.907299999147654, 3593785.898699998855591 ], [ 8587428.41330000013113, 3593787.092799998819828 ], [ 8587335.605900000780821, 3593912.746699996292591 ], [ 8587285.129200000315905, 3593970.61710000038147 ], [ 8587213.180700000375509, 3594043.108800001442432 ], [ 8587157.464800000190735, 3594096.317699998617172 ], [ 8587090.175599999725819, 3594180.485699996352196 ], [ 8587046.723000001162291, 3594280.38910000026226 ], [ 8586995.734999999403954, 3594391.980800002813339 ], [ 8586993.936999998986721, 3594400.94200000166893 ], [ 8586971.479299999773502, 3594512.873099997639656 ], [ 8586939.066100001335144, 3594610.436700001358986 ], [ 8586918.204700000584126, 3594657.165299996733665 ], [ 8586811.3827, 3594729.123700000345707 ], [ 8586698.19029999896884, 3594819.773400001227856 ], [ 8586614.582299999892712, 3594873.596100002527237 ], [ 8586464.221500001847744, 3594985.312600001692772 ], [ 8586357.984200000762939, 3595061.930600002408028 ], [ 8586255.795899998396635, 3595127.451300002634525 ], [ 8586095.499699998646975, 3595191.8772 ], [ 8586011.855500001460314, 3595215.340199999511242 ], [ 8585942.749000001698732, 3595248.115699999034405 ], [ 8585894.080299999564886, 3595369.057199999690056 ], [ 8585886.022300001233816, 3595412.648599997162819 ], [ 8585869.247400000691414, 3595503.395000003278255 ], [ 8585875.148299999535084, 3595578.712399996817112 ], [ 8585879.829300001263618, 3595612.585500001907349 ], [ 8585882.319299999624491, 3595757.990900002419949 ], [ 8585868.432799998670816, 3595811.146999999880791 ], [ 8585863.825800001621246, 3595842.688900001347065 ], [ 8585845.919300001114607, 3595939.644000001251698 ], [ 8585753.738699998706579, 3596123.126400001347065 ], [ 8585688.826400000602007, 3596218.846900001168251 ], [ 8585673.679200001060963, 3596241.18299999833107 ], [ 8585479.24100000038743, 3596453.391999997198582 ], [ 8585479.386500000953674, 3596583.624499998986721 ], [ 8585438.579999998211861, 3596677.781400002539158 ], [ 8585438.548700001090765, 3596677.776199996471405 ], [ 8585378.684099998325109, 3596666.923900000751019 ], [ 8585292.597300000488758, 3596597.516000002622604 ], [ 8585077.329999998211861, 3596357.732900001108646 ], [ 8584980.203400000929832, 3596285.424400001764297 ], [ 8584780.249299999326468, 3596233.079300001263618 ], [ 8584425.17119999974966, 3596206.006899997591972 ], [ 8584274.646299999207258, 3596189.799900002777576 ], [ 8584232.883600000292063, 3596259.928099997341633 ], [ 8584242.269400000572205, 3596352.773199997842312 ], [ 8584249.975299999117851, 3596411.677799999713898 ], [ 8584263.4507, 3596419.098600000143051 ], [ 8584283.762800000607967, 3596429.881099998950958 ], [ 8584302.955800000578165, 3596438.960500001907349 ], [ 8584317.074000000953674, 3596445.770300000905991 ], [ 8584347.549600001424551, 3596466.203500002622604 ], [ 8584368.996500000357628, 3596488.899999998509884 ], [ 8584384.239399999380112, 3596512.155000001192093 ], [ 8584410.766199998557568, 3596550.171400003135204 ], [ 8584440.671, 3596615.978900000452995 ], [ 8584446.876499999314547, 3596650.595799997448921 ], [ 8584467.767900001257658, 3596697.109999999403954 ], [ 8584470.023200001567602, 3596714.702799998223782 ], [ 8584477.354899998754263, 3596799.805299997329712 ], [ 8584465.180300001055002, 3596843.510799996554852 ], [ 8584458.708299998193979, 3596866.744599997997284 ], [ 8584397.738600000739098, 3596968.853100001811981 ], [ 8584393.550000000745058, 3596978.795400001108646 ], [ 8584435.465999998152256, 3597174.878200002014637 ], [ 8584415.777399998158216, 3597243.809199996292591 ], [ 8584353.694899998605251, 3597348.417300000786781 ], [ 8584294.559399999678135, 3597489.825499996542931 ], [ 8584217.359900001436472, 3597584.515900000929832 ], [ 8584105.769000001251698, 3597572.373000003397465 ], [ 8584068.603399999439716, 3597602.194300003349781 ], [ 8583969.258600000292063, 3597635.585600003600121 ], [ 8583775.15260000154376, 3597634.613899998366833 ], [ 8583722.339000001549721, 3597708.837999999523163 ], [ 8583633.492600001394749, 3597794.778999999165535 ], [ 8583467.333200000226498, 3597848.679499998688698 ], [ 8583390.658399999141693, 3597897.810900002717972 ], [ 8583195.012299999594688, 3598119.361199997365475 ], [ 8583122.434000000357628, 3598202.371799997985363 ], [ 8583032.819200001657009, 3598213.067800000309944 ], [ 8582910.321899998933077, 3598227.688400000333786 ], [ 8582856.879900000989437, 3598258.106200002133846 ], [ 8582683.291700001806021, 3598467.958499997854233 ], [ 8582641.11939999833703, 3598524.156800001859665 ], [ 8582484.164099998772144, 3598733.313699997961521 ], [ 8582440.046300001442432, 3598794.690499998629093 ], [ 8582306.401099998503923, 3598829.848600000143051 ], [ 8582266.907000001519918, 3598867.263999998569489 ], [ 8582266.439800001680851, 3598869.827299997210503 ], [ 8582258.748599998652935, 3598863.232600003480911 ], [ 8582230.301399998366833, 3598836.14580000191927 ], [ 8582228.710999999195337, 3598837.362800002098083 ], [ 8582158.828099999576807, 3598873.919100001454353 ], [ 8582107.294300001114607, 3598900.876900002360344 ], [ 8582023.71059999987483, 3598920.704800002276897 ], [ 8581842.485399998724461, 3598858.786100000143051 ], [ 8581782.593899998813868, 3598943.311800003051758 ], [ 8581688.868700001388788, 3598947.804499998688698 ], [ 8581602.475099999457598, 3598934.154399998486042 ], [ 8581553.35249999910593, 3598940.944700002670288 ], [ 8581486.138000000268221, 3598976.658600002527237 ], [ 8581295.2423, 3599084.401500001549721 ], [ 8581233.703600000590086, 3599062.804700002074242 ], [ 8581133.235800001770258, 3598959.48139999806881 ], [ 8580985.872999999672174, 3598940.678999997675419 ], [ 8580950.293200001120567, 3598961.085299998521805 ], [ 8580925.44649999961257, 3598947.457099996507168 ], [ 8580835.1096, 3598936.06360000371933 ], [ 8580808.562199998646975, 3598965.556400001049042 ], [ 8580675.833399999886751, 3599017.701099999248981 ], [ 8580603.550700001418591, 3599033.544100001454353 ], [ 8580429.600600000470877, 3599111.193800002336502 ], [ 8580392.342700000852346, 3599106.202399998903275 ], [ 8580310.461599998176098, 3599095.232900001108646 ], [ 8580229.719799999147654, 3599074.190499998629093 ], [ 8580087.987399999052286, 3599078.086999997496605 ], [ 8580033.798500001430511, 3599062.732900001108646 ], [ 8580007.2787000015378, 3599030.9391999989748 ], [ 8579811.4087999984622, 3598917.32209999859333 ], [ 8579700.193999998271465, 3598875.263800002634525 ], [ 8579413.396600000560284, 3598807.538500003516674 ], [ 8579357.1261, 3598730.071800000965595 ], [ 8579353.600999999791384, 3598725.218900002539158 ], [ 8579348.526200000196695, 3598726.923299998044968 ], [ 8579347.960999999195337, 3598726.923299998044968 ], [ 8579340.674199998378754, 3598729.727899998426437 ], [ 8579236.129299998283386, 3598769.966099999845028 ], [ 8579169.464299999177456, 3598828.377599999308586 ], [ 8579123.1217, 3598876.008000001311302 ], [ 8579120.296100001782179, 3598881.676299996674061 ], [ 8579091.484700001776218, 3598913.438000001013279 ], [ 8579079.582600001245737, 3598961.6587999984622 ], [ 8579074.495999999344349, 3598968.474899999797344 ], [ 8579036.642000000923872, 3599007.029200002551079 ], [ 8578999.91780000180006, 3599039.347300000488758 ], [ 8578913.458500001579523, 3599130.656099997460842 ], [ 8578760.860800001770258, 3599321.213699996471405 ], [ 8578413.101100001484156, 3599212.560699999332428 ], [ 8578327.791799999773502, 3599271.514399997889996 ], [ 8578284.860399998724461, 3599287.370800003409386 ], [ 8578190.01410000026226, 3599267.9978 ], [ 8578090.057, 3599283.237099997699261 ], [ 8578033.584399998188019, 3599288.300300002098083 ], [ 8577992.360599998384714, 3599289.399599999189377 ], [ 8577835.19200000166893, 3599510.586999997496605 ], [ 8577728.28770000115037, 3599726.713699996471405 ], [ 8577515.290399998426437, 3599844.01070000231266 ], [ 8577370.00620000064373, 3600018.114200003445148 ], [ 8577280.0768, 3600175.240500003099442 ], [ 8577232.594500001519918, 3600219.460900001227856 ], [ 8577095.348700001835823, 3600236.360100001096725 ], [ 8577103.958099998533726, 3600086.540700003504753 ], [ 8577117.590199999511242, 3599998.579300001263618 ], [ 8577192.257100000977516, 3599867.54839999973774 ], [ 8577224.529500000178814, 3599767.128499999642372 ], [ 8577083.817699998617172, 3599874.260399997234344 ], [ 8577014.866900000721216, 3599942.2993 ], [ 8576901.260099999606609, 3600039.244000002741814 ], [ 8576836.856899999082088, 3600071.532399997115135 ], [ 8576770.797699999064207, 3600061.2533999979496 ], [ 8576679.866500001400709, 3600073.077200002968311 ], [ 8576586.688099998980761, 3600066.178300000727177 ], [ 8576561.344799999147654, 3599991.24210000038147 ], [ 8576530.912999998778105, 3599931.61879999935627 ], [ 8576493.684500001370907, 3599889.023599997162819 ], [ 8576474.171, 3599853.820200003683567 ], [ 8576469.444899998605251, 3599845.294200003147125 ], [ 8576468.879900000989437, 3599844.158100001513958 ], [ 8576474.348200000822544, 3599838.575400002300739 ], [ 8576563.847800001502037, 3599747.203500002622604 ], [ 8576596.63399999961257, 3599713.1853 ], [ 8576653.229100000113249, 3599582.145199999213219 ], [ 8576727.318500000983477, 3599469.296300001442432 ], [ 8576728.609900001436472, 3599295.638800002634525 ], [ 8576729.740699999034405, 3599291.662799999117851 ], [ 8576816.265000000596046, 3599156.688299998641014 ], [ 8576783.612500000745058, 3599059.048000000417233 ], [ 8576926.173300001770258, 3598773.1841000020504 ], [ 8576748.254999998956919, 3598827.4912 ], [ 8576704.339000001549721, 3598695.239600002765656 ], [ 8576452.5066, 3598705.196000002324581 ], [ 8576384.718199998140335, 3598667.661700002849102 ], [ 8576259.503400001674891, 3598598.32940000295639 ], [ 8576149.381999999284744, 3598662.696199998259544 ], [ 8576119.953400000929832, 3598679.89750000089407 ], [ 8576057.292599998414516, 3598663.936800003051758 ], [ 8575953.337900001555681, 3598729.08500000089407 ], [ 8575936.695500001311302, 3598658.205600000917912 ], [ 8575935.347100000828505, 3598652.463200002908707 ], [ 8575872.686500001698732, 3598636.501800000667572 ], [ 8575787.803199999034405, 3598655.060199998319149 ], [ 8575769.338899999856949, 3598659.097099997103214 ], [ 8575716.533100001513958, 3598653.554099999368191 ], [ 8575616.33390000090003, 3598643.035899996757507 ], [ 8575571.393899999558926, 3598434.744699999690056 ], [ 8575298.186799999326468, 3598368.616899996995926 ], [ 8575088.813000001013279, 3598286.098700001835823 ], [ 8574913.301399998366833, 3598211.560699999332428 ], [ 8574738.714400000870228, 3598318.594300001859665 ], [ 8574622.291700001806021, 3598415.488300003111362 ], [ 8574375.128499999642372, 3598625.146499998867512 ], [ 8574335.726500000804663, 3598658.5691 ], [ 8574013.550999999046326, 3598926.002599999308586 ], [ 8573886.365499999374151, 3599035.931900002062321 ], [ 8573855.670800000429153, 3599190.24099999666214 ], [ 8573849.8885000012815, 3599225.008199997246265 ], [ 8573836.892000000923872, 3599303.149999998509884 ], [ 8573929.701200000941753, 3599588.153399996459484 ], [ 8573912.692600000649691, 3599647.151500001549721 ], [ 8574168.969799999147654, 3599718.984300002455711 ], [ 8574185.348099999129772, 3599722.408900000154972 ], [ 8574196.074700001627207, 3599724.12780000269413 ], [ 8574203.975499998778105, 3599725.833999998867512 ], [ 8574274.0033, 3599722.515900000929832 ], [ 8574264.150199998170137, 3599930.789200000464916 ], [ 8574248.546399999409914, 3600026.729500003159046 ], [ 8574230.003699999302626, 3600140.738899998366833 ], [ 8574150.913600001484156, 3600163.332000002264977 ], [ 8574067.483199998736382, 3600094.403399996459484 ], [ 8574043.923500001430511, 3600074.938799999654293 ], [ 8574025.764600001275539, 3600087.5493 ], [ 8573947.814800001680851, 3600149.976400002837181 ], [ 8573946.280099999159575, 3600182.653099998831749 ], [ 8573937.745999999344349, 3600364.369000002741814 ], [ 8573902.663899999111891, 3600580.481600001454353 ], [ 8573856.789299998432398, 3600593.612400002777576 ], [ 8573821.259799998253584, 3600603.781999997794628 ], [ 8573530.836300000548363, 3600363.978000000119209 ], [ 8573415.173900000751019, 3600352.191200003027916 ], [ 8573496.629900000989437, 3600506.309299997985363 ], [ 8573572.416900001466274, 3600649.699600003659725 ], [ 8573706.460299998521805, 3600902.195200003683567 ], [ 8573718.000599998980761, 3600994.516999997198582 ], [ 8573721.614, 3601483.51860000193119 ], [ 8573635.347600001841784, 3601722.394199997186661 ], [ 8573676.1404, 3602235.998999997973442 ], [ 8573672.000900000333786, 3602307.862000003457069 ], [ 8573621.060600001364946, 3602360.55629999935627 ], [ 8573597.511300001293421, 3602384.916400000452995 ], [ 8573471.941599998623133, 3602385.961499996483326 ], [ 8573380.600000001490116, 3602447.22240000218153 ], [ 8573328.198800001293421, 3602528.391800001263618 ], [ 8573235.094500001519918, 3602609.511600002646446 ], [ 8573145.577399998903275, 3602593.650399997830391 ], [ 8572979.345899999141693, 3602536.8103 ], [ 8572875.893500000238419, 3602499.889899998903275 ], [ 8572820.087400000542402, 3602492.829599998891354 ], [ 8572759.61430000141263, 3602501.529799997806549 ], [ 8572714.252700001001358, 3602521.346799999475479 ], [ 8572692.697999998927116, 3602560.467399999499321 ], [ 8572660.070999998599291, 3602625.296899996697903 ], [ 8572625.710999999195337, 3602679.602700002491474 ], [ 8572582.064599998295307, 3602727.460799999535084 ], [ 8572506.437600001692772, 3602767.700499996542931 ], [ 8572433.759199999272823, 3602767.037000000476837 ], [ 8572264.588500000536442, 3602753.42339999973774 ], [ 8572009.317299999296665, 3602782.366400003433228 ], [ 8571923.831999998539686, 3602798.045100003480911 ], [ 8571869.743000000715256, 3602816.099299997091293 ], [ 8571855.204799998551607, 3602820.75959999859333 ], [ 8571819.710700001567602, 3602840.584299996495247 ], [ 8571726.598299998790026, 3602919.956699997186661 ], [ 8571724.277699999511242, 3602920.534400001168251 ], [ 8571756.785700000822544, 3602964.97749999910593 ], [ 8571762.362700000405312, 3602971.2971 ], [ 8571798.595199998468161, 3603012.353799998760223 ], [ 8571863.082499999552965, 3603066.180699996650219 ], [ 8572024.623799998313189, 3603150.5016999989748 ], [ 8572109.468100000172853, 3603189.150399997830391 ], [ 8572173.3728, 3603238.300399996340275 ], [ 8572343.674899999052286, 3603292.243600003421307 ], [ 8572507.012600000947714, 3603339.159299999475479 ], [ 8572597.707600001245737, 3603346.267200000584126 ], [ 8572780.231699999421835, 3603394.3706 ], [ 8572874.377999998629093, 3603438.872100003063679 ], [ 8573119.601799998432398, 3603584.613600000739098 ], [ 8573186.433600001037121, 3603619.748700000345707 ], [ 8573256.731899999082088, 3603676.500799998641014 ], [ 8573310.77930000051856, 3603705.184399999678135 ], [ 8573350.857299998402596, 3603747.289899997413158 ], [ 8573371.73200000077486, 3603807.499700002372265 ], [ 8573398.6097999997437, 3603895.322700001299381 ], [ 8573400.714000001549721, 3603902.198299996554852 ], [ 8573441.3794, 3603933.793200001120567 ], [ 8573512.289500001817942, 3603968.327799998223782 ], [ 8573552.9452, 3604011.025700002908707 ], [ 8573605.195500001311302, 3604101.070799998939037 ], [ 8573645.250399999320507, 3604170.650499999523163 ], [ 8573669.045200001448393, 3604220.921099998056889 ], [ 8573672.388000000268221, 3604380.46679999679327 ], [ 8573648.516199998557568, 3604415.507399998605251 ], [ 8573628.6272, 3604540.539399996399879 ], [ 8573628.111999999731779, 3604553.208400003612041 ], [ 8573631.726700000464916, 3604736.223999999463558 ], [ 8573635.818199999630451, 3604927.906999997794628 ], [ 8573631.18189999833703, 3604974.663099996745586 ], [ 8573616.068599998950958, 3605026.677699998021126 ], [ 8573600.952300000935793, 3605043.62780000269413 ], [ 8573545.130300000309944, 3605081.624499998986721 ], [ 8573490.473600000143051, 3605120.201800003647804 ], [ 8573417.798700001090765, 3605166.374799996614456 ], [ 8573374.184099998325109, 3605186.258000001311302 ], [ 8573307.3125, 3605236.520000003278255 ], [ 8573242.1919, 3605290.299599997699261 ], [ 8573172.991599999368191, 3605322.44650000333786 ], [ 8573092.167700000107288, 3605338.2456 ], [ 8573047.267799999564886, 3605341.431500002741814 ], [ 8573071.88910000026226, 3605381.532399997115135 ], [ 8573122.956500001251698, 3605491.450300000607967 ], [ 8573162.33559999987483, 3605655.718599997460842 ], [ 8573195.953699998557568, 3605770.889600001275539 ], [ 8573202.952100001275539, 3605780.44539999961853 ], [ 8573238.354400001466274, 3605828.783699996769428 ], [ 8573265.655999999493361, 3605858.618199996650219 ], [ 8573272.045400001108646, 3605866.224399998784065 ], [ 8573283.661800000816584, 3605877.339699998497963 ], [ 8573259.176899999380112, 3605935.171300001442432 ], [ 8573233.033100001513958, 3605985.2412 ], [ 8573244.610800001770258, 3605997.464199997484684 ], [ 8573220.78489999845624, 3606055.322300001978874 ], [ 8573219.519799999892712, 3606057.766099996864796 ], [ 8573124.260099999606609, 3606241.776699997484684 ], [ 8573049.261199999600649, 3606359.847199998795986 ], [ 8573033.128199998289347, 3606385.016199998557568 ], [ 8573069.089899998158216, 3606444.634999997913837 ], [ 8573103.351100001484156, 3606503.116099998354912 ], [ 8573045.885400000959635, 3606587.903399996459484 ], [ 8573067.320700000971556, 3606623.439599998295307 ], [ 8572945.78489999845624, 3606804.642800003290176 ], [ 8572945.466299999505281, 3606805.34009999781847 ], [ 8572933.034699998795986, 3606832.545000001788139 ], [ 8572933.7665, 3606846.617899999022484 ], [ 8572958.121399998664856, 3606916.776500001549721 ], [ 8572973.166799999773502, 3606989.862400002777576 ], [ 8572945.725600000470877, 3607093.868100002408028 ], [ 8572928.176399998366833, 3607201.4003000035882 ], [ 8572880.256299998611212, 3607432.236400000751019 ], [ 8573060.495700001716614, 3607493.204700000584126 ], [ 8572997.003600001335144, 3607584.913500003516674 ], [ 8572994.6283, 3607602.68639999628067 ], [ 8573029.0559, 3607614.178099997341633 ], [ 8572985.4923, 3607677.247699998319149 ], [ 8572978.230999998748302, 3607752.653300002217293 ], [ 8572990.300799999386072, 3607896.460100002586842 ], [ 8572993.135000001639128, 3607964.270000003278255 ], [ 8572958.456799998879433, 3607993.94709999859333 ], [ 8572960.460299998521805, 3608017.517700001597404 ], [ 8572963.965900000184774, 3608085.3191 ], [ 8572900.563900001347065, 3608139.688299998641014 ], [ 8572875.678100001066923, 3608170.268700003623962 ], [ 8572858.701299998909235, 3608191.130400002002716 ], [ 8572760.97239999845624, 3608152.566299997270107 ], [ 8572605.667199999094009, 3608064.891500003635883 ], [ 8572526.418200001120567, 3608004.479299999773502 ], [ 8572338.092300001531839, 3607860.916599996387959 ], [ 8572268.290399998426437, 3607797.205899998545647 ], [ 8572195.00279999896884, 3607708.947599999606609 ], [ 8572122.289299998432398, 3607648.158600002527237 ], [ 8572083.899999998509884, 3607630.039899997413158 ], [ 8572020.50959999859333, 3607636.464699998497963 ], [ 8571878.007599998265505, 3607630.624600000679493 ], [ 8571862.886799998581409, 3607670.379199996590614 ], [ 8571808.209199998527765, 3607774.420999996364117 ], [ 8571722.098099999129772, 3607889.487099997699261 ], [ 8571687.339299999177456, 3607968.145700000226498 ], [ 8571642.990699999034405, 3608097.286200001835823 ], [ 8571617.321699999272823, 3608163.30349999666214 ], [ 8571574.8169, 3608205.931000001728535 ], [ 8571525.927700001746416, 3608224.575400002300739 ], [ 8571468.804900001734495, 3608302.600900001823902 ], [ 8571436.848499998450279, 3608339.463100001215935 ], [ 8571384.525100000202656, 3608360.567400000989437 ], [ 8571292.651900000870228, 3608389.894500002264977 ], [ 8571222.861900001764297, 3608393.47919999808073 ], [ 8571123.401999998837709, 3608398.855099998414516 ], [ 8571061.040199998766184, 3608403.481299996376038 ], [ 8571027.42790000140667, 3608405.9746999964118 ], [ 8570954.746100001037121, 3608425.338899999856949 ], [ 8570860.547899998724461, 3608457.005500003695488 ], [ 8570745.434500001370907, 3608511.489900000393391 ], [ 8570657.611000001430511, 3608520.356899999082088 ], [ 8570587.811700001358986, 3608521.013899996876717 ], [ 8570385.98200000077486, 3608540.516000002622604 ], [ 8570313.871399998664856, 3608553.448399998247623 ], [ 8570309.384700000286102, 3608554.398800000548363 ], [ 8570241.75789999961853, 3608568.7246999964118 ], [ 8570190.011, 3608588.653899997472763 ], [ 8570122.561200000345707, 3608616.19030000269413 ], [ 8570106.871500000357628, 3608622.637999996542931 ], [ 8569932.414099998772144, 3608670.157600000500679 ], [ 8569812.605999998748302, 3608694.246200002729893 ], [ 8569574.066199999302626, 3608646.545000001788139 ], [ 8569512.429699998348951, 3608658.882299996912479 ], [ 8569412.446899998933077, 3608736.725699998438358 ], [ 8569266.008400000631809, 3608891.19709999859333 ], [ 8569168.965999998152256, 3609001.180799998342991 ], [ 8569066.022399999201298, 3609019.39919999986887 ], [ 8568941.567299999296665, 3609044.068300001323223 ], [ 8568911.619600001722574, 3609061.216300003230572 ], [ 8568852.605099998414516, 3609095.008000001311302 ], [ 8568786.333599999547005, 3609138.325800001621246 ], [ 8568695.656700000166893, 3609212.66160000115633 ], [ 8568591.646099999547005, 3609340.776600003242493 ], [ 8568569.686599999666214, 3609510.913000002503395 ], [ 8568517.509300000965595, 3609713.827299997210503 ], [ 8568473.377900000661612, 3609812.083400003612041 ], [ 8568373.429499998688698, 3609937.862000003457069 ], [ 8568311.248399998992682, 3610004.56139999628067 ], [ 8568210.077100001275539, 3610069.541799999773502 ], [ 8568077.462099999189377, 3610100.637100003659725 ], [ 8567944.829999998211861, 3610112.156199999153614 ], [ 8567900.61879999935627, 3610115.995899997651577 ], [ 8567726.100099999457598, 3610119.644000001251698 ], [ 8567676.661200001835823, 3610134.299800001084805 ], [ 8567466.597899999469519, 3609847.070200003683567 ], [ 8567362.809300001710653, 3609594.989699997007847 ], [ 8567311.534000001847744, 3609470.451200000941753 ], [ 8567231.398699998855591, 3609720.001400001347065 ], [ 8567192.501299999654293, 3609841.129900000989437 ], [ 8566997.7060999982059, 3610053.567299999296665 ], [ 8566912.625100001692772, 3609853.09910000115633 ], [ 8566828.213100001215935, 3609770.731899999082088 ], [ 8566682.672499999403954, 3609625.851899996399879 ], [ 8566528.410000000149012, 3609475.726300001144409 ], [ 8566376.452799998223782, 3609305.129600003361702 ], [ 8566299.582699999213219, 3609174.814999997615814 ], [ 8566243.677200000733137, 3609085.998599998652935 ], [ 8566202.85020000115037, 3608922.923299998044968 ], [ 8566166.637699998915195, 3608703.729400001466274 ], [ 8566159.296, 3608668.398100003600121 ], [ 8566154.370900001376867, 3608644.69650000333786 ], [ 8566132.829100001603365, 3608613.145999997854233 ], [ 8566122.935199998319149, 3608602.04900000244379 ], [ 8566096.753100000321865, 3608586.27589999884367 ], [ 8566036.262200001627207, 3608586.321800000965595 ], [ 8565974.601399999111891, 3608597.472300000488758 ], [ 8565948.434500001370907, 3608604.504699997603893 ], [ 8565912.388399999588728, 3608632.588200002908707 ], [ 8565883.337699998170137, 3608679.958700001239777 ], [ 8565881.058200001716614, 3608743.092000000178814 ], [ 8565878.297800000756979, 3608973.42230000346899 ], [ 8565704.960700001567602, 3608983.467100001871586 ], [ 8565664.965900000184774, 3609072.513700000941753 ], [ 8565644.549699999392033, 3609117.969400003552437 ], [ 8565581.778099998831749, 3609196.340899996459484 ], [ 8565395.003199998289347, 3609133.905699998140335 ], [ 8565214.054400000721216, 3609068.552299998700619 ], [ 8565263.574799999594688, 3609177.2449000030756 ], [ 8565282.840399999171495, 3609291.814800001680851 ], [ 8565476.092500001192093, 3609490.463100001215935 ], [ 8565497.610599998384714, 3609480.511500000953674 ], [ 8565598.809399999678135, 3609451.2179000005126 ], [ 8565670.979400001466274, 3609518.98369999974966 ], [ 8565622.744699999690056, 3609582.149599999189377 ], [ 8565622.780000001192093, 3609640.612199999392033 ], [ 8565637.353199999779463, 3609700.824400000274181 ], [ 8565654.256000000983477, 3609746.995999999344349 ], [ 8565721.7804000005126, 3609809.510399997234344 ], [ 8565825.353999998420477, 3609852.702200002968311 ], [ 8565882.98930000141263, 3609918.138999998569489 ], [ 8565916.773400001227856, 3609976.57940000295639 ], [ 8565909.865899998694658, 3610088.251800000667572 ], [ 8565931.40819999948144, 3610112.203100003302097 ], [ 8565916.885499998927116, 3610141.444600000977516 ], [ 8565866.375, 3610306.346500001847744 ], [ 8565847.259100001305342, 3610426.222599998116493 ], [ 8565818.805500000715256, 3610507.503899998962879 ], [ 8565773.466400001198053, 3610571.258400000631809 ], [ 8565699.650299999862909, 3610673.04619999974966 ], [ 8565676.979800000786781, 3610705.213799998164177 ], [ 8565651.403799999505281, 3610742.066799998283386 ], [ 8565621.216400001198053, 3610831.542099997401237 ], [ 8565571.793000001460314, 3610882.430299997329712 ], [ 8565549.054200001060963, 3610960.046800002455711 ], [ 8565522.4496, 3611050.857900001108646 ], [ 8565498.220400001853704, 3611116.9507 ], [ 8565490.508600000292063, 3611137.987199999392033 ], [ 8565484.026700001209974, 3611156.117899999022484 ], [ 8565459.143399998545647, 3611225.721500001847744 ], [ 8565425.472300000488758, 3611335.658600002527237 ], [ 8565391.211300000548363, 3611445.607299998402596 ], [ 8565376.1418999992311, 3611550.858800001442432 ], [ 8565374.447299998253584, 3611615.177000001072884 ], [ 8565365.182799998670816, 3611690.616700001060963 ], [ 8565396.068399999290705, 3611782.979599997401237 ], [ 8565426.389400001615286, 3611874.762000001966953 ], [ 8565430.0044, 3611890.53999999910593 ], [ 8565444.472800001502037, 3611953.688799999654293 ], [ 8565441.613899998366833, 3612041.397399999201298 ], [ 8565452.123700000345707, 3612101.032799996435642 ], [ 8565535.985100001096725, 3612209.735500000417233 ], [ 8565567.456900000572205, 3612235.532799996435642 ], [ 8565570.910900000482798, 3612238.364100001752377 ], [ 8565684.979699999094009, 3612287.997699998319149 ], [ 8565776.942800000309944, 3612335.882100000977516 ], [ 8565823.583999998867512, 3612473.857299998402596 ], [ 8565900.437600001692772, 3612548.652999997138977 ], [ 8565898.7544, 3612631.68860000371933 ], [ 8565916.89919999986887, 3612804.174800001084805 ], [ 8565896.589600000530481, 3612890.738300003111362 ], [ 8565969.939599998295307, 3612935.719200000166893 ], [ 8566017.693300001323223, 3612996.499499998986721 ], [ 8566074.220300000160933, 3613122.187200002372265 ], [ 8566135.429200001060963, 3613271.855400003492832 ], [ 8566172.729699999094009, 3613358.952299997210503 ], [ 8566125.662300001829863, 3613457.231899999082088 ], [ 8566079.764400001615286, 3613570.129699997603893 ], [ 8566039.654399998486042, 3613630.979000002145767 ], [ 8566038.701999999582767, 3613631.665600001811981 ], [ 8566038.111699998378754, 3613638.573299996554852 ], [ 8566004.908500000834465, 3613708.160300001502037 ], [ 8565919.357999999076128, 3613730.923699997365475 ], [ 8565852.396699998527765, 3613732.31700000166893 ], [ 8565828.48759999871254, 3613736.384300000965595 ], [ 8565817.89979999884963, 3613736.391199998557568 ], [ 8565788.331900000572205, 3613736.410300001502037 ], [ 8565780.684399999678135, 3613733.808700002729893 ], [ 8565754.090300001204014, 3613734.3618 ], [ 8565706.193399999290705, 3613734.66499999910593 ], [ 8565583.004000000655651, 3613735.444700002670288 ], [ 8565461.921300001442432, 3613821.937399998307228 ], [ 8565387.962499998509884, 3613947.052599996328354 ], [ 8565366.925799999386072, 3614110.787399999797344 ], [ 8565373.236699998378754, 3614304.95719999819994 ], [ 8565332.99720000103116, 3614478.62950000166893 ], [ 8565318.939899999648333, 3614503.843800000846386 ], [ 8565275.343699999153614, 3614582.04169999808073 ], [ 8565140.412200000137091, 3614824.066500000655651 ], [ 8565077.971200000494719, 3614977.289499998092651 ], [ 8565007.270199999213219, 3615103.067800000309944 ], [ 8565002.246399998664856, 3615113.587499998509884 ], [ 8564934.0132, 3615255.353500001132488 ], [ 8564865.203299999237061, 3615397.208200000226498 ], [ 8564860.5320999994874, 3615407.731899999082088 ], [ 8564679.415399998426437, 3615635.744499996304512 ], [ 8564588.5581, 3615747.410999998450279 ], [ 8564591.048900000751019, 3615787.475299999117851 ], [ 8564592.01240000128746, 3615802.97410000115633 ], [ 8564614.107099998742342, 3615855.626999996602535 ], [ 8564642.589299999177456, 3615917.056199997663498 ], [ 8564646.868200000375509, 3615926.366400003433228 ], [ 8564653.666799999773502, 3615929.736900001764297 ], [ 8564717.1402000002563, 3615980.593199998140335 ], [ 8564739.86540000140667, 3616022.101499997079372 ], [ 8564739.884300000965595, 3616065.38849999755621 ], [ 8564679.971500001847744, 3616125.669299997389317 ], [ 8564642.693199999630451, 3616176.818400003015995 ], [ 8564634.301199998706579, 3616196.123599998652935 ], [ 8564631.722100000828505, 3616222.206399999558926 ], [ 8564621.257399998605251, 3616252.044200003147125 ], [ 8564596.851399999111891, 3616326.925999999046326 ], [ 8564566.626499999314547, 3616390.699199996888638 ], [ 8564519.532900001853704, 3616477.880199998617172 ], [ 8564496.671700000762939, 3616482.998800002038479 ], [ 8564472.387600000947714, 3616488.436099998652935 ], [ 8564433.975999999791384, 3616491.9679000005126 ], [ 8564330.9441, 3616485.593000002205372 ], [ 8564220.356800001114607, 3616478.63740000128746 ], [ 8564153.415100000798702, 3616460.528499998152256 ], [ 8564055.010400000959635, 3616395.659500002861023 ], [ 8563975.8059, 3616302.115099996328354 ], [ 8563956.004599999636412, 3616269.36429999768734 ], [ 8563954.152499999850988, 3616239.455799996852875 ], [ 8563953.070599999278784, 3616221.985100001096725 ], [ 8563866.913100000470877, 3616189.866800002753735 ], [ 8563762.710700001567602, 3616156.571099996566772 ], [ 8563696.339000001549721, 3616121.50900000333786 ], [ 8563627.635800000280142, 3616069.490900002419949 ], [ 8563525.82880000025034, 3616149.675499998033047 ], [ 8563426.326699998229742, 3616217.566399998962879 ], [ 8563379.772700000554323, 3616234.552299998700619 ], [ 8563308.206700000911951, 3616287.808899998664856 ], [ 8563254.685899998992682, 3616334.63740000128746 ], [ 8563213.958000000566244, 3616387.290700003504753 ], [ 8563163.372699998319149, 3616493.772399999201298 ], [ 8563152.360399998724461, 3616564.823399998247623 ], [ 8563140.162000000476837, 3616643.527500003576279 ], [ 8563166.386, 3616721.901100002229214 ], [ 8563084.891100000590086, 3616700.293200001120567 ], [ 8563029.620400000363588, 3616771.67790000140667 ], [ 8562998.227000001817942, 3616854.166199997067451 ], [ 8562972.074000000953674, 3616954.789399996399879 ], [ 8562947.107500001788139, 3617087.592299997806549 ], [ 8562954.70719999819994, 3617157.19539999961853 ], [ 8562955.903200000524521, 3617243.185199998319149 ], [ 8562906.440699998289347, 3617270.698700003325939 ], [ 8562862.799600001424551, 3617306.988300003111362 ], [ 8562833.704799998551607, 3617343.85809999704361 ], [ 8562770.865699999034405, 3617398.278999999165535 ], [ 8562720.247299998998642, 3617440.421999998390675 ], [ 8562697.535999998450279, 3617443.939400002360344 ], [ 8562673.668999999761581, 3617440.441500000655651 ], [ 8562643.419300001114607, 3617469.1228 ], [ 8562585.214800000190735, 3617492.545800000429153 ], [ 8562562.5152000002563, 3617496.063100002706051 ], [ 8562519.453200001269579, 3617515.968199998140335 ], [ 8562501.414599999785423, 3617524.161200001835823 ], [ 8562484.530200000852346, 3617532.948100000619888 ], [ 8562477.130399998277426, 3617540.589199997484684 ], [ 8562440.896899998188019, 3617578.004600003361702 ], [ 8562405.986600000411272, 3617630.66950000077486 ], [ 8562382.163899999111891, 3617730.707999996840954 ], [ 8562376.355999998748302, 3617786.288000002503395 ], [ 8562386.28940000012517, 3617869.357500001788139 ], [ 8562388.632199998944998, 3617914.987199999392033 ], [ 8562414.862799998372793, 3617995.702600002288818 ], [ 8562418.224500000476837, 3617999.255900003015995 ], [ 8562284.530099999159575, 3618126.994000002741814 ], [ 8562128.455600000917912, 3618432.289300002157688 ], [ 8562115.322200000286102, 3618684.383500002324581 ], [ 8562217.813099998980761, 3618784.968400001525879 ], [ 8562269.652499999850988, 3618858.087999999523163 ], [ 8562324.39640000090003, 3618921.828400000929832 ], [ 8562309.341400001198053, 3619138.895499996840954 ], [ 8562296.592300001531839, 3619300.954800002276897 ], [ 8562296.609999999403954, 3619340.743500001728535 ], [ 8562372.9408, 3619501.019500002264977 ], [ 8562391.590500000864267, 3619553.671800002455711 ], [ 8562385.816399998962879, 3619675.376500003039837 ], [ 8562365.468600001186132, 3619775.433300003409386 ], [ 8562345.721799999475479, 3619875.492200002074242 ], [ 8562088.339499998837709, 3619739.251800000667572 ], [ 8561780.876299999654293, 3619566.761100001633167 ], [ 8561691.203000001609325, 3619506.535899996757507 ], [ 8561570.71059999987483, 3619417.624300003051758 ], [ 8561557.030999999493361, 3619407.530100002884865 ], [ 8561528.729699999094009, 3619386.646200001239777 ], [ 8561525.0559, 3619296.056599996984005 ], [ 8561520.520599998533726, 3619184.218000002205372 ], [ 8561485.563200000673532, 3619099.392700001597404 ], [ 8561426.7368, 3619018.093699999153614 ], [ 8561285.2566, 3618947.341600000858307 ], [ 8561217.129700001329184, 3618921.620200000703335 ], [ 8561139.71000000089407, 3618918.134499996900558 ], [ 8561062.8564000017941, 3618914.63740000128746 ], [ 8560900.438900001347065, 3618912.9353 ], [ 8560799.724700000137091, 3618894.241400003433228 ], [ 8560678.04450000077486, 3618870.86540000140667 ], [ 8560577.318300001323223, 3618811.802000001072884 ], [ 8560546.455400001257658, 3618789.579199999570847 ], [ 8560491.153799999505281, 3618800.12219999730587 ], [ 8560379.186900001019239, 3618825.909100003540516 ], [ 8560366.5777000002563, 3618828.813100002706051 ], [ 8560360.275600001215935, 3618823.955799996852875 ], [ 8560248.965900000184774, 3618738.165399998426437 ], [ 8560232.08049999922514, 3618719.43860000371933 ], [ 8560175.60020000115037, 3618676.162600003182888 ], [ 8560051.592700000852346, 3618623.536100000143051 ], [ 8559952.702100001275539, 3618562.188000001013279 ], [ 8559905.46510000154376, 3618532.883599996566772 ], [ 8559901.096799999475479, 3618486.682800002396107 ], [ 8559887.37779999896884, 3618341.584799997508526 ], [ 8559917.31529999896884, 3618219.405299998819828 ], [ 8559947.872400000691414, 3618094.6963 ], [ 8559946.4452, 3618090.09910000115633 ], [ 8559944.965199999511242, 3618085.331299997866154 ], [ 8559875.107999999076128, 3618061.367899999022484 ], [ 8559861.135400000959635, 3618062.539300002157688 ], [ 8559799.421300001442432, 3618047.333800002932549 ], [ 8559653.312800001353025, 3617995.875200003385544 ], [ 8559510.09569999948144, 3617916.933300003409386 ], [ 8559444.899500001221895, 3617911.092000000178814 ], [ 8559305.776200000196695, 3617929.237300001084805 ], [ 8559212.051699999719858, 3617915.79559999704361 ], [ 8559141.037799999117851, 3617893.58049999922514 ], [ 8559057.2060999982059, 3617898.851899996399879 ], [ 8559047.8882, 3617849.713699996471405 ], [ 8558957.659400001168251, 3617852.650499999523163 ], [ 8558915.7478, 3617801.757700003683567 ], [ 8558862.757199998944998, 3617602.286100000143051 ], [ 8558830.734099999070168, 3617566.020099997520447 ], [ 8558699.761900000274181, 3617519.226400002837181 ], [ 8558670.112700000405312, 3617510.450099997222424 ], [ 8558514.068999998271465, 3617464.260499998927116 ], [ 8558370.28770000115037, 3617427.996299996972084 ], [ 8558252.715599998831749, 3617415.724600002169609 ], [ 8558124.07149999961257, 3617392.329599998891354 ], [ 8557972.142299998551607, 3617339.104500003159046 ], [ 8557924.328200001269579, 3617328.512800000607967 ], [ 8557789.951200000941753, 3617298.745200000703335 ], [ 8557834.180300001055002, 3617040.772600002586842 ], [ 8557884.824299998581409, 3616910.906900003552437 ], [ 8557953.991799999028444, 3616803.167199999094009 ], [ 8557984.343199998140335, 3616755.889600001275539 ], [ 8558060.016600001603365, 3616629.544799998402596 ], [ 8557900.326400000602007, 3616565.355499997735023 ], [ 8557783.672600001096725, 3616518.465199999511242 ], [ 8557742.788199998438358, 3616502.031300000846386 ], [ 8557606.593800000846386, 3616442.960199996829033 ], [ 8557602.430700000375509, 3616442.072499997913837 ], [ 8557387.163800001144409, 3616396.164499998092651 ], [ 8557081.020100001245737, 3616289.700800001621246 ], [ 8556984.252399999648333, 3616428.27759999781847 ], [ 8556933.170400001108646, 3616501.429099999368191 ], [ 8556815.007100000977516, 3616667.547799997031689 ], [ 8556781.245900001376867, 3616690.949199996888638 ], [ 8556620.599399998784065, 3616652.326899997889996 ], [ 8556602.720100000500679, 3616671.95380000025034 ], [ 8556551.332800000905991, 3616728.363799996674061 ], [ 8556491.96169999986887, 3616730.696699999272823 ], [ 8556482.763300001621246, 3616760.955200001597404 ], [ 8556468.668099999427795, 3616807.323399998247623 ], [ 8556454.1118, 3616817.8496999964118 ], [ 8556348.176199998706579, 3616872.831500001251698 ], [ 8556211.366500001400709, 3617114.982699997723103 ], [ 8556120.523200001567602, 3617418.576300002634525 ], [ 8556081.883499998599291, 3617569.752499997615814 ], [ 8556059.374000001698732, 3617657.819799996912479 ], [ 8556044.994300000369549, 3617656.998499996960163 ], [ 8555833.520300000905991, 3617644.917199999094009 ], [ 8555831.697999998927116, 3617648.792900003492832 ], [ 8555818.388099998235703, 3617677.100000001490116 ], [ 8555812.55460000038147, 3617751.384900003671646 ], [ 8555576.220600001513958, 3617732.04730000346899 ], [ 8555523.229299999773502, 3617880.626900002360344 ], [ 8555407.374000001698732, 3617944.37610000371933 ], [ 8555265.88459999859333, 3618129.204800002276897 ], [ 8555214.101100001484156, 3618225.290399998426437 ], [ 8555189.59569999948144, 3618270.75959999859333 ], [ 8555022.481499999761581, 3618472.561999998986721 ], [ 8554729.678599998354912, 3618446.75280000269413 ], [ 8554461.330800000578165, 3618397.554899998009205 ], [ 8554373.351199999451637, 3618388.003600001335144 ], [ 8554326.27589999884367, 3618382.892899997532368 ], [ 8554298.912200000137091, 3618382.881300002336502 ], [ 8554274.630699999630451, 3618400.283299997448921 ], [ 8554063.097600001841784, 3618551.884400002658367 ], [ 8553904.135499998927116, 3618694.003700003027916 ], [ 8553768.9864999987185, 3618982.97860000282526 ], [ 8553637.925700001418591, 3619216.952299997210503 ], [ 8553583.150299999862909, 3619383.675899997353554 ], [ 8553581.086599998176098, 3619393.607100002467632 ], [ 8553557.496300000697374, 3619507.121299996972084 ], [ 8553557.215399999171495, 3619507.926899999380112 ], [ 8553474.917599998414516, 3619743.839299999177456 ], [ 8553464.843600001186132, 3619772.716700002551079 ], [ 8553424.347600001841784, 3619837.625 ], [ 8553417.913899999111891, 3619847.936999998986721 ], [ 8553373.971700001507998, 3619918.368500001728535 ], [ 8553319.216299999505281, 3619971.592799998819828 ], [ 8553242.9510000012815, 3619988.534100003540516 ], [ 8553223.718400001525879, 3620016.029200002551079 ], [ 8553215.566500000655651, 3620039.4375 ], [ 8553232.4391999989748, 3620071.622500002384186 ], [ 8553268.526999998837709, 3620095.034199997782707 ], [ 8553124.624099999666214, 3620359.456799998879433 ], [ 8552987.160900000482798, 3620503.929300002753735 ], [ 8552875.347100000828505, 3620582.290200002491474 ], [ 8552672.679699998348951, 3620702.749700002372265 ], [ 8552657.46510000154376, 3620894.080700002610683 ], [ 8552638.790100000798702, 3621008.759199999272823 ], [ 8552630.107500001788139, 3621022.636100001633167 ], [ 8552581.690699998289347, 3621100.018500000238419 ], [ 8552309.6404, 3621419.986699998378754 ], [ 8552292.733800001442432, 3621460.35809999704361 ], [ 8552280.49720000103116, 3621479.65820000320673 ], [ 8552319.507199998944998, 3621510.108599998056889 ], [ 8552345.689800001680851, 3621555.176600001752377 ], [ 8552377.090500000864267, 3621644.719899997115135 ], [ 8552423.646099999547005, 3621702.088100001215935 ], [ 8552449.243599999696016, 3621761.19820000231266 ], [ 8552493.471799999475479, 3621815.634199999272823 ], [ 8552566.239999998360872, 3621874.188000001013279 ], [ 8552597.075300000607967, 3621932.717799998819828 ], [ 8552593.19370000064373, 3621937.758699998259544 ], [ 8552509.686700001358986, 3622046.2051 ], [ 8552480.962499998509884, 3622091.811999998986721 ], [ 8552384.403599999845028, 3622245.123199999332428 ], [ 8552268.599300000816584, 3622408.331299997866154 ], [ 8552257.381700001657009, 3622424.140799999237061 ], [ 8552236.41330000013113, 3622455.735699996352196 ], [ 8552384.292599998414516, 3622529.539200000464916 ], [ 8552236.20719999819994, 3622932.101800002157688 ], [ 8552134.755899999290705, 3623194.833800002932549 ], [ 8552081.716400001198053, 3623300.738200001418591 ], [ 8552017.423900000751019, 3623349.69200000166893 ], [ 8551908.111099999397993, 3623432.925300002098083 ], [ 8551881.655799999833107, 3623448.665200002491474 ], [ 8551829.4712999984622, 3623479.712899997830391 ], [ 8551749.735199999064207, 3623392.475900001823902 ], [ 8551683.959699999541044, 3623306.989699997007847 ], [ 8551571.60359999909997, 3623240.808600001037121 ], [ 8551434.189100001007318, 3623179.284999996423721 ], [ 8551405.471599999815226, 3623169.09009999781847 ], [ 8551183.247699998319149, 3623090.199500001966953 ], [ 8550901.4331, 3622991.733300000429153 ], [ 8550704.049499999731779, 3622937.777400001883507 ], [ 8550647.144099999219179, 3622918.819399997591972 ], [ 8550626.6184, 3622911.981299996376038 ], [ 8550575.958000000566244, 3622890.894599996507168 ], [ 8550520.769099999219179, 3622849.152099996805191 ], [ 8550402.500100001692772, 3622759.697400003671646 ], [ 8550271.526099998503923, 3622676.516999997198582 ], [ 8550139.398499999195337, 3622563.491300001740456 ], [ 8550074.803800001740456, 3622492.061200000345707 ], [ 8549947.953499998897314, 3622338.659500002861023 ], [ 8549927.953099999576807, 3622320.119999997317791 ], [ 8549851.929000001400709, 3622249.649099998176098 ], [ 8549744.846700001507998, 3622154.769000001251698 ], [ 8549598.162999998778105, 3622051.685199998319149 ], [ 8549357.764899998903275, 3621906.393899999558926 ], [ 8549130.775199998170137, 3621752.93299999833107 ], [ 8548999.2195999994874, 3621706.020700000226498 ], [ 8548915.964899998158216, 3621687.8235 ], [ 8548831.151999998837709, 3621676.644799999892712 ], [ 8548795.441500000655651, 3621671.938100002706051 ], [ 8548720.955699998885393, 3621656.424900002777576 ], [ 8548634.750999998301268, 3621638.471000000834465 ], [ 8548574.741300001740456, 3621613.552400000393391 ], [ 8548568.394999999552965, 3621610.917099997401237 ], [ 8548446.702199999243021, 3621591.518200002610683 ], [ 8548308.132399998605251, 3621573.272699996829033 ], [ 8548215.5768, 3621549.798799999058247 ], [ 8548067.692099999636412, 3621526.858300000429153 ], [ 8547889.5287000015378, 3621512.086800001561642 ], [ 8547869.7314000017941, 3621506.809799998998642 ], [ 8547783.653799999505281, 3621375.664800003170967 ], [ 8547745.863000001758337, 3621305.413400001823902 ], [ 8547723.761700000613928, 3621274.379799999296665 ], [ 8547641.10190000012517, 3621250.916299998760223 ], [ 8547625.380800001323223, 3621242.710699997842312 ], [ 8547562.534299999475479, 3621195.253799997270107 ], [ 8547444.47749999910593, 3621028.986100003123283 ], [ 8547333.312699999660254, 3620966.863300003111362 ], [ 8547229.441799998283386, 3620899.692100003361702 ], [ 8546799.688400000333786, 3620621.769799999892712 ], [ 8546673.400400001555681, 3620550.847199998795986 ], [ 8546736.367899999022484, 3620464.309000000357628 ], [ 8546744.963599998503923, 3620363.339199997484684 ], [ 8546743.526299998164177, 3620370.835600003600121 ], [ 8546735.768500000238419, 3620402.443899996578693 ], [ 8546730.49269999936223, 3620423.938699997961521 ], [ 8546727.397199999541044, 3620436.551600001752377 ], [ 8546726.216600000858307, 3620438.479599997401237 ], [ 8546722.052000001072884, 3620445.2820999994874 ], [ 8546697.098499998450279, 3620486.039399996399879 ], [ 8546676.001800000667572, 3620525.476800002157688 ], [ 8546643.490200001746416, 3620538.987899996340275 ], [ 8546639.120400000363588, 3620540.803999997675419 ], [ 8546638.337200000882149, 3620541.12950000166893 ], [ 8546637.6985, 3620541.608400002121925 ], [ 8546631.950199998915195, 3620545.918499998748302 ], [ 8546604.267499998211861, 3620566.676600001752377 ], [ 8546557.679099999368191, 3620571.058799996972084 ], [ 8546546.331700000911951, 3620572.12610000371933 ], [ 8546526.323699999600649, 3620574.008199997246265 ], [ 8546507.7652000002563, 3620574.352700002491474 ], [ 8546470.648200001567602, 3620575.041900001466274 ], [ 8546443.665600001811981, 3620575.54280000180006 ], [ 8546442.640299998223782, 3620575.393500000238419 ], [ 8546442.433699999004602, 3620575.363399997353554 ], [ 8546395.257100000977516, 3620568.491999998688698 ], [ 8546392.466600000858307, 3620568.582099996507168 ], [ 8546391.426899999380112, 3620568.615699999034405 ], [ 8546339.371300000697374, 3620570.298600003123283 ], [ 8546315.83390000090003, 3620576.385600000619888 ], [ 8546311.378100000321865, 3620577.538000002503395 ], [ 8546310.9276, 3620577.654500000178814 ], [ 8546280.073399998247623, 3620592.550899997353554 ], [ 8546267.493099998682737, 3620598.624600000679493 ], [ 8546260.785599999129772, 3620602.127099998295307 ], [ 8546251.048900000751019, 3620607.211400002241135 ], [ 8546212.502999998629093, 3620627.339000001549721 ], [ 8546181.98200000077486, 3620657.529500000178814 ], [ 8546160.190600000321865, 3620687.0320999994874 ], [ 8546151.6537000015378, 3620704.089199997484684 ], [ 8546139.179900001734495, 3620733.48650000244379 ], [ 8546163.578600000590086, 3620779.434500001370907 ], [ 8546179.274399999529123, 3620827.467500001192093 ], [ 8546186.862300001084805, 3620850.687899999320507 ], [ 8546188.908399999141693, 3620856.949299998581409 ], [ 8546198.655099999159575, 3620875.99099999666214 ], [ 8546208.5625, 3620895.346400000154972 ], [ 8546222.147900000214577, 3620926.518500000238419 ], [ 8546224.010000001639128, 3620930.791199997067451 ], [ 8546225.3037, 3620933.759400002658367 ], [ 8546232.716299999505281, 3620971.708800002932549 ], [ 8546230.659499999135733, 3620995.717600002884865 ], [ 8546216.478000000119209, 3621028.643200002610683 ], [ 8546189.167100001126528, 3621084.540600001811981 ], [ 8546143.83559999987483, 3621144.159000001847744 ], [ 8546133.341499999165535, 3621162.251400001347065 ], [ 8546112.4510000012815, 3621198.267700001597404 ], [ 8546107.282000001519918, 3621207.179300002753735 ], [ 8546107.031500000506639, 3621207.569200001657009 ], [ 8546105.239900000393391, 3621210.358300000429153 ], [ 8546080.396899998188019, 3621249.032300002872944 ], [ 8546070.171999998390675, 3621271.7804000005126 ], [ 8546069.291400000452995, 3621273.739900000393391 ], [ 8546069.0304000005126, 3621274.320200003683567 ], [ 8546069.853199999779463, 3621282.500699996948242 ], [ 8546071.7972999997437, 3621301.832099996507168 ], [ 8546076.2588, 3621346.194499999284744 ], [ 8546084.001200001686811, 3621369.49889999628067 ], [ 8546086.268199998885393, 3621376.322700001299381 ], [ 8546087.105799999088049, 3621378.843900002539158 ], [ 8546088.445700000971556, 3621394.031700000166893 ], [ 8546084.92119999974966, 3621399.275799997150898 ], [ 8546070.964099999517202, 3621420.042199999094009 ], [ 8546057.526999998837709, 3621440.034800000488758 ], [ 8545977.9496, 3621509.981100000441074 ], [ 8545930.767200000584126, 3621559.674400001764297 ], [ 8545900.312399998307228, 3621595.129299998283386 ], [ 8545856.251299999654293, 3621664.080899998545647 ], [ 8545841.999699998646975, 3621691.744199998676777 ], [ 8545832.660000000149012, 3621728.004900000989437 ], [ 8545825.826200000941753, 3621754.536499999463558 ], [ 8545825.225000001490116, 3621755.192699998617172 ], [ 8545800.581300001591444, 3621782.093900002539158 ], [ 8545788.444400001317263, 3621795.342699997127056 ], [ 8545715.193599998950958, 3621858.194300003349781 ], [ 8545713.944400001317263, 3621859.38400000333786 ], [ 8545712.259799998253584, 3621860.988600000739098 ], [ 8545676.015900000929832, 3621895.510300002992153 ], [ 8545654.753499999642372, 3621920.321900002658367 ], [ 8545638.359200000762939, 3621963.816399998962879 ], [ 8545612.458099998533726, 3622042.514700002968311 ], [ 8545599.918800000101328, 3622117.551299996674061 ], [ 8545596.085999999195337, 3622156.883500002324581 ], [ 8545593.616300001740456, 3622182.228699997067451 ], [ 8545593.126200001686811, 3622187.257500000298023 ], [ 8545597.8915, 3622219.798000000417233 ], [ 8545600.234099999070168, 3622235.793999999761581 ], [ 8545601.338700000196695, 3622243.337399996817112 ], [ 8545602.105399999767542, 3622281.389700002968311 ], [ 8545602.433400001376867, 3622297.66669999808073 ], [ 8545602.670899998396635, 3622309.45099999755621 ], [ 8545602.283100001513958, 3622314.344300001859665 ], [ 8545598.7982, 3622358.337300002574921 ], [ 8545597.567299999296665, 3622373.875799998641014 ], [ 8545597.410300001502037, 3622374.374499998986721 ], [ 8545582.957800000905991, 3622420.268799997866154 ], [ 8545572.485399998724461, 3622456.854299999773502 ], [ 8545570.71169999986887, 3622463.050899997353554 ], [ 8545569.5143, 3622467.233999997377396 ], [ 8545568.093499999493361, 3622468.797799997031689 ], [ 8545567.843299999833107, 3622469.0735 ], [ 8545561.457699999213219, 3622476.102700002491474 ], [ 8545527.989399999380112, 3622503.975599996745586 ], [ 8545479.4342, 3622536.134300000965595 ], [ 8545406.048099998384714, 3622586.125299997627735 ], [ 8545374.637600000947714, 3622589.987000003457069 ], [ 8545372.944600000977516, 3622589.60360000282526 ], [ 8545372.4452, 3622589.490500003099442 ], [ 8545320.046900000423193, 3622577.626500003039837 ], [ 8545307.8717, 3622574.869800001382828 ], [ 8545305.745299998670816, 3622574.388300001621246 ], [ 8545301.849399998784065, 3622574.032300002872944 ], [ 8545296.401399999856949, 3622573.534500002861023 ], [ 8545283.008699998259544, 3622572.310999996960163 ], [ 8545282.452300000935793, 3622572.536700002849102 ], [ 8545282.226599998772144, 3622572.628300003707409 ], [ 8545232.573800001293421, 3622592.775499999523163 ], [ 8545212.921799998730421, 3622605.880000002682209 ], [ 8545186.8169, 3622614.947999998927116 ], [ 8545168.5337999984622, 3622617.339500002563 ], [ 8545118.200199998915195, 3622623.923199996352196 ], [ 8545058.91950000077486, 3622635.128499999642372 ], [ 8545011.835400000214577, 3622642.099899999797344 ], [ 8544988.595899999141693, 3622647.050200000405312 ], [ 8544947.534099999815226, 3622673.2654 ], [ 8544930.766699999570847, 3622683.982900001108646 ], [ 8544892.696699999272823, 3622716.015100002288818 ], [ 8544865.147900000214577, 3622752.604400001466274 ], [ 8544855.5287000015378, 3622771.428800001740456 ], [ 8544855.255100000649691, 3622771.964400000870228 ], [ 8544854.32039999961853, 3622773.793799996376038 ], [ 8544856.882399998605251, 3622846.326300002634525 ], [ 8544859.465500000864267, 3622859.665100000798702 ], [ 8544862.78660000115633, 3622876.813799999654293 ], [ 8544867.397700000554323, 3622900.625100001692772 ], [ 8544869.204300001263618, 3622906.209399998188019 ], [ 8544870.699799999594688, 3622910.832599997520447 ], [ 8544879.469200000166893, 3622937.9408999979496 ], [ 8544885.171399999409914, 3622979.423600003123283 ], [ 8544884.564599998295307, 3622997.032999999821186 ], [ 8544884.521800000220537, 3622998.274499997496605 ], [ 8544884.118700001388788, 3623009.971199996769428 ], [ 8544883.429900001734495, 3623029.962999999523163 ], [ 8544883.416299998760223, 3623030.357900001108646 ], [ 8544882.339600000530481, 3623038.60869999974966 ], [ 8544880.560699999332428, 3623052.239900000393391 ], [ 8544879.921599999070168, 3623057.137599997222424 ], [ 8544879.669300001114607, 3623059.071400001645088 ], [ 8544879.658700000494719, 3623059.096600003540516 ], [ 8544879.526000000536442, 3623059.411399997770786 ], [ 8544875.974300000816584, 3623067.845100000500679 ], [ 8544852.432399999350309, 3623123.745999999344349 ], [ 8544838.208500001579523, 3623153.165500000119209 ], [ 8544824.6206, 3623168.623000003397465 ], [ 8544795.077100001275539, 3623202.23139999806881 ], [ 8544793.457699999213219, 3623203.350500002503395 ], [ 8544754.62220000103116, 3623230.191299997270107 ], [ 8544703.729100000113249, 3623261.785499997437 ], [ 8544663.275400001555681, 3623289.164599999785423 ], [ 8544615.882599998265505, 3623321.882500000298023 ], [ 8544557.130399998277426, 3623352.987400002777576 ], [ 8544549.77309999987483, 3623356.882500000298023 ], [ 8544546.986200001090765, 3623358.357900001108646 ], [ 8544540.793699998408556, 3623360.691200003027916 ], [ 8544530.722100000828505, 3623364.486100003123283 ], [ 8544479.712600000202656, 3623383.705899998545647 ], [ 8544455.35190000012517, 3623392.7544 ], [ 8544398.614100001752377, 3623413.171599999070168 ], [ 8544391.541000001132488, 3623415.716899998486042 ], [ 8544363.091499999165535, 3623423.058700002729893 ], [ 8544320.728999998420477, 3623436.419299997389317 ], [ 8544274.807, 3623444.541799999773502 ], [ 8544272.100600000470877, 3623444.210199996829033 ], [ 8544271.236000001430511, 3623444.104299999773502 ], [ 8544240.623500000685453, 3623440.354099996387959 ], [ 8544222.318999998271465, 3623438.111599996685982 ], [ 8544176.265599999576807, 3623433.951800003647804 ], [ 8544155.597100000828505, 3623425.3766999989748 ], [ 8544127.408100001513958, 3623420.411300003528595 ], [ 8543975.509500000625849, 3623379.108000002801418 ], [ 8543850.997499998658895, 3623324.4054000005126 ], [ 8543847.609700001776218, 3623324.602600000798702 ], [ 8543846.947000000625849, 3623324.311499997973442 ], [ 8543845.80970000103116, 3623324.377700001001358 ], [ 8543750.263599999248981, 3623329.939999997615814 ], [ 8543742.206999998539686, 3623336.55799999833107 ], [ 8543678.502099998295307, 3623388.888099998235703 ], [ 8543663.861000001430511, 3623424.555399999022484 ], [ 8543646.038699999451637, 3623452.558200001716614 ], [ 8543643.4037000015378, 3623456.698299996554852 ], [ 8543621.697599999606609, 3623530.401699997484684 ], [ 8543616.364399999380112, 3623569.010899998247623 ], [ 8543615.874800000339746, 3623573.990900002419949 ], [ 8543606.239199999719858, 3623671.998400002717972 ], [ 8543586.934599999338388, 3623709.406900003552437 ], [ 8543554.877999998629093, 3623722.791599996387959 ], [ 8543489.617800001055002, 3623737.870999999344349 ], [ 8543470.921700000762939, 3623764.164399996399879 ], [ 8543455.656199999153614, 3623816.210199996829033 ], [ 8543445.056499999016523, 3623869.45440000295639 ], [ 8543441.488400001078844, 3623901.041599996387959 ], [ 8543422.212499998509884, 3623927.926299996674061 ], [ 8543420.6266999989748, 3623928.207900002598763 ], [ 8543344.135600000619888, 3623941.795500002801418 ], [ 8543282.960400000214577, 3623955.1199000030756 ], [ 8543176.244899999350309, 3624011.644599996507168 ], [ 8543088.719399999827147, 3624088.112199999392033 ], [ 8543004.08729999884963, 3624166.934299997985363 ], [ 8542924.78770000115037, 3624207.714400000870228 ], [ 8542839.690200001001358, 3624234.444200001657009 ], [ 8542742.2652000002563, 3624307.374099999666214 ], [ 8542687.856800001114607, 3624348.713500000536442 ], [ 8542652.412799999117851, 3624375.643700003623962 ], [ 8542628.69029999896884, 3624443.038400001823902 ], [ 8542625.44370000064373, 3624452.261900000274181 ], [ 8542628.238899998366833, 3624505.535099998116493 ], [ 8542646.197999998927116, 3624547.711099997162819 ], [ 8542650.381299998611212, 3624568.339599996805191 ], [ 8542665.200100000947714, 3624641.412600003182888 ], [ 8542629.513599999248981, 3624710.386 ], [ 8542584.470100000500679, 3624792.808600001037121 ], [ 8542554.654899999499321, 3624837.809299997985363 ], [ 8542486.428100001066923, 3624845.08389999717474 ], [ 8542485.388999998569489, 3624845.194700002670288 ], [ 8542484.752599999308586, 3624845.262500002980232 ], [ 8542397.3260000012815, 3624868.464199997484684 ], [ 8542368.697999998927116, 3624906.439900003373623 ], [ 8542346.223600000143051, 3624940.998800002038479 ], [ 8542344.210700001567602, 3624944.093999996781349 ], [ 8542356.39809999987483, 3624963.16780000180006 ], [ 8542422.219200000166893, 3625068.357500001788139 ], [ 8542414.467500001192093, 3625105.325800001621246 ], [ 8542409.315200001001358, 3625165.658399999141693 ], [ 8542401.302999999374151, 3625182.312899999320507 ], [ 8542359.773499999195337, 3625268.638899996876717 ], [ 8542333.4507, 3625363.163099996745586 ], [ 8542285.208200000226498, 3625535.072599999606609 ], [ 8542273.476599998772144, 3625576.876800000667572 ], [ 8542226.643500000238419, 3625766.444499999284744 ], [ 8542222.192699998617172, 3625880.678900003433228 ], [ 8542218.93189999833703, 3625964.369199998676777 ], [ 8542267.739799998700619, 3626111.323299996554852 ], [ 8542271.837200000882149, 3626115.198600001633167 ], [ 8542272.459899999201298, 3626115.787699997425079 ], [ 8542314.023499999195337, 3626155.09910000115633 ], [ 8542346.032299999147654, 3626185.373499996960163 ], [ 8542343.352099999785423, 3626206.470799997448921 ], [ 8542311.980700001120567, 3626214.429999999701977 ], [ 8542311.05519999936223, 3626214.290700003504753 ], [ 8542277.392200000584126, 3626209.225599996745586 ], [ 8542269.696600001305342, 3626208.067800000309944 ], [ 8542188.858300000429153, 3626195.904200002551079 ], [ 8542127.846500001847744, 3626187.565099999308586 ], [ 8542058.183800000697374, 3626178.043600000441074 ], [ 8541960.799800001084805, 3626169.764799997210503 ], [ 8541960.726599998772144, 3626169.840300001204014 ], [ 8541819.689800001680851, 3626315.319300003349781 ], [ 8541753.9189000017941, 3626426.094800002872944 ], [ 8541569.385400000959635, 3626650.485799998044968 ], [ 8541374.504599999636412, 3626887.458999998867512 ], [ 8541373.184500001370907, 3626889.231299996376038 ], [ 8541248.770599998533726, 3627056.265500001609325 ], [ 8541207.026200000196695, 3627127.558799996972084 ], [ 8541120.740699999034405, 3627174.754100002348423 ], [ 8541119.536400001496077, 3627174.624200001358986 ], [ 8541093.027100000530481, 3627171.764899998903275 ], [ 8541076.413499999791384, 3627169.972999997437 ], [ 8541076.265900000929832, 3627170.0647 ], [ 8541034.177000001072884, 3627196.205399997532368 ], [ 8541002.583999998867512, 3627238.110100001096725 ], [ 8540935.381499998271465, 3627361.533900000154972 ], [ 8540846.105399999767542, 3627525.497900001704693 ], [ 8540764.538100000470877, 3627631.190999999642372 ], [ 8540740.80009999871254, 3627650.703500002622604 ], [ 8540709.67680000141263, 3627676.28660000115633 ], [ 8540685.445599999278784, 3627698.21000000089407 ], [ 8540656.471200000494719, 3627711.995899997651577 ], [ 8540628.579, 3627719.322499997913837 ], [ 8540605.900699999183416, 3627723.083999998867512 ], [ 8540564.596500001847744, 3627728.816299997270107 ], [ 8540533.166400000452995, 3627731.49549999833107 ], [ 8540532.88740000128746, 3627731.358000002801418 ], [ 8540464.641699999570847, 3627697.71679999679327 ], [ 8540462.679900001734495, 3627697.121500000357628 ], [ 8540393.909299999475479, 3627676.251800000667572 ], [ 8540320.685699999332428, 3627639.588699996471405 ], [ 8540213.097199998795986, 3627550.040600001811981 ], [ 8540102.670800000429153, 3627521.396700002253056 ], [ 8540102.376899998635054, 3627521.6233000010252 ], [ 8540092.409099999815226, 3627529.3081 ], [ 8540081.866599999368191, 3627537.435999996960163 ], [ 8540065.868599999696016, 3627558.634400002658367 ], [ 8540056.028200000524521, 3627571.673500001430511 ], [ 8540056.021299999207258, 3627624.358599998056889 ], [ 8540037.772999998182058, 3627661.429999999701977 ], [ 8539950.903200000524521, 3627708.630300000309944 ], [ 8539796.692699998617172, 3627832.676600001752377 ], [ 8539665.757399998605251, 3627954.114699997007847 ], [ 8539610.82880000025034, 3628046.628600001335144 ], [ 8539472.049699999392033, 3628196.834600001573563 ], [ 8539409.027499999850988, 3628349.731200002133846 ], [ 8539362.214800000190735, 3628491.924400001764297 ], [ 8539338.539599999785423, 3628565.942900002002716 ], [ 8539371.395300000905991, 3628694.961800001561642 ], [ 8539318.798799999058247, 3628787.450900003314018 ], [ 8539274.327500000596046, 3628824.24040000140667 ], [ 8539177.908700000494719, 3628894.086000002920628 ], [ 8539172.58049999922514, 3628897.945799998939037 ], [ 8539106.8260000012815, 3628906.278099998831749 ], [ 8539106.344999998807907, 3628906.106499999761581 ], [ 8539065.225999999791384, 3628891.440200001001358 ], [ 8538931.158300001174212, 3628843.619499996304512 ], [ 8538899.768899999558926, 3628832.423199996352196 ], [ 8538831.767099998891354, 3628793.347699999809265 ], [ 8538831.430799998342991, 3628793.884199999272823 ], [ 8538797.398600000888109, 3628848.16950000077486 ], [ 8538763.823100000619888, 3628884.359200000762939 ], [ 8538732.103799998760223, 3628918.547899998724461 ], [ 8538716.1858000010252, 3628935.705200001597404 ], [ 8538543.334100000560284, 3628953.978500001132488 ], [ 8538273.145399998873472, 3628970.374399997293949 ], [ 8538239.414099998772144, 3628971.350900001823902 ], [ 8538176.4551, 3628973.173199996352196 ], [ 8538175.723600000143051, 3628973.081500001251698 ], [ 8537987.4265, 3628949.467500001192093 ], [ 8537777.901900000870228, 3628862.733999997377396 ], [ 8537774.397900000214577, 3628861.073600001633167 ], [ 8537623.302299998700619, 3628789.469700001180172 ], [ 8537444.863299999386072, 3628721.143299996852875 ], [ 8537341.34010000154376, 3628684.199799999594688 ], [ 8537340.425799999386072, 3628684.277800001204014 ], [ 8537247.041200000792742, 3628692.24210000038147 ], [ 8537144.57660000026226, 3628700.375399999320507 ], [ 8537143.991599999368191, 3628700.219099998474121 ], [ 8537016.028599999845028, 3628666.039899997413158 ], [ 8537014.657600000500679, 3628665.929499998688698 ], [ 8536887.734000001102686, 3628655.706399999558926 ], [ 8536733.085099998861551, 3628632.193199999630451 ], [ 8536620.4679000005126, 3628616.418399997055531 ], [ 8536620.136300001293421, 3628616.463699996471405 ], [ 8536578.581700000911951, 3628622.138599999248981 ], [ 8536502.300900001078844, 3628627.045699998736382 ], [ 8536501.854200001806021, 3628626.88120000064373 ], [ 8536381.811900001019239, 3628582.675599999725819 ], [ 8536380.722800001502037, 3628582.678199999034405 ], [ 8536311.31700000166893, 3628582.845600001513958 ], [ 8536194.425299998372793, 3628603.993299998342991 ], [ 8535990.167100001126528, 3628627.8378000035882 ], [ 8535660.095499999821186, 3628654.768399998545647 ], [ 8535516.471900001168251, 3628662.613099999725819 ], [ 8535473.758699998259544, 3628664.946099996566772 ], [ 8535321.939399998635054, 3628688.803999997675419 ], [ 8535224.766399998217821, 3628702.124799996614456 ], [ 8535290.490499999374151, 3628802.126999996602535 ], [ 8535290.581300001591444, 3628802.341399997472763 ], [ 8535327.535100001841784, 3628889.545199997723103 ], [ 8535301.093699999153614, 3628923.787699997425079 ], [ 8535248.629999998956919, 3628976.442299999296665 ], [ 8535209.6385000012815, 3629037.159000001847744 ], [ 8535230.345600001513958, 3629066.212700001895428 ], [ 8535230.338500000536442, 3629121.250699996948242 ], [ 8535211.98930000141263, 3629205.74379999935627 ], [ 8535188.36939999833703, 3629398.032399997115135 ], [ 8535073.382599998265505, 3629527.507299996912479 ], [ 8535010.424400001764297, 3629598.398100003600121 ], [ 8534944.828000001609325, 3629677.538999997079372 ], [ 8534854.619300000369549, 3629688.451200000941753 ], [ 8534809.779699999839067, 3629690.682199999690056 ], [ 8534809.603199999779463, 3629690.4983000010252 ], [ 8534800.451999999582767, 3629680.963799998164177 ], [ 8534779.73369999974966, 3629659.377400003373623 ], [ 8534778.587900001555681, 3629659.511100001633167 ], [ 8534757.621399998664856, 3629661.958499997854233 ], [ 8534725.991099998354912, 3629701.52080000191927 ], [ 8534681.486900001764297, 3629737.113099999725819 ], [ 8534656.762200001627207, 3629768.990099996328354 ], [ 8534631.458799999207258, 3629800.877099998295307 ], [ 8534622.316700000315905, 3629817.366300001740456 ], [ 8534558.567299999296665, 3629907.625200003385544 ], [ 8534487.798300001770258, 3630105.096799999475479 ], [ 8534465.043099999427795, 3630140.185400001704693 ], [ 8534393.744300000369549, 3630250.1283999979496 ], [ 8534275.6162, 3630321.629199996590614 ], [ 8534092.042199999094009, 3630432.468400001525879 ], [ 8534029.301600001752377, 3630450.6941 ], [ 8534028.982599999755621, 3630450.251199997961521 ], [ 8533934.701499998569489, 3630319.360799998044968 ], [ 8533890.465399999171495, 3630268.885300002992153 ], [ 8533889.463799998164177, 3630269.203400000929832 ], [ 8533824.322700001299381, 3630289.891400001943111 ], [ 8533741.781399998813868, 3630316.105599999427795 ], [ 8533649.965999998152256, 3630339.909699998795986 ], [ 8533610.770100001245737, 3630381.887699998915195 ], [ 8533590.190699998289347, 3630476.957000002264977 ], [ 8533579.113099999725819, 3630488.012599997222424 ], [ 8533548.090799998492002, 3630518.973099999129772 ], [ 8533437.73200000077486, 3630553.503799997270107 ], [ 8533322.328899998217821, 3630664.206200003623962 ], [ 8533306.487399999052286, 3630683.078500002622604 ], [ 8533280.468299999833107, 3630714.075599998235703 ], [ 8533136.388300001621246, 3630885.721000000834465 ], [ 8533051.604499999433756, 3630966.80290000140667 ], [ 8533021.144600000232458, 3630995.932899996638298 ], [ 8532932.111400000751019, 3631081.078599996864796 ], [ 8532813.996899999678135, 3631154.920400001108646 ], [ 8532794.592099998146296, 3631158.476899996399879 ], [ 8532756.413100000470877, 3631165.474299997091293 ], [ 8532559.838700000196695, 3631204.995899997651577 ], [ 8532251.624699998646975, 3631268.503200002014637 ], [ 8532085.218699999153614, 3631293.645499996840954 ], [ 8531868.965700000524521, 3631346.82379999756813 ], [ 8531651.737300001084805, 3631418.165600001811981 ], [ 8531481.593800000846386, 3631443.734200000762939 ], [ 8531388.155200000852346, 3631457.77589999884367 ], [ 8531306.878100000321865, 3631489.053900003433228 ], [ 8531216.572299998253584, 3631605.342100001871586 ], [ 8531183.018300000578165, 3631687.084799997508526 ], [ 8531176.908599998801947, 3631697.810699999332428 ], [ 8531130.340599998831749, 3631779.562600001692772 ], [ 8531078.097800001502037, 3631914.790200002491474 ], [ 8530987.512899998575449, 3632061.527099996805191 ], [ 8530837.014899998903275, 3632221.187399998307228 ], [ 8530669.523299999535084, 3632314.254000000655651 ], [ 8530665.72580000013113, 3632316.750399999320507 ], [ 8530547.364599999040365, 3632394.557800002396107 ], [ 8530254.228900000452995, 3632512.340300001204014 ], [ 8530121.617499999701977, 3632538.870200000703335 ], [ 8530023.171999998390675, 3632543.97240000218153 ], [ 8529914.347699999809265, 3632559.723399996757507 ], [ 8529886.692499998956919, 3632571.311599999666214 ], [ 8529855.039799999445677, 3632584.575099997222424 ], [ 8529825.544700000435114, 3632596.934399999678135 ], [ 8529830.69200000166893, 3632646.899700000882149 ], [ 8529836.121100001037121, 3632699.601199999451637 ], [ 8529839.105099998414516, 3632728.56700000166893 ], [ 8529829.497400000691414, 3632757.355499997735023 ], [ 8529823.587200000882149, 3632865.181199997663498 ], [ 8529823.472300000488758, 3632868.806400001049042 ], [ 8529817.829700000584126, 3633046.789399996399879 ], [ 8529811.972600001841784, 3633101.8904 ], [ 8529809.436599999666214, 3633197.382700003683567 ], [ 8529810.535100001841784, 3633248.322800002992153 ], [ 8529830.689399998635054, 3633282.086199998855591 ], [ 8529868.988699998706579, 3633314.0493 ], [ 8529873.787799999117851, 3633318.054399996995926 ], [ 8529884.772700000554323, 3633327.221900001168251 ], [ 8529915.438700001686811, 3633362.626400001347065 ], [ 8529939.131000000983477, 3633400.46000000089407 ], [ 8529954.884199999272823, 3633459.4507 ], [ 8529965.721700001507998, 3633609.858199998736382 ], [ 8529969.343199998140335, 3633666.524499997496605 ], [ 8529971.257800001651049, 3633696.48650000244379 ], [ 8529979.873399998992682, 3633799.473600000143051 ], [ 8529990.7555, 3633896.0044 ], [ 8530009.425500001758337, 3633954.972199998795986 ], [ 8530027.936799999326468, 3633999.288699999451637 ], [ 8530030.121300000697374, 3634007.166599996387959 ], [ 8530039.4353, 3634040.756099998950958 ], [ 8530053.967599999159575, 3634095.082000002264977 ], [ 8530059.342000000178814, 3634164.725599996745586 ], [ 8530056.935600001364946, 3634215.70269999653101 ], [ 8530055.69029999896884, 3634220.935099996626377 ], [ 8530047.991399999707937, 3634253.286700002849102 ], [ 8530045.325300000607967, 3634278.49719999730587 ], [ 8530047.524700000882149, 3634322.398400001227856 ], [ 8530043.968800000846386, 3634393.645700000226498 ], [ 8530042.669399999082088, 3634419.680500000715256 ], [ 8530049.972699999809265, 3634507.458800002932549 ], [ 8530046.034200001507998, 3634580.129100002348423 ], [ 8530049.1327, 3634655.661799997091293 ], [ 8530046.753100000321865, 3634708.978100001811981 ], [ 8530046.727699998766184, 3634764.035199999809265 ], [ 8530056.528799999505281, 3634811.382700003683567 ], [ 8530091.083200000226498, 3634884.838200002908707 ], [ 8530110.429900001734495, 3634933.979599997401237 ], [ 8530113.8202, 3634942.590800002217293 ], [ 8530111.55970000103116, 3634960.239600002765656 ], [ 8530108.411800000816584, 3634984.816299997270107 ], [ 8530093.730900000780821, 3635031.824000000953674 ], [ 8530076.576900001615286, 3635064.218900002539158 ], [ 8530051.910900000482798, 3635104.297200001776218 ], [ 8530030.291900001466274, 3635156.653800003230572 ], [ 8530023.587000001221895, 3635185.421999998390675 ], [ 8530022.037300001829863, 3635263.348099999129772 ], [ 8530021.208000000566244, 3635296.15990000218153 ], [ 8530029.668499998748302, 3635383.935500003397465 ], [ 8530035.499800000339746, 3635441.864 ], [ 8530035.602600000798702, 3635452.411100000143051 ], [ 8530038.829900000244379, 3635492.875399999320507 ], [ 8530048.953200001269579, 3635619.800899997353554 ], [ 8530059.464999999850988, 3635679.444200001657009 ], [ 8530073.85190000012517, 3635719.123099997639656 ], [ 8530093.259700000286102, 3635735.330300003290176 ], [ 8530100.290399998426437, 3635737.86429999768734 ], [ 8530124.857099998742342, 3635746.718400001525879 ], [ 8530165.173300001770258, 3635756.276199996471405 ], [ 8530265.076900001615286, 3635777.515100002288818 ], [ 8530304.349500000476837, 3635798.197200000286102 ], [ 8530310.260000001639128, 3635805.75280000269413 ], [ 8530245.665699999779463, 3635874.954300001263618 ], [ 8530216.931200001388788, 3635939.932300001382828 ], [ 8530122.375199999660254, 3635956.054799996316433 ], [ 8530120.9835, 3635956.578000001609325 ], [ 8530029.963300000876188, 3635990.790299996733665 ], [ 8529921.674400001764297, 3636005.371899999678135 ], [ 8529844.818999998271465, 3636014.93299999833107 ], [ 8529825.645300000905991, 3636021.576700001955032 ], [ 8529795.137299999594688, 3636060.543600000441074 ], [ 8529773.862399999052286, 3636089.472199998795986 ], [ 8529746.025800000876188, 3636104.981499999761581 ], [ 8529705.960400000214577, 3636120.030199997127056 ], [ 8529639.639499999582767, 3636134.766599997878075 ], [ 8529577.3277000002563, 3636141.260399997234344 ], [ 8529550.442499998956919, 3636193.07769999653101 ], [ 8529518.124099999666214, 3636283.624099999666214 ], [ 8529468.035199999809265, 3636346.223099999129772 ], [ 8529385.932599999010563, 3636413.839000001549721 ], [ 8529326.186500001698732, 3636444.319499999284744 ], [ 8529301.014899998903275, 3636452.084799997508526 ], [ 8529237.8462999984622, 3636471.571999996900558 ], [ 8529212.880899999290705, 3636482.962600000202656 ], [ 8529205.442899998277426, 3636496.000200003385544 ], [ 8529197.420099999755621, 3636510.062899999320507 ], [ 8529178.613600000739098, 3636554.186999998986721 ], [ 8529160.91950000077486, 3636591.268700003623962 ], [ 8529132.4419, 3636600.9375 ], [ 8529127.700100000947714, 3636600.766500003635883 ], [ 8529068.873799998313189, 3636598.644900001585484 ], [ 8529005.969700001180172, 3636605.145999997854233 ], [ 8528967.137299999594688, 3636627.791400000452995 ], [ 8528913.790500000119209, 3636714.450499996542931 ], [ 8528907.739, 3636750.829000003635883 ], [ 8528917.309399999678135, 3636833.918499998748302 ], [ 8528923.30460000038147, 3636966.851700000464916 ], [ 8528923.107500001788139, 3637063.514600001275539 ], [ 8528911.913199998438358, 3637167.90820000320673 ], [ 8528874.954799998551607, 3637320.009800001978874 ], [ 8528871.034699998795986, 3637340.9037000015378 ], [ 8528853.919199999421835, 3637432.127400003373623 ], [ 8528854.0088, 3637499.49889999628067 ], [ 8528840.794700000435114, 3637518.967200003564358 ], [ 8528809.929000001400709, 3637522.789300002157688 ], [ 8528800.061700001358986, 3637528.162399999797344 ], [ 8528800.321400001645088, 3637553.353399999439716 ], [ 8528786.6327, 3637642.541000001132488 ], [ 8528773.513000000268221, 3637671.383599996566772 ], [ 8528752.173799999058247, 3637694.440399996936321 ], [ 8528737.739199999719858, 3637708.647900000214577 ], [ 8528736.903099998831749, 3637742.63910000026226 ], [ 8528689.280000001192093, 3637840.329300001263618 ], [ 8528675.766100000590086, 3637868.050700001418591 ], [ 8528631.505199998617172, 3637989.184799998998642 ], [ 8528554.908300001174212, 3638143.45610000193119 ], [ 8528520.242199998348951, 3638234.038000002503395 ], [ 8528457.354400001466274, 3638359.457999996840954 ], [ 8528388.070000000298023, 3638502.971699997782707 ], [ 8528379.203600000590086, 3638521.336999997496605 ], [ 8528341.952100001275539, 3638598.4978 ], [ 8528294.653799999505281, 3638709.715899996459484 ], [ 8528314.5526, 3638774.546599999070168 ], [ 8528346.778499998152256, 3638823.898699998855591 ], [ 8528376.128100000321865, 3638868.845899999141693 ], [ 8528379.198800001293421, 3638873.667999997735023 ], [ 8528414.96000000089407, 3638929.822800002992153 ], [ 8528427.670400001108646, 3638949.781800001859665 ], [ 8528485.54839999973774, 3639023.016800001263618 ], [ 8528546.800700001418591, 3639084.516800001263618 ], [ 8528667.27250000089407, 3639177.048199996352196 ], [ 8528801.969799999147654, 3639292.879799999296665 ], [ 8528831.626299999654293, 3639317.64469999819994 ], [ 8528980.142099998891354, 3639441.663699999451637 ], [ 8529079.624200001358986, 3639525.350900001823902 ], [ 8529170.108600001782179, 3639601.468199998140335 ], [ 8529319.541299998760223, 3639732.377700001001358 ], [ 8529346.757100000977516, 3639771.356299996376038 ], [ 8529348.086300000548363, 3639784.374300003051758 ], [ 8529350.642099998891354, 3639809.404799997806549 ], [ 8529371.4945, 3639821.354500003159046 ], [ 8529371.758000001311302, 3639821.505500003695488 ], [ 8529408.992400001734495, 3639820.631700001657009 ], [ 8529459.7989999987185, 3639819.439300000667572 ], [ 8529512.86600000038743, 3639819.474200002849102 ], [ 8529513.445599999278784, 3639819.474600002169609 ], [ 8529525.129900000989437, 3639821.120099999010563 ], [ 8529536.482799999415874, 3639848.540100000798702 ], [ 8529561.785100001841784, 3639871.728000000119209 ], [ 8529582.937800001353025, 3639886.7483000010252 ], [ 8529592.38910000026226, 3639898.36599999666214 ], [ 8529592.533100001513958, 3639913.603799998760223 ], [ 8529587.458399999886751, 3639926.872400000691414 ], [ 8529580.608800001442432, 3639944.781599998474121 ], [ 8529546.367800001055002, 3640020.128200002014637 ], [ 8529501.092599999159575, 3640129.47240000218153 ], [ 8529501.029100000858307, 3640129.625699996948242 ], [ 8529545.645300000905991, 3640128.590599998831749 ], [ 8529598.654599998146296, 3640128.191699996590614 ], [ 8529599.303399998694658, 3640128.186800003051758 ], [ 8529610.960900001227856, 3640129.986199997365475 ], [ 8529622.524900000542402, 3640156.9846 ], [ 8529647.526799999177456, 3640179.928199999034405 ], [ 8529669.048700001090765, 3640195.823399998247623 ], [ 8529678.345899999141693, 3640206.9868 ], [ 8529678.307900000363588, 3640217.183499999344349 ], [ 8529678.289200000464916, 3640222.220200002193451 ], [ 8529667.11259999871254, 3640253.238600000739098 ], [ 8529633.033300001174212, 3640328.721199996769428 ], [ 8529575.990600001066923, 3640468.007200002670288 ], [ 8529513.120200000703335, 3640609.028399996459484 ], [ 8529461.350900001823902, 3640742.475400000810623 ], [ 8529422.1129, 3640788.634900003671646 ], [ 8529402.420299999415874, 3640818.861900001764297 ], [ 8529391.632100000977516, 3640835.421099998056889 ], [ 8529326.591499999165535, 3640924.27929999679327 ], [ 8529275.6096, 3640997.945100001990795 ], [ 8529262.064899999648333, 3641036.584799997508526 ], [ 8529279.817699998617172, 3641132.755999997258186 ], [ 8529306.975999999791384, 3641207.867799997329712 ], [ 8529326.70549999922514, 3641269.625600002706051 ], [ 8529338.275299999862909, 3641305.841899998486042 ], [ 8529343.901000000536442, 3641323.451499998569489 ], [ 8529346.063099998980761, 3641373.862000003457069 ], [ 8529290.833399999886751, 3641493.822800002992153 ], [ 8529258.547200001776218, 3641555.838799998164177 ], [ 8529209.350299999117851, 3641615.453299999237061 ], [ 8529165.36089999973774, 3641687.391800001263618 ], [ 8529144.214400000870228, 3641731.865900002419949 ], [ 8529089.069600000977516, 3641828.383699998259544 ], [ 8529079.901000000536442, 3641850.047399997711182 ], [ 8529070.248500000685453, 3641872.854500003159046 ], [ 8529074.64919999986887, 3641926.955700002610683 ], [ 8529076.400299999862909, 3641948.483800001442432 ], [ 8529086.00959999859333, 3642040.536300003528595 ], [ 8529075.263900000602007, 3642110.252899996936321 ], [ 8529054.557900000363588, 3642197.516800001263618 ], [ 8529045.034200001507998, 3642253.166299998760223 ], [ 8529045.037000000476837, 3642253.815099999308586 ], [ 8529060.891100000590086, 3642319.941699996590614 ], [ 8529058.468600001186132, 3642354.282499998807907 ], [ 8529093.4254, 3642428.581200003623962 ], [ 8529136.2029, 3642542.440700002014637 ], [ 8529149.594200000166893, 3642596.713699996471405 ], [ 8529158.058499999344349, 3642631.018299996852875 ], [ 8529152.5154, 3642717.749399997293949 ], [ 8529129.543800000101328, 3642785.666400000452995 ], [ 8529084.207499999552965, 3642907.4309 ], [ 8529081.989599999040365, 3642913.195500001311302 ], [ 8529206.5945999994874, 3642947.347800001502037 ], [ 8529359.988099999725819, 3643003.237400002777576 ], [ 8529494.564599998295307, 3643044.075599998235703 ], [ 8529615.482299998402596, 3643061.015500001609325 ], [ 8529650.226100001484156, 3643094.071400001645088 ], [ 8529655.731899999082088, 3643119.207699999213219 ], [ 8529650.9391999989748, 3643160.254799999296665 ], [ 8529646.070900000631809, 3643201.949799999594688 ], [ 8529665.182399999350309, 3643246.306900002062321 ], [ 8529698.056600000709295, 3643267.652699999511242 ], [ 8529699.770599998533726, 3643321.558899998664856 ], [ 8529691.615299999713898, 3643366.92790000140667 ], [ 8529690.3761, 3643373.82150000333786 ], [ 8529707.6908, 3643412.332400001585484 ], [ 8529705.64750000089407, 3643441.07320000231266 ], [ 8529715.555100001394749, 3643498.99889999628067 ], [ 8529728.78319999948144, 3643537.553999997675419 ], [ 8529719.105399999767542, 3643561.091399997472763 ], [ 8529690.520599998533726, 3643618.826099999248981 ], [ 8529682.498799998313189, 3643648.773699998855591 ], [ 8529678.711100000888109, 3643662.913999997079372 ], [ 8529690.613499999046326, 3643686.235500000417233 ], [ 8529713.673599999397993, 3643717.065099999308586 ], [ 8529732.612700000405312, 3643744.424500003457069 ], [ 8529742.205200001597404, 3643769.529899999499321 ], [ 8529744.171, 3643790.606700003147125 ], [ 8529728.925900001078844, 3643840.593599997460842 ], [ 8529725.149399999529123, 3643871.6908999979496 ], [ 8529742.496399998664856, 3643914.310000002384186 ], [ 8529756.147300001233816, 3643937.614600002765656 ], [ 8529783.291499998420477, 3643968.149599999189377 ], [ 8529805.7162000015378, 3643993.375500001013279 ], [ 8529834.612199999392033, 3644024.156099997460842 ], [ 8529836.649700000882149, 3644053.378600001335144 ], [ 8529836.653799999505281, 3644053.435500003397465 ], [ 8529836.280299998819828, 3644074.551100000739098 ], [ 8529819.226599998772144, 3644118.679999999701977 ], [ 8529809.738699998706579, 3644160.98589999973774 ], [ 8529819.347100000828505, 3644188.430399999022484 ], [ 8529834.57319999858737, 3644252.171300001442432 ], [ 8529834.695999998599291, 3644321.340700000524521 ], [ 8529850.122900001704693, 3644404.4199 ], [ 8529892.2029, 3644527.67400000244379 ], [ 8529930.4923, 3644622.247100003063679 ], [ 8529944.439399998635054, 3644649.809500001370907 ], [ 8529998.953899998217821, 3644757.542700000107288 ], [ 8530031.659200001507998, 3644819.344899997115135 ], [ 8530071.838300000876188, 3644869.351300001144409 ], [ 8530191.077399998903275, 3645006.475400000810623 ], [ 8530239.368500001728535, 3645051.122900001704693 ], [ 8530352.436700001358986, 3645154.902199998497963 ], [ 8530420.9485, 3645219.825900003314018 ], [ 8530442.31870000064373, 3645240.076899997889996 ], [ 8530446.682199999690056, 3645244.211900003254414 ], [ 8530517.730200000107288, 3645346.06700000166893 ], [ 8530505.948600001633167, 3645392.499200001358986 ], [ 8530507.959399998188019, 3645417.685699999332428 ], [ 8530602.056600000709295, 3645434.901500001549721 ], [ 8530617.977000001817942, 3645441.321699999272823 ], [ 8530645.995099999010563, 3645452.6206 ], [ 8530655.467399999499321, 3645466.010899998247623 ], [ 8530655.30689999833703, 3645466.997400000691414 ], [ 8530647.818300001323223, 3645513.028099998831749 ], [ 8530642.284499999135733, 3645547.042900003492832 ], [ 8530617.256499998271465, 3645635.475199997425079 ], [ 8530605.677299998700619, 3645676.38910000026226 ], [ 8530607.906700000166893, 3645722.684000000357628 ], [ 8530623.308800000697374, 3645745.973200000822544 ], [ 8530692.09569999948144, 3645798.033100001513958 ], [ 8530742.342999998480082, 3645861.40990000218153 ], [ 8530748.972800001502037, 3645869.520099997520447 ], [ 8530805.557700000703335, 3645938.736400000751019 ], [ 8530831.500900000333786, 3645953.685500003397465 ], [ 8530832.553599998354912, 3645954.292099997401237 ], [ 8530861.313299998641014, 3645913.535599999129772 ], [ 8530886.184300001710653, 3645892.768500000238419 ], [ 8530920.473799999803305, 3645862.277999997138977 ], [ 8530920.873399998992682, 3645861.922600001096725 ], [ 8530970.668699998408556, 3645880.755400002002716 ], [ 8531039.811500001698732, 3645909.951200000941753 ], [ 8531074.488400001078844, 3645934.794299997389317 ], [ 8531091.762699998915195, 3645969.795500002801418 ], [ 8531093.296799998730421, 3646006.128200002014637 ], [ 8531091.810100000351667, 3646031.931999996304512 ], [ 8531095.44709999859333, 3646045.383900001645088 ], [ 8531096.55629999935627, 3646046.642700001597404 ], [ 8531110.8004, 3646062.808499999344349 ], [ 8531160.722600001841784, 3646095.720799997448921 ], [ 8531208.943399999290705, 3646132.152699999511242 ], [ 8531233.758499998599291, 3646162.967399999499321 ], [ 8531281.714299999177456, 3646230.478699997067451 ], [ 8531298.864199999719858, 3646310.035099998116493 ], [ 8531299.104499999433756, 3646390.943099997937679 ], [ 8531297.558200001716614, 3646414.6266999989748 ], [ 8531293.052700001746416, 3646483.629199996590614 ], [ 8531293.445300001651049, 3646522.3213 ], [ 8531295.305599998682737, 3646589.725900001823902 ], [ 8531285.448800001293421, 3646653.146700002253056 ], [ 8531305.0810999982059, 3646689.879100002348423 ], [ 8531331.672699999064207, 3646723.027699999511242 ], [ 8531364.231600001454353, 3646769.008400000631809 ], [ 8531370.347199998795986, 3646796.49099999666214 ], [ 8531333.835200000554323, 3646877.19709999859333 ], [ 8531326.081399999558926, 3646917.724299997091293 ], [ 8531322.18189999833703, 3646993.40820000320673 ], [ 8531307.000500001013279, 3647049.260099999606609 ], [ 8531293.489, 3647097.472699999809265 ], [ 8531268.193, 3647134.090300001204014 ], [ 8531237.481699999421835, 3647155.514799997210503 ], [ 8531201.512899998575449, 3647232.685900002717972 ], [ 8531195.793299999088049, 3647301.929700002074242 ], [ 8531191.090399999171495, 3647373.938799999654293 ], [ 8531189.24040000140667, 3647402.265500001609325 ], [ 8531175.652499999850988, 3647500.901799999177456 ], [ 8531135.223200000822544, 3647713.57490000128746 ], [ 8531124.554200001060963, 3647755.19990000128746 ], [ 8531102.6765, 3647840.556000001728535 ], [ 8531089.579100001603365, 3647871.770000003278255 ], [ 8531041.200899999588728, 3647877.541599996387959 ], [ 8531008.566500000655651, 3647881.399700000882149 ], [ 8531008.209300000220537, 3647881.247900001704693 ], [ 8530945.266399998217821, 3647854.489500001072884 ], [ 8530881.86089999973774, 3647817.616499997675419 ], [ 8530799.209199998527765, 3647780.934900000691414 ], [ 8530757.4364, 3647769.082500003278255 ], [ 8530745.366700001060963, 3647765.657899998128414 ], [ 8530744.839699998497963, 3647765.894100002944469 ], [ 8530727.946899998933077, 3647773.465999998152256 ], [ 8530695.375799998641014, 3647841.22410000115633 ], [ 8530640.178399998694658, 3647922.125699996948242 ], [ 8530622.869600001722574, 3647941.652500003576279 ], [ 8530621.594099998474121, 3647941.420000001788139 ], [ 8530580.187699999660254, 3647933.872900001704693 ], [ 8530579.145199999213219, 3647933.919799998402596 ], [ 8530495.615699999034405, 3647937.680799998342991 ], [ 8530495.227099999785423, 3647937.602600000798702 ], [ 8530455.786499999463558, 3647929.66669999808073 ], [ 8530409.655999999493361, 3647920.384700000286102 ], [ 8530369.208599999547005, 3647902.615599997341633 ], [ 8530357.688499998301268, 3647896.076200000941753 ], [ 8530298.1963, 3647862.305200003087521 ], [ 8530104.05799999833107, 3647765.781400002539158 ], [ 8529933.183800000697374, 3647717.689400002360344 ], [ 8529918.529599998146296, 3647716.468400001525879 ], [ 8529864.267000000923872, 3647711.947300001978874 ], [ 8529864.211500000208616, 3647712.021300002932549 ], [ 8529852.750199999660254, 3647727.303300000727177 ], [ 8529839.155299998819828, 3647767.905599996447563 ], [ 8529807.992199998348951, 3647834.087200000882149 ], [ 8529791.165600001811981, 3647869.82209999859333 ], [ 8529769.950399998575449, 3647906.988799996674061 ], [ 8529768.558600001037121, 3647906.828000001609325 ], [ 8529737.238299999386072, 3647903.209499999880791 ], [ 8529691.0768, 3647897.230800002813339 ], [ 8529562.624600000679493, 3647853.2434 ], [ 8529556.394900001585484, 3647851.110100001096725 ], [ 8529470.36089999973774, 3647825.604299999773502 ], [ 8529364.704100001603365, 3647821.989699997007847 ], [ 8529270.225699998438358, 3647827.62950000166893 ], [ 8529206.854200001806021, 3647841.289499998092651 ], [ 8529153.189800001680851, 3647852.857100002467632 ], [ 8529061.065000001341105, 3647860.83219999819994 ], [ 8529060.304200001060963, 3647860.716499999165535 ], [ 8528963.471999999135733, 3647845.989500001072884 ], [ 8528963.411200001835823, 3647846.145599998533726 ], [ 8528948.106800001114607, 3647885.432899996638298 ], [ 8528909.299400001764297, 3647972.600100003182888 ], [ 8528859.442800000309944, 3648063.406900003552437 ], [ 8528834.343899998813868, 3648121.121799997985363 ], [ 8528805.477099999785423, 3648209.954599998891354 ], [ 8528792.579700000584126, 3648262.267200000584126 ], [ 8528761.34910000115633, 3648291.321099996566772 ], [ 8528720.969399999827147, 3648337.461900003254414 ], [ 8528705.639199998229742, 3648379.839000001549721 ], [ 8528662.203299999237061, 3648471.752300001680851 ], [ 8528637.163600001484156, 3648535.334399998188019 ], [ 8528592.924899999052286, 3648604.970399998128414 ], [ 8528576.377099998295307, 3648622.574100002646446 ], [ 8528562.318599998950958, 3648637.529700003564358 ], [ 8528506.593699999153614, 3648666.8235 ], [ 8528427.510899998247623, 3648695.765600003302097 ], [ 8528391.364900000393391, 3648699.652300000190735 ], [ 8528333.682700000703335, 3648709.025499999523163 ], [ 8528332.855900000780821, 3648708.862000003457069 ], [ 8528285.7368, 3648699.544799998402596 ], [ 8528251.153099998831749, 3648684.059600003063679 ], [ 8528224.2324, 3648676.1199000030756 ], [ 8528223.519799999892712, 3648676.280199997127056 ], [ 8528172.401900000870228, 3648687.782499998807907 ], [ 8528151.530200000852346, 3648707.892700001597404 ], [ 8528124.433499999344349, 3648734.000600002706051 ], [ 8528089.534200001507998, 3648745.502700001001358 ], [ 8528076.704, 3648752.072700001299381 ], [ 8527987.92509999871254, 3648797.534000001847744 ], [ 8527962.888900000602007, 3648803.647299997508526 ], [ 8527961.7423, 3648803.504000000655651 ], [ 8527932.5022, 3648799.849399998784065 ], [ 8527903.712400000542402, 3648780.206000000238419 ], [ 8527899.1316, 3648775.69539999961853 ], [ 8527888.386300001293421, 3648765.114799998700619 ], [ 8527817.333299998193979, 3648720.670400001108646 ], [ 8527772.901999998837709, 3648712.91160000115633 ], [ 8527772.302999999374151, 3648712.994000002741814 ], [ 8527690.151299998164177, 3648724.299099996685982 ], [ 8527651.836899999529123, 3648745.202299997210503 ], [ 8527603.86430000141263, 3648792.012699998915195 ], [ 8527580.161100000143051, 3648813.946400001645088 ], [ 8527524.775299999862909, 3648826.293399997055531 ], [ 8527519.590799998492002, 3648827.449199996888638 ], [ 8527464.189500000327826, 3648830.344999998807907 ], [ 8527395.084699999541044, 3648830.251199997961521 ], [ 8527309.526500001549721, 3648830.135099999606609 ], [ 8527298.5132, 3648836.6941 ], [ 8527298.638300001621246, 3648850.183399997651577 ], [ 8527300.608399998396635, 3648872.442199997603893 ], [ 8527305.324499998241663, 3648936.317900002002716 ], [ 8527324.401399999856949, 3649035.811899997293949 ], [ 8527336.235199999064207, 3649110.7588 ], [ 8527334.177000001072884, 3649138.927699998021126 ], [ 8527332.135499998927116, 3649142.7346 ], [ 8527325.0135000012815, 3649156.014499999582767 ], [ 8527285.884100001305342, 3649271.348499998450279 ], [ 8527256.721000000834465, 3649391.270300000905991 ], [ 8527256.839699998497963, 3649461.637299999594688 ], [ 8527289.502999998629093, 3649518.772900000214577 ], [ 8527361.369800001382828, 3649585.501299999654293 ], [ 8527414.151999998837709, 3649621.925700001418591 ], [ 8527473.607500001788139, 3649662.954700000584126 ], [ 8527539.622000001370907, 3649727.973800003528595 ], [ 8527557.666799999773502, 3649782.915399998426437 ], [ 8527561.753800000995398, 3649900.168399997055531 ], [ 8527545.093199998140335, 3650103.242700003087521 ], [ 8527554.276099998503923, 3650145.956200003623962 ], [ 8527624.437100000679493, 3650217.975299999117851 ], [ 8527721.663800001144409, 3650310.251400001347065 ], [ 8527782.006299998611212, 3650391.744400002062321 ], [ 8527873.829799998551607, 3650528.649099998176098 ], [ 8527984.432300001382828, 3650674.735200002789497 ], [ 8528008.279199998825788, 3650705.521200001239777 ], [ 8528010.45380000025034, 3650708.328699998557568 ], [ 8528075.493599999696016, 3650792.293700002133846 ], [ 8528132.954799998551607, 3650877.338899999856949 ], [ 8528169.729899998754263, 3650936.204199999570847 ], [ 8528191.637200001627207, 3650967.650600001215935 ], [ 8528239.250500001013279, 3651001.191500000655651 ], [ 8528257.582800000905991, 3651025.048100002110004 ], [ 8528257.693799998611212, 3651036.199500001966953 ], [ 8528257.805300001055002, 3651047.338899999856949 ], [ 8528247.353100001811981, 3651081.296300001442432 ], [ 8528239.152399998158216, 3651107.939099997282028 ], [ 8528178.403900001198053, 3651198.897200003266335 ], [ 8528156.339600000530481, 3651231.933799996972084 ], [ 8528073.804699998348951, 3651326.01519999653101 ], [ 8528069.983800001442432, 3651351.865699999034405 ], [ 8528079.55689999833703, 3651376.401600003242493 ], [ 8528117.774900000542402, 3651404.171599999070168 ], [ 8528182.374899998307228, 3651442.813900001347065 ], [ 8528252.283300001174212, 3651487.271899998188019 ], [ 8528292.429999999701977, 3651533.194899998605251 ], [ 8528299.971999999135733, 3651549.20610000193119 ], [ 8528345.500399999320507, 3651645.861599996685982 ], [ 8528354.570700000971556, 3651667.538199998438358 ], [ 8528413.685100000351667, 3651808.811099998652935 ], [ 8528434.087799999862909, 3651982.219700001180172 ], [ 8528453.67850000038743, 3652014.288599997758865 ], [ 8528440.091899998486042, 3652014.69709999859333 ], [ 8528277.443399999290705, 3652019.5878000035882 ], [ 8528246.6338, 3652032.212899997830391 ], [ 8528226.645500000566244, 3652076.991899996995926 ], [ 8528219.998599998652935, 3652092.342100001871586 ], [ 8528192.976300001144409, 3652154.747100003063679 ], [ 8528180.320799998939037, 3652173.058899998664856 ], [ 8528179.181200001388788, 3652172.542000003159046 ], [ 8528115.811799999326468, 3652143.79730000346899 ], [ 8527971.612700000405312, 3652085.591700002551079 ], [ 8527922.993099998682737, 3652065.966499999165535 ], [ 8527884.327799998223782, 3652052.872100003063679 ], [ 8527884.207899998873472, 3652053.295199997723103 ], [ 8527876.996500000357628, 3652078.745700001716614 ], [ 8527880.507500000298023, 3652254.682099997997284 ], [ 8527851.326900001615286, 3652372.869599997997284 ], [ 8527803.734900001436472, 3652459.573399998247623 ], [ 8527733.637800000607967, 3652513.067199997603893 ], [ 8527663.477899998426437, 3652561.275399997830391 ], [ 8527579.293999999761581, 3652576.874700002372265 ], [ 8527532.959499999880791, 3652585.460500001907349 ], [ 8527334.695300001651049, 3652607.397399999201298 ], [ 8527288.8673, 3652637.183399997651577 ], [ 8527273.870400000363588, 3652655.509800001978874 ], [ 8527274.175799999386072, 3652686.604000002145767 ], [ 8527299.832600001245737, 3652742.060999996960163 ], [ 8527348.234700001776218, 3652795.552199997007847 ], [ 8527353.507599998265505, 3652856.500299997627735 ], [ 8527386.399399999529123, 3652935.941100001335144 ], [ 8527405.395899999886751, 3652965.748400002717972 ], [ 8527451.034499999135733, 3653037.359499998390675 ], [ 8527476.821400001645088, 3653085.874200001358986 ], [ 8527502.205299999564886, 3653133.630800001323223 ], [ 8527528.132599998265505, 3653217.262299999594688 ], [ 8527548.207800000905991, 3653298.5912000015378 ], [ 8527549.888399999588728, 3653350.203599996864796 ], [ 8527546.182300001382828, 3653388.95610000193119 ], [ 8527550.152899999171495, 3653435.256899997591972 ], [ 8527561.214099999517202, 3653490.873099997639656 ], [ 8527587.147999998182058, 3653521.237199999392033 ], [ 8527592.511500000953674, 3653527.51690000295639 ], [ 8527652.817699998617172, 3653544.50959999859333 ], [ 8527662.4276, 3653571.983199998736382 ], [ 8527651.857799999415874, 3653600.558700002729893 ], [ 8527651.0548, 3653602.729699999094009 ], [ 8527641.957899998873472, 3653627.323299996554852 ], [ 8527605.05689999833703, 3653674.036399997770786 ], [ 8527584.922400001436472, 3653703.56870000064373 ], [ 8527572.039799999445677, 3653758.843400001525879 ], [ 8527581.045800000429153, 3653842.056599996984005 ], [ 8527573.696199998259544, 3653866.174699999392033 ], [ 8527553.628400001674891, 3653902.750699996948242 ], [ 8527533.568999998271465, 3653940.353399999439716 ], [ 8527527.830299999564886, 3653951.111000001430511 ], [ 8527505.593400001525879, 3654004.723099999129772 ], [ 8527463.484299998730421, 3654056.179499998688698 ], [ 8527430.645100001245737, 3654100.50959999859333 ], [ 8527421.015000000596046, 3654130.523299999535084 ], [ 8527421.107700001448393, 3654198.570699997246265 ], [ 8527441.429999999701977, 3654246.469499997794628 ], [ 8527489.335700001567602, 3654307.589000001549721 ], [ 8527509.361099999397993, 3654383.649300001561642 ], [ 8527505.671100001782179, 3654424.174199998378754 ], [ 8527518.86879999935627, 3654459.241599999368191 ], [ 8527532.534699998795986, 3654483.157600000500679 ], [ 8527546.201200000941753, 3654507.073299996554852 ], [ 8527583.956799998879433, 3654542.277699999511242 ], [ 8527601.590900000184774, 3654558.719899997115135 ], [ 8527672.876499999314547, 3654623.125699996948242 ], [ 8527722.967599999159575, 3654669.561200000345707 ], [ 8527816.656199999153614, 3654754.852200001478195 ], [ 8527838.568, 3654786.318999998271465 ], [ 8527870.16330000013113, 3654851.118000000715256 ], [ 8527927.109000001102686, 3654941.481600001454353 ], [ 8527924.959300000220537, 3654959.694799996912479 ], [ 8527875.885600000619888, 3654987.678599998354912 ], [ 8527895.83839999884367, 3655005.742299996316433 ], [ 8527897.527800001204014, 3655007.271700002253056 ], [ 8527954.283300001174212, 3655058.653800003230572 ], [ 8528039.016199998557568, 3655202.705600000917912 ], [ 8528080.804499998688698, 3655276.1963 ], [ 8527972.111900001764297, 3655301.036200001835823 ], [ 8527913.291900001466274, 3655423.458099998533726 ], [ 8527969.805799998342991, 3655626.675300002098083 ], [ 8527990.207499999552965, 3655756.091300003230572 ], [ 8528000.0702, 3655818.654500000178814 ], [ 8527926.304400000721216, 3655874.720299996435642 ], [ 8527925.041600000113249, 3655874.5493 ], [ 8527819.506799999624491, 3655860.259199999272823 ], [ 8527688.88910000026226, 3655782.678300000727177 ], [ 8527639.490499999374151, 3655753.3378000035882 ], [ 8527638.627599999308586, 3655753.70269999653101 ], [ 8527619.384500000625849, 3655761.838799998164177 ], [ 8527618.148899998515844, 3655761.725500002503395 ], [ 8527579.066700000315905, 3655758.142800003290176 ], [ 8527536.3462999984622, 3655749.174500003457069 ], [ 8527508.678199999034405, 3655726.580399997532368 ], [ 8527494.131000000983477, 3655673.330300003290176 ], [ 8527492.930100001394749, 3655666.285499997437 ], [ 8527454.756900001317263, 3655643.611599996685982 ], [ 8527266.916499998420477, 3655595.995999999344349 ], [ 8527266.449999999254942, 3655596.241099998354912 ], [ 8527234.410199999809265, 3655613.074000000953674 ], [ 8527160.451499998569489, 3655651.929999999701977 ], [ 8527061.888300001621246, 3655781.844200000166893 ], [ 8527065.316100001335144, 3655837.699299998581409 ], [ 8527072.480099998414516, 3655954.433899998664856 ], [ 8527096.9551, 3655955.997500002384186 ], [ 8527111.909499999135733, 3655960.147299997508526 ], [ 8527235.723400000482798, 3655994.505000002682209 ], [ 8527508.569200001657009, 3656068.635799996554852 ], [ 8527593.428599998354912, 3656087.734399996697903 ], [ 8527728.111400000751019, 3656125.687399998307228 ], [ 8527855.3092, 3656173.69650000333786 ], [ 8528035.574000000953674, 3656273.975500002503395 ], [ 8528240.072299998253584, 3656402.761500000953674 ], [ 8528322.913199998438358, 3656452.972900003194809 ], [ 8528395.354200001806021, 3656515.023400001227856 ], [ 8528484.428800001740456, 3656605.066299997270107 ], [ 8528531.885400000959635, 3656678.52080000191927 ], [ 8528597.349899999797344, 3656801.071599997580051 ], [ 8528636.747400000691414, 3656884.998800002038479 ], [ 8528637.925500001758337, 3656887.508599996566772 ], [ 8528644.4342, 3656910.877099998295307 ], [ 8528658.413600001484156, 3656961.067699998617172 ], [ 8528661.555799998342991, 3656972.349200002849102 ], [ 8528689.861299999058247, 3657058.906499996781349 ], [ 8528703.120700001716614, 3657157.346500001847744 ], [ 8528708.017400000244379, 3657238.267499998211861 ], [ 8528715.409800000488758, 3657334.429099999368191 ], [ 8528727.845199998468161, 3657409.998199999332428 ], [ 8528733.958799999207258, 3657423.23139999806881 ], [ 8528747.545299999415874, 3657452.639799997210503 ], [ 8528815.8607, 3657510.031599998474121 ], [ 8528868.826299998909235, 3657549.984200000762939 ], [ 8528911.209499999880791, 3657584.181900002062321 ], [ 8528939.169199999421835, 3657634.363099999725819 ], [ 8528993.464400000870228, 3657748.822899997234344 ], [ 8529016.454100001603365, 3657780.529700003564358 ], [ 8529050.906100001186132, 3657828.045000001788139 ], [ 8529141.059999998658895, 3657907.522100001573563 ], [ 8529177.313799999654293, 3657929.344800002872944 ], [ 8529250.3585, 3657973.31360000371933 ], [ 8529304.77760000154376, 3658005.722499996423721 ], [ 8529377.260499998927116, 3658048.889200001955032 ], [ 8529499.401399999856949, 3658114.537900000810623 ], [ 8529617.393399998545647, 3658173.778099998831749 ], [ 8529686.904599998146296, 3658232.337700001895428 ], [ 8529747.670699998736382, 3658293.335100002586842 ], [ 8529765.235399998724461, 3658315.008500002324581 ], [ 8529823.676899999380112, 3658387.120700001716614 ], [ 8529824.556200001388788, 3658388.205899998545647 ], [ 8529872.412900000810623, 3658442.882299996912479 ], [ 8529905.870700001716614, 3658458.963299997150898 ], [ 8529976.156100001186132, 3658478.199699997901917 ], [ 8530057.86430000141263, 3658506.966700002551079 ], [ 8530065.2423, 3658509.564300000667572 ], [ 8530139.8614999987185, 3658552.815600000321865 ], [ 8530229.877900000661612, 3658617.616300001740456 ], [ 8530321.573899999260902, 3658675.947200000286102 ], [ 8530398.63120000064373, 3658728.557599999010563 ], [ 8530432.711399998515844, 3658749.333099998533726 ], [ 8530466.153099998831749, 3658763.666599996387959 ], [ 8530485.2522, 3658773.651900000870228 ], [ 8530491.534299999475479, 3658776.936300002038479 ], [ 8530534.115800000727177, 3658799.198600001633167 ], [ 8530563.033399999141693, 3658814.317199997603893 ], [ 8530689.813099998980761, 3658875.212399996817112 ], [ 8530720.904500000178814, 3658888.978500001132488 ], [ 8530787.311299998313189, 3658928.7871999964118 ], [ 8530894.697299998253584, 3658978.156199999153614 ], [ 8530989.980399999767542, 3659042.902500003576279 ], [ 8531062.4463, 3659104.356700003147125 ], [ 8531129.391399998217821, 3659151.408600002527237 ], [ 8531188.35020000115037, 3659192.846699997782707 ], [ 8531265.951299998909235, 3659299.44539999961853 ], [ 8531308.348499998450279, 3659332.464199997484684 ], [ 8531426.718499999493361, 3659369.965499997138977 ], [ 8531467.963199999183416, 3659404.750399999320507 ], [ 8531527.810699999332428, 3659431.713200002908707 ], [ 8531593.476300001144409, 3659455.096799999475479 ], [ 8531664.503600001335144, 3659490.167599998414516 ], [ 8531706.3728, 3659529.053099997341633 ], [ 8531729.667199999094009, 3659578.102099999785423 ], [ 8531764.425799999386072, 3659664.608300000429153 ], [ 8531786.436000000685453, 3659702.519799999892712 ], [ 8531860.554000001400709, 3659757.19539999961853 ], [ 8531861.7665, 3659758.089900001883507 ], [ 8531898.771099999547005, 3659790.56139999628067 ], [ 8531954.304200001060963, 3659839.291500002145767 ], [ 8532127.579500000923872, 3659937.221799999475479 ], [ 8532127.633699998259544, 3659937.252400003373623 ], [ 8532138.592999998480082, 3660037.504900000989437 ], [ 8532131.997299998998642, 3660076.894599996507168 ], [ 8532108.853199999779463, 3660098.270300000905991 ], [ 8532091.486000001430511, 3660114.296300001442432 ], [ 8532053.783300001174212, 3660139.920999996364117 ], [ 8532012.5801, 3660165.593099996447563 ], [ 8531999.972300000488758, 3660189.787000000476837 ], [ 8531994.332299999892712, 3660266.145999997854233 ], [ 8531994.191799998283386, 3660308.992799997329712 ], [ 8531980.566100001335144, 3660346.693999998271465 ], [ 8531965.514899998903275, 3660359.769900001585484 ], [ 8531950.998399998992682, 3660368.724600002169609 ], [ 8531932.568999998271465, 3660394.145499996840954 ], [ 8531922.188000001013279, 3660407.167000003159046 ], [ 8531906.478199999779463, 3660412.611699998378754 ], [ 8531877.932199999690056, 3660419.959399998188019 ], [ 8531865.227600000798702, 3660434.766199998557568 ], [ 8531861.704100001603365, 3660445.221500001847744 ], [ 8531861.2599, 3660446.539300002157688 ], [ 8531866.136399999260902, 3660462.497400000691414 ], [ 8531868.887600000947714, 3660471.50110000371933 ], [ 8531869.125999998301268, 3660472.281300000846386 ], [ 8531872.247099999338388, 3660492.207500003278255 ], [ 8531868.841299999505281, 3660502.224299997091293 ], [ 8531854.873799998313189, 3660506.475199997425079 ], [ 8531854.32660000026226, 3660506.298100002110004 ], [ 8531835.528200000524521, 3660500.214199997484684 ], [ 8531828.3213, 3660495.433499999344349 ], [ 8531812.006799999624491, 3660484.611400000751019 ], [ 8531794.366599999368191, 3660474.233400002121925 ], [ 8531793.28940000012517, 3660474.583999998867512 ], [ 8531785.050200000405312, 3660477.265600003302097 ], [ 8531780.528099998831749, 3660491.983400002121925 ], [ 8531780.778799999505281, 3660494.467799998819828 ], [ 8531782.480700001120567, 3660511.334700003266335 ], [ 8531786.449799999594688, 3660520.136 ], [ 8531790.834100000560284, 3660529.858199998736382 ], [ 8531798.024500001221895, 3660545.802699998021126 ], [ 8531798.618000000715256, 3660563.957299999892712 ], [ 8531798.874800000339746, 3660571.810099996626377 ], [ 8531798.887800000607967, 3660572.20889999717474 ], [ 8531794.381099998950958, 3660589.279200002551079 ], [ 8531782.2599, 3660602.900499999523163 ], [ 8531768.3246, 3660611.262900002300739 ], [ 8531749.077500000596046, 3660613.807700000703335 ], [ 8531748.960999999195337, 3660613.734999999403954 ], [ 8531736.135299999266863, 3660605.728100001811981 ], [ 8531715.489799998700619, 3660585.988099999725819 ], [ 8531702.619100000709295, 3660584.36089999973774 ], [ 8531701.9923, 3660584.578000001609325 ], [ 8531678.171900000423193, 3660592.82769999653101 ], [ 8531650.910100001841784, 3660611.3015 ], [ 8531616.162799999117851, 3660639.836300000548363 ], [ 8531600.54619999974966, 3660655.262699998915195 ], [ 8531534.963199999183416, 3660696.435599997639656 ], [ 8531466.060199998319149, 3660756.442199997603893 ], [ 8531426.612300001084805, 3660783.260499998927116 ], [ 8531412.0702, 3660789.279500000178814 ], [ 8531410.800599999725819, 3660789.292499996721745 ], [ 8531409.579, 3660789.304999999701977 ], [ 8531386.375199999660254, 3660789.542700000107288 ], [ 8531380.9923, 3660777.272100001573563 ], [ 8531380.974399998784065, 3660777.031499996781349 ], [ 8531378.9507, 3660749.708599999547005 ], [ 8531378.6184, 3660749.712099999189377 ], [ 8531353.83500000089407, 3660749.973800003528595 ], [ 8531327.540800001472235, 3660749.070200003683567 ], [ 8531303.585900001227856, 3660748.733400002121925 ], [ 8531302.983300000429153, 3660748.848300002515316 ], [ 8531280.844000000506639, 3660753.070500001311302 ], [ 8531271.598600000143051, 3660762.555100001394749 ], [ 8531268.2467, 3660777.265299998223782 ], [ 8531261.171100001782179, 3660805.974399998784065 ], [ 8531259.834499999880791, 3660811.397399999201298 ], [ 8531253.638399999588728, 3660834.355599999427795 ], [ 8531253.111900001764297, 3660835.082900002598763 ], [ 8531236.941599998623133, 3660857.418700002133846 ], [ 8531233.048300001770258, 3660873.180699996650219 ], [ 8531233.017900001257658, 3660873.30349999666214 ], [ 8531236.521200001239777, 3660888.612999998033047 ], [ 8531238.512299999594688, 3660897.3147 ], [ 8531235.739999998360872, 3660912.015100002288818 ], [ 8531218.365499999374151, 3660926.282700002193451 ], [ 8531196.214299999177456, 3660930.622400000691414 ], [ 8531195.458799999207258, 3660930.580600000917912 ], [ 8531169.3310999982059, 3660929.133900001645088 ], [ 8531166.470100000500679, 3660929.214900001883507 ], [ 8531136.621199999004602, 3660930.059900000691414 ], [ 8531135.625399999320507, 3660930.147200003266335 ], [ 8531113.863600000739098, 3660932.056100003421307 ], [ 8531068.538499999791384, 3660955.418300002813339 ], [ 8531054.021000001579523, 3660964.372299998998642 ], [ 8531047.119100000709295, 3660969.194700002670288 ], [ 8531039.522999998182058, 3660974.50280000269413 ], [ 8531021.530099999159575, 3660986.4265 ], [ 8531005.888700000941753, 3660998.917000003159046 ], [ 8530961.645199999213219, 3661014.048699997365475 ], [ 8530938.429099999368191, 3661028.36540000140667 ], [ 8530926.067899998277426, 3661055.6426 ], [ 8530921.860300000756979, 3661064.927500002086163 ], [ 8530920.984200000762939, 3661068.04169999808073 ], [ 8530919.383099999278784, 3661073.733900003135204 ], [ 8530919.045299999415874, 3661074.934500001370907 ], [ 8530942.048900000751019, 3661096.4199 ], [ 8530956.122999999672174, 3661102.139700002968311 ], [ 8530988.251499999314547, 3661101.817800000309944 ], [ 8531011.052799999713898, 3661101.929399996995926 ], [ 8531026.8108000010252, 3661102.0066 ], [ 8531072.861299999058247, 3661108.454099997878075 ], [ 8531073.612700000405312, 3661108.559299997985363 ], [ 8531091.083500001579523, 3661103.67960000038147 ], [ 8531110.15819999948144, 3661083.536499999463558 ], [ 8531144.320500001311302, 3661053.835600003600121 ], [ 8531161.839299999177456, 3661050.338500000536442 ], [ 8531162.969500001519918, 3661050.112899996340275 ], [ 8531176.456599999219179, 3661054.677699998021126 ], [ 8531184.725999999791384, 3661063.394400000572205 ], [ 8531184.798599999397993, 3661070.982100002467632 ], [ 8531184.872099999338388, 3661078.652099996805191 ], [ 8531183.410700000822544, 3661096.576700001955032 ], [ 8531182.286200001835823, 3661110.37049999833107 ], [ 8531184.132399998605251, 3661119.740900002419949 ], [ 8531195.927000001072884, 3661131.357500001788139 ], [ 8531208.297400001436472, 3661140.623999997973442 ], [ 8531213.715199999511242, 3661156.412500001490116 ], [ 8531226.961399998515844, 3661195.020900003612041 ], [ 8531229.04109999909997, 3661201.0779 ], [ 8531229.3717, 3661202.040700003504753 ], [ 8531224.760299999266863, 3661208.547600001096725 ], [ 8531177.226300001144409, 3661244.248700000345707 ], [ 8531171.77589999884367, 3661256.072899997234344 ], [ 8531171.517400000244379, 3661256.6338 ], [ 8531174.857599999755621, 3661274.091399997472763 ], [ 8531176.131799999624491, 3661280.752099998295307 ], [ 8531176.449999999254942, 3661282.413999997079372 ], [ 8531189.052499998360872, 3661315.744099996984005 ], [ 8531195.045299999415874, 3661348.554499998688698 ], [ 8531200.822200000286102, 3661380.181999996304512 ], [ 8531195.645799998193979, 3661409.895099997520447 ], [ 8531193.649399999529123, 3661421.354500003159046 ], [ 8531193.711199998855591, 3661427.213100001215935 ], [ 8531212.138599999248981, 3661458.722999997437 ], [ 8531360.868700001388788, 3661492.407499998807907 ], [ 8531592.663899999111891, 3661537.549900002777576 ], [ 8531687.58559999987483, 3661661.037000000476837 ], [ 8531724.122000001370907, 3661708.568499997258186 ], [ 8531724.713100001215935, 3661709.337700001895428 ], [ 8531680.495099999010563, 3661726.824500001966953 ], [ 8531679.5912000015378, 3661726.709700003266335 ], [ 8531632.780699998140335, 3661720.764499999582767 ], [ 8531385.665800001472235, 3661689.379299998283386 ], [ 8531384.854400001466274, 3661689.578599996864796 ], [ 8531323.316399998962879, 3661704.695600003004074 ], [ 8531157.163100000470877, 3661745.269500002264977 ], [ 8531069.823399998247623, 3661766.59740000218153 ], [ 8531014.55460000038147, 3661788.8904 ], [ 8531009.877099998295307, 3661792.336099997162819 ], [ 8530987.8766999989748, 3661808.54280000180006 ], [ 8530980.444200001657009, 3661823.286700002849102 ], [ 8530976.015299998223782, 3661847.987999998033047 ], [ 8530948.518199998885393, 3661901.101499997079372 ], [ 8530916.349700000137091, 3661954.269199997186661 ], [ 8530902.785399999469519, 3661967.015000000596046 ], [ 8530902.454900000244379, 3661967.325400002300739 ], [ 8530901.879700001329184, 3661966.567400000989437 ], [ 8530871.079100001603365, 3661925.974500000476837 ], [ 8530846.2357, 3661896.293399997055531 ], [ 8530836.787500001490116, 3661885.19820000231266 ], [ 8530827.506299998611212, 3661874.982699997723103 ], [ 8530805.245200000703335, 3661859.362899996340275 ], [ 8530771.853799998760223, 3661854.156099997460842 ], [ 8530759.80180000141263, 3661852.813799999654293 ], [ 8530748.803300000727177, 3661852.096900001168251 ], [ 8530687.493200000375509, 3661854.48589999973774 ], [ 8530656.347300000488758, 3661850.389799997210503 ], [ 8530633.835900001227856, 3661847.647299997508526 ], [ 8530632.619300000369549, 3661847.782799996435642 ], [ 8530628.084800001233816, 3661848.287900000810623 ], [ 8530609.754599999636412, 3661851.180799998342991 ], [ 8530578.476100001484156, 3661877.32769999653101 ], [ 8530575.243900001049042, 3661911.801899999380112 ], [ 8530574.785000000149012, 3661916.695900000631809 ], [ 8530574.118000000715256, 3661924.488300003111362 ], [ 8530570.609900001436472, 3661965.462499998509884 ], [ 8530562.058499999344349, 3661986.233999997377396 ], [ 8530559.203699998557568, 3661993.168200001120567 ], [ 8530502.49549999833107, 3662046.577399998903275 ], [ 8530416.950399998575449, 3662079.155100002884865 ], [ 8530409.863400001078844, 3662081.035999998450279 ], [ 8530368.596599999815226, 3662091.988600000739098 ], [ 8530324.954100001603365, 3662118.409999996423721 ], [ 8530316.330800000578165, 3662123.630599997937679 ], [ 8530266.66499999910593, 3662150.252300001680851 ], [ 8530202.4529, 3662184.670900002121925 ], [ 8530191.477899998426437, 3662190.910599999129772 ], [ 8530164.008699998259544, 3662206.528200000524521 ], [ 8530163.536699999123812, 3662206.796599999070168 ], [ 8530163.337699998170137, 3662206.154399998486042 ], [ 8530152.656300000846386, 3662171.686999998986721 ], [ 8530142.012299999594688, 3662159.899499997496605 ], [ 8530124.296, 3662140.280000001192093 ], [ 8530076.609200000762939, 3662103.785800002515316 ], [ 8530074.253800000995398, 3662102.182899996638298 ], [ 8530038.367199998348951, 3662077.761200003325939 ], [ 8530000.697500001639128, 3662050.561599999666214 ], [ 8529974.229400001466274, 3662046.311300002038479 ], [ 8529945.6952, 3662041.729000002145767 ], [ 8529915.248199999332428, 3662034.414300002157688 ], [ 8529865.953899998217821, 3662004.579999998211861 ], [ 8529864.690000001341105, 3662003.815200001001358 ], [ 8529862.785100001841784, 3662002.78999999910593 ], [ 8529816.526900000870228, 3661977.895400002598763 ], [ 8529803.465799998492002, 3661975.648000001907349 ], [ 8529784.335400000214577, 3661972.356100000441074 ], [ 8529767.957499999552965, 3661971.791599996387959 ], [ 8529758.039500001817942, 3661971.449500001966953 ], [ 8529726.473600000143051, 3661969.418300002813339 ], [ 8529702.385200001299381, 3661956.7550999969244 ], [ 8529670.526000000536442, 3661925.382200002670288 ], [ 8529670.289200000464916, 3661924.782600000500679 ], [ 8529662.500900000333786, 3661905.045100003480911 ], [ 8529655.530900001525879, 3661887.381800003349781 ], [ 8529647.7566, 3661865.55179999768734 ], [ 8529638.2787000015378, 3661838.938500002026558 ], [ 8529623.663100000470877, 3661797.898800000548363 ], [ 8529617.856600001454353, 3661770.569899998605251 ], [ 8529615.074400000274181, 3661757.475100003182888 ], [ 8529611.056400001049042, 3661751.55179999768734 ], [ 8529573.559099998325109, 3661696.274300001561642 ], [ 8529534.517299998551607, 3661647.358800001442432 ], [ 8529513.366300001740456, 3661626.282799996435642 ], [ 8529486.119699999690056, 3661599.132600001990795 ], [ 8529476.545200001448393, 3661593.036899998784065 ], [ 8529444.381799999624491, 3661572.559500001370907 ], [ 8529418.187600001692772, 3661556.47580000013113 ], [ 8529397.355200000107288, 3661543.684299997985363 ], [ 8529368.452100001275539, 3661531.839400000870228 ], [ 8529320.504200000315905, 3661512.189400002360344 ], [ 8529295.795499999076128, 3661502.449699997901917 ], [ 8529290.005399998277426, 3661500.167400002479553 ], [ 8529239.5472999997437, 3661478.385099999606609 ], [ 8529213.164700001478195, 3661469.25450000166893 ], [ 8529157.61710000038147, 3661464.540600001811981 ], [ 8529115.52250000089407, 3661460.864 ], [ 8529094.202500000596046, 3661450.98309999704361 ], [ 8529093.320700000971556, 3661450.574400000274181 ], [ 8529093.21229999884963, 3661450.52419999986887 ], [ 8529074.883900001645088, 3661428.399700000882149 ], [ 8529074.5154, 3661427.289700001478195 ], [ 8529073.744800001382828, 3661424.9695999994874 ], [ 8529062.840199999511242, 3661392.13459999859333 ], [ 8529047.104600001126528, 3661337.698299996554852 ], [ 8529037.378600001335144, 3661319.581900000572205 ], [ 8529029.243700001388788, 3661304.429099999368191 ], [ 8528990.971200000494719, 3661274.885200001299381 ], [ 8528973.950300000607967, 3661266.835500001907349 ], [ 8528947.939500000327826, 3661263.912000000476837 ], [ 8528921.31700000166893, 3661260.919799998402596 ], [ 8528843.738000001758337, 3661250.207299999892712 ], [ 8528834.155200000852346, 3661248.88400000333786 ], [ 8528793.915500000119209, 3661230.632200002670288 ], [ 8528793.653599999845028, 3661230.513300001621246 ], [ 8528760.089200001209974, 3661203.850900001823902 ], [ 8528743.538199998438358, 3661184.062700003385544 ], [ 8528736.293099999427795, 3661161.243100002408028 ], [ 8528717.9199, 3661136.780900001525879 ], [ 8528706.102400001138449, 3661121.046999998390675 ], [ 8528665.964099999517202, 3661091.020999997854233 ], [ 8528649.598200000822544, 3661078.778200000524521 ], [ 8528564.546300001442432, 3661043.827100001275539 ], [ 8528480.679900001734495, 3661011.220799997448921 ], [ 8528471.484099999070168, 3661008.820500001311302 ], [ 8528371.171500001102686, 3660982.637100003659725 ], [ 8528359.44480000063777, 3660979.576200000941753 ], [ 8528339.165899999439716, 3660974.114100001752377 ], [ 8528270.138000000268221, 3660955.521099999547005 ], [ 8528187.2314000017941, 3660933.189900003373623 ], [ 8528142.164700001478195, 3660924.841600000858307 ], [ 8528102.190000001341105, 3660920.545199997723103 ], [ 8528077.263300001621246, 3660917.8662 ], [ 8528075.970199998468161, 3660917.937799997627735 ], [ 8528000.780200000852346, 3660922.100699998438358 ], [ 8527999.607599999755621, 3660922.165700003504753 ], [ 8527999.32319999858737, 3660922.197999998927116 ], [ 8527875.325599998235703, 3660936.337399996817112 ], [ 8527861.731800001114607, 3660938.500399999320507 ], [ 8527812.333700001239777, 3660946.360600002110004 ], [ 8527811.966099999845028, 3660946.225100003182888 ], [ 8527768.9518, 3660930.364900000393391 ], [ 8527749.471999999135733, 3660910.017399996519089 ], [ 8527733.708799999207258, 3660886.767499998211861 ], [ 8527725.756400000303984, 3660875.038199998438358 ], [ 8527723.2566, 3660864.858499996364117 ], [ 8527720.473900001496077, 3660853.526299998164177 ], [ 8527712.960900001227856, 3660822.930100001394749 ], [ 8527708.565499998629093, 3660791.26969999819994 ], [ 8527695.368999999016523, 3660757.365500003099442 ], [ 8527655.889199998229742, 3660723.132600001990795 ], [ 8527641.702799998223782, 3660716.101999998092651 ], [ 8527603.642400000244379, 3660697.239699997007847 ], [ 8527551.987100001424551, 3660671.34910000115633 ], [ 8527539.093600001186132, 3660663.640000000596046 ], [ 8527536.900800000876188, 3660662.328900001943111 ], [ 8527511.440400000661612, 3660647.105800002813339 ], [ 8527473.857500001788139, 3660626.937799997627735 ], [ 8527451.030200000852346, 3660622.476000003516674 ], [ 8527450.11939999833703, 3660622.627499997615814 ], [ 8527424.787399999797344, 3660626.841600000858307 ], [ 8527385.162300001829863, 3660636.633100003004074 ], [ 8527339.532499998807907, 3660643.38120000064373 ], [ 8527312.827599998563528, 3660647.330399997532368 ], [ 8527289.555599998682737, 3660656.959600001573563 ], [ 8527286.542199999094009, 3660659.160199999809265 ], [ 8527259.401399999856949, 3660678.979400001466274 ], [ 8527228.001800000667572, 3660692.795299999415874 ], [ 8527226.863699998706579, 3660692.667300000786781 ], [ 8527204.020799998193979, 3660690.098999999463558 ], [ 8527186.916799999773502, 3660673.254100002348423 ], [ 8527182.526399999856949, 3660666.775799997150898 ], [ 8527178.616399999707937, 3660661.006499998271465 ], [ 8527176.935699999332428, 3660637.706699997186661 ], [ 8527176.585099998861551, 3660632.848800003528595 ], [ 8527176.727200001478195, 3660632.347099997103214 ], [ 8527179.049899999052286, 3660624.148299999535084 ], [ 8527183.921900000423193, 3660606.949600003659725 ], [ 8527205.082800000905991, 3660562.14019999653101 ], [ 8527216.296900000423193, 3660500.572999998927116 ], [ 8527217.8279, 3660492.166599996387959 ], [ 8527217.804400000721216, 3660491.919200003147125 ], [ 8527213.260200001299381, 3660444.084499999880791 ], [ 8527209.377700001001358, 3660431.040700003504753 ], [ 8527204.202599998563528, 3660413.654100000858307 ], [ 8527197.489199999719858, 3660399.422399997711182 ], [ 8527197.037099998444319, 3660398.464100003242493 ], [ 8527171.803399998694658, 3660386.388300001621246 ], [ 8527170.472600001841784, 3660386.499399997293949 ], [ 8527147.875900000333786, 3660388.386 ], [ 8527116.698100000619888, 3660390.792300000786781 ], [ 8527112.854200001806021, 3660391.089000001549721 ], [ 8527090.3257, 3660397.706000000238419 ], [ 8527071.494100000709295, 3660403.237099997699261 ], [ 8527049.429200001060963, 3660406.633599996566772 ], [ 8527034.758099999278784, 3660408.891999997198582 ], [ 8527023.426300000399351, 3660409.785599999129772 ], [ 8527017.821100000292063, 3660410.227600000798702 ], [ 8527017.575500000268221, 3660410.154899999499321 ], [ 8526996.73930000141263, 3660403.990099996328354 ], [ 8526988.331199999898672, 3660398.298299998044968 ], [ 8526987.32880000025034, 3660397.619699999690056 ], [ 8526981.922499999403954, 3660383.006999999284744 ], [ 8526976.0287000015378, 3660363.5735 ], [ 8526975.886700000613928, 3660363.104500003159046 ], [ 8526967.571199998259544, 3660356.65089999884367 ], [ 8526967.327599998563528, 3660356.461800001561642 ], [ 8526965.1233000010252, 3660354.75110000371933 ], [ 8526964.699200000613928, 3660354.421800002455711 ], [ 8526963.382399998605251, 3660354.591399997472763 ], [ 8526924.689800001680851, 3660359.575300000607967 ], [ 8526910.447200000286102, 3660361.409800000488758 ], [ 8526909.182700000703335, 3660361.403200000524521 ], [ 8526878.646899998188019, 3660361.244999997317791 ], [ 8526872.610300000756979, 3660361.213699996471405 ], [ 8526872.480599999427795, 3660361.212999999523163 ], [ 8526871.182900000363588, 3660361.028300002217293 ], [ 8526853.171100001782179, 3660358.463600002229214 ], [ 8526846.850099999457598, 3660355.541500002145767 ], [ 8526832.043999999761581, 3660348.696699999272823 ], [ 8526802.413899999111891, 3660317.79389999806881 ], [ 8526801.9441, 3660317.303800001740456 ], [ 8526801.906700000166893, 3660317.285599999129772 ], [ 8526780.819299999624491, 3660306.954800002276897 ], [ 8526744.603000000119209, 3660306.729099996387959 ], [ 8526724.711899999529123, 3660304.571000002324581 ], [ 8526669.592599999159575, 3660282.241499997675419 ], [ 8526656.975600000470877, 3660279.478500001132488 ], [ 8526635.772199999541044, 3660275.346199996769428 ], [ 8526604.606800001114607, 3660275.346100002527237 ], [ 8526580.119800001382828, 3660275.346100002527237 ], [ 8526580.010600000619888, 3660275.363799996674061 ], [ 8526561.255800001323223, 3660278.409500002861023 ], [ 8526539.906599998474121, 3660282.359300002455711 ], [ 8526521.192699998617172, 3660283.9529 ], [ 8526516.570099998265505, 3660284.346600003540516 ], [ 8526515.924499999731779, 3660284.290299996733665 ], [ 8526514.978700000792742, 3660284.207800000905991 ], [ 8526498.4386, 3660282.765799999237061 ], [ 8526487.539200000464916, 3660274.720600001513958 ], [ 8526484.397599998861551, 3660272.742600001394749 ], [ 8526473.270700000226498, 3660270.240500003099442 ], [ 8526455.05970000103116, 3660266.767499998211861 ], [ 8526453.917500000447035, 3660266.852099999785423 ], [ 8526429.681699998676777, 3660268.646099999547005 ], [ 8526427.63230000063777, 3660268.797799997031689 ], [ 8526391.53940000012517, 3660277.947999998927116 ], [ 8526391.4978, 3660277.958599999547005 ], [ 8526390.071199998259544, 3660277.953400000929832 ], [ 8526388.634500000625849, 3660277.948100000619888 ], [ 8526348.269799999892712, 3660277.799199998378754 ], [ 8526316.6739999987185, 3660272.255500003695488 ], [ 8526316.383400000631809, 3660272.481899999082088 ], [ 8526302.1809, 3660283.54619999974966 ], [ 8526291.21000000089407, 3660293.295699998736382 ], [ 8526284.809900000691414, 3660298.983199998736382 ], [ 8526280.8574, 3660315.171400003135204 ], [ 8526278.633299998939037, 3660324.280000001192093 ], [ 8526276.170299999415874, 3660347.837999999523163 ], [ 8526270.094900000840425, 3660405.94879999756813 ], [ 8526271.082299999892712, 3660441.69820000231266 ], [ 8526272.817699998617172, 3660504.524400003254414 ], [ 8526266.768300000578165, 3660566.848600000143051 ], [ 8526265.917500000447035, 3660575.61370000243187 ], [ 8526262.682500001043081, 3660595.393299996852875 ], [ 8526259.8597999997437, 3660612.650799997150898 ], [ 8526245.013700000941753, 3660635.515100002288818 ], [ 8526243.926600001752377, 3660637.189400002360344 ], [ 8526243.752500001341105, 3660637.457299999892712 ], [ 8526222.854800000786781, 3660650.587899997830391 ], [ 8526197.789700001478195, 3660656.10869999974966 ], [ 8526197.337099999189377, 3660655.89130000025034 ], [ 8526166.679200001060963, 3660641.167400002479553 ], [ 8526138.206300001591444, 3660616.023900002241135 ], [ 8526117.551100000739098, 3660597.783900000154972 ], [ 8526115.410199999809265, 3660595.893299996852875 ], [ 8526115.3564000017941, 3660595.927299998700619 ], [ 8526114.52419999986887, 3660596.453900001943111 ], [ 8526109.899900000542402, 3660599.3800999969244 ], [ 8526107.870999999344349, 3660600.663999997079372 ], [ 8526107.998100001364946, 3660613.568999998271465 ], [ 8526109.050500001758337, 3660620.402000002563 ], [ 8526114.8581000007689, 3660658.108000002801418 ], [ 8526114.854499999433756, 3660658.250100001692772 ], [ 8526113.159000001847744, 3660723.277199998497963 ], [ 8526114.618900001049042, 3660742.17849999666214 ], [ 8526116.511799998581409, 3660766.685900002717972 ], [ 8526122.583000000566244, 3660782.089500002563 ], [ 8526140.477099999785423, 3660827.489699997007847 ], [ 8526199.456999998539686, 3660944.875600002706051 ], [ 8526219.366500001400709, 3660993.477799996733665 ], [ 8526219.812800001353025, 3660994.567400000989437 ], [ 8526220.466699998825788, 3661002.358800001442432 ], [ 8526223.111299999058247, 3661033.864600002765656 ], [ 8526217.136799998581409, 3661043.841700002551079 ], [ 8526195.532800000160933, 3661079.920199997723103 ], [ 8526173.67119999974966, 3661100.915299996733665 ], [ 8526167.746500000357628, 3661106.605200000107288 ], [ 8526097.934999998658895, 3661138.795800000429153 ], [ 8526063.654599998146296, 3661154.602600000798702 ], [ 8526052.260800000280142, 3661156.891999997198582 ], [ 8526029.844799999147654, 3661161.395900003612041 ], [ 8526028.346000000834465, 3661161.410599999129772 ], [ 8525982.532800000160933, 3661161.860600002110004 ], [ 8525946.304299999028444, 3661172.071400001645088 ], [ 8525945.823600001633167, 3661172.206900000572205 ], [ 8525915.6402000002563, 3661191.871899999678135 ], [ 8525862.901399999856949, 3661234.07150000333786 ], [ 8525845.519600000232458, 3661248.915500000119209 ], [ 8525845.573899999260902, 3661249.036300003528595 ], [ 8525852.083599999547005, 3661263.521999999880791 ], [ 8525869.491599999368191, 3661310.897900000214577 ], [ 8525866.213700000196695, 3661331.35530000180006 ], [ 8525866.194200001657009, 3661331.477899998426437 ], [ 8525863.223299998790026, 3661334.583200000226498 ], [ 8525837.281399998813868, 3661361.700000002980232 ], [ 8525811.871100001037121, 3661391.294399999082088 ], [ 8525798.873500000685453, 3661436.62389999628067 ], [ 8525778.598999999463558, 3661513.129900000989437 ], [ 8525769.890299998223782, 3661573.671999998390675 ], [ 8525769.296799998730421, 3661577.796899996697903 ], [ 8525769.736000001430511, 3661580.072700001299381 ], [ 8525785.91330000013113, 3661663.921599999070168 ], [ 8525805.197900000959635, 3661724.187799997627735 ], [ 8525821.764600001275539, 3661745.156800001859665 ], [ 8525896.199099998921156, 3661770.242899999022484 ], [ 8525938.791999999433756, 3661778.368600003421307 ], [ 8525940.035900000482798, 3661778.605899997055531 ], [ 8525940.096200000494719, 3661778.617399998009205 ], [ 8525987.412599999457598, 3661777.558200001716614 ], [ 8526029.414500001817942, 3661771.855200000107288 ], [ 8526094.818199999630451, 3661751.760899998247623 ], [ 8526100.474300000816584, 3661750.023100003600121 ], [ 8526106.749200001358986, 3661747.428300000727177 ], [ 8526120.118099998682737, 3661741.900100000202656 ], [ 8526129.152899999171495, 3661738.164099998772144 ], [ 8526129.564300000667572, 3661737.994000002741814 ], [ 8526137.522100001573563, 3661739.054999999701977 ], [ 8526158.225099999457598, 3661741.815499998629093 ], [ 8526171.718600001186132, 3661747.549400001764297 ], [ 8526185.314800001680851, 3661763.265699997544289 ], [ 8526221.418400000780821, 3661811.037799999117851 ], [ 8526246.925200000405312, 3661850.116499997675419 ], [ 8526253.147100001573563, 3661888.798199996352196 ], [ 8526252.22239999845624, 3661913.464699998497963 ], [ 8526242.582499999552965, 3661931.263400003314018 ], [ 8526226.969900000840425, 3661960.09009999781847 ], [ 8526208.124400001019239, 3662004.293300002813339 ], [ 8526205.375100001692772, 3662020.764899998903275 ], [ 8526215.586199998855591, 3662049.42119999974966 ], [ 8526269.510299999266863, 3662127.54389999806881 ], [ 8526275.9518, 3662133.588600002229214 ], [ 8526306.658900000154972, 3662162.403499998152256 ], [ 8526312.332400001585484, 3662165.069499999284744 ], [ 8526336.014499999582767, 3662176.1985 ], [ 8526346.538699999451637, 3662179.728299997746944 ], [ 8526370.003400001674891, 3662187.598499998450279 ], [ 8526417.464800000190735, 3662188.292499996721745 ], [ 8526417.916999999433756, 3662188.299099996685982 ], [ 8526459.7043999992311, 3662186.740500003099442 ], [ 8526461.1338, 3662186.687200002372265 ], [ 8526495.689300000667572, 3662195.154500000178814 ], [ 8526517.730500001460314, 3662206.947700001299381 ], [ 8526521.533500000834465, 3662208.982500001788139 ], [ 8526543.522900000214577, 3662232.354000002145767 ], [ 8526543.967599999159575, 3662232.826499998569489 ], [ 8526549.500799998641014, 3662260.359200000762939 ], [ 8526554.327199999243021, 3662281.23650000244379 ], [ 8526555.594399999827147, 3662286.717799998819828 ], [ 8526553.619199998676777, 3662323.133599996566772 ], [ 8526546.99439999833703, 3662345.807499997317791 ], [ 8526545.708399999886751, 3662350.209200002253056 ], [ 8526533.595800001174212, 3662366.1809 ], [ 8526513.318300001323223, 3662383.415399998426437 ], [ 8526504.016399998217821, 3662414.068499997258186 ], [ 8526503.135600000619888, 3662416.971000000834465 ], [ 8526487.304400000721216, 3662470.552100002765656 ], [ 8526481.700399998575449, 3662486.27139999717474 ], [ 8526467.982200000435114, 3662524.749899998307228 ], [ 8526458.948600001633167, 3662557.715599998831749 ], [ 8526450.268399998545647, 3662571.320299997925758 ], [ 8526445.537799999117851, 3662578.7346 ], [ 8526437.090700000524521, 3662591.973899997770786 ], [ 8526435.324000000953674, 3662596.2128000035882 ], [ 8526419.398600000888109, 3662634.424999997019768 ], [ 8526420.300999999046326, 3662666.705399997532368 ], [ 8526426.473700001835823, 3662691.918999999761581 ], [ 8526427.610599998384714, 3662696.563400000333786 ], [ 8526431.836300000548363, 3662705.776500001549721 ], [ 8526440.743500001728535, 3662725.196599997580051 ], [ 8526443.347500000149012, 3662733.517099998891354 ], [ 8526455.143500000238419, 3662771.207699999213219 ], [ 8526455.214800000190735, 3662771.435500003397465 ], [ 8526455.261999998241663, 3662776.06700000166893 ], [ 8526455.261999998241663, 3662776.070200003683567 ], [ 8526455.44649999961257, 3662794.160199999809265 ], [ 8526455.513799998909235, 3662800.7787000015378 ], [ 8526455.4463, 3662800.981600001454353 ], [ 8526454.269400000572205, 3662804.520000003278255 ], [ 8526449.829500000923872, 3662817.869199998676777 ], [ 8526444.870400000363588, 3662849.295000001788139 ], [ 8526442.686999998986721, 3662863.131700001657009 ], [ 8526451.711199998855591, 3662890.0493 ], [ 8526475.5456000007689, 3662920.436599999666214 ], [ 8526477.7522, 3662923.249899998307228 ], [ 8526501.808400001376867, 3662952.062200002372265 ], [ 8526507.897100001573563, 3662959.354599997401237 ], [ 8526509.993999999016523, 3662961.355099998414516 ], [ 8526545.646800000220537, 3662995.370399996638298 ], [ 8526548.10700000077486, 3663013.174800001084805 ], [ 8526551.316799998283386, 3663036.405500002205372 ], [ 8526536.483800001442432, 3663073.545000001788139 ], [ 8526511.089299999177456, 3663113.706900000572205 ], [ 8526500.249000001698732, 3663130.851000003516674 ], [ 8526491.176699999719858, 3663158.529500000178814 ], [ 8526482.734099999070168, 3663191.487300001084805 ], [ 8526485.065200001001358, 3663218.033600002527237 ], [ 8526485.3607, 3663221.398900002241135 ], [ 8526497.495299998670816, 3663266.488799996674061 ], [ 8526521.970899999141693, 3663319.079599998891354 ], [ 8526538.60530000180006, 3663347.679799996316433 ], [ 8526565.563900001347065, 3663380.316799998283386 ], [ 8526574.682100001722574, 3663391.355599999427795 ], [ 8526585.877500001341105, 3663406.771700002253056 ], [ 8526589.137800000607967, 3663411.261200003325939 ], [ 8526589.491900000721216, 3663411.74889999628067 ], [ 8526594.0702, 3663421.356499999761581 ], [ 8526597.843699999153614, 3663429.275799997150898 ], [ 8526599.03830000013113, 3663437.11599999666214 ], [ 8526600.327599998563528, 3663445.578299999237061 ], [ 8526600.345899999141693, 3663445.698700003325939 ], [ 8526600.724300000816584, 3663447.125100001692772 ], [ 8526607.02419999986887, 3663470.872599996626377 ], [ 8526611.177499998360872, 3663486.907300002872944 ], [ 8526614.305799998342991, 3663498.9846 ], [ 8526614.584899999201298, 3663499.4331 ], [ 8526620.334899999201298, 3663508.669200003147125 ], [ 8526620.840399999171495, 3663509.480999998748302 ], [ 8526650.110500000417233, 3663515.645499996840954 ], [ 8526684.073300000280142, 3663522.351800002157688 ], [ 8526715.310100000351667, 3663544.709600001573563 ], [ 8526722.909400001168251, 3663550.148800000548363 ], [ 8526738.349399998784065, 3663575.821000002324581 ], [ 8526744.8885000012815, 3663594.700499996542931 ], [ 8526757.599500000476837, 3663631.398699998855591 ], [ 8526768.245400000363588, 3663660.855999998748302 ], [ 8526772.610800001770258, 3663672.935400001704693 ], [ 8526778.4375, 3663683.794100001454353 ], [ 8526784.516699999570847, 3663695.123499996960163 ], [ 8526803.72069999948144, 3663723.846600003540516 ], [ 8526812.982900001108646, 3663737.700099997222424 ], [ 8526843.521600000560284, 3663771.19879999756813 ], [ 8526859.652699999511242, 3663788.893399998545647 ], [ 8526872.695599999278784, 3663807.556599996984005 ], [ 8526872.248500000685453, 3663822.232500001788139 ], [ 8526870.754599999636412, 3663847.494199998676777 ], [ 8526874.799499999731779, 3663877.112800002098083 ], [ 8526875.158700000494719, 3663879.743299998342991 ], [ 8526885.975299999117851, 3663900.942100003361702 ], [ 8526886.485199999064207, 3663901.941299997270107 ], [ 8526887.827500000596046, 3663903.704899996519089 ], [ 8526893.580699998885393, 3663911.262999996542931 ], [ 8526902.25789999961853, 3663916.434799998998642 ], [ 8526910.040699999779463, 3663921.073700003325939 ], [ 8526922.008299998939037, 3663924.552799999713898 ], [ 8526939.337600000202656, 3663929.591099999845028 ], [ 8526963.376499999314547, 3663936.98309999704361 ], [ 8526986.256700001657009, 3663947.317400000989437 ], [ 8527000.990299999713898, 3663960.092100001871586 ], [ 8527020.362500000745058, 3663978.078000001609325 ], [ 8527021.636599998921156, 3663979.26070000231266 ], [ 8527046.396899998188019, 3664001.903399996459484 ], [ 8527048.22069999948144, 3664003.059000000357628 ], [ 8527072.859299998730421, 3664018.669799998402596 ], [ 8527100.526399999856949, 3664038.946999996900558 ], [ 8527124.005300000309944, 3664050.448700003325939 ], [ 8527157.457600001245737, 3664064.200000002980232 ], [ 8527178.587400000542402, 3664074.563100002706051 ], [ 8527203.789599999785423, 3664083.441200003027916 ], [ 8527212.602400001138449, 3664086.545699998736382 ], [ 8527214.566700000315905, 3664086.876999996602535 ], [ 8527238.9353, 3664090.986599996685982 ], [ 8527270.599300000816584, 3664102.401000000536442 ], [ 8527301.622900001704693, 3664107.965300001204014 ], [ 8527305.854299999773502, 3664108.041599996387959 ], [ 8527322.661899998784065, 3664108.3445999994874 ], [ 8527343.739500001072884, 3664110.979000002145767 ], [ 8527353.089299999177456, 3664112.147600002586842 ], [ 8527387.584899999201298, 3664115.000100001692772 ], [ 8527391.10020000115037, 3664115.290799997746944 ], [ 8527425.062899999320507, 3664122.578000001609325 ], [ 8527485.384799998253584, 3664136.646799996495247 ], [ 8527485.823399998247623, 3664136.8618 ], [ 8527491.251899998635054, 3664139.522299997508526 ], [ 8527535.909200001507998, 3664164.3213 ], [ 8527560.527899999171495, 3664171.71509999781847 ], [ 8527597.399300001561642, 3664171.904200002551079 ], [ 8527598.503600001335144, 3664171.90990000218153 ], [ 8527613.061099998652935, 3664169.158699996769428 ], [ 8527624.754599999636412, 3664166.949000000953674 ], [ 8527671.654800001531839, 3664157.982900001108646 ], [ 8527683.068500000983477, 3664155.800899997353554 ], [ 8527720.472199998795986, 3664150.867399998009205 ], [ 8527721.584399998188019, 3664150.72070000320673 ], [ 8527734.592599999159575, 3664153.106600001454353 ], [ 8527754.948300000280142, 3664156.840000003576279 ], [ 8527778.162599999457598, 3664168.347499996423721 ], [ 8527803.688900001347065, 3664181.00110000371933 ], [ 8527834.8607, 3664200.649099998176098 ], [ 8527860.191199999302626, 3664222.177599996328354 ], [ 8527864.909600000828505, 3664226.187700003385544 ], [ 8527873.80350000038743, 3664233.360399998724461 ], [ 8527907.320500001311302, 3664260.390699997544289 ], [ 8527979.116799999028444, 3664311.334700003266335 ], [ 8528010.356499999761581, 3664338.031000003218651 ], [ 8528056.210700001567602, 3664365.745999999344349 ], [ 8528119.062199998646975, 3664399.171599999070168 ], [ 8528131.348900001496077, 3664405.832000002264977 ], [ 8528163.711899999529123, 3664423.375600002706051 ], [ 8528236.714699998497963, 3664477.829800002276897 ], [ 8528240.646099999547005, 3664482.296099998056889 ], [ 8528252.082499999552965, 3664495.289099998772144 ], [ 8528258.636599998921156, 3664508.136699996888638 ], [ 8528277.1118, 3664544.353100001811981 ], [ 8528286.690200001001358, 3664566.568400003015995 ], [ 8528312.293800000101328, 3664613.863799996674061 ], [ 8528314.663699999451637, 3664622.447700001299381 ], [ 8528326.842500001192093, 3664666.560500003397465 ], [ 8528337.075800001621246, 3664696.991099998354912 ], [ 8528338.290500000119209, 3664701.105599999427795 ], [ 8528345.541799999773502, 3664725.667700000107288 ], [ 8528371.845499999821186, 3664783.877999998629093 ], [ 8528379.614199999719858, 3664801.070100001990795 ], [ 8528385.227600000798702, 3664809.001500003039837 ], [ 8528421.69539999961853, 3664860.5287000015378 ], [ 8528427.868099998682737, 3664887.658500000834465 ], [ 8528429.024900000542402, 3664892.743199996650219 ], [ 8528428.888799998909235, 3664897.570100001990795 ], [ 8528426.44200000166893, 3664984.372299998998642 ], [ 8528401.364199999719858, 3665122.581200003623962 ], [ 8528399.866500001400709, 3665130.834899999201298 ], [ 8528399.697700001299381, 3665131.604900002479553 ], [ 8528376.395899999886751, 3665237.943999998271465 ], [ 8528308.586500000208616, 3665294.403999999165535 ], [ 8528216.719999998807907, 3665341.131399996578693 ], [ 8528115.219500001519918, 3665417.311300002038479 ], [ 8527931.923099998384714, 3665553.6283999979496 ], [ 8527868.519999999552965, 3665592.930799998342991 ], [ 8527858.747600000351667, 3665598.988300003111362 ], [ 8527835.347300000488758, 3665626.672799997031689 ], [ 8527798.673099998384714, 3665670.06139999628067 ], [ 8527730.547600001096725, 3665752.360200002789497 ], [ 8527688.158300001174212, 3665812.113399997353554 ], [ 8527682.716499999165535, 3665819.784699998795986 ], [ 8527654.905999999493361, 3665851.723700001835823 ], [ 8527514.569600000977516, 3666012.892800003290176 ], [ 8527513.002099998295307, 3666015.435900002717972 ], [ 8527480.506000000983477, 3666068.166900001466274 ], [ 8527442.105999998748302, 3666130.478100001811981 ], [ 8527342.679499998688698, 3666240.11370000243187 ], [ 8527340.634199999272823, 3666244.588299997150898 ], [ 8527328.3882, 3666271.379900000989437 ], [ 8527191.075500000268221, 3666450.678400002419949 ], [ 8527122.6963, 3666497.058200001716614 ], [ 8527062.776599999517202, 3666537.699799999594688 ], [ 8526818.465900000184774, 3666653.482799999415874 ], [ 8526656.650499999523163, 3666719.68639999628067 ], [ 8526651.207299999892712, 3666727.265500001609325 ], [ 8526495.496599998325109, 3666944.608499996364117 ], [ 8526447.905999999493361, 3666995.065999999642372 ], [ 8526388.820300001651049, 3667058.256999999284744 ], [ 8526307.5760000012815, 3667152.895099997520447 ], [ 8526248.988000001758337, 3667221.141800001263618 ], [ 8526198.80629999935627, 3667285.69539999961853 ], [ 8526183.841400001198053, 3667305.316299997270107 ], [ 8526165.893800001591444, 3667336.260200001299381 ], [ 8526163.085200000554323, 3667341.208700001239777 ], [ 8526172.139499999582767, 3667466.1206 ], [ 8526176.048900000751019, 3667517.579700000584126 ], [ 8526202.833999998867512, 3667603.560000002384186 ], [ 8526219.969900000840425, 3667657.777000002563 ], [ 8526120.368900001049042, 3667870.185500003397465 ], [ 8526063.654100000858307, 3667941.942699998617172 ], [ 8526039.141800001263618, 3667973.372000001370907 ], [ 8526007.472899999469519, 3668036.229999996721745 ], [ 8525977.056099999696016, 3668097.126999996602535 ], [ 8525958.625500001013279, 3668117.834799997508526 ], [ 8525934.552400000393391, 3668145.296800002455711 ], [ 8525887.766199998557568, 3668198.669399999082088 ], [ 8525773.008600000292063, 3668330.792099997401237 ], [ 8525748.755899999290705, 3668358.979599997401237 ], [ 8525707.246300000697374, 3668418.124300003051758 ], [ 8525705.855599999427795, 3668418.005000002682209 ], [ 8525686.511300001293421, 3668416.345399998128414 ], [ 8525633.9901, 3668413.552000001072884 ], [ 8525633.393899999558926, 3668413.67960000038147 ], [ 8525542.719999998807907, 3668433.086499996483326 ], [ 8525509.257500000298023, 3668452.401900000870228 ], [ 8525458.878699999302626, 3668482.2522 ], [ 8525397.409200001507998, 3668532.779799997806549 ], [ 8525343.399900000542402, 3668579.514399997889996 ], [ 8525308.150100000202656, 3668610.01630000025034 ], [ 8525302.40089999884367, 3668614.926700003445148 ], [ 8525235.517400000244379, 3668672.717600002884865 ], [ 8525235.130899999290705, 3668672.379900000989437 ], [ 8525235.1097999997437, 3668672.397799998521805 ], [ 8525234.744199998676777, 3668672.135200001299381 ], [ 8525213.333099998533726, 3668656.759900003671646 ], [ 8525159.598999999463558, 3668606.390000000596046 ], [ 8525152.575899999588728, 3668599.806500002741814 ], [ 8525078.195799998939037, 3668503.884099997580051 ], [ 8525068.506799999624491, 3668491.388899996876717 ], [ 8525040.971999999135733, 3668449.608900003135204 ], [ 8525006.209699999541044, 3668396.862099997699261 ], [ 8524967.534499999135733, 3668326.766599997878075 ], [ 8524959.262699998915195, 3668313.686200000345707 ], [ 8524838.719900000840425, 3668123.063000001013279 ], [ 8524811.388000000268221, 3668089.82150000333786 ], [ 8524750.580800000578165, 3668015.866800002753735 ], [ 8524677.301600001752377, 3667993.682599999010563 ], [ 8524591.621500000357628, 3667966.225000001490116 ], [ 8524581.432300001382828, 3667962.959700003266335 ], [ 8524570.593299999833107, 3667959.486199997365475 ], [ 8524570.167899999767542, 3667959.462999999523163 ], [ 8524451.884300000965595, 3667953.021999999880791 ], [ 8524371.866999998688698, 3667938.983599998056889 ], [ 8524359.961199998855591, 3667936.89469999819994 ], [ 8524318.820000000298023, 3667910.640000000596046 ], [ 8524304.6706000007689, 3667901.610500000417233 ], [ 8524267.875900000333786, 3667865.529700003564358 ], [ 8524185.475900001823902, 3667784.727600000798702 ], [ 8524103.555399999022484, 3667670.1743 ], [ 8524036.171999998390675, 3667575.947899997234344 ], [ 8524030.954700000584126, 3667569.306199997663498 ], [ 8523876.393399998545647, 3667372.546300001442432 ], [ 8523876.527100000530481, 3667371.764399997889996 ], [ 8523880.816700000315905, 3667346.661799997091293 ], [ 8523952.659499999135733, 3667220.879000000655651 ], [ 8523950.053599998354912, 3667192.719200000166893 ], [ 8523950.000999998301268, 3667192.626999996602535 ], [ 8523877.372400000691414, 3667065.507100000977516 ], [ 8523812.938799999654293, 3666952.729400001466274 ], [ 8523786.560400001704693, 3666906.559399999678135 ], [ 8523760.168999999761581, 3666868.255199998617172 ], [ 8523743.863400001078844, 3666844.589299999177456 ], [ 8523680.458099998533726, 3666752.562600001692772 ], [ 8523679.2379, 3666753.043499998748302 ], [ 8523666.352699998766184, 3666758.121899999678135 ], [ 8523359.660799998790026, 3666878.996399998664856 ], [ 8523349.723799999803305, 3666880.379699997603893 ], [ 8523310.299100000411272, 3666885.867899999022484 ], [ 8523300.9199, 3666887.173600003123283 ], [ 8523300.706900000572205, 3666887.203199997544289 ], [ 8523300.536100000143051, 3666887.037399999797344 ], [ 8523261.178800001740456, 3666848.833200000226498 ], [ 8523226.241799999028444, 3666801.602799996733665 ], [ 8523074.855700001120567, 3666555.266699999570847 ], [ 8522981.720899999141693, 3666351.220299996435642 ], [ 8522912.298500001430511, 3666119.947599999606609 ], [ 8522834.721099998801947, 3665890.510300002992153 ], [ 8522760.300599999725819, 3665747.3716000020504 ], [ 8522684.158399999141693, 3665668.839900001883507 ], [ 8522667.245200000703335, 3665657.59009999781847 ], [ 8522625.330200001597404, 3665629.710400000214577 ], [ 8522620.640000000596046, 3665626.590800002217293 ], [ 8522607.059799998998642, 3665619.623700000345707 ], [ 8522581.3015, 3665606.409199997782707 ], [ 8522579.829199999570847, 3665606.438900001347065 ], [ 8522473.915199998766184, 3665608.574299998581409 ], [ 8522469.115499999374151, 3665608.670999996364117 ], [ 8522435.993999999016523, 3665611.501900002360344 ], [ 8522407.221400000154972, 3665613.961099997162819 ], [ 8522406.820599999278784, 3665613.861000001430511 ], [ 8522278.568399999290705, 3665581.838899999856949 ], [ 8522255.58390000090003, 3665576.100100003182888 ], [ 8522255.508400000631809, 3665576.08110000193119 ], [ 8522254.463500000536442, 3665576.196400001645088 ], [ 8522254.434000000357628, 3665576.199699997901917 ], [ 8522226.327399998903275, 3665579.298199996352196 ], [ 8522139.500100001692772, 3665666.449400000274181 ], [ 8522027.896000001579523, 3665774.162799999117851 ], [ 8522019.052299998700619, 3665782.69820000231266 ], [ 8521943.188200000673532, 3665855.644400000572205 ], [ 8521926.757399998605251, 3665868.046700000762939 ], [ 8521897.831799998879433, 3665889.880300000309944 ], [ 8521879.361699998378754, 3665903.821900002658367 ], [ 8521835.040399998426437, 3665926.85249999910593 ], [ 8521821.7982, 3665933.733300000429153 ], [ 8521820.634399998933077, 3665933.530100002884865 ], [ 8521815.07209999859333, 3665932.559199996292591 ], [ 8521793.112199999392033, 3665928.725699998438358 ], [ 8521761.724500000476837, 3665897.144599996507168 ], [ 8521735.8816, 3665871.141999997198582 ], [ 8521702.269400000572205, 3665822.191600002348423 ], [ 8521692.6195, 3665808.137999996542931 ], [ 8521658.661800000816584, 3665787.669299997389317 ], [ 8521546.866300001740456, 3665720.282499998807907 ], [ 8521493.177799999713898, 3665667.361000001430511 ], [ 8521473.335799999535084, 3665656.478799998760223 ], [ 8521454.800200000405312, 3665646.312799997627735 ], [ 8521417.406100001186132, 3665625.8037 ], [ 8521416.342399999499321, 3665626.042000003159046 ], [ 8521357.946699999272823, 3665639.126299999654293 ], [ 8521354.421399999409914, 3665639.916199997067451 ], [ 8521247.777399998158216, 3665732.528800003230572 ], [ 8521193.52309999987483, 3665804.684000000357628 ], [ 8521176.856100000441074, 3665841.539300002157688 ], [ 8521166.296599999070168, 3665864.889200001955032 ], [ 8521146.585299998521805, 3665908.476400002837181 ], [ 8521135.421900000423193, 3665921.729800000786781 ], [ 8521122.274099998176098, 3665937.339100003242493 ], [ 8521121.674199998378754, 3665938.051399998366833 ], [ 8521121.156500000506639, 3665938.665899999439716 ], [ 8521096.138599999248981, 3665950.064599998295307 ], [ 8521037.833799999207258, 3665964.719099998474121 ], [ 8520980.822700001299381, 3665992.264600001275539 ], [ 8520889.590999998152256, 3666047.749700002372265 ], [ 8520871.962000001221895, 3666065.32379999756813 ], [ 8520867.591499999165535, 3666069.680600002408028 ], [ 8520859.981699999421835, 3666081.829099997878075 ], [ 8520836.507599998265505, 3666119.303900003433228 ], [ 8520830.617499999701977, 3666144.418700002133846 ], [ 8520827.323699999600649, 3666158.463299997150898 ], [ 8520820.772900000214577, 3666186.395300000905991 ], [ 8520821.177799999713898, 3666229.526799999177456 ], [ 8520821.268899999558926, 3666239.233800001442432 ], [ 8520817.169599998742342, 3666266.125799998641014 ], [ 8520801.456999998539686, 3666369.201300002634525 ], [ 8520794.520300000905991, 3666424.606499999761581 ], [ 8520794.4679000005126, 3666425.024599999189377 ], [ 8520794.390299998223782, 3666425.645099997520447 ], [ 8520870.113800000399351, 3666467.168099999427795 ], [ 8520870.164200000464916, 3666467.195799998939037 ], [ 8520868.849899999797344, 3666483.431699998676777 ], [ 8520864.407400000840425, 3666538.313799999654293 ], [ 8520871.525299999862909, 3666546.207900002598763 ], [ 8520906.931400001049042, 3666585.474500000476837 ], [ 8520931.513000000268221, 3666616.441399998962879 ], [ 8520964.30009999871254, 3666657.7449000030756 ], [ 8521009.03660000115633, 3666739.685400001704693 ], [ 8521043.396899998188019, 3666802.62049999833107 ], [ 8521101.363099999725819, 3666937.729800000786781 ], [ 8521134.582600001245737, 3666989.677199997007847 ], [ 8521167.387600000947714, 3667045.797499999403954 ], [ 8521196.366099998354912, 3667095.371299996972084 ], [ 8521275.374600000679493, 3667231.452100001275539 ], [ 8521315.482099998742342, 3667318.000799998641014 ], [ 8521334.441500000655651, 3667358.913400001823902 ], [ 8521333.594399999827147, 3667370.04450000077486 ], [ 8521330.282600000500679, 3667413.566399998962879 ], [ 8521320.890099998563528, 3667429.068499997258186 ], [ 8521314.176199998706579, 3667440.149599999189377 ], [ 8521273.38910000026226, 3667468.248499996960163 ], [ 8521238.103999998420477, 3667492.556900002062321 ], [ 8521223.723000001162291, 3667516.769299998879433 ], [ 8521245.581999998539686, 3667541.393200002610683 ], [ 8521256.805500000715256, 3667554.036300003528595 ], [ 8521272.962799999862909, 3667569.789499998092651 ], [ 8521362.396200001239777, 3667656.985200002789497 ], [ 8521408.500500001013279, 3667711.747500002384186 ], [ 8521422.88459999859333, 3667726.403499998152256 ], [ 8521426.204, 3667729.785599999129772 ], [ 8521441.916900001466274, 3667748.3059 ], [ 8521456.348799999803305, 3667765.316399998962879 ], [ 8521478.811799999326468, 3667790.935999996960163 ], [ 8521501.252700001001358, 3667815.984499998390675 ], [ 8521518.826699998229742, 3667841.739799998700619 ], [ 8521527.928399998694658, 3667855.07880000025034 ], [ 8521541.917399998754263, 3667912.497900001704693 ], [ 8521538.435699999332428, 3667938.284699998795986 ], [ 8521536.995799999684095, 3667948.948899999260902 ], [ 8521535.333000000566244, 3667951.811599999666214 ], [ 8521497.885600000619888, 3668016.281700000166893 ], [ 8521438.9679000005126, 3668090.258900001645088 ], [ 8521389.905999999493361, 3668155.326499998569489 ], [ 8521382.5559, 3668183.73139999806881 ], [ 8521372.996300000697374, 3668220.674699999392033 ], [ 8521369.8158, 3668231.807300001382828 ], [ 8521360.543800000101328, 3668264.262999996542931 ], [ 8521364.611299999058247, 3668288.102899998426437 ], [ 8521370.447700001299381, 3668322.3081 ], [ 8521375.0504, 3668417.891800001263618 ], [ 8521375.536299999803305, 3668427.980400003492832 ], [ 8521408.270599998533726, 3668489.334399998188019 ], [ 8521488.702599998563528, 3668653.803800001740456 ], [ 8521506.61540000140667, 3668690.432099997997284 ], [ 8521512.470600001513958, 3668741.193300001323223 ], [ 8521514.261500000953674, 3668756.719899997115135 ], [ 8521514.554099999368191, 3668757.040600001811981 ], [ 8521540.839299999177456, 3668785.841300003230572 ], [ 8521563.567299999296665, 3668810.146099999547005 ], [ 8521603.435100000351667, 3668852.780000001192093 ], [ 8521624.613200001418591, 3668901.164200000464916 ], [ 8521641.071400001645088, 3668938.76519999653101 ], [ 8521654.29109999909997, 3668976.8059 ], [ 8521649.968499999493361, 3669010.660499997437 ], [ 8521649.9353, 3669010.920000001788139 ], [ 8521645.085099998861551, 3669018.179200001060963 ], [ 8521628.612199999392033, 3669042.833499997854233 ], [ 8521558.329100001603365, 3669089.910800002515316 ], [ 8521477.640999998897314, 3669149.413900002837181 ], [ 8521453.207800000905991, 3669161.692199997603893 ], [ 8521378.739199999719858, 3669199.113899998366833 ], [ 8521333.389899998903275, 3669224.802100002765656 ], [ 8521201.635000001639128, 3669324.152000002563 ], [ 8521168.197200000286102, 3669345.540500000119209 ], [ 8521157.201200000941753, 3669352.574000000953674 ], [ 8521156.899900000542402, 3669352.766800001263618 ], [ 8521104.990699999034405, 3669365.597699999809265 ], [ 8520930.1798, 3669423.648500002920628 ], [ 8520878.344399999827147, 3669444.111699998378754 ], [ 8520861.213700000196695, 3669451.285700000822544 ], [ 8520846.414099998772144, 3669457.483499996364117 ], [ 8520776.452300000935793, 3669486.781900003552437 ], [ 8520775.589099999517202, 3669486.841700002551079 ], [ 8520717.502500001341105, 3669490.862199999392033 ], [ 8520717.445799998939037, 3669490.866099998354912 ], [ 8520717.451699998229742, 3669490.762699998915195 ], [ 8520717.518199998885393, 3669489.593500003218651 ], [ 8520718.220100000500679, 3669477.249099999666214 ], [ 8520720.452300000935793, 3669437.9846 ], [ 8520686.1402000002563, 3669309.3158999979496 ], [ 8520670.768199998885393, 3669251.670800000429153 ], [ 8520621.657900001853704, 3669064.18469999730587 ], [ 8520587.88060000166297, 3668954.090999998152256 ], [ 8520564.4679000005126, 3668887.936099998652935 ], [ 8520558.563200000673532, 3668840.138800002634525 ], [ 8520550.553399998694658, 3668775.302199997007847 ], [ 8520530.861200001090765, 3668608.694200001657009 ], [ 8520525.179699998348951, 3668578.521600000560284 ], [ 8520513.638999998569489, 3668517.23309999704361 ], [ 8520481.01630000025034, 3668466.446999996900558 ], [ 8520428.406399998813868, 3668403.507799997925758 ], [ 8520366.905999999493361, 3668328.332299999892712 ], [ 8520293.204500000923872, 3668259.726000003516674 ], [ 8520262.2676, 3668202.456500001251698 ], [ 8520236.5471, 3668139.860399998724461 ], [ 8520167.052000001072884, 3668020.712600000202656 ], [ 8520139.434000000357628, 3667942.868199996650219 ], [ 8520140.7972999997437, 3667901.147600002586842 ], [ 8520143.786200001835823, 3667885.358999997377396 ], [ 8520146.922600001096725, 3667868.791599996387959 ], [ 8520191.015000000596046, 3667772.061999998986721 ], [ 8520263.7566, 3667675.647600002586842 ], [ 8520299.9679000005126, 3667621.613499999046326 ], [ 8520315.64299999922514, 3667598.223099999129772 ], [ 8520329.848200000822544, 3667567.667000003159046 ], [ 8520341.421500001102686, 3667542.771700002253056 ], [ 8520359.087000001221895, 3667495.036399997770786 ], [ 8520360.465700000524521, 3667491.16499999910593 ], [ 8520371.049100000411272, 3667461.44650000333786 ], [ 8520377.842999998480082, 3667438.485200002789497 ], [ 8520384.200300000607967, 3667409.232100002467632 ], [ 8520389.609700001776218, 3667384.341099999845028 ], [ 8520387.837900001555681, 3667360.616499997675419 ], [ 8520386.936500001698732, 3667348.548000000417233 ], [ 8520387.083700001239777, 3667330.5675999969244 ], [ 8520387.4847999997437, 3667281.588200002908707 ], [ 8520388.38399999961257, 3667233.184500001370907 ], [ 8520389.809000000357628, 3667156.483000002801418 ], [ 8520411.816300000995398, 3667061.940800003707409 ], [ 8520417.346900001168251, 3667038.181100003421307 ], [ 8520416.490299999713898, 3667031.27139999717474 ], [ 8520412.911200001835823, 3667002.404200002551079 ], [ 8520354.900600001215935, 3666799.1787 ], [ 8520318.953400000929832, 3666705.566299997270107 ], [ 8520292.947700001299381, 3666674.095200002193451 ], [ 8520283.591499999165535, 3666669.390500001609325 ], [ 8520265.125599998980761, 3666660.105200000107288 ], [ 8520261.730500001460314, 3666658.398000001907349 ], [ 8520244.802200000733137, 3666649.88570000231266 ], [ 8520196.260200001299381, 3666633.91330000013113 ], [ 8520159.791400000452995, 3666621.913500003516674 ], [ 8520142.381700001657009, 3666606.695100001990795 ], [ 8520128.563200000673532, 3666594.615699999034405 ], [ 8520103.686999998986721, 3666556.767099998891354 ], [ 8520056.832499999552965, 3666485.477899998426437 ], [ 8520023.310499999672174, 3666463.483400002121925 ], [ 8519937.224300000816584, 3666443.743199996650219 ], [ 8519896.154599998146296, 3666427.682700000703335 ], [ 8519874.839200001209974, 3666407.063100002706051 ], [ 8519865.493000000715256, 3666398.021700002253056 ], [ 8519840.888700000941753, 3666362.686700001358986 ], [ 8519822.8445999994874, 3666336.772699996829033 ], [ 8519766.128400001674891, 3666270.944799996912479 ], [ 8519720.767000000923872, 3666232.625 ], [ 8519683.213199999183416, 3666206.628200002014637 ], [ 8519655.481300000101328, 3666187.430699996650219 ], [ 8519540.412000000476837, 3666130.962600000202656 ], [ 8519437.256799999624491, 3666098.462300002574921 ], [ 8519354.179099999368191, 3666089.263999998569489 ], [ 8519353.8902000002563, 3666089.351599998772144 ], [ 8519326.215199999511242, 3666097.7466000020504 ], [ 8519290.072299998253584, 3666107.476800002157688 ], [ 8519190.871199999004602, 3666123.085100002586842 ], [ 8519184.440200001001358, 3666124.890299998223782 ], [ 8519130.24720000103116, 3666140.100199997425079 ], [ 8519051.00730000063777, 3666187.812100000679493 ], [ 8519043.078600000590086, 3666192.586099997162819 ], [ 8519018.192800000309944, 3666201.336400002241135 ], [ 8518979.5801, 3666214.913099996745586 ], [ 8518949.335299998521805, 3666217.880400002002716 ], [ 8518900.177200000733137, 3666222.703100003302097 ], [ 8518847.165399998426437, 3666240.808799996972084 ], [ 8518588.477099999785423, 3666326.608499996364117 ], [ 8518535.879799999296665, 3666389.932499997317791 ], [ 8518534.133900001645088, 3666397.16950000077486 ], [ 8518520.685699999332428, 3666452.912299998104572 ], [ 8518505.798700001090765, 3666486.521799996495247 ], [ 8518492.846200000494719, 3666540.073299996554852 ], [ 8518492.011199999600649, 3666576.4912 ], [ 8518506.95890000090003, 3666612.171300001442432 ], [ 8518542.271600000560284, 3666702.278200000524521 ], [ 8518568.333399999886751, 3666747.719899997115135 ], [ 8518568.401399999856949, 3666747.838500000536442 ], [ 8518569.39299999922514, 3666747.798299998044968 ], [ 8518574.390099998563528, 3666747.595200002193451 ], [ 8518605.798700001090765, 3666746.317800000309944 ], [ 8518656.355099998414516, 3666745.339500002563 ], [ 8518662.634199999272823, 3666745.218099996447563 ], [ 8518664.226399999111891, 3666745.187299996614456 ], [ 8518664.147300001233816, 3666745.339599996805191 ], [ 8518623.460700001567602, 3666823.674400001764297 ], [ 8518603.392200000584126, 3666865.546800002455711 ], [ 8518687.463199999183416, 3666982.808300003409386 ], [ 8518746.780699998140335, 3667077.968699999153614 ], [ 8518796.467099998146296, 3667141.51349999755621 ], [ 8518825.488200001418591, 3667183.533500000834465 ], [ 8518841.469099998474121, 3667205.109099999070168 ], [ 8518900.772399999201298, 3667233.914499998092651 ], [ 8518949.58559999987483, 3667267.522799998521805 ], [ 8518987.758000001311302, 3667286.545800000429153 ], [ 8519019.983199998736382, 3667291.913599997758865 ], [ 8519021.115800000727177, 3667292.102300003170967 ], [ 8519064.227299999445677, 3667277.225100003182888 ], [ 8519064.819400001317263, 3667277.02080000191927 ], [ 8519101.720100000500679, 3667286.658500000834465 ], [ 8519156.252900000661612, 3667305.527400001883507 ], [ 8519158.907600000500679, 3667339.561200000345707 ], [ 8519151.8026, 3667382.722999997437 ], [ 8519147.290199998766184, 3667410.1338 ], [ 8519132.302299998700619, 3667486.374099999666214 ], [ 8519115.481499999761581, 3667571.938299998641014 ], [ 8519121.815600000321865, 3667624.73589999973774 ], [ 8519191.680100001394749, 3667722.156000003218651 ], [ 8519251.259500000625849, 3667780.325000002980232 ], [ 8519266.944200001657009, 3667853.699199996888638 ], [ 8519270.80460000038147, 3667871.757600001990795 ], [ 8519278.070700000971556, 3667894.420100003480911 ], [ 8519288.263700000941753, 3667926.210500001907349 ], [ 8519314.92509999871254, 3667964.726400002837181 ], [ 8519340.463700000196695, 3668008.527400001883507 ], [ 8519339.507800001651049, 3668009.725699998438358 ], [ 8519335.2654, 3668015.042999997735023 ], [ 8519313.6809, 3668019.358199998736382 ], [ 8519313.124200001358986, 3668019.126000002026558 ], [ 8519214.515000000596046, 3667978.001299999654293 ], [ 8519175.423900000751019, 3667971.335500001907349 ], [ 8519175.293600000441074, 3667971.313299998641014 ], [ 8519175.080400001257658, 3667971.5044 ], [ 8519166.018100000917912, 3667979.62950000166893 ], [ 8519155.727000001817942, 3668003.800200000405312 ], [ 8519159.496500000357628, 3668012.659000001847744 ], [ 8519185.59739999845624, 3668074.000200003385544 ], [ 8519234.737399999052286, 3668128.334700003266335 ], [ 8519244.0614, 3668138.644400000572205 ], [ 8519244.673300001770258, 3668146.857100002467632 ], [ 8519246.015900000929832, 3668164.875 ], [ 8519246.072799999266863, 3668165.639300003647804 ], [ 8519228.990800000727177, 3668173.589800000190735 ], [ 8519228.030799999833107, 3668174.03660000115633 ], [ 8519210.143800001591444, 3668183.64360000193119 ], [ 8519125.662599999457598, 3668229.017700001597404 ], [ 8519097.492400001734495, 3668252.961800001561642 ], [ 8519067.668999999761581, 3668278.310900002717972 ], [ 8519048.745200000703335, 3668317.83839999884367 ], [ 8519054.373700000345707, 3668379.482600003480911 ], [ 8519057.211100000888109, 3668410.556999996304512 ], [ 8519059.226500000804663, 3668439.311599999666214 ], [ 8519058.869600001722574, 3668463.990199998021126 ], [ 8519053.830200001597404, 3668480.686200000345707 ], [ 8519046.961300000548363, 3668503.443199999630451 ], [ 8519039.453000001609325, 3668516.327299997210503 ], [ 8519006.695599999278784, 3668572.538800001144409 ], [ 8519005.022799998521805, 3668579.535999998450279 ], [ 8519002.754999998956919, 3668589.022100001573563 ], [ 8519002.755899999290705, 3668607.14639999717474 ], [ 8519002.757800001651049, 3668653.041400000452995 ], [ 8518999.679499998688698, 3668699.464199997484684 ], [ 8518990.208399999886751, 3668749.484899997711182 ], [ 8518990.208599999547005, 3668749.489900000393391 ], [ 8518990.26799999922514, 3668750.651199996471405 ], [ 8518993.063000001013279, 3668805.255000002682209 ], [ 8518976.67119999974966, 3668826.6294 ], [ 8518961.306000001728535, 3668846.665100000798702 ], [ 8518941.041600000113249, 3668867.998400002717972 ], [ 8518907.848999999463558, 3668895.194899998605251 ], [ 8518906.27419999986887, 3668896.485200002789497 ], [ 8518904.408700000494719, 3668898.013700000941753 ], [ 8518903.332100000232458, 3668898.895999997854233 ], [ 8518902.963100001215935, 3668898.953299999237061 ], [ 8518867.142299998551607, 3668904.513300001621246 ], [ 8518866.996800001710653, 3668904.451200000941753 ], [ 8518866.671399999409914, 3668904.312299996614456 ], [ 8518849.427299998700619, 3668896.952600002288818 ], [ 8518821.373100001364946, 3668884.979000002145767 ], [ 8518786.771800000220537, 3668873.554200001060963 ], [ 8518785.769400000572205, 3668873.70099999755621 ], [ 8518762.011199999600649, 3668877.181599996984005 ], [ 8518761.095199998468161, 3668877.315800003707409 ], [ 8518731.11769999936223, 3668922.823299996554852 ], [ 8518723.293400000780821, 3668924.571400001645088 ], [ 8518676.288499999791384, 3668935.074000000953674 ], [ 8518633.791400000452995, 3668954.275100000202656 ], [ 8518552.049499999731779, 3669027.858300000429153 ], [ 8518549.729499999433756, 3669030.778800003230572 ], [ 8518441.1114999987185, 3669167.508199997246265 ], [ 8518426.866700001060963, 3669176.120700001716614 ], [ 8518366.117400001734495, 3669212.849899999797344 ], [ 8518360.742199998348951, 3669214.020000003278255 ], [ 8518349.206900000572205, 3669216.531300000846386 ], [ 8518348.661299999803305, 3669216.272600002586842 ], [ 8518315.851100001484156, 3669200.712300002574921 ], [ 8518314.502000000327826, 3669200.072499997913837 ], [ 8518313.977899998426437, 3669199.823899999260902 ], [ 8518264.989999998360872, 3669148.589199997484684 ], [ 8518202.748399998992682, 3669056.644199997186661 ], [ 8518187.945500001311302, 3669034.776799999177456 ], [ 8518132.394099999219179, 3668982.646700002253056 ], [ 8518103.037099998444319, 3668955.097499996423721 ], [ 8517984.08500000089407, 3668858.704499997198582 ], [ 8517858.383699998259544, 3668729.479800000786781 ], [ 8517805.035500001162291, 3668671.31870000064373 ], [ 8517802.297400001436472, 3668668.333800002932549 ], [ 8517769.7971, 3668644.85869999974966 ], [ 8517707.558699999004602, 3668599.903800003230572 ], [ 8517605.348299998790026, 3668543.875399999320507 ], [ 8517565.319600000977516, 3668513.71169999986887 ], [ 8517500.301899999380112, 3668434.4309 ], [ 8517440.499099999666214, 3668350.418499998748302 ], [ 8517410.625300001353025, 3668325.318099997937679 ], [ 8517408.690099999308586, 3668323.692199997603893 ], [ 8517403.706999998539686, 3668321.35360000282526 ], [ 8517314.1787, 3668279.336099997162819 ], [ 8517208.084199998527765, 3668182.820799998939037 ], [ 8517186.222500000149012, 3668156.591300003230572 ], [ 8517042.68019999936223, 3667991.121399998664856 ], [ 8516908.862100001424551, 3667865.496899999678135 ], [ 8516798.484900001436472, 3667746.708099998533726 ], [ 8516701.530200000852346, 3667626.613399997353554 ], [ 8516651.3838, 3667574.80290000140667 ], [ 8516597.15989999845624, 3667556.915899999439716 ], [ 8516537.069699998944998, 3667537.093699999153614 ], [ 8516432.198699999600649, 3667509.270199999213219 ], [ 8516374.465300001204014, 3667465.571199998259544 ], [ 8516373.9386, 3667465.172399997711182 ], [ 8516373.484700001776218, 3667465.917199999094009 ], [ 8516316.348200000822544, 3667559.663599997758865 ], [ 8516272.391800001263618, 3667611.160599999129772 ], [ 8516201.928100001066923, 3667703.417499996721745 ], [ 8516156.690200001001358, 3667742.593000002205372 ], [ 8516127.195900000631809, 3667776.931800000369549 ], [ 8516110.058499999344349, 3667803.009499996900558 ], [ 8516087.979899998754263, 3667836.605899997055531 ], [ 8516073.224800001829863, 3667855.493299998342991 ], [ 8516069.500399999320507, 3667860.260499998927116 ], [ 8516044.50450000166893, 3667875.753799997270107 ], [ 8516030.754000000655651, 3667878.342000000178814 ], [ 8516018.243700001388788, 3667880.696699999272823 ], [ 8516016.890099998563528, 3667880.566600002348423 ], [ 8515998.8673, 3667878.834899999201298 ], [ 8515967.942699998617172, 3667875.863499999046326 ], [ 8515967.433699999004602, 3667875.871899999678135 ], [ 8515887.293299999088049, 3667877.189900003373623 ], [ 8515886.925900001078844, 3667877.076499998569489 ], [ 8515886.431600000709295, 3667876.92400000244379 ], [ 8515815.198699999600649, 3667854.946000002324581 ], [ 8515814.60869999974966, 3667855.149499997496605 ], [ 8515792.459600001573563, 3667862.79110000282526 ], [ 8515711.988200001418591, 3667890.554099999368191 ], [ 8515708.574999999254942, 3667891.731499999761581 ], [ 8515644.663100000470877, 3667934.599600002169609 ], [ 8515605.431800000369549, 3667991.93129999935627 ], [ 8515577.06980000063777, 3668052.021300002932549 ], [ 8515576.760499998927116, 3668052.676600001752377 ], [ 8515637.478300001472235, 3668110.27139999717474 ], [ 8515680.332600001245737, 3668196.219400003552437 ], [ 8515666.479699999094009, 3668260.117799997329712 ], [ 8515666.300500001758337, 3668260.944700002670288 ], [ 8515627.267700001597404, 3668330.466899998486042 ], [ 8515616.251600001007318, 3668350.087899997830391 ], [ 8515603.03999999910593, 3668376.876400001347065 ], [ 8515552.530999999493361, 3668479.290600001811981 ], [ 8515552.361900001764297, 3668528.109700001776218 ], [ 8515552.207499999552965, 3668572.672499999403954 ], [ 8515574.047600001096725, 3668726.361900001764297 ], [ 8515563.42119999974966, 3668845.091099999845028 ], [ 8515544.073699999600649, 3668931.747299998998642 ], [ 8515532.218299999833107, 3668984.846799999475479 ], [ 8515524.657400000840425, 3669018.71169999986887 ], [ 8515519.118700001388788, 3669026.487700000405312 ], [ 8515453.067899998277426, 3669119.218699999153614 ], [ 8515446.695500001311302, 3669147.792499996721745 ], [ 8515438.042399998754263, 3669186.592000000178814 ], [ 8515426.660500001162291, 3669237.627099998295307 ], [ 8515421.042399998754263, 3669262.818000003695488 ], [ 8515406.872000001370907, 3669377.480599999427795 ], [ 8515430.853799998760223, 3669455.250600002706051 ], [ 8515446.60869999974966, 3669506.341700002551079 ], [ 8515496.617899999022484, 3669606.336999997496605 ], [ 8515561.039799999445677, 3669749.652999997138977 ], [ 8515596.324700001627207, 3669840.82880000025034 ], [ 8515608.485300000756979, 3669872.251199997961521 ], [ 8515617.897900000214577, 3669896.572999998927116 ], [ 8515622.338700000196695, 3669909.003799997270107 ], [ 8515635.886, 3669946.924999997019768 ], [ 8515611.137699998915195, 3669990.028099998831749 ], [ 8515596.999800000339746, 3670010.772200003266335 ], [ 8515569.447799999266863, 3670051.198299996554852 ], [ 8515525.741799999028444, 3670115.326700001955032 ], [ 8515468.9054000005126, 3670230.391199998557568 ], [ 8515436.363299999386072, 3670277.722199998795986 ], [ 8515422.16499999910593, 3670298.372699998319149 ], [ 8515420.851399999111891, 3670298.952200002968311 ], [ 8515397.706799998879433, 3670309.161300003528595 ], [ 8515396.716499999165535, 3670308.827500000596046 ], [ 8515342.72690000012517, 3670290.631499998271465 ], [ 8515333.207699999213219, 3670287.423100002110004 ], [ 8515267.202300000935793, 3670275.095600001513958 ], [ 8515258.248700000345707, 3670273.423299998044968 ], [ 8515258.1765, 3670273.386900000274181 ], [ 8515255.250700000673532, 3670271.912900000810623 ], [ 8515236.182900000363588, 3670262.306100003421307 ], [ 8515167.038600001484156, 3670227.469499997794628 ], [ 8515165.469900000840425, 3670226.679099999368191 ], [ 8515093.92119999974966, 3670202.065200001001358 ], [ 8515093.36710000038147, 3670202.328400000929832 ], [ 8515092.577799998223782, 3670202.703299999237061 ], [ 8515033.388099998235703, 3670230.816100001335144 ], [ 8515024.072299998253584, 3670243.854900002479553 ], [ 8515005.2368, 3670270.218000002205372 ], [ 8515005.093400001525879, 3670270.418700002133846 ], [ 8514987.45160000026226, 3670324.041799999773502 ], [ 8514983.482500001788139, 3670345.634099997580051 ], [ 8514972.958399999886751, 3670402.88629999756813 ], [ 8514955.219700001180172, 3670510.536899998784065 ], [ 8514956.6129, 3670524.733900003135204 ], [ 8514962.935600001364946, 3670589.177000001072884 ], [ 8515026.660700000822544, 3670754.228699997067451 ], [ 8515037.74720000103116, 3670782.943000003695488 ], [ 8515039.799600001424551, 3670795.142200000584126 ], [ 8515047.567600000649691, 3670841.312600001692772 ], [ 8515059.359400000423193, 3670911.398400001227856 ], [ 8515059.345600001513958, 3670935.4507 ], [ 8515059.324499998241663, 3670972.490000002086163 ], [ 8515055.978000000119209, 3670979.267700001597404 ], [ 8515039.222199998795986, 3671013.203000001609325 ], [ 8514980.344900000840425, 3671054.309500001370907 ], [ 8514898.547499999403954, 3671111.418200001120567 ], [ 8514818.4408, 3671167.346500001847744 ], [ 8514704.702799998223782, 3671278.386 ], [ 8514704.261799998581409, 3671278.816600002348423 ], [ 8514688.434999998658895, 3671324.997900001704693 ], [ 8514672.673300001770258, 3671370.989399999380112 ], [ 8514672.353300001472235, 3671371.923500001430511 ], [ 8514672.485300000756979, 3671444.746299996972084 ], [ 8514672.502399999648333, 3671454.171099998056889 ], [ 8514669.977600000798702, 3671486.087899997830391 ], [ 8514665.737300001084805, 3671539.69200000166893 ], [ 8514658.31870000064373, 3671633.474799998104572 ], [ 8514655.872999999672174, 3671652.607199996709824 ], [ 8514650.114900000393391, 3671697.654700003564358 ], [ 8514644.109900001436472, 3671744.6338 ], [ 8514587.311200000345707, 3671866.758100003004074 ], [ 8514519.701400000602007, 3672020.700599998235703 ], [ 8514513.355799999088049, 3672034.810900002717972 ], [ 8514513.596700001507998, 3672034.837600000202656 ], [ 8514513.82880000025034, 3672034.863300003111362 ], [ 8514399.220499999821186, 3672289.700400002300739 ], [ 8514295.9287, 3672443.964100003242493 ], [ 8514224.652800001204014, 3672515.69990000128746 ], [ 8514103.380399998277426, 3672620.184799998998642 ], [ 8514003.900800000876188, 3672677.480700001120567 ], [ 8513861.278999999165535, 3672749.256499998271465 ], [ 8513757.549800001084805, 3672788.967600002884865 ], [ 8513663.921700000762939, 3672846.863499999046326 ], [ 8513663.398499999195337, 3672846.124700002372265 ], [ 8513649.410300001502037, 3672826.373000003397465 ], [ 8513612.555500000715256, 3672775.132600001990795 ], [ 8513607.184900000691414, 3672767.381300002336502 ], [ 8513607.675900001078844, 3672767.39360000193119 ], [ 8513493.550599999725819, 3672688.50620000064373 ], [ 8513397.479499999433756, 3672602.997900001704693 ], [ 8513390.089400000870228, 3672594.8794 ], [ 8513318.961899999529123, 3672516.741700001060963 ], [ 8513270.238099999725819, 3672428.464400000870228 ], [ 8513238.497499998658895, 3672343.642800003290176 ], [ 8513209.759399998933077, 3672266.844800002872944 ], [ 8513134.557, 3672026.639799997210503 ], [ 8513093.383299998939037, 3671982.854699999094009 ], [ 8513020.052299998700619, 3671904.871899999678135 ], [ 8512880.885200001299381, 3671769.22749999910593 ], [ 8512841.698300000280142, 3671745.55969999730587 ], [ 8512756.26969999819994, 3671693.962899997830391 ], [ 8512673.857700001448393, 3671629.473300002515316 ], [ 8512549.0647, 3671532.470899999141693 ], [ 8512431.478300001472235, 3671457.726599998772144 ], [ 8512313.571899998933077, 3671346.559399999678135 ], [ 8512255.806400001049042, 3671283.542599998414516 ], [ 8512195.526500001549721, 3671217.782200001180172 ], [ 8512153.326900001615286, 3671171.485399998724461 ], [ 8512153.025699999183416, 3671171.154899999499321 ], [ 8512153.015000000596046, 3671171.14919999986887 ], [ 8512130.769400000572205, 3671159.252400003373623 ], [ 8512038.478799998760223, 3671109.89580000191927 ], [ 8512038.362300001084805, 3671109.766800001263618 ], [ 8511985.773800000548363, 3671051.57660000026226 ], [ 8511874.251400001347065, 3670928.173799999058247 ], [ 8511867.29839999973774, 3670920.479999996721745 ], [ 8511763.696800000965595, 3670782.449100002646446 ], [ 8511681.578600000590086, 3670673.04110000282526 ], [ 8511597.815900001674891, 3670547.988099999725819 ], [ 8511535.276200000196695, 3670454.618699997663498 ], [ 8511453.144999999552965, 3670286.164599999785423 ], [ 8511446.159600000828505, 3670221.605099998414516 ], [ 8511454.456300001591444, 3670176.854000002145767 ], [ 8511460.120000001043081, 3670146.305200003087521 ], [ 8511462.555100001394749, 3670136.140299998223782 ], [ 8511470.411400001496077, 3670103.345600001513958 ], [ 8511481.556499999016523, 3670056.822800002992153 ], [ 8511470.966099999845028, 3669981.73589999973774 ], [ 8511453.509100001305342, 3669962.15429999679327 ], [ 8511410.16609999909997, 3669913.536200001835823 ], [ 8511339.01969999819994, 3669856.074600003659725 ], [ 8511338.938999999314547, 3669856.009400002658367 ], [ 8511338.934099998325109, 3669856.006700001657009 ], [ 8511149.821100000292063, 3669753.696000002324581 ], [ 8510921.297899998724461, 3669636.995200000703335 ], [ 8510889.715500000864267, 3669620.866700001060963 ], [ 8510454.395500000566244, 3669438.440200001001358 ], [ 8510244.796, 3669318.597599998116493 ], [ 8510129.553199999034405, 3669252.705300003290176 ], [ 8509901.511500000953674, 3669072.26799999922514 ], [ 8509767.636399999260902, 3668966.336800001561642 ], [ 8509726.424499999731779, 3668933.727099999785423 ], [ 8509569.841400001198053, 3668804.684000000357628 ], [ 8509569.326499998569489, 3668805.3684 ], [ 8509515.60020000115037, 3668876.7787000015378 ], [ 8509506.179699998348951, 3668898.870999999344349 ], [ 8509462.30689999833703, 3669001.757299996912479 ], [ 8509435.545400001108646, 3669010.127599999308586 ], [ 8509369.6118, 3669030.749799996614456 ], [ 8509368.18299999833107, 3669030.506700001657009 ], [ 8509296.484299998730421, 3669018.306199997663498 ], [ 8509284.1382, 3669016.205300003290176 ], [ 8509284.019499998539686, 3669016.257600001990795 ], [ 8509227.651399999856949, 3669041.115299999713898 ], [ 8509227.071800000965595, 3669041.370899997651577 ], [ 8509227.086300000548363, 3669063.584799997508526 ], [ 8509227.121100001037121, 3669116.54389999806881 ], [ 8509262.58390000090003, 3669299.5033999979496 ], [ 8509306.521000001579523, 3669443.996100001037121 ], [ 8509320.302700001746416, 3669489.318499997258186 ], [ 8509370.290500000119209, 3669661.57209999859333 ], [ 8509391.589200001209974, 3669966.249399997293949 ], [ 8509384.483399998396635, 3670031.196599997580051 ], [ 8509370.426199998706579, 3670159.679999999701977 ], [ 8509509.239100001752377, 3670260.111199997365475 ], [ 8509720.234299998730421, 3670392.234399996697903 ], [ 8509817.1426, 3670425.303999997675419 ], [ 8509953.594799999147654, 3670471.867700003087521 ], [ 8510071.000700000673532, 3670529.016199998557568 ], [ 8510385.110399998724461, 3670686.665299996733665 ], [ 8510638.275400001555681, 3670826.040600001811981 ], [ 8510944.299199998378754, 3670964.869699999690056 ], [ 8510977.522100001573563, 3670979.941399998962879 ], [ 8511064.350499998778105, 3671026.182599999010563 ], [ 8511326.98369999974966, 3671166.050200000405312 ], [ 8511389.333099998533726, 3671212.48139999806881 ], [ 8511451.727099999785423, 3671258.945799998939037 ], [ 8511638.770100001245737, 3671401.974600002169609 ], [ 8511676.556400001049042, 3671430.869199998676777 ], [ 8511794.417100001126528, 3671538.521499998867512 ], [ 8511869.660999998450279, 3671653.00450000166893 ], [ 8511883.083799999207258, 3671693.749399997293949 ], [ 8511912.30629999935627, 3671782.45440000295639 ], [ 8511912.308200001716614, 3671783.348399996757507 ], [ 8511912.692800000309944, 3671961.640100002288818 ], [ 8511830.863200001418591, 3672165.63459999859333 ], [ 8511719.938499998301268, 3672319.938000001013279 ], [ 8511665.612700000405312, 3672362.766800001263618 ], [ 8511649.095300000160933, 3672375.78830000013113 ], [ 8511474.315600000321865, 3672583.539899997413158 ], [ 8511407.209100000560284, 3672670.06360000371933 ], [ 8511321.081900000572205, 3672781.111599996685982 ], [ 8511273.860399998724461, 3672838.355200000107288 ], [ 8511253.238400001078844, 3672863.353900000452995 ], [ 8511093.097699999809265, 3673057.47860000282526 ], [ 8510889.991599999368191, 3673304.846799999475479 ], [ 8510801.041299998760223, 3673368.6841000020504 ], [ 8510800.5636, 3673369.027000002563 ], [ 8510800.485300000756979, 3673369.083200000226498 ], [ 8510744.19709999859333, 3673394.869199998676777 ], [ 8510708.537200000137091, 3673411.2051 ], [ 8510708.519200000911951, 3673411.21339999884367 ], [ 8510682.841099999845028, 3673422.976599998772144 ], [ 8510640.679499998688698, 3673459.405199997127056 ], [ 8510607.957400001585484, 3673487.677500002086163 ], [ 8510464.388599999248981, 3673547.657700002193451 ], [ 8510444.241399999707937, 3673556.074600003659725 ], [ 8510437.932799998670816, 3673560.531300000846386 ], [ 8510337.291600000113249, 3673631.627400003373623 ], [ 8510290.626800000667572, 3673670.781999997794628 ], [ 8510275.834499999880791, 3673683.193599998950958 ], [ 8510269.366799999028444, 3673688.620399996638298 ], [ 8510208.644799999892712, 3673767.876299999654293 ], [ 8510119.043299999088049, 3673883.05460000038147 ], [ 8510080.243000000715256, 3673932.930200003087521 ], [ 8510010.727299999445677, 3673982.844200000166893 ], [ 8509980.848299998790026, 3674004.297899998724461 ], [ 8509844.728399999439716, 3674039.988600000739098 ], [ 8509816.314599998295307, 3674047.438699997961521 ], [ 8509642.023400001227856, 3674044.230700001120567 ], [ 8509613.396899998188019, 3674058.60080000013113 ], [ 8509563.424199998378754, 3674083.686499997973442 ], [ 8509451.984299998730421, 3674163.456500001251698 ], [ 8509427.993000000715256, 3674180.62950000166893 ], [ 8509288.997099999338388, 3674270.54900000244379 ], [ 8509257.137800000607967, 3674309.49379999935627 ], [ 8509155.871599998325109, 3674433.280900001525879 ], [ 8509082.558899998664856, 3674510.656400002539158 ], [ 8509013.289500001817942, 3674583.76349999755621 ], [ 8508999.284000001847744, 3674612.517099998891354 ], [ 8508920.744800001382828, 3674773.759499996900558 ], [ 8508860.2483000010252, 3674949.398800000548363 ], [ 8508842.61540000140667, 3675042.427400000393391 ], [ 8508831.689300000667572, 3675100.07150000333786 ], [ 8508824.364500001072884, 3675115.603900000452995 ], [ 8508796.075599998235703, 3675175.591600000858307 ], [ 8508760.42339999973774, 3675178.834899999201298 ], [ 8508606.740200001746416, 3675193.667599998414516 ], [ 8508596.667899999767542, 3675193.652900002896786 ], [ 8508489.194200001657009, 3675193.4956 ], [ 8508411.109900001436472, 3675207.645700000226498 ], [ 8508410.939100001007318, 3675207.676600001752377 ], [ 8508394.807599999010563, 3675223.0371999964118 ], [ 8508343.068300001323223, 3675272.30290000140667 ], [ 8508316.157200001180172, 3675364.332500003278255 ], [ 8508314.812899999320507, 3675368.92960000038147 ], [ 8508314.644499998539686, 3675369.505400002002716 ], [ 8508312.272999998182058, 3675376.301299996674061 ], [ 8508260.960200000554323, 3675523.346799999475479 ], [ 8508250.674199998378754, 3675547.219499997794628 ], [ 8508200.730200000107288, 3675663.133699998259544 ], [ 8508102.803100001066923, 3675891.643500000238419 ], [ 8508090.021000001579523, 3675921.469700001180172 ], [ 8508062.125100001692772, 3675968.604400001466274 ], [ 8507943.5482, 3676168.957000002264977 ], [ 8507936.777300000190735, 3676182.89750000089407 ], [ 8507847.533300001174212, 3676366.6426 ], [ 8507812.732500001788139, 3676430.923699997365475 ], [ 8507736.935600001364946, 3676570.928199999034405 ], [ 8507697.479499999433756, 3676655.708999998867512 ], [ 8507686.958700001239777, 3676678.315200001001358 ], [ 8507666.810899998992682, 3676744.303900003433228 ], [ 8507635.147700000554323, 3676848.008400000631809 ], [ 8507606.619699999690056, 3676934.06139999628067 ], [ 8507606.915800001472235, 3676935.056699998676777 ], [ 8507649.348999999463558, 3677077.696699999272823 ], [ 8507690.676199998706579, 3677192.263300001621246 ], [ 8507721.530099999159575, 3677277.795800000429153 ], [ 8507731.993599999696016, 3677306.802100002765656 ], [ 8507764.046, 3677432.304799996316433 ], [ 8507764.100400000810623, 3677433.343699999153614 ], [ 8507771.002900000661612, 3677565.078000001609325 ], [ 8507730.297400001436472, 3677677.585400000214577 ], [ 8507728.284600000828505, 3677683.148199997842312 ], [ 8507728.127599999308586, 3677683.582299999892712 ], [ 8507582.372299998998642, 3677855.606499999761581 ], [ 8507582.159800000488758, 3677855.857299998402596 ], [ 8507542.8158, 3677977.855400003492832 ], [ 8507520.304999999701977, 3678075.07379999756813 ], [ 8507514.587099999189377, 3678099.76860000193119 ], [ 8507482.36769999936223, 3678164.0996999964118 ], [ 8507385.856199998408556, 3678164.325599998235703 ], [ 8507196.791600000113249, 3678150.0574000030756 ], [ 8506975.911200001835823, 3678178.944300003349781 ], [ 8506868.679999999701977, 3678297.401600003242493 ], [ 8506820.030000001192093, 3678397.632299996912479 ], [ 8506793.911499999463558, 3678451.442100003361702 ], [ 8506699.265299998223782, 3678585.335500001907349 ], [ 8506697.647199999541044, 3678587.624499998986721 ], [ 8506697.355500001460314, 3678588.037299998104572 ], [ 8506697.312800001353025, 3678724.270599998533726 ], [ 8506697.312800001353025, 3678724.4121999964118 ], [ 8506689.816100001335144, 3678748.791199997067451 ], [ 8506665.417899999767542, 3678828.133500002324581 ], [ 8506594.141399998217821, 3678910.438799999654293 ], [ 8506562.544100001454353, 3678930.416299998760223 ], [ 8506534.780900001525879, 3678947.9695999994874 ], [ 8506481.707299999892712, 3679037.757399998605251 ], [ 8506398.959199998527765, 3679190.215999998152256 ], [ 8506310.559000000357628, 3679353.088200002908707 ], [ 8506300.106800001114607, 3679369.999799996614456 ], [ 8506238.455699998885393, 3679469.750399999320507 ], [ 8506159.271800000220537, 3679597.867600001394749 ], [ 8506141.125999998301268, 3679627.226899996399879 ], [ 8506081.939100001007318, 3679722.98870000243187 ], [ 8506061.715500000864267, 3679754.531599998474121 ], [ 8506044.928899999707937, 3679780.71339999884367 ], [ 8505868.215700000524521, 3680056.329999998211861 ], [ 8505821.614999998360872, 3680151.950300000607967 ], [ 8505734.240200001746416, 3680285.278999999165535 ], [ 8505718.193, 3680309.766099996864796 ], [ 8505702.030200000852346, 3680336.946800000965595 ], [ 8505685.872000001370907, 3680364.119999997317791 ], [ 8505622.426600001752377, 3680510.350900001823902 ], [ 8505622.129900000989437, 3680511.035099998116493 ], [ 8505619.504099998623133, 3680527.953699998557568 ], [ 8505614.912599999457598, 3680557.539300002157688 ], [ 8505617.6908, 3680618.958599999547005 ], [ 8505622.063299998641014, 3680715.634300000965595 ], [ 8505625.471900001168251, 3680776.207599997520447 ], [ 8505628.908399999141693, 3680837.275100000202656 ], [ 8505622.110199999064207, 3680873.90429999679327 ], [ 8505611.534400001168251, 3680930.888800002634525 ], [ 8505514.82880000025034, 3681052.803300000727177 ], [ 8505486.6722999997437, 3681098.962899997830391 ], [ 8505464.092399999499321, 3681135.979900002479553 ], [ 8505390.113400001078844, 3681257.259499996900558 ], [ 8505322.011199999600649, 3681362.906400002539158 ], [ 8505318.567899998277426, 3681368.247900001704693 ], [ 8505318.478500001132488, 3681368.386600002646446 ], [ 8505318.567800000309944, 3681379.404200002551079 ], [ 8505319.031399998813868, 3681436.576800003647804 ], [ 8505317.854400001466274, 3681472.657200001180172 ], [ 8505315.28999999910593, 3681551.266099996864796 ], [ 8505290.274500001221895, 3681640.833099998533726 ], [ 8505250.997099999338388, 3681702.30460000038147 ], [ 8505251.295800000429153, 3681703.470899999141693 ], [ 8505254.199299998581409, 3681714.807599999010563 ], [ 8505279.397599998861551, 3681813.192500002682209 ], [ 8505279.3733000010252, 3681814.008199997246265 ], [ 8505278.203499998897314, 3681853.270599998533726 ], [ 8505276.190900001674891, 3681920.820100001990795 ], [ 8505273.397799998521805, 3681923.59570000320673 ], [ 8505254.706900000572205, 3681942.170199997723103 ], [ 8505208.644000001251698, 3681949.735399998724461 ], [ 8505186.922200001776218, 3681953.302799999713898 ], [ 8505112.106499999761581, 3681963.922499999403954 ], [ 8505041.241399999707937, 3681987.826899997889996 ], [ 8505026.336800001561642, 3681992.854599997401237 ], [ 8504929.876299999654293, 3682003.643399998545647 ], [ 8504858.745900001376867, 3682107.707900002598763 ], [ 8504833.535900000482798, 3682134.648100003600121 ], [ 8504808.68299999833107, 3682161.206500001251698 ], [ 8504808.280900001525879, 3682161.636 ], [ 8504802.320099998265505, 3682185.199400000274181 ], [ 8504793.3108000010252, 3682220.813500002026558 ], [ 8504776.535100001841784, 3682287.127400003373623 ], [ 8504765.964099999517202, 3682334.722999997437 ], [ 8504755.077599998563528, 3682383.7368 ], [ 8504749.560499999672174, 3682416.363399997353554 ], [ 8504733.869199998676777, 3682509.155599996447563 ], [ 8504710.505399998277426, 3682538.992399998009205 ], [ 8504708.531800001859665, 3682541.512699998915195 ], [ 8504708.381299998611212, 3682541.704899996519089 ], [ 8504659.6114999987185, 3682541.525399997830391 ], [ 8504658.639800000935793, 3682541.521700002253056 ], [ 8504631.00899999961257, 3682555.364399999380112 ], [ 8504608.515000000596046, 3682566.633400000631809 ], [ 8504572.852099999785423, 3682642.19030000269413 ], [ 8504555.061299998313189, 3682701.630800001323223 ], [ 8504538.098499998450279, 3682758.304300002753735 ], [ 8504527.920699998736382, 3682789.150399997830391 ], [ 8504520.395700000226498, 3682811.957299999892712 ], [ 8504463.542599998414516, 3682872.991899996995926 ], [ 8504370.761999998241663, 3682905.501199997961521 ], [ 8504320.508400000631809, 3682967.024099998176098 ], [ 8504306.4485, 3682984.236900001764297 ], [ 8504215.436900001019239, 3683094.941600002348423 ], [ 8504206.191500000655651, 3683106.187600001692772 ], [ 8504135.102200001478195, 3683222.008699998259544 ], [ 8504122.091899998486042, 3683243.20549999922514 ], [ 8504102.830299999564886, 3683274.587300002574921 ], [ 8504102.807199999690056, 3683274.624899998307228 ], [ 8504052.91609999909997, 3683328.545199997723103 ], [ 8503992.395700000226498, 3683443.70269999653101 ], [ 8503981.943599998950958, 3683518.683300003409386 ], [ 8503981.892000000923872, 3683519.0537 ], [ 8503982.109900001436472, 3683519.794299997389317 ], [ 8503984.951099999248981, 3683529.449299998581409 ], [ 8504002.95380000025034, 3683590.624600000679493 ], [ 8504023.767700001597404, 3683636.118299998342991 ], [ 8504024.397100001573563, 3683637.493900001049042 ], [ 8504044.534000001847744, 3683640.609499998390675 ], [ 8504046.072700001299381, 3683640.847599998116493 ], [ 8504046.268500000238419, 3683640.680399999022484 ], [ 8504113.498100001364946, 3683583.248400002717972 ], [ 8504131.893699999898672, 3683578.072499997913837 ], [ 8504162.9452, 3683569.335799999535084 ], [ 8504187.847199998795986, 3683562.329300001263618 ], [ 8504188.815999999642372, 3683562.056699998676777 ], [ 8504277.061799999326468, 3683616.974799998104572 ], [ 8504292.334399998188019, 3683626.479400001466274 ], [ 8504342.133299998939037, 3683705.463500000536442 ], [ 8504588.573300000280142, 3683927.493000000715256 ], [ 8504626.807300001382828, 3683945.454099997878075 ], [ 8504627.931800000369549, 3683945.982299998402596 ], [ 8504713.429499998688698, 3683881.181500002741814 ], [ 8504837.685199998319149, 3683809.56870000064373 ], [ 8504838.671399999409914, 3683809.000699996948242 ], [ 8504873.800200000405312, 3683801.937100000679493 ], [ 8504963.708700001239777, 3683783.85869999974966 ], [ 8505180.323699999600649, 3683787.925800003111362 ], [ 8505181.442499998956919, 3683787.946800000965595 ], [ 8505230.508400000631809, 3683797.956200003623962 ], [ 8505231.277699999511242, 3683798.113099999725819 ], [ 8505231.030900001525879, 3683799.482500001788139 ], [ 8505227.349899999797344, 3683819.904200002551079 ], [ 8505207.03830000013113, 3683853.229999996721745 ], [ 8505198.227600000798702, 3683867.6858000010252 ], [ 8505188.087000001221895, 3683884.323700003325939 ], [ 8505183.815900001674891, 3683904.811899997293949 ], [ 8505181.768100000917912, 3683914.634999997913837 ], [ 8505181.331999998539686, 3683916.726599998772144 ], [ 8505181.6952, 3683917.032899998128414 ], [ 8505242.5055, 3683968.315399996936321 ], [ 8505245.5603, 3683970.891500003635883 ], [ 8505274.272199999541044, 3684045.918700002133846 ], [ 8505274.1233000010252, 3684046.649800002574921 ], [ 8505259.636300001293421, 3684117.788400001823902 ], [ 8505252.525400001555681, 3684148.620899997651577 ], [ 8505234.7685999982059, 3684225.612999998033047 ], [ 8505196.19200000166893, 3684344.363300003111362 ], [ 8505177.687699999660254, 3684401.324600003659725 ], [ 8505095.895799998193979, 3684490.807199999690056 ], [ 8505073.042100001126528, 3684506.898500002920628 ], [ 8505054.972899999469519, 3684519.620899997651577 ], [ 8504927.715300001204014, 3684609.22240000218153 ], [ 8504785.413400001823902, 3684742.127400003373623 ], [ 8504735.30970000103116, 3684842.513700000941753 ], [ 8504710.054400000721216, 3684975.629699997603893 ], [ 8504684.224899999797344, 3685088.196999996900558 ], [ 8504681.82209999859333, 3685098.668700002133846 ], [ 8504681.796100001782179, 3685098.781300000846386 ], [ 8504603.426399998366833, 3685178.227300003170967 ], [ 8504599.738299999386072, 3685228.250500001013279 ], [ 8504588.870000001043081, 3685332.443899996578693 ], [ 8504478.243000000715256, 3685475.673299998044968 ], [ 8504477.535700000822544, 3685486.871399998664856 ], [ 8504467.354699999094009, 3685648.085699997842312 ], [ 8504462.668400000780821, 3685734.354299999773502 ], [ 8504460.737700000405312, 3685769.894799999892712 ], [ 8504460.395599998533726, 3685770.113099999725819 ], [ 8504433.0757, 3685787.549999997019768 ], [ 8504392.597899999469519, 3685813.384700000286102 ], [ 8504246.975699998438358, 3685849.042599998414516 ], [ 8504246.971400000154972, 3685849.043600000441074 ], [ 8504245.981899999082088, 3685849.285800002515316 ], [ 8504245.977899998426437, 3685849.286799997091293 ], [ 8504133.865699999034405, 3685881.957800000905991 ], [ 8504133.861699998378754, 3685881.958999998867512 ], [ 8503975.987799998372793, 3685902.660099998116493 ], [ 8503783.995400000363588, 3685903.049500003457069 ], [ 8503685.999800000339746, 3685944.433600001037121 ], [ 8503685.995700001716614, 3685944.434900000691414 ], [ 8503507.051199998706579, 3685965.29110000282526 ], [ 8503473.356300000101328, 3685996.739 ], [ 8503473.353100001811981, 3685996.741999998688698 ], [ 8503457.973900001496077, 3686048.620099999010563 ], [ 8503458.252900000661612, 3686049.498199999332428 ], [ 8503479.006000000983477, 3686114.811599999666214 ], [ 8503503.341699998825788, 3686191.399499997496605 ], [ 8503515.0168999992311, 3686228.14299999922514 ], [ 8503532.27589999884367, 3686269.933399997651577 ], [ 8503603.380300000309944, 3686442.103500001132488 ], [ 8503681.087999999523163, 3686569.695500001311302 ], [ 8503687.374699998646975, 3686627.726800002157688 ], [ 8503691.210400000214577, 3686663.13289999961853 ], [ 8503691.270599998533726, 3686664.097199998795986 ], [ 8503692.735300000756979, 3686687.560000002384186 ], [ 8503701.964000001549721, 3686835.388899996876717 ], [ 8503691.347500000149012, 3686970.765299998223782 ], [ 8503507.559999998658895, 3687192.240599997341633 ], [ 8503507.557199999690056, 3687192.243900001049042 ], [ 8503432.151500001549721, 3687270.95099999755621 ], [ 8503415.746800001710653, 3687288.07379999756813 ], [ 8503415.74379999935627, 3687288.076999999582767 ], [ 8503297.410399999469519, 3687411.589299999177456 ], [ 8503297.407299999147654, 3687411.592399999499321 ], [ 8503262.1151, 3687518.243699997663498 ], [ 8503244.794199999421835, 3687570.586000002920628 ], [ 8503209.967599999159575, 3687675.829199999570847 ], [ 8503130.831799998879433, 3687735.236000001430511 ], [ 8503130.828200001269579, 3687735.23870000243187 ], [ 8503097.685199998319149, 3687760.11879999935627 ], [ 8503087.1897, 3687767.997699998319149 ], [ 8503087.185899998992682, 3687768.000200003385544 ], [ 8502944.147399999201298, 3687818.481100000441074 ], [ 8502944.143300000578165, 3687818.482500001788139 ], [ 8502934.364599999040365, 3687821.933600001037121 ], [ 8502934.360500000417233, 3687821.935000002384186 ], [ 8502933.65089999884367, 3687822.185400001704693 ], [ 8502933.646899998188019, 3687822.186899997293949 ], [ 8502906.828400000929832, 3687876.479099996387959 ], [ 8502888.137899998575449, 3687914.315999999642372 ], [ 8502888.47580000013113, 3687915.290899999439716 ], [ 8502933.6798, 3688045.723300002515316 ], [ 8502941.5011, 3688145.66780000180006 ], [ 8502941.493900001049042, 3688145.675200000405312 ], [ 8502845.4712999984622, 3688242.240599997341633 ], [ 8502845.468199998140335, 3688242.243699997663498 ], [ 8502836.533599998801947, 3688251.228900000452995 ], [ 8502836.530499998480082, 3688251.23200000077486 ], [ 8502826.514600001275539, 3688261.30460000038147 ], [ 8502826.511300001293421, 3688261.307499997317791 ], [ 8502793.776900000870228, 3688274.469099998474121 ], [ 8502793.772799998521805, 3688274.47070000320673 ], [ 8502711.686700001358986, 3688307.474500000476837 ], [ 8502711.682599999010563, 3688307.476099997758865 ], [ 8502711.557599999010563, 3688307.526299998164177 ], [ 8502711.553599998354912, 3688307.527999997138977 ], [ 8502700.747699998319149, 3688348.210500001907349 ], [ 8502680.863499999046326, 3688423.070600003004074 ], [ 8502603.952599998563528, 3688469.58049999922514 ], [ 8502603.948800001293421, 3688469.582699999213219 ], [ 8502497.264699999243021, 3688515.700800001621246 ], [ 8502497.26069999858737, 3688515.702600002288818 ], [ 8502497.177999999374151, 3688515.738300003111362 ], [ 8502497.1739999987185, 3688515.740099996328354 ], [ 8502497.523200001567602, 3688517.077100001275539 ], [ 8502507.920499999076128, 3688556.884700000286102 ], [ 8502527.33669999986887, 3688631.221699997782707 ], [ 8502527.378199998289347, 3688631.380699999630451 ], [ 8502649.917300000786781, 3688854.343900002539158 ], [ 8502650.347800001502037, 3688855.127099998295307 ], [ 8502649.900100000202656, 3688855.575800001621246 ], [ 8502588.786899998784065, 3688916.792000003159046 ], [ 8502588.7837999984622, 3688916.795100003480911 ], [ 8502473.906300000846386, 3689024.030199997127056 ], [ 8502473.903099998831749, 3689024.03320000320673 ], [ 8502473.715199999511242, 3689024.20830000191927 ], [ 8502473.712000001221895, 3689024.211300000548363 ], [ 8502474.188400000333786, 3689025.309000000357628 ], [ 8502513.7357, 3689116.4331 ], [ 8502527.39809999987483, 3689147.912799999117851 ], [ 8502526.971099998801947, 3689148.146700002253056 ], [ 8502466.246500000357628, 3689181.401299998164177 ], [ 8502466.242600001394749, 3689181.403399996459484 ], [ 8502443.450199998915195, 3689193.885200001299381 ], [ 8502443.4463, 3689193.88740000128746 ], [ 8502443.241999998688698, 3689240.016999997198582 ], [ 8502443.240499999374151, 3689240.358999997377396 ], [ 8502305.513900000602007, 3689324.781800001859665 ], [ 8502305.510099999606609, 3689324.784100003540516 ], [ 8502305.147100001573563, 3689325.006499998271465 ], [ 8502305.143300000578165, 3689325.0088 ], [ 8502305.05519999936223, 3689386.55969999730587 ], [ 8502305.0548, 3689386.789599999785423 ], [ 8502259.292899999767542, 3689448.339599996805191 ], [ 8502259.290300000458956, 3689448.343000002205372 ], [ 8502151.712200000882149, 3689540.978799998760223 ], [ 8502151.708799999207258, 3689540.981700003147125 ], [ 8502074.908900000154972, 3689602.777099996805191 ], [ 8502074.905499998480082, 3689602.779899999499321 ], [ 8502044.709699999541044, 3689633.620200000703335 ], [ 8502044.706599999219179, 3689633.6233000010252 ], [ 8502043.985599998384714, 3689633.776699997484684 ], [ 8502043.945500001311302, 3689633.816699996590614 ], [ 8502043.942400000989437, 3689633.819799996912479 ], [ 8501975.769600000232458, 3689648.59179999679327 ], [ 8501911.489500001072884, 3689662.520300000905991 ], [ 8501911.366900000721216, 3689662.0574000030756 ], [ 8501909.581799998879433, 3689655.315399996936321 ], [ 8501908.6875, 3689651.937700003385544 ], [ 8501906.540899999439716, 3689643.830600000917912 ], [ 8501898.49439999833703, 3689613.440800003707409 ], [ 8501894.937699999660254, 3689600.00789999961853 ], [ 8501891.454799998551607, 3689586.853900000452995 ], [ 8501886.9221, 3689573.276900000870228 ], [ 8501883.014899998903275, 3689561.57320000231266 ], [ 8501873.407499998807907, 3689532.79559999704361 ], [ 8501870.782200001180172, 3689524.931900002062321 ], [ 8501860.634799998253584, 3689494.536799997091293 ], [ 8501857.596099998801947, 3689485.434900000691414 ], [ 8501857.377500001341105, 3689484.780199997127056 ], [ 8501847.712600000202656, 3689455.960500001907349 ], [ 8501844.571199998259544, 3689446.593299999833107 ], [ 8501843.015700001269579, 3689441.9551 ], [ 8501841.249299999326468, 3689436.688000001013279 ], [ 8501841.149099998176098, 3689436.389200001955032 ], [ 8501841.36879999935627, 3689332.324199996888638 ], [ 8501841.36879999935627, 3689320.72070000320673 ], [ 8501841.648400001227856, 3689313.786700002849102 ], [ 8501846.177099999040365, 3689194.492499999701977 ], [ 8501847.633900001645088, 3689156.118900001049042 ], [ 8501847.684500001370907, 3689154.786100000143051 ], [ 8501772.3607, 3689101.556400001049042 ], [ 8501750.361999999731779, 3689098.637599997222424 ], [ 8501718.2555, 3689094.427100002765656 ], [ 8501654.535999998450279, 3689086.070799998939037 ], [ 8501595.145899999886751, 3689041.916900001466274 ], [ 8501595.041799999773502, 3689041.839500002563 ], [ 8501595.386799998581409, 3688961.385600000619888 ], [ 8501595.386900000274181, 3688946.120300002396107 ], [ 8501595.386900000274181, 3688945.012199997901917 ], [ 8501560.961199998855591, 3688831.777300000190735 ], [ 8501560.882800001651049, 3688831.519400000572205 ], [ 8501560.056800000369549, 3688784.06870000064373 ], [ 8501559.6721, 3688761.965400002896786 ], [ 8501558.4518, 3688705.692800000309944 ], [ 8501558.424699999392033, 3688704.443400003015995 ], [ 8501535.837900001555681, 3688648.208499997854233 ], [ 8501498.672600001096725, 3688557.865599997341633 ], [ 8501498.553399998694658, 3688557.575800001621246 ], [ 8501499.072700001299381, 3688527.7654 ], [ 8501498.8037, 3688494.315099999308586 ], [ 8501543.762800000607967, 3688429.784000001847744 ], [ 8501598.728700000792742, 3688350.16610000282526 ], [ 8501598.7314000017941, 3688350.162799999117851 ], [ 8501703.782999999821186, 3688222.276399999856949 ], [ 8501703.785700000822544, 3688222.273100003600121 ], [ 8501742.173500001430511, 3688175.293700002133846 ], [ 8501782.752999998629093, 3688050.263300001621246 ], [ 8501782.746800001710653, 3687983.764200001955032 ], [ 8501782.739, 3687900.868000000715256 ], [ 8501782.738899998366833, 3687899.668099999427795 ], [ 8501727.761, 3687778.525200001895428 ], [ 8501723.15819999948144, 3687768.383000001311302 ], [ 8501645.736699998378754, 3687660.915100000798702 ], [ 8501623.218899998813868, 3687630.12780000269413 ], [ 8501587.773200001567602, 3687560.306800000369549 ], [ 8501570.953099999576807, 3687527.528599999845028 ], [ 8501570.802000001072884, 3687527.234099999070168 ], [ 8501571.19709999859333, 3687518.04730000346899 ], [ 8501573.132599998265505, 3687457.950599998235703 ], [ 8501590.734900001436472, 3687345.533100001513958 ], [ 8501595.461399998515844, 3687314.102799996733665 ], [ 8501624.296599999070168, 3687257.555500000715256 ], [ 8501640.913400001823902, 3687224.969099998474121 ], [ 8501688.891100000590086, 3687129.256700001657009 ], [ 8501695.473299998790026, 3687061.123099997639656 ], [ 8501695.569499999284744, 3687060.127700001001358 ], [ 8501664.404599998146296, 3686994.911899998784065 ], [ 8501646.706999998539686, 3686973.4324000030756 ], [ 8501570.976300001144409, 3686881.962700001895428 ], [ 8501567.07660000026226, 3686873.693899996578693 ], [ 8501538.7357, 3686816.4341000020504 ], [ 8501538.630699999630451, 3686816.221900001168251 ], [ 8501538.631099998950958, 3686766.658900000154972 ], [ 8501538.634199999272823, 3686766.655799999833107 ], [ 8501629.901599999517202, 3686675.359700001776218 ], [ 8501629.904800001531839, 3686675.356700003147125 ], [ 8501673.37950000166893, 3686634.975100003182888 ], [ 8501673.3827, 3686634.972099997103214 ], [ 8501720.282000001519918, 3686590.788900002837181 ], [ 8501733.714400000870228, 3686536.081299997866154 ], [ 8501747.885499998927116, 3686474.503100000321865 ], [ 8501757.867499999701977, 3686278.277300000190735 ], [ 8501757.903900001198053, 3686277.561999998986721 ], [ 8501747.551100000739098, 3686227.567100003361702 ], [ 8501720.640999998897314, 3686099.76410000026226 ], [ 8501720.495299998670816, 3686099.07209999859333 ], [ 8501726.567299999296665, 3685984.586099997162819 ], [ 8501726.611900001764297, 3685983.745800003409386 ], [ 8501707.912799999117851, 3685914.494599997997284 ], [ 8501670.14979999884963, 3685869.739600002765656 ], [ 8501655.879599999636412, 3685852.827299997210503 ], [ 8501624.339999999850988, 3685815.870999999344349 ], [ 8501593.986000001430511, 3685779.796300001442432 ], [ 8501546.025100000202656, 3685723.460400000214577 ], [ 8501527.347699999809265, 3685654.793999999761581 ], [ 8501504.07149999961257, 3685617.2412 ], [ 8501496.510000001639128, 3685605.041900001466274 ], [ 8501411.983800001442432, 3685573.36710000038147 ], [ 8501364.962699998170137, 3685551.245300002396107 ], [ 8501319.365899998694658, 3685530.256499998271465 ], [ 8501319.295400001108646, 3685529.760200001299381 ], [ 8501318.571899998933077, 3685529.419699996709824 ], [ 8501315.196100000292063, 3685500.940600000321865 ], [ 8501311.57490000128746, 3685475.481899999082088 ], [ 8501290.607099998742342, 3685426.345600001513958 ], [ 8501286.098700001835823, 3685419.047499999403954 ], [ 8501224.757800001651049, 3685321.5929000005126 ], [ 8501223.289599999785423, 3685321.712899997830391 ], [ 8501146.725999999791384, 3685327.971400000154972 ], [ 8501128.531199999153614, 3685329.779100000858307 ], [ 8501037.533500000834465, 3685370.043999999761581 ], [ 8501037.529500000178814, 3685370.045800000429153 ], [ 8501023.299800001084805, 3685376.36370000243187 ], [ 8501023.295800000429153, 3685376.365500003099442 ], [ 8501023.238400001078844, 3685376.369400002062321 ], [ 8501022.958599999547005, 3685376.493299998342991 ], [ 8501022.954599998891354, 3685376.495099999010563 ], [ 8500961.993200000375509, 3685380.6941 ], [ 8500926.434399999678135, 3685383.143299996852875 ], [ 8500795.304000001400709, 3685380.064499996602535 ], [ 8500794.44310000166297, 3685379.894900001585484 ], [ 8500745.522700000554323, 3685370.255699999630451 ], [ 8500683.816100001335144, 3685359.410400003194809 ], [ 8500634.657999999821186, 3685342.814499996602535 ], [ 8500627.953400000929832, 3685340.722499996423721 ], [ 8500393.502999998629093, 3685262.923299998044968 ], [ 8500279.780099999159575, 3685226.387199997901917 ], [ 8500247.2621, 3685205.393100000917912 ], [ 8500225.506099998950958, 3685192.22860000282526 ], [ 8500140.577599998563528, 3685094.867799997329712 ], [ 8500110.597699999809265, 3685060.763999998569489 ], [ 8500109.990800000727177, 3685059.458200000226498 ], [ 8500047.871500000357628, 3684928.968699999153614 ], [ 8499995.278400000184774, 3684863.515699997544289 ], [ 8499908.264699999243021, 3684821.214900001883507 ], [ 8499904.725600000470877, 3684819.525600001215935 ], [ 8499903.3015, 3684819.429399996995926 ], [ 8499858.746199999004602, 3684816.420900002121925 ], [ 8499811.103100001811981, 3684813.203900001943111 ], [ 8499810.9945, 3684813.097900003194809 ], [ 8499727.362799998372793, 3684731.520000003278255 ], [ 8499673.800799999386072, 3684691.361400000751019 ], [ 8499580.225600000470877, 3684625.639200001955032 ], [ 8499403.193599998950958, 3684588.204599998891354 ], [ 8499402.55799999833107, 3684588.201499998569489 ], [ 8499309.548000000417233, 3684587.7544 ], [ 8499308.030200000852346, 3684587.533600002527237 ], [ 8499237.929299999028444, 3684577.335799999535084 ], [ 8499225.726199999451637, 3684575.642700001597404 ], [ 8499225.564300000667572, 3684575.537000000476837 ], [ 8499225.170400001108646, 3684575.479800000786781 ], [ 8499147.531199999153614, 3684525.507200002670288 ], [ 8499146.002099998295307, 3684525.367799997329712 ], [ 8499076.077100001275539, 3684518.993699997663498 ], [ 8498982.582299999892712, 3684537.951800003647804 ], [ 8498913.902199998497963, 3684587.882600001990795 ], [ 8498913.898600000888109, 3684587.885200001299381 ], [ 8498897.456799998879433, 3684668.677299998700619 ], [ 8498889.584899999201298, 3684709.959399998188019 ], [ 8498889.692600000649691, 3684711.278300002217293 ], [ 8498901.827799998223782, 3684859.928199999034405 ], [ 8498901.824200000613928, 3684859.973800003528595 ], [ 8498900.558299999684095, 3684875.9391999989748 ], [ 8498889.133099999278784, 3685097.967799998819828 ], [ 8498874.662799999117851, 3685109.357500001788139 ], [ 8498874.659299999475479, 3685109.360299997031689 ], [ 8498861.217500001192093, 3685119.940499998629093 ], [ 8498861.214000001549721, 3685119.943199999630451 ], [ 8498741.419399999082088, 3685124.040899999439716 ], [ 8498683.326900001615286, 3685126.027999997138977 ], [ 8498636.651599999517202, 3685119.940800003707409 ], [ 8498636.4529, 3685119.91499999910593 ], [ 8498508.842599999159575, 3685116.789399996399879 ], [ 8498508.75730000063777, 3685116.597599998116493 ], [ 8498508.288800001144409, 3685115.54389999806881 ], [ 8498507.807599999010563, 3685115.529399998486042 ], [ 8498502.767299998551607, 3685103.12780000269413 ], [ 8498496.432799998670816, 3685088.883400000631809 ], [ 8498496.331300001591444, 3685088.655199997127056 ], [ 8498496.531399998813868, 3684885.166799999773502 ], [ 8498502.3574, 3684625.899400003254414 ], [ 8498502.375799998641014, 3684625.081000000238419 ], [ 8498493.679099999368191, 3684587.603000000119209 ], [ 8498492.025699999183416, 3684587.415200002491474 ], [ 8498440.376299999654293, 3684581.548299998044968 ], [ 8498403.206999998539686, 3684618.8766999989748 ], [ 8498403.203899998217821, 3684618.879799999296665 ], [ 8498384.607099998742342, 3684713.119300000369549 ], [ 8498383.572500001639128, 3684746.529500000178814 ], [ 8498379.807799998670816, 3684925.129900000989437 ], [ 8498378.0456000007689, 3684925.129900000989437 ], [ 8498378.041900001466274, 3684925.1300999969244 ], [ 8498378.030999999493361, 3684925.481899999082088 ], [ 8498188.395899999886751, 3684925.7566 ], [ 8497938.953200001269579, 3684910.033900000154972 ], [ 8497814.726399999111891, 3684919.5154 ], [ 8497699.121100001037121, 3684928.338899999856949 ], [ 8497391.569200001657009, 3684944.1787 ], [ 8497390.793299999088049, 3684944.218599997460842 ], [ 8497158.338199999183416, 3684967.1382 ], [ 8497138.779100000858307, 3684969.066699996590614 ], [ 8497138.724500000476837, 3684969.07209999859333 ], [ 8497138.711199998855591, 3684968.653200000524521 ], [ 8497132.587000001221895, 3684775.045199997723103 ], [ 8497126.509399998933077, 3684355.772100001573563 ], [ 8497120.379000000655651, 3684164.691600002348423 ], [ 8497114.842399999499321, 3683843.777099996805191 ], [ 8497114.170800000429153, 3683804.849600002169609 ], [ 8497089.516100000590086, 3683094.685000002384186 ], [ 8497089.519900001585484, 3683094.684900000691414 ], [ 8497089.805300001055002, 3683094.684000000357628 ], [ 8497089.792599998414516, 3683094.317900002002716 ], [ 8497089.796399999409914, 3683094.317699998617172 ], [ 8497198.375300001353025, 3683094.318099997937679 ], [ 8497214.2007, 3682957.194300003349781 ], [ 8497223.359499998390675, 3682875.265900000929832 ], [ 8497220.114900000393391, 3682713.057499997317791 ], [ 8497220.053199999034405, 3682710.210900001227856 ], [ 8497220.029800001531839, 3682709.130500003695488 ], [ 8497195.543699998408556, 3682643.46000000089407 ], [ 8497185.528299998492002, 3682623.318499997258186 ], [ 8497120.6809, 3682492.906800001859665 ], [ 8497066.701699998229742, 3682398.705600000917912 ], [ 8497040.232599999755621, 3682352.513400003314018 ], [ 8497036.369699999690056, 3682345.904399998486042 ], [ 8497027.847500000149012, 3682309.300899997353554 ], [ 8497000.479100000113249, 3682193.0625 ], [ 8496996.042700000107288, 3682174.220399998128414 ], [ 8496995.986900001764297, 3682173.983400002121925 ], [ 8496995.649700000882149, 3682166.752599999308586 ], [ 8496995.6371, 3682166.4824 ], [ 8496983.142900001257658, 3682028.65820000320673 ], [ 8496981.848999999463558, 3682026.544699996709824 ], [ 8496980.435400001704693, 3682024.235100001096725 ], [ 8496975.019799999892712, 3682015.387900002300739 ], [ 8496974.308800000697374, 3682014.226300001144409 ], [ 8496974.313200000673532, 3682014.225299999117851 ], [ 8497105.761100001633167, 3681987.354699999094009 ], [ 8497108.785999998450279, 3681987.531099997460842 ], [ 8497108.928199999034405, 3681987.5016999989748 ], [ 8497188.864399999380112, 3681992.144599996507168 ], [ 8497557.812399998307228, 3682013.5675999969244 ], [ 8497622.947500001639128, 3682017.3496999964118 ], [ 8497644.903000000864267, 3682015.978200003504753 ], [ 8498207.2982, 3681980.846400000154972 ], [ 8498321.465799998492002, 3681957.476300001144409 ], [ 8498339.718400001525879, 3681667.156099997460842 ], [ 8498339.7347999997437, 3681666.895300000905991 ], [ 8498332.265700001269579, 3681605.48309999704361 ], [ 8498301.719300001859665, 3681354.319399997591972 ], [ 8498301.656599998474121, 3681353.803900003433228 ], [ 8498275.177000001072884, 3680927.749399997293949 ], [ 8498275.149900000542402, 3680927.313299998641014 ], [ 8498266.50279999896884, 3680788.18299999833107 ], [ 8498263.546300001442432, 3680740.611900001764297 ], [ 8498228.208099998533726, 3680218.370099999010563 ], [ 8498225.0044, 3680171.0253000035882 ], [ 8498216.846999999135733, 3680050.470399998128414 ], [ 8498216.850900001823902, 3680050.469700001180172 ], [ 8498403.900100000202656, 3680023.355400003492832 ], [ 8498426.581399999558926, 3680020.067299999296665 ], [ 8498426.650100000202656, 3680020.057199999690056 ], [ 8498426.688700001686811, 3680019.518899999558926 ], [ 8498442.005100000649691, 3679805.785199999809265 ], [ 8498448.447999998927116, 3679715.877599999308586 ], [ 8498450.958000000566244, 3679680.851199999451637 ], [ 8498450.971599999815226, 3679680.661799997091293 ], [ 8498433.0016999989748, 3679529.6875 ], [ 8498417.921300001442432, 3679402.985699996352196 ], [ 8498417.835900001227856, 3679402.26860000193119 ], [ 8498415.538699999451637, 3679362.387599997222424 ], [ 8498402.333999998867512, 3679133.166199997067451 ], [ 8498399.469200000166893, 3678910.98759999871254 ], [ 8498399.472199998795986, 3678910.984499998390675 ], [ 8498429.635099999606609, 3678877.245800003409386 ], [ 8498429.655499998480082, 3678877.24719999730587 ], [ 8498612.245799999684095, 3678889.942100003361702 ], [ 8498809.812600001692772, 3678868.437299996614456 ], [ 8498809.870999999344349, 3678867.899700000882149 ], [ 8498832.468699999153614, 3678659.784100003540516 ], [ 8498834.406700000166893, 3678641.935599997639656 ], [ 8498846.936900001019239, 3678458.285999998450279 ], [ 8498849.654599998146296, 3678418.452299997210503 ], [ 8498864.567299999296665, 3678348.259999997913837 ], [ 8498889.181499999016523, 3678232.403999999165535 ], [ 8498916.840799998492002, 3678176.938400000333786 ], [ 8498967.847500000149012, 3678175.51690000295639 ], [ 8498976.625900000333786, 3678175.272100001573563 ], [ 8499354.881099998950958, 3678164.725299999117851 ], [ 8499583.4386, 3678143.54280000180006 ], [ 8499591.941700000315905, 3678094.100000001490116 ], [ 8499600.127700001001358, 3678046.500900000333786 ], [ 8499601.354299999773502, 3678039.36879999935627 ], [ 8499601.357700001448393, 3678039.368699997663498 ], [ 8499601.870200000703335, 3678039.389600001275539 ], [ 8499686.776599999517202, 3678042.815200001001358 ], [ 8499732.209100000560284, 3677865.545999996364117 ], [ 8499732.589000001549721, 3677851.534800000488758 ], [ 8499736.633400000631809, 3677702.344200000166893 ], [ 8499738.549199998378754, 3677631.676100000739098 ], [ 8499738.584399998188019, 3677630.377300001680851 ], [ 8499736.936299998313189, 3677630.448399998247623 ], [ 8499509.118599999696016, 3677640.270700000226498 ], [ 8499455.891100000590086, 3677642.565600000321865 ], [ 8499455.567600000649691, 3677642.57940000295639 ], [ 8499455.564100001007318, 3677642.579700000584126 ], [ 8499426.69649999961257, 3677776.081500001251698 ], [ 8499414.489500001072884, 3677832.533900000154972 ], [ 8499397.3838, 3677911.640500001609325 ], [ 8498932.295000001788139, 3677877.643299996852875 ], [ 8498932.090199999511242, 3677877.628300003707409 ], [ 8498932.101100001484156, 3677877.457099996507168 ], [ 8498932.113499999046326, 3677877.261 ], [ 8498944.093899998813868, 3677688.381800003349781 ], [ 8498944.100600000470877, 3677688.276799999177456 ], [ 8498944.081500001251698, 3677688.106899999082088 ], [ 8498925.890500001609325, 3677526.195799998939037 ], [ 8498913.393800001591444, 3677492.625100001692772 ], [ 8498889.454999998211861, 3677428.316799998283386 ], [ 8498887.892000000923872, 3677428.228200003504753 ], [ 8498798.708099998533726, 3677423.170199997723103 ], [ 8498780.035100001841784, 3677422.111199997365475 ], [ 8498706.946699999272823, 3677409.769500002264977 ], [ 8498706.82319999858737, 3677409.748599998652935 ], [ 8498706.82319999858737, 3677409.725400000810623 ], [ 8498706.685899998992682, 3677315.123400002717972 ], [ 8498709.6853, 3677258.161700002849102 ], [ 8498709.750900000333786, 3677256.915299996733665 ], [ 8498708.105399999767542, 3677256.708999998867512 ], [ 8498564.219999998807907, 3677238.671999998390675 ], [ 8498563.967300001531839, 3677238.640299998223782 ], [ 8498563.977299999445677, 3677238.542900003492832 ], [ 8498564.095499999821186, 3677237.395499996840954 ], [ 8498575.945900000631809, 3677122.175399996340275 ], [ 8498571.575100000947714, 3677073.548699997365475 ], [ 8498570.304200001060963, 3677059.411399997770786 ], [ 8498570.190600000321865, 3677058.148100003600121 ], [ 8498475.857900001108646, 3677036.540500000119209 ], [ 8498475.468899998813868, 3677036.519199997186661 ], [ 8498362.925200000405312, 3677030.359399996697903 ], [ 8498232.03660000115633, 3677049.005000002682209 ], [ 8498165.266800001263618, 3677036.582299999892712 ], [ 8498131.600900001823902, 3677035.211300000548363 ], [ 8498019.580899998545647, 3677030.649400003254414 ], [ 8497876.587600000202656, 3677018.257299996912479 ], [ 8497876.584199998527765, 3677018.257200002670288 ], [ 8497873.992800001055002, 3677037.473600000143051 ], [ 8497873.448100000619888, 3677042.263800002634525 ], [ 8497885.648400001227856, 3677166.9408999979496 ], [ 8497885.405299998819828, 3677166.983199998736382 ], [ 8497885.401399999856949, 3677166.983999997377396 ], [ 8497885.501899998635054, 3677168.031300000846386 ], [ 8497727.793299999088049, 3677195.582999996840954 ], [ 8497727.209699999541044, 3677195.684799998998642 ], [ 8497727.205699998885393, 3677195.685599997639656 ], [ 8497727.396200001239777, 3677196.926600001752377 ], [ 8497766.581300001591444, 3677452.238499999046326 ], [ 8497766.697700001299381, 3677453.456600002944469 ], [ 8497784.994899999350309, 3677644.87950000166893 ], [ 8497714.940400000661612, 3677816.454999998211861 ], [ 8497654.53999999910593, 3678106.102600000798702 ], [ 8497654.507199998944998, 3678106.262500002980232 ], [ 8497654.288499999791384, 3678107.330300003290176 ], [ 8497647.99210000038147, 3678138.071400001645088 ], [ 8497645.626800000667572, 3678149.619400002062321 ], [ 8497638.743500001728535, 3678183.225199997425079 ], [ 8497476.674699999392033, 3678210.026199996471405 ], [ 8497471.510000001639128, 3678210.880199998617172 ], [ 8497471.060400001704693, 3678210.954499997198582 ], [ 8497469.579199999570847, 3678210.612700000405312 ], [ 8497352.690400000661612, 3678183.643200002610683 ], [ 8497221.733899999409914, 3678115.860100001096725 ], [ 8497084.194699998944998, 3678084.825300000607967 ], [ 8497045.362500000745058, 3678076.062799997627735 ], [ 8497039.806099999696016, 3678064.562299996614456 ], [ 8497039.420299999415874, 3678063.763800002634525 ], [ 8497080.9189000017941, 3677993.94709999859333 ], [ 8497169.348200000822544, 3677845.173000000417233 ], [ 8497169.976599998772144, 3677844.115800000727177 ], [ 8497169.5658, 3677844.010300002992153 ], [ 8497153.320799998939037, 3677839.834700003266335 ], [ 8497142.738899998366833, 3677837.114399999380112 ], [ 8497065.7434, 3677820.961499996483326 ], [ 8496799.342599999159575, 3677765.070600003004074 ], [ 8496799.335999999195337, 3677765.069300003349781 ], [ 8496555.136100001633167, 3677713.831799998879433 ], [ 8496445.831500001251698, 3677690.896200001239777 ], [ 8496103.141199998557568, 3677619.5493 ], [ 8496101.697599999606609, 3677619.248700000345707 ], [ 8495843.587999999523163, 3677565.511200003325939 ], [ 8495724.96339999884367, 3677545.932700000703335 ], [ 8495302.317499998956919, 3677476.176700003445148 ], [ 8495302.010299999266863, 3677476.126000002026558 ], [ 8495301.8651, 3677476.101999998092651 ], [ 8495300.607900001108646, 3677475.808499999344349 ], [ 8495079.804000001400709, 3677424.259700000286102 ], [ 8495079.542899999767542, 3677424.221400000154972 ], [ 8494870.166400000452995, 3677393.494800001382828 ], [ 8494748.350600000470877, 3677372.05629999935627 ], [ 8494688.62220000103116, 3677360.788099996745586 ], [ 8494654.467700000852346, 3677354.598399996757507 ], [ 8494520.902100000530481, 3677329.835600003600121 ], [ 8494520.925999999046326, 3677329.772900000214577 ], [ 8494521.147900000214577, 3677329.191200003027916 ], [ 8494521.031899999827147, 3677329.169299997389317 ], [ 8494520.499299999326468, 3677329.068899996578693 ], [ 8494551.590799998492002, 3677247.840000003576279 ], [ 8494703.011100001633167, 3676852.243699997663498 ], [ 8494722.557799998670816, 3676806.522200003266335 ], [ 8494812.936099998652935, 3676595.115800000727177 ], [ 8494856.2331000007689, 3676493.838699996471405 ], [ 8494895.078299999237061, 3676402.974899999797344 ], [ 8494917.144499998539686, 3676343.313500002026558 ], [ 8495010.764600001275539, 3676050.0537 ], [ 8495047.801899999380112, 3675934.036300003528595 ], [ 8495084.728000000119209, 3675821.318099997937679 ], [ 8495103.597699999809265, 3675763.717600002884865 ], [ 8495111.297800000756979, 3675740.212499998509884 ], [ 8495111.680500000715256, 3675738.624399997293949 ], [ 8495112.691399998962879, 3675734.42960000038147 ], [ 8495123.782299999147654, 3675688.406499996781349 ], [ 8495124.154800001531839, 3675687.922799997031689 ], [ 8495141.188000001013279, 3675665.80629999935627 ], [ 8495187.508400000631809, 3675605.661799997091293 ], [ 8495187.511399999260902, 3675605.658699996769428 ], [ 8495258.2676, 3675535.480700001120567 ], [ 8495569.21059999987483, 3675227.078199997544289 ], [ 8495569.213700000196695, 3675227.075099997222424 ], [ 8495947.959699999541044, 3674843.990099996328354 ], [ 8496083.443199999630451, 3674706.954499997198582 ], [ 8496083.4463, 3674706.951399996876717 ], [ 8496190.724500000476837, 3674598.439599998295307 ], [ 8496193.748599998652935, 3674595.380800001323223 ], [ 8496194.682, 3674594.436599999666214 ], [ 8496193.95380000025034, 3674594.259700000286102 ], [ 8495854.303100001066923, 3674511.779100000858307 ], [ 8495853.925299998372793, 3674511.708599999547005 ], [ 8495730.333000000566244, 3674488.631099998950958 ], [ 8495312.635899998247623, 3674410.637699998915195 ], [ 8494987.557900000363588, 3674339.601800002157688 ], [ 8494987.396899998188019, 3674339.531700000166893 ], [ 8494926.542399998754263, 3674313.025600001215935 ], [ 8494896.267099998891354, 3674251.549599997699261 ], [ 8494896.017400000244379, 3674250.575900003314018 ], [ 8494895.985800001770258, 3674250.453000001609325 ], [ 8494878.210499998182058, 3674181.16780000180006 ], [ 8494838.316700000315905, 3674083.327100001275539 ], [ 8494707.598600000143051, 3673960.907700002193451 ], [ 8494647.717199999839067, 3673918.731100000441074 ], [ 8494607.6864, 3673890.535999998450279 ], [ 8494526.202599998563528, 3673830.651799999177456 ], [ 8494424.842999998480082, 3673756.160300001502037 ], [ 8494410.512499999254942, 3673746.762699998915195 ], [ 8494294.9353, 3673670.969800002872944 ], [ 8494272.162999998778105, 3673656.036200001835823 ], [ 8494260.907600000500679, 3673648.655100002884865 ], [ 8494242.0132, 3673634.943199999630451 ], [ 8494172.735399998724461, 3673584.667300000786781 ], [ 8494171.35530000180006, 3673584.443000003695488 ], [ 8494020.521299999207258, 3673559.928999997675419 ], [ 8493930.609900001436472, 3673557.865900002419949 ], [ 8493923.437199998646975, 3673557.701300002634525 ], [ 8493922.617199998348951, 3673557.300300002098083 ], [ 8493913.138999998569489, 3673552.665299996733665 ], [ 8493892.685899998992682, 3673542.66330000013113 ], [ 8493853.6081000007689, 3673523.553400002419949 ], [ 8493831.704100001603365, 3673507.239799998700619 ], [ 8493829.559999998658895, 3673505.642899997532368 ], [ 8493734.852800000458956, 3673435.106799997389317 ], [ 8493619.320599999278784, 3673306.686599999666214 ], [ 8493595.1173, 3673275.715999998152256 ], [ 8493531.206599999219179, 3673251.508500002324581 ], [ 8493530.831399999558926, 3673251.559500001370907 ], [ 8493284.697900000959635, 3673285.032799996435642 ], [ 8493154.0735, 3673254.246299996972084 ], [ 8493153.928599998354912, 3673254.163900002837181 ], [ 8493014.347699999809265, 3673174.765600003302097 ], [ 8492958.67119999974966, 3673149.03490000218153 ], [ 8492901.698600001633167, 3673122.704999998211861 ], [ 8492838.106600001454353, 3673086.079899996519089 ], [ 8492780.848200000822544, 3673053.102399997413158 ], [ 8492731.427299998700619, 3673024.638800002634525 ], [ 8492637.3574, 3672951.285499997437 ], [ 8492579.433699999004602, 3672865.334499999880791 ], [ 8492578.375500001013279, 3672862.280699998140335 ], [ 8492508.325800001621246, 3672660.121699996292591 ], [ 8492507.05009999871254, 3672660.735399998724461 ], [ 8492504.75730000063777, 3672661.838500000536442 ], [ 8492496.067400000989437, 3672666.019299998879433 ], [ 8492496.063400000333786, 3672666.021300002932549 ], [ 8492360.541400000452995, 3672731.222900003194809 ], [ 8492360.537399999797344, 3672731.224799998104572 ], [ 8492343.021099999547005, 3672738.656099997460842 ], [ 8492281.4309, 3672764.785899996757507 ], [ 8492281.42680000141263, 3672764.787699997425079 ], [ 8492196.261900000274181, 3672761.664099998772144 ], [ 8492153.7162000015378, 3672706.604900002479553 ], [ 8492082.515700001269579, 3672612.517099998891354 ], [ 8492056.483399998396635, 3672578.116400003433228 ], [ 8492033.231499999761581, 3672545.48369999974966 ], [ 8491956.224700000137091, 3672437.409000001847744 ], [ 8491852.849399998784065, 3672373.1283999979496 ], [ 8491728.200399998575449, 3672305.762800000607967 ], [ 8491603.70160000026226, 3672279.572200000286102 ], [ 8491597.500599998980761, 3672278.267700001597404 ], [ 8491445.469700001180172, 3672216.998400002717972 ], [ 8491281.291299998760223, 3672128.190399996936321 ], [ 8491159.737799998372793, 3672005.808300003409386 ], [ 8491053.382100000977516, 3671889.536499999463558 ], [ 8490977.366900000721216, 3671855.844499997794628 ], [ 8490883.067400000989437, 3671874.097499996423721 ], [ 8490795.262499999254942, 3671953.064300000667572 ], [ 8490795.259199999272823, 3671953.067299999296665 ], [ 8490794.792199999094009, 3671953.487199999392033 ], [ 8490794.788899999111891, 3671953.490099996328354 ], [ 8490746.01969999819994, 3672072.668300002813339 ], [ 8490655.597899999469519, 3672154.862899996340275 ], [ 8490649.228399999439716, 3672160.652800001204014 ], [ 8490649.225099999457598, 3672160.655799999833107 ], [ 8490648.604600001126528, 3672161.2195999994874 ], [ 8490648.601500000804663, 3672161.22240000218153 ], [ 8490611.581799998879433, 3672151.749200001358986 ], [ 8490530.217799998819828, 3672130.928400002419949 ], [ 8490529.917899999767542, 3672130.851800002157688 ], [ 8490482.80290000140667, 3672142.639700002968311 ], [ 8490451.553399998694658, 3672150.458200000226498 ], [ 8490420.430700000375509, 3672158.244300000369549 ], [ 8490420.426699999719858, 3672158.2456 ], [ 8490420.387899998575449, 3672158.255599997937679 ], [ 8490420.38459999859333, 3672158.256499998271465 ], [ 8490380.752999998629093, 3672256.050999999046326 ], [ 8490374.767200000584126, 3672368.295500002801418 ], [ 8490372.617499999701977, 3672428.670999996364117 ], [ 8490371.436000000685453, 3672456.921800002455711 ], [ 8490370.094099998474121, 3672489.005999997258186 ], [ 8490367.1963, 3672549.32039999961853 ], [ 8490366.239599999040365, 3672566.950400002300739 ], [ 8490363.9243, 3672609.61370000243187 ], [ 8490352.401799999177456, 3672785.451099999248981 ], [ 8490343.625, 3672919.390600003302097 ], [ 8490291.701099999248981, 3673148.628899998962879 ], [ 8490284.332100000232458, 3673203.05290000140667 ], [ 8490267.49269999936223, 3673327.421999998390675 ], [ 8490248.650600001215935, 3673466.581699997186661 ], [ 8490248.626400001347065, 3673466.760399997234344 ], [ 8490248.283900000154972, 3673466.951200000941753 ], [ 8490248.280000001192093, 3673466.953400000929832 ], [ 8490224.5011, 3673480.203900001943111 ], [ 8490224.49720000103116, 3673480.20610000193119 ], [ 8490222.355000000447035, 3673481.399700000882149 ], [ 8490222.351100001484156, 3673481.401900000870228 ], [ 8490221.238699998706579, 3673482.021899998188019 ], [ 8490221.2347999997437, 3673482.024099998176098 ], [ 8490219.446100000292063, 3673480.523900002241135 ], [ 8490202.990499999374151, 3673466.722999997437 ], [ 8490203.05519999936223, 3673400.33669999986887 ], [ 8490192.387600000947714, 3673400.05290000140667 ], [ 8490191.160300001502037, 3673388.020099997520447 ], [ 8490191.160599999129772, 3673338.51129999756813 ], [ 8490170.561700001358986, 3673261.582900002598763 ], [ 8490170.45719999819994, 3673261.192500002682209 ], [ 8490166.699200000613928, 3673252.670699998736382 ], [ 8490115.027300000190735, 3673200.654799997806549 ], [ 8490057.273800000548363, 3673163.910400003194809 ], [ 8490002.749099999666214, 3673159.700499996542931 ], [ 8489856.515599999576807, 3673148.409800000488758 ], [ 8489683.152800001204014, 3673123.779600001871586 ], [ 8489433.713300000876188, 3673132.682800002396107 ], [ 8489251.16780000180006, 3673156.945100001990795 ], [ 8489108.206300001591444, 3673156.781099997460842 ], [ 8488945.151999998837709, 3673160.90990000218153 ], [ 8488867.725699998438358, 3673162.870399996638298 ], [ 8488761.298300001770258, 3673123.002400003373623 ], [ 8488660.970600001513958, 3673073.9746999964118 ], [ 8488557.632800001651049, 3672997.423699997365475 ], [ 8488424.307700000703335, 3672907.877300001680851 ], [ 8488366.131099998950958, 3672868.803599998354912 ], [ 8488247.553800001740456, 3672825.873199999332428 ], [ 8488162.236699998378754, 3672809.431500002741814 ], [ 8488119.819499999284744, 3672801.257200002670288 ], [ 8487988.956999998539686, 3672819.693199999630451 ], [ 8487593.378400001674891, 3672852.097699999809265 ], [ 8487550.802000001072884, 3672855.712999999523163 ], [ 8487293.002300001680851, 3672877.603699997067451 ], [ 8487089.189500000327826, 3672895.800800003111362 ], [ 8486942.781700000166893, 3672881.582299999892712 ], [ 8486942.545400001108646, 3672881.559299997985363 ], [ 8486741.05689999833703, 3672771.297200001776218 ], [ 8486548.948100000619888, 3672666.168099999427795 ], [ 8486323.597800001502037, 3672619.630900003015995 ], [ 8486214.968400001525879, 3672586.482199996709824 ], [ 8485745.931099999696016, 3672443.343599997460842 ], [ 8485724.427999999374151, 3672436.781000003218651 ], [ 8485327.353799998760223, 3672296.888599999248981 ], [ 8485055.416700001806021, 3672128.091300003230572 ], [ 8484547.411100000143051, 3671873.182099997997284 ], [ 8484200.446400001645088, 3671754.793300002813339 ], [ 8484098.270700000226498, 3671700.9341000020504 ], [ 8483976.700199998915195, 3671711.810500003397465 ], [ 8483839.166900001466274, 3671711.927000001072884 ], [ 8483826.513999998569489, 3671711.937700003385544 ], [ 8483497.58219999819994, 3671762.527000002563 ], [ 8483229.412200000137091, 3671791.498599998652935 ], [ 8483004.146999999880791, 3671809.643100000917912 ], [ 8482814.631299998611212, 3671813.367899999022484 ], [ 8482421.286899998784065, 3671813.64580000191927 ], [ 8482304.434300001710653, 3671813.718599997460842 ], [ 8481911.936999998986721, 3671813.963299997150898 ], [ 8481704.526700001209974, 3671785.325499996542931 ], [ 8481636.0912000015378, 3671782.373199999332428 ], [ 8481540.028599999845028, 3671778.229099996387959 ], [ 8481357.015599999576807, 3671834.499700002372265 ], [ 8481343.524700000882149, 3671838.647699996829033 ], [ 8481343.520599998533726, 3671838.648999996483326 ], [ 8481329.101199999451637, 3671843.08219999819994 ], [ 8481329.097100000828505, 3671843.083599999547005 ], [ 8481283.381999999284744, 3671862.527500003576279 ], [ 8481283.377999998629093, 3671862.529200002551079 ], [ 8481168.22410000115633, 3671911.5066 ], [ 8481168.220199998468161, 3671911.508500002324581 ], [ 8481018.406599998474121, 3672051.582400001585484 ], [ 8481018.403400000184774, 3672051.585400000214577 ], [ 8481018.126299999654293, 3672051.844300001859665 ], [ 8481018.123100001364946, 3672051.847300000488758 ], [ 8480979.670299999415874, 3672132.563400000333786 ], [ 8480894.153099998831749, 3672312.071000002324581 ], [ 8480872.5760000012815, 3672357.362800002098083 ], [ 8480830.341099999845028, 3672446.495099999010563 ], [ 8480830.339600000530481, 3672446.498400002717972 ], [ 8480829.618299998342991, 3672448.019500002264977 ], [ 8480797.756000000983477, 3672515.260399997234344 ], [ 8480797.56870000064373, 3672515.655500002205372 ], [ 8480734.580699998885393, 3672542.842799998819828 ], [ 8480734.576699998229742, 3672542.844499997794628 ], [ 8480672.440200001001358, 3672569.663800001144409 ], [ 8480672.436200000345707, 3672569.665600001811981 ], [ 8480515.084100000560284, 3672569.744300000369549 ], [ 8480296.985300000756979, 3672630.991499997675419 ], [ 8480296.981800001114607, 3672630.992600001394749 ], [ 8480275.565200001001358, 3672702.938000001013279 ], [ 8480292.664299998432398, 3672738.845299996435642 ], [ 8480314.9463, 3672785.636399999260902 ], [ 8480368.713500000536442, 3673014.8816 ], [ 8480396.39919999986887, 3673112.138599999248981 ], [ 8480404.541400000452995, 3673140.741599999368191 ], [ 8480398.866700001060963, 3673362.099799998104572 ], [ 8480395.217099998146296, 3673504.465700000524521 ], [ 8480390.525499999523163, 3673687.468099996447563 ], [ 8480387.096500001847744, 3673960.840899996459484 ], [ 8480385.754200000315905, 3674067.856499999761581 ], [ 8480383.667500000447035, 3674234.218099996447563 ], [ 8480383.773200001567602, 3674238.163599997758865 ], [ 8480390.318199999630451, 3674482.451099999248981 ], [ 8480368.470300000160933, 3674650.754199996590614 ], [ 8480361.862799998372793, 3674701.652699999511242 ], [ 8480361.831700000911951, 3674701.892499998211861 ], [ 8480388.775800000876188, 3674917.71000000089407 ], [ 8480415.72069999948144, 3675133.530299998819828 ], [ 8480450.378600001335144, 3675651.298299998044968 ], [ 8480453.537799999117851, 3675698.495300002396107 ], [ 8480455.380699999630451, 3675726.026600003242493 ], [ 8480455.637800000607967, 3675739.062299996614456 ], [ 8480459.068199999630451, 3675913.098499998450279 ], [ 8480468.203699998557568, 3676124.854299999773502 ], [ 8480469.932399999350309, 3676164.921099998056889 ], [ 8480437.804099999368191, 3676368.151199996471405 ], [ 8480416.46510000154376, 3676503.133000001311302 ], [ 8480288.604699999094009, 3676779.163599997758865 ], [ 8480273.543099999427795, 3676811.679200001060963 ], [ 8480185.727400001138449, 3677053.563000001013279 ], [ 8480185.668699998408556, 3677053.724500000476837 ], [ 8480044.750799998641014, 3677106.814499996602535 ], [ 8480044.746800001710653, 3677106.815999999642372 ], [ 8480042.513399999588728, 3677107.786200001835823 ], [ 8479862.337600000202656, 3677186.05629999935627 ], [ 8479862.333599999547005, 3677186.057899996638298 ], [ 8479694.731899999082088, 3677226.270700000226498 ], [ 8479636.98589999973774, 3677240.125699996948242 ], [ 8479286.417899999767542, 3677294.243299998342991 ], [ 8479103.99269999936223, 3677333.895499996840954 ], [ 8478850.661699999123812, 3677385.68860000371933 ], [ 8478665.789099998772144, 3677423.485500000417233 ], [ 8478361.7027000002563, 3677434.384400002658367 ], [ 8478318.254099998623133, 3677437.697300001978874 ], [ 8478271.506099998950958, 3677441.261900000274181 ], [ 8478219.192699998617172, 3677445.250500001013279 ], [ 8478194.325199998915195, 3677447.14639999717474 ], [ 8478172.44480000063777, 3677448.814599998295307 ], [ 8478140.166200000792742, 3677451.275499999523163 ], [ 8478093.418299999088049, 3677454.839500002563 ], [ 8478001.035000000149012, 3677461.882200002670288 ], [ 8477982.493000000715256, 3677463.295500002801418 ], [ 8477948.855700001120567, 3677520.43469999730587 ], [ 8477925.294799998402596, 3677560.457599997520447 ], [ 8477832.814800001680851, 3677732.506499998271465 ], [ 8477832.126800000667572, 3677733.786499999463558 ], [ 8477807.30180000141263, 3677779.97070000320673 ], [ 8477753.947900000959635, 3677835.118500001728535 ], [ 8477753.944899998605251, 3677835.1216000020504 ], [ 8477674.984900001436472, 3677916.736000001430511 ], [ 8477674.981800001114607, 3677916.739 ], [ 8477510.912399999797344, 3678031.3108000010252 ], [ 8477510.908700000494719, 3678031.313299998641014 ], [ 8477500.05180000141263, 3678038.894900001585484 ], [ 8477500.048099998384714, 3678038.897399999201298 ], [ 8477499.722699999809265, 3678039.124700002372265 ], [ 8477499.719200000166893, 3678039.127300001680851 ], [ 8477468.465399999171495, 3678075.039800003170967 ], [ 8477468.462600000202656, 3678075.043099999427795 ], [ 8477353.089600000530481, 3678207.613600000739098 ], [ 8477353.087099999189377, 3678207.61710000038147 ], [ 8477295.869800001382828, 3678319.172899998724461 ], [ 8477288.767099998891354, 3678362.770599998533726 ], [ 8477256.590500000864267, 3678560.276100002229214 ], [ 8477238.046799998730421, 3678599.148500002920628 ], [ 8477213.719500001519918, 3678650.144900001585484 ], [ 8477213.677200000733137, 3678650.233300000429153 ], [ 8476905.782400000840425, 3678720.6587999984622 ], [ 8476905.486000001430511, 3678720.726599998772144 ], [ 8476905.482299998402596, 3678720.727600000798702 ], [ 8476898.737700000405312, 3678916.985200002789497 ], [ 8476894.811700001358986, 3679031.219200000166893 ], [ 8476877.426300000399351, 3679158.225199997425079 ], [ 8476873.899500001221895, 3679183.989600002765656 ], [ 8476863.214000001549721, 3679262.052000001072884 ], [ 8476848.971400000154972, 3679326.582800000905991 ], [ 8476848.916600000113249, 3679326.832099996507168 ], [ 8476631.548799999058247, 3679465.690099999308586 ], [ 8476631.545000001788139, 3679465.692500002682209 ], [ 8476630.8277000002563, 3679466.150700002908707 ], [ 8476630.823899999260902, 3679466.153099998831749 ], [ 8476630.761599998921156, 3679466.193000003695488 ], [ 8476630.757800001651049, 3679466.19539999961853 ], [ 8476630.82039999961853, 3679466.282999999821186 ], [ 8476689.462600000202656, 3679548.320699997246265 ], [ 8476692.3902000002563, 3679552.416400000452995 ], [ 8476724.582499999552965, 3679621.17230000346899 ], [ 8476734.564800001680851, 3679642.492299996316433 ], [ 8476791.892400000244379, 3679665.098300002515316 ], [ 8476824.013300001621246, 3679722.721500001847744 ], [ 8476818.692600000649691, 3679811.774099998176098 ], [ 8476818.688900001347065, 3679811.838200002908707 ], [ 8476779.294599998742342, 3679857.620300002396107 ], [ 8476779.291700001806021, 3679857.623499996960163 ], [ 8476760.166400000452995, 3679928.302799999713898 ], [ 8476747.989100001752377, 3679973.305200003087521 ], [ 8476734.74269999936223, 3680022.258299998939037 ], [ 8476718.415699999779463, 3680068.808899998664856 ], [ 8476677.057799998670816, 3680186.724200002849102 ], [ 8476677.914099998772144, 3680202.675999999046326 ], [ 8476728.632100000977516, 3680316.841700002551079 ], [ 8476728.877999998629093, 3680317.395300000905991 ], [ 8476724.709300000220537, 3680374.859399996697903 ], [ 8476703.853799998760223, 3680662.343199998140335 ], [ 8476718.342099998146296, 3681158.740099996328354 ], [ 8476724.579300001263618, 3681372.431900002062321 ], [ 8476724.960799999535084, 3681402.326999999582767 ], [ 8476727.69029999896884, 3681616.221400000154972 ], [ 8476727.840900000184774, 3681628.026000000536442 ], [ 8476741.181699998676777, 3681687.396099999547005 ], [ 8476767.261300001293421, 3681803.457099996507168 ], [ 8476749.3717, 3681857.453400000929832 ], [ 8476715.789299998432398, 3681909.679999999701977 ], [ 8476670.6754, 3681979.840199999511242 ], [ 8476698.418999999761581, 3682061.739200003445148 ], [ 8476727.977899998426437, 3682148.99719999730587 ], [ 8476763.784099999815226, 3682222.779799997806549 ], [ 8476771.408500000834465, 3682238.490800000727177 ], [ 8476800.035500001162291, 3682296.271499998867512 ], [ 8476887.965999998152256, 3682395.361900001764297 ], [ 8476989.253199998289347, 3682457.946000002324581 ], [ 8477175.132100000977516, 3682519.226800002157688 ], [ 8477271.967000000178814, 3682558.342399999499321 ], [ 8477297.56700000166893, 3682580.507799997925758 ], [ 8477393.289000000804663, 3682601.369599997997284 ], [ 8477468.976199999451637, 3682666.562299996614456 ], [ 8477798.4375, 3682944.286899998784065 ], [ 8477810.020500000566244, 3682954.548299998044968 ], [ 8477830.41440000012517, 3682972.615199998021126 ], [ 8477952.883699998259544, 3683080.072899997234344 ], [ 8477971.917899999767542, 3683096.773999996483326 ], [ 8478023.649999998509884, 3683142.165100000798702 ], [ 8478195.507800001651049, 3683300.486299999058247 ], [ 8478249.401999998837709, 3683352.48759999871254 ], [ 8478374.994100000709295, 3683472.372100003063679 ], [ 8478455.541000001132488, 3683582.460900001227856 ], [ 8478475.168000001460314, 3683609.286499999463558 ], [ 8478476.207800000905991, 3683615.7837999984622 ], [ 8478480.948899999260902, 3683645.407899998128414 ], [ 8478489.160900000482798, 3683692.762900002300739 ], [ 8478531.945599999278784, 3683752.95269999653101 ], [ 8478543.063299998641014, 3683768.3699000030756 ], [ 8478593.149999998509884, 3683860.951999999582767 ], [ 8478608.771299999207258, 3683926.670500002801418 ], [ 8478617.868500001728535, 3683964.070799998939037 ], [ 8478707.793499998748302, 3684004.390900000929832 ], [ 8478822.436999998986721, 3684112.6233000010252 ], [ 8478860.212400000542402, 3684148.692699998617172 ], [ 8479045.045800000429153, 3684325.178800001740456 ], [ 8479166.366999998688698, 3684536.433499999344349 ], [ 8479171.683200001716614, 3684592.490000002086163 ], [ 8479178.907900001853704, 3684662.983599998056889 ], [ 8479180.415100000798702, 3684677.689400002360344 ], [ 8479164.436900001019239, 3684704.499499998986721 ], [ 8479121.630800001323223, 3684776.32320000231266 ], [ 8479121.628899998962879, 3684776.326399996876717 ], [ 8479105.296300001442432, 3684803.729800000786781 ], [ 8479078.611999999731779, 3684871.704899996519089 ], [ 8479045.043299999088049, 3684957.648299999535084 ], [ 8479044.750799998641014, 3684957.966700002551079 ], [ 8479044.7478, 3684957.969800002872944 ], [ 8479044.518399998545647, 3684958.554399996995926 ], [ 8478887.084499999880791, 3685130.368500001728535 ], [ 8478887.081500001251698, 3685130.3716000020504 ], [ 8478833.486200001090765, 3685364.407399997115135 ], [ 8478839.320599999278784, 3685374.178099997341633 ], [ 8478847.335799999535084, 3685387.60080000013113 ], [ 8478866.953299999237061, 3685418.001299999654293 ], [ 8478864.6393, 3685422.971900001168251 ], [ 8478840.665899999439716, 3685474.468900002539158 ], [ 8478801.400600001215935, 3685562.329099997878075 ], [ 8478901.456999998539686, 3685633.186999998986721 ], [ 8478911.68129999935627, 3685664.713699996471405 ], [ 8478923.132399998605251, 3685699.2029 ], [ 8478919.593400001525879, 3685778.357500001788139 ], [ 8478994.951900001615286, 3685871.852099999785423 ], [ 8479011.597300000488758, 3685928.692900002002716 ], [ 8479034.249699998646975, 3686005.198700003325939 ], [ 8479052.174400001764297, 3686073.601899996399879 ], [ 8478991.354200001806021, 3686167.235200002789497 ], [ 8478953.633000001311302, 3686287.191399998962879 ], [ 8478953.142900001257658, 3686288.750200003385544 ], [ 8478895.889699999243021, 3686335.568199999630451 ], [ 8478895.886300001293421, 3686335.571099996566772 ], [ 8478870.9847999997437, 3686359.019599996507168 ], [ 8478870.981600001454353, 3686359.022600002586842 ], [ 8478785.699700001627207, 3686441.793099999427795 ], [ 8478785.69649999961257, 3686441.79619999974966 ], [ 8478665.854299999773502, 3686521.545999996364117 ], [ 8478665.850600000470877, 3686521.548500001430511 ], [ 8478605.993000000715256, 3686562.516500003635883 ], [ 8478605.98930000141263, 3686562.519000001251698 ], [ 8478459.2212999984622, 3686584.184000000357628 ], [ 8478385.666799999773502, 3686601.018500000238419 ], [ 8478380.546599999070168, 3686602.218400001525879 ], [ 8478370.547499999403954, 3686616.338200002908707 ], [ 8478337.515599999576807, 3686663.438400000333786 ], [ 8478337.513099998235703, 3686663.441799998283386 ], [ 8478308.881900001317263, 3686692.251299999654293 ], [ 8478308.879000000655651, 3686692.25450000166893 ], [ 8478269.5176, 3686749.878799997270107 ], [ 8478269.5154, 3686749.881899997591972 ], [ 8478246.81870000064373, 3686744.411300003528595 ], [ 8478179.083999998867512, 3686728.7324 ], [ 8478152.212900001555681, 3686729.716399997472763 ], [ 8478108.40430000051856, 3686731.938500002026558 ], [ 8478108.400499999523163, 3686731.938799999654293 ], [ 8478104.84569999948144, 3686821.952500000596046 ], [ 8478126.349300000816584, 3686883.16330000013113 ], [ 8478215.9222999997437, 3687091.189400002360344 ], [ 8478262.523499999195337, 3687224.398100003600121 ], [ 8478328.476599998772144, 3687305.186200000345707 ], [ 8478371.912099998444319, 3687357.555399999022484 ], [ 8478377.20380000025034, 3687363.935500003397465 ], [ 8478377.606899999082088, 3687373.226599998772144 ], [ 8478378.194699998944998, 3687386.772900000214577 ], [ 8478380.756700001657009, 3687440.412500001490116 ], [ 8478377.222199998795986, 3687580.855899997055531 ], [ 8478294.911800000816584, 3687717.192199997603893 ], [ 8478251.969000000506639, 3687792.824000000953674 ], [ 8478251.966899998486042, 3687792.827399998903275 ], [ 8478126.704100001603365, 3687951.32379999756813 ], [ 8478126.701499998569489, 3687951.327100001275539 ], [ 8477990.694600000977516, 3688149.439099997282028 ], [ 8477854.69310000166297, 3688394.362300001084805 ], [ 8477758.063499998301268, 3688574.454599998891354 ], [ 8477749.005100000649691, 3688645.261799998581409 ], [ 8477743.781199999153614, 3688686.096199996769428 ], [ 8477725.903900001198053, 3688790.546300001442432 ], [ 8477683.358300000429153, 3688822.653999999165535 ], [ 8477683.354699999094009, 3688822.656800001859665 ], [ 8477667.898499999195337, 3688836.5912000015378 ], [ 8477667.895300000905991, 3688836.594200000166893 ], [ 8477611.340500000864267, 3688887.808300003409386 ], [ 8477611.337200000882149, 3688887.811200000345707 ], [ 8477533.458999998867512, 3688931.356100000441074 ], [ 8477482.451099999248981, 3688959.8766999989748 ], [ 8477482.447299998253584, 3688959.879000000655651 ], [ 8477428.74100000038743, 3689010.320100001990795 ], [ 8477428.737799998372793, 3689010.323100000619888 ], [ 8477360.719999998807907, 3689078.760499998927116 ], [ 8477360.716899998486042, 3689078.763599999248981 ], [ 8477263.77479999884963, 3689179.888400003314018 ], [ 8477263.771699998527765, 3689179.891500003635883 ], [ 8477056.332699999213219, 3689201.860299997031689 ], [ 8476956.927000001072884, 3689212.387800000607967 ], [ 8476933.121100001037121, 3689211.621500000357628 ], [ 8476697.628499999642372, 3689204.235600002110004 ], [ 8476623.031800001859665, 3689201.895999997854233 ], [ 8476505.714600000530481, 3689233.969400003552437 ], [ 8476505.711300000548363, 3689233.970399998128414 ], [ 8476452.003699999302626, 3689316.822599999606609 ], [ 8476430.537000000476837, 3689424.866700001060963 ], [ 8476419.821600001305342, 3689561.737899996340275 ], [ 8476366.133400000631809, 3689673.396799996495247 ], [ 8476266.919199999421835, 3689810.635200001299381 ], [ 8476223.447299998253584, 3689871.141800001263618 ], [ 8476223.44480000063777, 3689871.145199999213219 ], [ 8476213.411299999803305, 3689880.060099996626377 ], [ 8476213.408100001513958, 3689880.063100002706051 ], [ 8476155.257399998605251, 3689932.408900000154972 ], [ 8476155.254200000315905, 3689932.411899998784065 ], [ 8476086.844399999827147, 3689993.991800002753735 ], [ 8476086.841400001198053, 3689993.9949000030756 ], [ 8476011.713899999856949, 3690094.774700000882149 ], [ 8476010.511599998921156, 3690097.35869999974966 ], [ 8475972.276599999517202, 3690181.302500002086163 ], [ 8475967.159299999475479, 3690192.6272 ], [ 8475936.464299999177456, 3690260.556000001728535 ], [ 8475940.0559, 3690332.586099997162819 ], [ 8475895.548799999058247, 3690447.077500000596046 ], [ 8475887.3015, 3690468.673600003123283 ], [ 8475886.989500001072884, 3690472.14750000089407 ], [ 8475883.676699999719858, 3690518.832800000905991 ], [ 8475933.841600000858307, 3690655.699000000953674 ], [ 8475916.319299999624491, 3690688.7533999979496 ], [ 8475905.1952, 3690709.738099999725819 ], [ 8475858.649399999529123, 3690767.363899998366833 ], [ 8475858.646800000220537, 3690767.367200002074242 ], [ 8475815.672800000756979, 3690839.414700001478195 ], [ 8475788.131900001317263, 3690908.690499998629093 ], [ 8475779.8717, 3690929.468099996447563 ], [ 8475751.260299999266863, 3691167.208499997854233 ], [ 8475704.7029, 3691210.443800002336502 ], [ 8475704.6996, 3691210.446599997580051 ], [ 8475518.468499999493361, 3691289.712999999523163 ], [ 8475518.464499998837709, 3691289.714699998497963 ], [ 8475456.702599998563528, 3691316.101300001144409 ], [ 8475456.698600001633167, 3691316.103000000119209 ], [ 8475257.012299999594688, 3691401.415299996733665 ], [ 8475257.008499998599291, 3691401.417199999094009 ], [ 8475249.334399998188019, 3691410.538199998438358 ], [ 8475217.612100001424551, 3691448.241599999368191 ], [ 8475217.609299998730421, 3691448.244800001382828 ], [ 8475199.708799999207258, 3691520.2949 ], [ 8475103.713300000876188, 3691581.484399996697903 ], [ 8475099.431099999696016, 3691584.214000001549721 ], [ 8475099.427299998700619, 3691584.216399997472763 ], [ 8475102.973200000822544, 3691644.752999998629093 ], [ 8475150.86939999833703, 3691709.614600002765656 ], [ 8475167.489599999040365, 3691731.896999999880791 ], [ 8475180.095899999141693, 3691743.420100003480911 ], [ 8475246.18019999936223, 3691803.432899996638298 ], [ 8475246.2027000002563, 3691803.846199996769428 ], [ 8475246.301899999380112, 3691803.936899997293949 ], [ 8475249.889400001615286, 3691865.176899999380112 ], [ 8475228.414500001817942, 3691969.641599997878075 ], [ 8475225.125399999320507, 3692001.089299999177456 ], [ 8475214.097600001841784, 3692106.530100002884865 ], [ 8475211.110199999064207, 3692223.903999999165535 ], [ 8475210.560899998992682, 3692247.080899998545647 ], [ 8475210.902399998158216, 3692248.6824000030756 ], [ 8475218.15260000154376, 3692280.237499997019768 ], [ 8475221.279199998825788, 3692293.84570000320673 ], [ 8475325.163400001823902, 3692340.674199998378754 ], [ 8475334.010800000280142, 3692354.906199999153614 ], [ 8475360.821699999272823, 3692397.142700001597404 ], [ 8475360.821600001305342, 3692398.0337999984622 ], [ 8475360.990200001746416, 3692398.304799996316433 ], [ 8475361.004299998283386, 3692491.960600003600121 ], [ 8475360.8213, 3692492.2787000015378 ], [ 8475360.821199998259544, 3692492.399899996817112 ], [ 8475358.081199999898672, 3692497.039899997413158 ], [ 8475353.89640000090003, 3692504.311499997973442 ], [ 8475321.604600001126528, 3692560.423000000417233 ], [ 8475325.131099998950958, 3692592.348899997770786 ], [ 8475325.203299999237061, 3692592.877300001680851 ], [ 8475286.425500001758337, 3692669.909500002861023 ], [ 8475285.788199998438358, 3692671.175999999046326 ], [ 8475285.133099999278784, 3692672.476700000464916 ], [ 8475235.385499998927116, 3692705.940700002014637 ], [ 8475230.826699998229742, 3692709.007299996912479 ], [ 8475230.822999998927116, 3692709.009800001978874 ], [ 8475217.744100000709295, 3692718.012199997901917 ], [ 8475217.74040000140667, 3692718.014700002968311 ], [ 8475242.539200000464916, 3692742.94990000128746 ], [ 8475266.045499999076128, 3692765.990699999034405 ], [ 8475285.132800001651049, 3692784.700099997222424 ], [ 8475284.855999998748302, 3692785.498999997973442 ], [ 8475285.804499998688698, 3692786.452799998223782 ], [ 8475282.364399999380112, 3692795.968400001525879 ], [ 8475271.477600000798702, 3692826.082400001585484 ], [ 8475270.702199999243021, 3692826.354599997401237 ], [ 8475270.69819999858737, 3692826.356100000441074 ], [ 8475270.663199998438358, 3692826.457599997520447 ], [ 8475117.066100001335144, 3692881.262900002300739 ], [ 8475117.062100000679493, 3692881.264399997889996 ], [ 8475059.1129, 3692907.648599997162819 ], [ 8475059.108899999409914, 3692907.650499999523163 ], [ 8475002.834199998527765, 3692934.187200002372265 ], [ 8475002.830299999564886, 3692934.189300000667572 ], [ 8474967.014600001275539, 3692973.818499997258186 ], [ 8474967.011799998581409, 3692973.821699999272823 ], [ 8474866.711199998855591, 3693103.52419999986887 ], [ 8474849.5154, 3693164.0713 ], [ 8474809.858899999409914, 3693305.375799998641014 ], [ 8474759.694699998944998, 3693540.632299996912479 ], [ 8474745.300799999386072, 3693608.135600000619888 ], [ 8474735.901099998503923, 3693705.116700001060963 ], [ 8474735.776000000536442, 3693706.407899998128414 ], [ 8474734.224500000476837, 3693723.069899998605251 ], [ 8474736.910500001162291, 3693727.604999996721745 ], [ 8474762.871500000357628, 3693770.03830000013113 ], [ 8474829.7027000002563, 3693892.743500001728535 ], [ 8474845.473999999463558, 3693921.344200000166893 ], [ 8474849.190699998289347, 3693934.708499997854233 ], [ 8474863.194899998605251, 3693982.589800000190735 ], [ 8474828.267499998211861, 3694082.291599996387959 ], [ 8474792.456599999219179, 3694125.519000001251698 ], [ 8474792.45380000025034, 3694125.522200003266335 ], [ 8474707.583399999886751, 3694123.397900000214577 ], [ 8474648.710200000554323, 3694122.327200002968311 ], [ 8474613.331799998879433, 3694154.363399997353554 ], [ 8474613.328499998897314, 3694154.366400003433228 ], [ 8474602.5929000005126, 3694406.577299997210503 ], [ 8474563.185499999672174, 3694475.033900000154972 ], [ 8474491.536800000816584, 3694514.665600001811981 ], [ 8474491.532999999821186, 3694514.667900003492832 ], [ 8474391.219799999147654, 3694590.333400003612041 ], [ 8474391.2162000015378, 3694590.336099997162819 ], [ 8474298.081799998879433, 3694644.387599997222424 ], [ 8474298.078000001609325, 3694644.389899998903275 ], [ 8474172.684799998998642, 3694759.689099997282028 ], [ 8474172.681499999016523, 3694759.69200000166893 ], [ 8474120.1699, 3694785.749799996614456 ], [ 8474120.165899999439716, 3694785.751800000667572 ], [ 8474072.363699998706579, 3694809.472300000488758 ], [ 8474072.359700001776218, 3694809.473999999463558 ], [ 8473936.224199999123812, 3694841.904600001871586 ], [ 8473936.220199998468161, 3694841.905799999833107 ], [ 8473821.569600000977516, 3694903.159299999475479 ], [ 8473821.565900001674891, 3694903.161499999463558 ], [ 8473757.088500000536442, 3694978.827600002288818 ], [ 8473757.08559999987483, 3694978.830799996852875 ], [ 8473742.752700001001358, 3695061.710400000214577 ], [ 8473748.166900001466274, 3695103.103500001132488 ], [ 8473761.359499998390675, 3695197.74549999833107 ], [ 8473755.834600001573563, 3695205.9037000015378 ], [ 8473732.000700000673532, 3695241.859200000762939 ], [ 8473731.998599998652935, 3695241.861900001764297 ], [ 8473731.428399998694658, 3695241.943899996578693 ], [ 8473731.3092, 3695242.119199998676777 ], [ 8473731.307100001722574, 3695242.121899999678135 ], [ 8473710.1689000017941, 3695244.99889999628067 ], [ 8473606.593699999153614, 3695259.883400000631809 ], [ 8473538.525299999862909, 3695292.313000001013279 ], [ 8473538.52140000090003, 3695292.315099999308586 ], [ 8473520.5482, 3695308.996500000357628 ], [ 8473520.545000001788139, 3695308.999499998986721 ], [ 8473492.004700001329184, 3695336.09179999679327 ], [ 8473492.002000000327826, 3695336.095100000500679 ], [ 8473464.201900001615286, 3695383.828900001943111 ], [ 8473398.783100001513958, 3695497.689300000667572 ], [ 8473348.616500001400709, 3695569.755500003695488 ], [ 8473309.192299999296665, 3695645.42960000038147 ], [ 8473318.700599998235703, 3695687.926399998366833 ], [ 8473323.929400000721216, 3695709.387500002980232 ], [ 8473344.195300001651049, 3695742.760600000619888 ], [ 8473377.260899998247623, 3695795.977799996733665 ], [ 8473388.014899998903275, 3695853.633599996566772 ], [ 8473448.744300000369549, 3695918.314800001680851 ], [ 8473457.860100001096725, 3695923.405299998819828 ], [ 8473567.164000000804663, 3695983.360299997031689 ], [ 8473613.73930000141263, 3696127.504699997603893 ], [ 8473651.249699998646975, 3696202.9529 ], [ 8473689.006999999284744, 3696278.487499997019768 ], [ 8473715.594500001519918, 3696432.242299996316433 ], [ 8473721.284499999135733, 3696465.147299997508526 ], [ 8473721.141800001263618, 3696465.758699998259544 ], [ 8473721.223000001162291, 3696466.230400003492832 ], [ 8473692.554099999368191, 3696588.755500003695488 ], [ 8473691.481199998408556, 3696590.823600001633167 ], [ 8473606.639400001615286, 3696754.931699998676777 ], [ 8473606.765900000929832, 3696755.685999996960163 ], [ 8473620.889800000935793, 3696832.888099998235703 ], [ 8473581.462999999523163, 3697027.484700001776218 ], [ 8473585.896000001579523, 3697154.742200002074242 ], [ 8473588.828499998897314, 3697231.39469999819994 ], [ 8473609.220600001513958, 3697329.579999998211861 ], [ 8473610.0022, 3697333.247500002384186 ], [ 8473628.056699998676777, 3697354.422600001096725 ], [ 8473635.202199999243021, 3697362.634300000965595 ], [ 8473710.452599998563528, 3697459.938000001013279 ], [ 8473716.813499998301268, 3697484.462099999189377 ], [ 8473732.410599999129772, 3697542.085400000214577 ], [ 8473731.869199998676777, 3697542.492299996316433 ], [ 8473731.865600001066923, 3697542.494999997317791 ], [ 8473731.953600000590086, 3697542.833700001239777 ], [ 8473645.956799998879433, 3697607.699500001966953 ], [ 8473645.953200001269579, 3697607.702200002968311 ], [ 8473563.535000000149012, 3697661.7588 ], [ 8473563.531300000846386, 3697661.761200003325939 ], [ 8473448.855700001120567, 3697683.379199996590614 ], [ 8473448.851700000464916, 3697683.3800999969244 ], [ 8473348.518899999558926, 3697712.206299997866154 ], [ 8473348.514899998903275, 3697712.207599997520447 ], [ 8473183.660900000482798, 3697777.079899996519089 ], [ 8473183.656899999827147, 3697777.081399999558926 ], [ 8473101.245400000363588, 3697802.306000001728535 ], [ 8473101.241399999707937, 3697802.307199999690056 ], [ 8472870.05519999936223, 3697848.084100000560284 ], [ 8472828.378699999302626, 3697891.226599998772144 ], [ 8472828.375599998980761, 3697891.229699999094009 ], [ 8472814.249000001698732, 3697920.834299996495247 ], [ 8472780.251499999314547, 3698001.008199997246265 ], [ 8472725.877099998295307, 3698137.450800001621246 ], [ 8472715.4846, 3698166.972000002861023 ], [ 8472694.560699999332428, 3698237.0625 ], [ 8472672.632199998944998, 3698291.424900002777576 ], [ 8472660.017400000244379, 3698322.697999998927116 ], [ 8472593.889699999243021, 3698500.135200001299381 ], [ 8472567.731800001114607, 3698589.383599996566772 ], [ 8472540.232900001108646, 3698651.092200003564358 ], [ 8472527.006799999624491, 3698688.427199997007847 ], [ 8472527.004700001329184, 3698688.430200003087521 ], [ 8472519.1831, 3698710.502599999308586 ], [ 8472503.304000001400709, 3698733.961499996483326 ], [ 8472489.436599999666214, 3698765.080300003290176 ], [ 8472431.054900001734495, 3698846.613300003111362 ], [ 8472325.0735, 3699004.6404 ], [ 8472325.071100000292063, 3699004.643700003623962 ], [ 8472289.430399999022484, 3699045.787799999117851 ], [ 8472289.427400000393391, 3699045.791000001132488 ], [ 8472281.931699998676777, 3699049.180100001394749 ], [ 8472281.927700001746416, 3699049.181900002062321 ], [ 8472273.197700001299381, 3699060.396799996495247 ], [ 8472186.383900001645088, 3699099.563000001013279 ], [ 8472186.379999998956919, 3699099.564999997615814 ], [ 8472154.537799999117851, 3699125.031300000846386 ], [ 8472154.53489999845624, 3699125.034400001168251 ], [ 8472141.587000001221895, 3699144.086900003254414 ], [ 8472125.777399998158216, 3699225.07599999755621 ], [ 8472125.863000001758337, 3699236.63910000026226 ], [ 8472126.22520000115037, 3699285.5647 ], [ 8472126.51630000025034, 3699324.902400001883507 ], [ 8472132.57319999858737, 3699374.437799997627735 ], [ 8472125.744800001382828, 3699410.264300003647804 ], [ 8472109.565600000321865, 3699451.49379999935627 ], [ 8472076.445500001311302, 3699535.89299999922514 ], [ 8472049.809599999338388, 3699591.987000003457069 ], [ 8472037.003899998962879, 3699618.955200001597404 ], [ 8471968.978199999779463, 3699841.885099999606609 ], [ 8471959.991799999028444, 3699859.043700002133846 ], [ 8471938.642400000244379, 3699899.808399997651577 ], [ 8471899.19370000064373, 3699981.347499996423721 ], [ 8471884.087000001221895, 3700025.512699998915195 ], [ 8471822.474800001829863, 3700205.63629999756813 ], [ 8471807.470600001513958, 3700244.134499996900558 ], [ 8471786.829100001603365, 3700297.096799999475479 ], [ 8471766.346900001168251, 3700366.443899996578693 ], [ 8471766.359400000423193, 3700367.000399999320507 ], [ 8471767.510099999606609, 3700419.208700001239777 ], [ 8471769.367199998348951, 3700503.455300003290176 ], [ 8471766.8246, 3700544.282399997115135 ], [ 8471766.329700000584126, 3700552.229800000786781 ], [ 8471752.673000000417233, 3700588.047700002789497 ], [ 8471631.34910000115633, 3700684.0574000030756 ], [ 8471631.345600001513958, 3700684.060099996626377 ], [ 8471614.868700001388788, 3700717.679499998688698 ], [ 8471595.904599998146296, 3700771.026199996471405 ], [ 8471584.415300000458956, 3700814.54619999974966 ], [ 8471580.311000000685453, 3700830.094099998474121 ], [ 8471579.203899998217821, 3700834.28660000115633 ], [ 8471580.874200001358986, 3700874.304999999701977 ], [ 8471582.8607, 3700921.894100002944469 ], [ 8471585.059999998658895, 3700974.585100002586842 ], [ 8471612.071199998259544, 3701030.873000003397465 ], [ 8471627.489900000393391, 3701063.0033999979496 ], [ 8471641.892200000584126, 3701116.361900001764297 ], [ 8471650.975499998778105, 3701170.477899998426437 ], [ 8471639.59910000115633, 3701207.825599998235703 ], [ 8471566.315400000661612, 3701349.214299999177456 ], [ 8471522.708200000226498, 3701434.858400002121925 ], [ 8471495.41270000115037, 3701488.466600000858307 ], [ 8471470.475499998778105, 3701535.964699998497963 ], [ 8471454.000199999660254, 3701567.344999998807907 ], [ 8471451.440000001341105, 3701572.221600003540516 ], [ 8471418.088899999856949, 3701623.24099999666214 ], [ 8471394.261399999260902, 3701720.297200001776218 ], [ 8471383.960700001567602, 3701762.255500003695488 ], [ 8471362.730200000107288, 3701811.742399998009205 ], [ 8471346.799899999052286, 3701865.045900002121925 ], [ 8471335.708599999547005, 3701881.575599998235703 ], [ 8471323.300500001758337, 3701900.068499997258186 ], [ 8471261.402300000190735, 3702010.133400000631809 ], [ 8471250.693199999630451, 3702029.175599999725819 ], [ 8471211.278499998152256, 3702085.518799997866154 ], [ 8471183.986600000411272, 3702134.254199996590614 ], [ 8471172.41440000012517, 3702169.778099998831749 ], [ 8471171.08839999884367, 3702173.848600000143051 ], [ 8471171.192299999296665, 3702177.049699999392033 ], [ 8471173.402899999171495, 3702245.136200003325939 ], [ 8471217.3213, 3702377.655900001525879 ], [ 8471260.493500001728535, 3702437.061200000345707 ], [ 8471256.004000000655651, 3702556.525200001895428 ], [ 8471246.889699999243021, 3702616.679799996316433 ], [ 8471219.601599998772144, 3702659.314400002360344 ], [ 8471219.599300000816584, 3702659.317800000309944 ], [ 8471205.525299999862909, 3702675.882600001990795 ], [ 8471205.52250000089407, 3702675.885899998247623 ], [ 8471165.0929000005126, 3702723.471400000154972 ], [ 8471165.09010000154376, 3702723.4746999964118 ], [ 8471137.718499999493361, 3702758.381099998950958 ], [ 8471137.715900000184774, 3702758.384400002658367 ], [ 8471097.6272, 3702809.508599996566772 ], [ 8471097.624899998307228, 3702809.512000001966953 ], [ 8471092.11540000140667, 3702819.983300000429153 ], [ 8471092.113400001078844, 3702819.987199999392033 ], [ 8471069.576999999582767, 3702862.814599998295307 ], [ 8471021.221200000494719, 3702922.684500001370907 ], [ 8471021.218400001525879, 3702922.687700003385544 ], [ 8470961.383000001311302, 3702928.014200001955032 ], [ 8470915.9507, 3702926.474899999797344 ], [ 8470888.655699998140335, 3702926.880800001323223 ], [ 8470884.664900001138449, 3702926.940099999308586 ], [ 8470865.203499998897314, 3702927.229599997401237 ], [ 8470847.614399999380112, 3702938.795100003480911 ], [ 8470847.6107, 3702938.797600001096725 ], [ 8470845.515099998563528, 3702940.175800003111362 ], [ 8470845.511399999260902, 3702940.178300000727177 ], [ 8470819.318500000983477, 3702984.64580000191927 ], [ 8470777.647100001573563, 3703050.887599997222424 ], [ 8470726.1266999989748, 3703117.125799998641014 ], [ 8470726.124000001698732, 3703117.129199996590614 ], [ 8470563.72239999845624, 3703258.176700003445148 ], [ 8470563.719099998474121, 3703258.17960000038147 ], [ 8470519.020100001245737, 3703299.293200001120567 ], [ 8470519.0168999992311, 3703299.29619999974966 ], [ 8470487.189500000327826, 3703364.01410000026226 ], [ 8470480.241599999368191, 3703420.279899999499321 ], [ 8470476.5625, 3703450.076200000941753 ], [ 8470472.111400000751019, 3703525.4485 ], [ 8470472.096999999135733, 3703525.692800000309944 ], [ 8470471.753400001674891, 3703531.511699996888638 ], [ 8470471.129200000315905, 3703533.934600003063679 ], [ 8470462.745799999684095, 3703566.481499999761581 ], [ 8470460.373700000345707, 3703575.690399996936321 ], [ 8470454.870999999344349, 3703591.465300001204014 ], [ 8470437.454599998891354, 3703641.391500003635883 ], [ 8470429.295499999076128, 3703664.781300000846386 ], [ 8470404.289500001817942, 3703696.758900001645088 ], [ 8470404.28660000115633, 3703696.761900000274181 ], [ 8470357.866900000721216, 3703710.788599997758865 ], [ 8470342.315600000321865, 3703715.487800002098083 ], [ 8470342.311599999666214, 3703715.488499999046326 ], [ 8470290.089299999177456, 3703715.47410000115633 ], [ 8470231.0493, 3703718.509300000965595 ], [ 8470230.719200000166893, 3703718.95889999717474 ], [ 8470220.454, 3703732.962399996817112 ], [ 8470219.249200001358986, 3703738.399999998509884 ], [ 8470214.386300001293421, 3703760.348899997770786 ], [ 8470193.932900000363588, 3703809.802699998021126 ], [ 8470181.521600000560284, 3703918.321800000965595 ], [ 8470167.862199999392033, 3703998.202299997210503 ], [ 8470164.830800000578165, 3704012.664200000464916 ], [ 8470144.371599998325109, 3704077.332299999892712 ], [ 8470116.375199999660254, 3704107.23759999871254 ], [ 8470116.372099999338388, 3704107.240599997341633 ], [ 8470062.629599999636412, 3704129.292400002479553 ], [ 8470062.625500001013279, 3704129.293999999761581 ], [ 8470011.152699999511242, 3704143.726800002157688 ], [ 8469960.9543999992311, 3704145.635799996554852 ], [ 8469951.34910000115633, 3704146.001000002026558 ], [ 8469787.014400001615286, 3704180.048699997365475 ], [ 8469782.350600000470877, 3704181.015000000596046 ], [ 8469755.738099999725819, 3704185.401000000536442 ], [ 8469727.088599998503923, 3704190.122699998319149 ], [ 8469680.901200000196695, 3704237.282700002193451 ], [ 8469680.89809999987483, 3704237.285800002515316 ], [ 8469657.093499999493361, 3704304.694700002670288 ], [ 8469643.015700001269579, 3704344.560000002384186 ], [ 8469627.08219999819994, 3704425.963100001215935 ], [ 8469571.562100000679493, 3704531.780799999833107 ], [ 8469545.817899998277426, 3704553.075599998235703 ], [ 8469545.814500000327826, 3704553.078400000929832 ], [ 8469517.803100001066923, 3704580.457500003278255 ], [ 8469517.799800001084805, 3704580.460400000214577 ], [ 8469470.1096, 3704597.938299998641014 ], [ 8469470.105500001460314, 3704597.939499996602535 ], [ 8469458.197000000625849, 3704599.43469999730587 ], [ 8469439.826699998229742, 3704601.740299999713898 ], [ 8469405.00789999961853, 3704614.657300002872944 ], [ 8469405.004000000655651, 3704614.659000001847744 ], [ 8469384.647100001573563, 3704631.276600003242493 ], [ 8469384.643699999898672, 3704631.279399998486042 ], [ 8469373.453099999576807, 3704640.414499998092651 ], [ 8469373.449700001627207, 3704640.417300000786781 ], [ 8469356.547600001096725, 3704654.214500002563 ], [ 8469356.544100001454353, 3704654.217299997806549 ], [ 8469354.410799998790026, 3704658.840000003576279 ], [ 8469312.526099998503923, 3704749.598700001835823 ], [ 8469282.508000001311302, 3704781.330200001597404 ], [ 8469282.504999998956919, 3704781.333400003612041 ], [ 8469269.354200001806021, 3704795.234999999403954 ], [ 8469269.351300001144409, 3704795.238200001418591 ], [ 8469228.511300001293421, 3704844.814499996602535 ], [ 8469228.508600000292063, 3704844.817800000309944 ], [ 8469214.832800000905991, 3704861.418999999761581 ], [ 8469214.8301, 3704861.42230000346899 ], [ 8469211.703600000590086, 3704865.6908999979496 ], [ 8469176.95160000026226, 3704913.143200002610683 ], [ 8469175.589000001549721, 3704916.32940000295639 ], [ 8469107.175700001418591, 3705076.312899999320507 ], [ 8469088.981899999082088, 3705146.31360000371933 ], [ 8469063.211399998515844, 3705216.317199997603893 ], [ 8469008.85869999974966, 3705403.452299997210503 ], [ 8469000.493200000375509, 3705473.455399997532368 ], [ 8468948.223799999803305, 3705567.787500001490116 ], [ 8468938.798900000751019, 3705590.565800003707409 ], [ 8468890.594200000166893, 3705707.067800000309944 ], [ 8468858.020500000566244, 3705761.084100000560284 ], [ 8468836.812600001692772, 3705793.029899999499321 ], [ 8468824.788699999451637, 3705797.67509999871254 ], [ 8468824.784699998795986, 3705797.676700003445148 ], [ 8468797.444899998605251, 3705808.238300003111362 ], [ 8468797.440900001674891, 3705808.239600002765656 ], [ 8468759.588500000536442, 3705813.555100001394749 ], [ 8468746.952199999243021, 3705820.810099996626377 ], [ 8468746.948399998247623, 3705820.812399998307228 ], [ 8468661.00959999859333, 3705870.153599999845028 ], [ 8468661.005899999290705, 3705870.156000003218651 ], [ 8468623.141199998557568, 3705908.9485 ], [ 8468623.138099998235703, 3705908.95160000026226 ], [ 8468591.321100000292063, 3705944.708099998533726 ], [ 8468591.318300001323223, 3705944.711400002241135 ], [ 8468570.616300001740456, 3705972.587700001895428 ], [ 8468557.9912, 3705989.588299997150898 ], [ 8468557.988499999046326, 3705989.591600000858307 ], [ 8468495.879900000989437, 3706057.290399998426437 ], [ 8468495.876899998635054, 3706057.293600000441074 ], [ 8468417.94029999896884, 3706142.141599997878075 ], [ 8468417.937300000339746, 3706142.144799999892712 ], [ 8468410.598900001496077, 3706188.077600002288818 ], [ 8468411.033700000494719, 3706192.561499997973442 ], [ 8468409.232999999076128, 3706310.901299998164177 ], [ 8468406.941399998962879, 3706355.043099999427795 ], [ 8468404.22520000115037, 3706372.104599997401237 ], [ 8468404.212000001221895, 3706373.930699996650219 ], [ 8468402.754900000989437, 3706381.341399997472763 ], [ 8468395.554299999028444, 3706426.574100002646446 ], [ 8468379.621899999678135, 3706500.384800001978874 ], [ 8468378.714099999517202, 3706503.611699998378754 ], [ 8468377.4983000010252, 3706509.795199997723103 ], [ 8468370.299400001764297, 3706533.5337999984622 ], [ 8468353.416299998760223, 3706593.568800002336502 ], [ 8468342.290399998426437, 3706617.776100002229214 ], [ 8468309.601599998772144, 3706703.143100000917912 ], [ 8468314.563799999654293, 3706768.184000000357628 ], [ 8468322.274300001561642, 3706800.564400002360344 ], [ 8468322.624899998307228, 3706805.2588 ], [ 8468342.992400001734495, 3706852.0757 ], [ 8468330.748500000685453, 3706899.1074 ], [ 8468299.58500000089407, 3706951.362300001084805 ], [ 8468299.583200000226498, 3706951.365000002086163 ], [ 8468251.721999999135733, 3706957.896999999880791 ], [ 8468173.808600001037121, 3706953.97749999910593 ], [ 8468111.188700001686811, 3706983.12389999628067 ], [ 8468111.184799998998642, 3706983.125799998641014 ], [ 8468024.788199998438358, 3707033.042700000107288 ], [ 8468024.784400001168251, 3707033.0449 ], [ 8468001.2555, 3707048.950599998235703 ], [ 8468001.252000000327826, 3707048.953299999237061 ], [ 8467943.410300001502037, 3707106.828299999237061 ], [ 8467943.407400000840425, 3707106.831500001251698 ], [ 8467874.397700000554323, 3707202.203299999237061 ], [ 8467843.144799999892712, 3707247.24549999833107 ], [ 8467786.28940000012517, 3707339.020199999213219 ], [ 8467750.801899999380112, 3707355.464699998497963 ], [ 8467750.798000000417233, 3707355.466700002551079 ], [ 8467707.443300001323223, 3707387.720299996435642 ], [ 8467707.439800001680851, 3707387.722999997437 ], [ 8467636.207600001245737, 3707451.737899996340275 ], [ 8467636.204300001263618, 3707451.740800000727177 ], [ 8467615.056200001388788, 3707534.050399996340275 ], [ 8467573.406899999827147, 3707701.665799997746944 ], [ 8467557.414500001817942, 3707794.307099997997284 ], [ 8467541.284299999475479, 3707867.787699997425079 ], [ 8467538.2544, 3707892.03830000013113 ], [ 8467528.625199999660254, 3707924.887800000607967 ], [ 8467494.917199999094009, 3708051.947999998927116 ], [ 8467479.261700000613928, 3708129.831699997186661 ], [ 8467469.298700001090765, 3708145.278399996459484 ], [ 8467467.185400001704693, 3708152.56139999628067 ], [ 8467449.004200000315905, 3708197.418200001120567 ], [ 8467414.169199999421835, 3708233.140699997544289 ], [ 8467414.166200000792742, 3708233.143799997866154 ], [ 8467379.781300000846386, 3708276.529399998486042 ], [ 8467379.778499998152256, 3708276.532499998807907 ], [ 8467347.995200000703335, 3708288.675399996340275 ], [ 8467347.9912, 3708288.67679999768734 ], [ 8467276.210999999195337, 3708306.67849999666214 ], [ 8467254.153900001198053, 3708312.209799997508526 ], [ 8467254.149999998509884, 3708312.211000002920628 ], [ 8467186.028400000184774, 3708341.065200001001358 ], [ 8467186.024599999189377, 3708341.067100003361702 ], [ 8467166.090900000184774, 3708358.075300000607967 ], [ 8467166.087499998509884, 3708358.078299999237061 ], [ 8467140.6096, 3708379.817100003361702 ], [ 8467140.606199998408556, 3708379.820100001990795 ], [ 8467110.328499998897314, 3708406.422899998724461 ], [ 8467110.325199998915195, 3708406.425800003111362 ], [ 8467016.844999998807907, 3708424.759900003671646 ], [ 8467016.840999998152256, 3708424.760799996554852 ], [ 8466994.884799998253584, 3708432.3412000015378 ], [ 8466994.880800001323223, 3708432.342500001192093 ], [ 8466928.2179000005126, 3708446.969300001859665 ], [ 8466922.23200000077486, 3708448.282300002872944 ], [ 8466922.227899998426437, 3708448.283299997448921 ], [ 8466915.715599998831749, 3708450.422200001776218 ], [ 8466915.711599998176098, 3708450.423500001430511 ], [ 8466912.477099999785423, 3708451.485500000417233 ], [ 8466912.473099999129772, 3708451.4868 ], [ 8466878.343899998813868, 3708462.695500001311302 ], [ 8466878.339999999850988, 3708462.69709999859333 ], [ 8466848.052200000733137, 3708500.703500002622604 ], [ 8466848.049499999731779, 3708500.706799998879433 ], [ 8466823.0515, 3708531.866700001060963 ], [ 8466823.0489999987185, 3708531.869999997317791 ], [ 8466814.333999998867512, 3708546.076300002634525 ], [ 8466764.589400000870228, 3708627.168499998748302 ], [ 8466764.587400000542402, 3708627.171800002455711 ], [ 8466743.36939999833703, 3708662.13570000231266 ], [ 8466726.7010000012815, 3708695.583200000226498 ], [ 8466711.541000001132488, 3708740.442100003361702 ], [ 8466691.073300000280142, 3708808.104500003159046 ], [ 8466643.679999999701977, 3708884.889499999582767 ], [ 8466643.076099999248981, 3708885.374499998986721 ], [ 8466628.977400001138449, 3708896.695699997246265 ], [ 8466628.973900001496077, 3708896.698600001633167 ], [ 8466567.976100001484156, 3708945.680600002408028 ], [ 8466567.972600001841784, 3708945.683499999344349 ], [ 8466537.685199998319149, 3708980.639899998903275 ], [ 8466537.682599999010563, 3708980.643200002610683 ], [ 8466512.675700001418591, 3709024.737000003457069 ], [ 8466506.409000001847744, 3709051.559000000357628 ], [ 8466504.327399998903275, 3709060.468900002539158 ], [ 8466499.008900001645088, 3709090.88740000128746 ], [ 8466501.258400000631809, 3709128.907899998128414 ], [ 8466513.926600001752377, 3709145.546599999070168 ], [ 8466546.358300000429153, 3709188.143399998545647 ], [ 8466566.67790000140667, 3709205.135399997234344 ], [ 8466590.954900000244379, 3709225.436499997973442 ], [ 8466622.699700001627207, 3709256.635799996554852 ], [ 8466647.414700001478195, 3709318.190200001001358 ], [ 8466661.686700001358986, 3709353.735399998724461 ], [ 8466667.061000000685453, 3709367.120300002396107 ], [ 8466669.643699999898672, 3709373.983499996364117 ], [ 8466675.364900000393391, 3709389.186999998986721 ], [ 8466675.2401, 3709398.293999999761581 ], [ 8466683.426899999380112, 3709433.856100000441074 ], [ 8466666.046100001782179, 3709463.443199999630451 ], [ 8466661.165800001472235, 3709471.750799998641014 ], [ 8466635.565499998629093, 3709518.792499996721745 ], [ 8466553.806800000369549, 3709576.38289999961853 ], [ 8466553.803199999034405, 3709576.385499998927116 ], [ 8466537.037200000137091, 3709614.537100002169609 ], [ 8466536.816700000315905, 3709615.078100003302097 ], [ 8466531.508499998599291, 3709649.238499999046326 ], [ 8466505.010099999606609, 3709697.8926 ], [ 8466449.787799999117851, 3709775.450000002980232 ], [ 8466405.151599999517202, 3709800.518700003623962 ], [ 8466405.147799998521805, 3709800.520900003612041 ], [ 8466379.666799999773502, 3709816.225100003182888 ], [ 8466379.663100000470877, 3709816.227600000798702 ], [ 8466358.418699998408556, 3709833.712200000882149 ], [ 8466358.415300000458956, 3709833.715000003576279 ], [ 8466263.809500001370907, 3709900.356600001454353 ], [ 8466263.806200001388788, 3709900.359499998390675 ], [ 8466223.736000001430511, 3709953.936300002038479 ], [ 8466212.707400001585484, 3710007.022900000214577 ], [ 8466212.633699998259544, 3710007.787399999797344 ], [ 8466218.170299999415874, 3710061.091700002551079 ], [ 8466274.113899998366833, 3710096.624200001358986 ], [ 8466289.168600000441074, 3710101.776199996471405 ], [ 8466323.956799998879433, 3710102.552799999713898 ], [ 8466398.082100000232458, 3710102.589000001549721 ], [ 8466433.495900001376867, 3710103.442800000309944 ], [ 8466453.023299999535084, 3710102.909500002861023 ], [ 8466462.319600000977516, 3710104.137500002980232 ], [ 8466463.11540000140667, 3710104.156700000166893 ], [ 8466524.377900000661612, 3710105.701499998569489 ], [ 8466587.11769999936223, 3710130.850000001490116 ], [ 8466606.082800000905991, 3710156.545299999415874 ], [ 8466619.98030000180006, 3710165.636 ], [ 8466625.140299998223782, 3710172.776100002229214 ], [ 8466681.586899999529123, 3710250.883199997246265 ], [ 8466682.310699999332428, 3710251.884800001978874 ], [ 8466723.493000000715256, 3710336.827100001275539 ], [ 8466735.736099999397993, 3710438.758500002324581 ], [ 8466727.51799999922514, 3710465.131800003349781 ], [ 8466727.403999999165535, 3710475.290899999439716 ], [ 8466727.756900001317263, 3710506.062600001692772 ], [ 8466721.335799999535084, 3710515.178000003099442 ], [ 8466706.973600000143051, 3710521.244300000369549 ], [ 8466706.9695999994874, 3710521.246100001037121 ], [ 8466682.396099999547005, 3710521.615800000727177 ], [ 8466682.269900001585484, 3710521.632299996912479 ], [ 8466680.244100000709295, 3710521.896499998867512 ], [ 8466649.977800000458956, 3710533.741499997675419 ], [ 8466649.973700001835823, 3710533.743100002408028 ], [ 8466646.702100001275539, 3710538.244699999690056 ], [ 8466645.848000001162291, 3710539.820200003683567 ], [ 8466629.913499999791384, 3710586.773999996483326 ], [ 8466618.857799999415874, 3710663.892499998211861 ], [ 8466616.657299999147654, 3710686.257700003683567 ], [ 8466615.3585, 3710732.652699999511242 ], [ 8466616.4386, 3710775.782200001180172 ], [ 8466627.694400001317263, 3710811.802299998700619 ], [ 8466644.464499998837709, 3710854.333499997854233 ], [ 8466672.290500000119209, 3710893.539800003170967 ], [ 8466668.281899999827147, 3710912.365900002419949 ], [ 8466688.976599998772144, 3710959.085600003600121 ], [ 8466666.291499998420477, 3710984.141400001943111 ], [ 8466666.288600001484156, 3710984.144599996507168 ], [ 8466639.824400000274181, 3711006.924999997019768 ], [ 8466639.820999998599291, 3711006.92790000140667 ], [ 8466626.605099998414516, 3711066.222300000488758 ], [ 8466646.241500001400709, 3711103.461000002920628 ], [ 8466656.035700000822544, 3711158.933300003409386 ], [ 8466642.936299998313189, 3711180.298100002110004 ], [ 8466631.106600001454353, 3711205.884999997913837 ], [ 8466618.981600001454353, 3711221.465400002896786 ], [ 8466618.978999998420477, 3711221.468800000846386 ], [ 8466573.243200000375509, 3711280.235299997031689 ], [ 8466573.240600001066923, 3711280.23870000243187 ], [ 8466570.396899998188019, 3711285.803099997341633 ], [ 8466557.322500001639128, 3711317.145700000226498 ], [ 8466547.1382, 3711351.009199999272823 ], [ 8466525.928599998354912, 3711420.902500003576279 ], [ 8466479.010600000619888, 3711489.262299999594688 ], [ 8466454.096200000494719, 3711569.368000000715256 ], [ 8466448.564899999648333, 3711595.347099997103214 ], [ 8466440.100400000810623, 3711609.659199997782707 ], [ 8466437.078000001609325, 3711617.858800001442432 ], [ 8466422.349599998444319, 3711657.816200003027916 ], [ 8466397.292700000107288, 3711680.671700000762939 ], [ 8466389.089999999850988, 3711688.1537000015378 ], [ 8466389.08669999986887, 3711688.156499996781349 ], [ 8466342.243900001049042, 3711707.099500000476837 ], [ 8466342.239900000393391, 3711707.101099997758865 ], [ 8466263.685100000351667, 3711697.190200001001358 ], [ 8466252.659800000488758, 3711691.957599997520447 ], [ 8466165.710400000214577, 3711650.691200003027916 ], [ 8466149.71059999987483, 3711643.097599998116493 ], [ 8466120.208700001239777, 3711617.792099997401237 ], [ 8466061.224500000476837, 3711575.7412 ], [ 8465993.976399999111891, 3711509.51410000026226 ], [ 8465949.385099999606609, 3711471.264899998903275 ], [ 8465925.684500001370907, 3711446.337099999189377 ], [ 8465893.154699999839067, 3711416.294799998402596 ], [ 8465874.819899998605251, 3711392.838600002229214 ], [ 8465849.7335, 3711366.4529 ], [ 8465782.314800001680851, 3711286.0132 ], [ 8465748.458999998867512, 3711267.305799998342991 ], [ 8465682.789299998432398, 3711259.463899999856949 ], [ 8465622.688799999654293, 3711277.759199999272823 ], [ 8465622.684799998998642, 3711277.760499998927116 ], [ 8465538.096799999475479, 3711309.124600000679493 ], [ 8465538.092799998819828, 3711309.125900000333786 ], [ 8465528.888700000941753, 3711311.307099997997284 ], [ 8465528.88459999859333, 3711311.308300003409386 ], [ 8465414.3136, 3711356.250600002706051 ], [ 8465414.30970000103116, 3711356.252400003373623 ], [ 8465379.557399999350309, 3711391.145700000226498 ], [ 8465379.554299999028444, 3711391.148800000548363 ], [ 8465352.278099998831749, 3711535.353299997746944 ], [ 8465346.703600000590086, 3711552.666299998760223 ], [ 8465345.534400001168251, 3711566.589599996805191 ], [ 8465304.351199999451637, 3711661.996500000357628 ], [ 8465251.058499999344349, 3711707.506899997591972 ], [ 8465251.055100001394749, 3711707.509900003671646 ], [ 8465126.295699998736382, 3711854.624499998986721 ], [ 8465126.293000001460314, 3711854.62780000269413 ], [ 8465095.436599999666214, 3711893.922499999403954 ], [ 8465095.434099998325109, 3711893.925800003111362 ], [ 8465060.793699998408556, 3711951.36599999666214 ], [ 8465054.407800000160933, 3711960.509800001978874 ], [ 8465048.348900001496077, 3711973.05349999666214 ], [ 8464973.774300001561642, 3712076.305399999022484 ], [ 8464973.295200001448393, 3712076.653599999845028 ], [ 8464973.291600000113249, 3712076.656199999153614 ], [ 8464956.061599999666214, 3712101.326899997889996 ], [ 8464919.9463, 3712125.502999998629093 ], [ 8464919.942600000649691, 3712125.505500003695488 ], [ 8464897.827799998223782, 3712131.511799998581409 ], [ 8464880.281599998474121, 3712144.266400001943111 ], [ 8464880.278000000864267, 3712144.269000001251698 ], [ 8464855.4265, 3712185.688400000333786 ], [ 8464845.419199999421835, 3712230.548199996352196 ], [ 8464837.1162, 3712265.322300001978874 ], [ 8464809.276000000536442, 3712295.548199996352196 ], [ 8464809.272999998182058, 3712295.551399998366833 ], [ 8464789.344399999827147, 3712295.572599999606609 ], [ 8464763.021499998867512, 3712287.987099997699261 ], [ 8464693.8673, 3712249.380199998617172 ], [ 8464643.51410000026226, 3712210.779500000178814 ], [ 8464568.333099998533726, 3712175.196400001645088 ], [ 8464516.827199999243021, 3712155.283600002527237 ], [ 8464462.885099999606609, 3712163.87219999730587 ], [ 8464400.557100001722574, 3712218.763400003314018 ], [ 8464400.553800001740456, 3712218.76630000025034 ], [ 8464357.144600000232458, 3712318.099299997091293 ], [ 8464350.138399999588728, 3712335.819300003349781 ], [ 8464344.780900001525879, 3712353.719099998474121 ], [ 8464316.910799998790026, 3712435.286200001835823 ], [ 8464300.239799998700619, 3712490.021899998188019 ], [ 8464278.089200001209974, 3712562.746100001037121 ], [ 8464272.021099999547005, 3712592.774999998509884 ], [ 8464266.796100001782179, 3712623.708099998533726 ], [ 8464237.423500001430511, 3712696.210500001907349 ], [ 8464145.697700001299381, 3712788.891500003635883 ], [ 8464145.694600000977516, 3712788.894599996507168 ], [ 8464074.234099999070168, 3712867.403399996459484 ], [ 8464074.231300000101328, 3712867.406599998474121 ], [ 8464001.496500000357628, 3712969.636500000953674 ], [ 8463959.783500000834465, 3713034.36599999666214 ], [ 8463908.785700000822544, 3713107.220200002193451 ], [ 8463851.817600000649691, 3713188.60360000282526 ], [ 8463785.94819999858737, 3713206.100299999117851 ], [ 8463785.9441, 3713206.101499997079372 ], [ 8463759.340999998152256, 3713214.224200002849102 ], [ 8463753.556699998676777, 3713215.99040000140667 ], [ 8463753.552700001746416, 3713215.991700001060963 ], [ 8463682.63740000128746, 3713253.957000002264977 ], [ 8463682.633699998259544, 3713253.959200002253056 ], [ 8463644.627099998295307, 3713296.361000001430511 ], [ 8463638.59910000115633, 3713303.086000002920628 ], [ 8463638.596400000154972, 3713303.089400000870228 ], [ 8463636.620799999684095, 3713306.457900002598763 ], [ 8463622.934000000357628, 3713332.422200001776218 ], [ 8463616.401900000870228, 3713346.300300002098083 ], [ 8463614.158500000834465, 3713349.071900002658367 ], [ 8463614.155999999493361, 3713349.075300000607967 ], [ 8463609.1722999997437, 3713358.5287000015378 ], [ 8463605.293299999088049, 3713360.027400001883507 ], [ 8463605.28940000012517, 3713360.029200002551079 ], [ 8463596.841299999505281, 3713370.466399997472763 ], [ 8463596.838500000536442, 3713370.4695999994874 ], [ 8463569.768800001591444, 3713387.056999996304512 ], [ 8463569.765000000596046, 3713387.059000000357628 ], [ 8463480.289799999445677, 3713410.142700001597404 ], [ 8463444.161100000143051, 3713452.668700002133846 ], [ 8463444.158500000834465, 3713452.6721 ], [ 8463441.101399999111891, 3713457.870800003409386 ], [ 8463410.165399998426437, 3713509.77139999717474 ], [ 8463409.907400000840425, 3713512.425300002098083 ], [ 8463408.822299998253584, 3713599.042900003492832 ], [ 8463405.482799999415874, 3713704.923100002110004 ], [ 8463408.478500001132488, 3713744.065800003707409 ], [ 8463410.3926, 3713759.085600003600121 ], [ 8463417.089499998837709, 3713811.636200003325939 ], [ 8463414.258200000971556, 3713819.582500003278255 ], [ 8463414.386700000613928, 3713821.261900000274181 ], [ 8463409.555599998682737, 3713832.781300000846386 ], [ 8463402.023299999535084, 3713853.922399997711182 ], [ 8463379.924499999731779, 3713920.221400000154972 ], [ 8463358.083200000226498, 3713958.739699997007847 ], [ 8463330.259199999272823, 3713988.179999999701977 ], [ 8463330.25620000064373, 3713988.183200001716614 ], [ 8463282.8651, 3714022.887100003659725 ], [ 8463282.8614999987185, 3714022.889700002968311 ], [ 8463274.709899999201298, 3714027.123499996960163 ], [ 8463197.787399999797344, 3714067.076300002634525 ], [ 8463197.783599998801947, 3714067.078199997544289 ], [ 8463182.000300001353025, 3714071.7837999984622 ], [ 8463181.996300000697374, 3714071.785099998116493 ], [ 8463151.710099998861551, 3714089.23369999974966 ], [ 8463151.706300001591444, 3714089.235799998044968 ], [ 8462984.752999998629093, 3714145.443999998271465 ], [ 8462984.7489, 3714145.445500001311302 ], [ 8462866.208000000566244, 3714218.081600002944469 ], [ 8462866.204300001263618, 3714218.084100000560284 ], [ 8462852.651200000196695, 3714230.409699998795986 ], [ 8462852.647999998182058, 3714230.412699997425079 ], [ 8462789.453299999237061, 3714297.593800000846386 ], [ 8462789.450300000607967, 3714297.597000002861023 ], [ 8462745.697799999266863, 3714350.398100003600121 ], [ 8462745.695099998265505, 3714350.401399999856949 ], [ 8462635.326900001615286, 3714483.594400003552437 ], [ 8462635.324200000613928, 3714483.597699999809265 ], [ 8462609.367199998348951, 3714519.459499999880791 ], [ 8462589.420800000429153, 3714547.017099998891354 ], [ 8462526.853399999439716, 3714643.185500003397465 ], [ 8462526.851199999451637, 3714643.188799999654293 ], [ 8462410.990899998694658, 3714821.265299998223782 ], [ 8462351.509799998253584, 3714926.99210000038147 ], [ 8462342.436799999326468, 3714945.495800003409386 ], [ 8462254.056499999016523, 3715125.741300001740456 ], [ 8462235.957699999213219, 3715203.555299997329712 ], [ 8462224.772199999541044, 3715321.553000003099442 ], [ 8462222.732900001108646, 3715358.992200002074242 ], [ 8462222.097500000149012, 3715370.656000003218651 ], [ 8462244.2324, 3715391.457299999892712 ], [ 8462244.688799999654293, 3715391.718199998140335 ], [ 8462293.728999998420477, 3715419.759900003671646 ], [ 8462332.334199998527765, 3715455.240199998021126 ], [ 8462334.212000001221895, 3715479.0304000005126 ], [ 8462337.626499999314547, 3715522.286700002849102 ], [ 8462340.95719999819994, 3715567.531199999153614 ], [ 8462349.921599999070168, 3715608.631999999284744 ], [ 8462382.179499998688698, 3715659.741499997675419 ], [ 8462423.263900000602007, 3715709.135399997234344 ], [ 8462443.64750000089407, 3715733.641800001263618 ], [ 8462486.348999999463558, 3715801.548799999058247 ], [ 8462559.692099999636412, 3715945.605400003492832 ], [ 8462581.0033, 3716010.103900000452995 ], [ 8462593.902199998497963, 3716081.791799999773502 ], [ 8462603.552999999374151, 3716120.278899997472763 ], [ 8462609.222800001502037, 3716142.889799997210503 ], [ 8462621.98930000141263, 3716229.847699999809265 ], [ 8462620.476700000464916, 3716254.617200002074242 ], [ 8462619.660300001502037, 3716316.925200000405312 ], [ 8462619.660100001841784, 3716333.9221 ], [ 8462607.213300000876188, 3716356.374899998307228 ], [ 8462605.355000000447035, 3716364.068800002336502 ], [ 8462592.852000001817942, 3716382.281900003552437 ], [ 8462588.494600001722574, 3716390.142399996519089 ], [ 8462586.4364, 3716391.630300000309944 ], [ 8462586.432799998670816, 3716391.63289999961853 ], [ 8462573.795099999755621, 3716410.042400002479553 ], [ 8462536.295400001108646, 3716442.454599998891354 ], [ 8462536.291999999433756, 3716442.457500003278255 ], [ 8462483.74439999833703, 3716477.090000003576279 ], [ 8462483.740699999034405, 3716477.092200003564358 ], [ 8462440.212900001555681, 3716491.390699997544289 ], [ 8462440.20890000090003, 3716491.39190000295639 ], [ 8462370.5515, 3716499.359099999070168 ], [ 8462355.871199999004602, 3716503.889399997889996 ], [ 8462355.86710000038147, 3716503.890799999237061 ], [ 8462309.079799998551607, 3716520.617399998009205 ], [ 8462309.075899999588728, 3716520.619099996984005 ], [ 8462302.018500000238419, 3716526.475699998438358 ], [ 8462302.015099998563528, 3716526.478500001132488 ], [ 8462278.581900000572205, 3716564.326999999582767 ], [ 8462261.853700000792742, 3716653.322200000286102 ], [ 8462261.436900001019239, 3716695.554300002753735 ], [ 8462250.229600001126528, 3716728.680699996650219 ], [ 8462221.665500000119209, 3716784.087399996817112 ], [ 8462206.321899998933077, 3716808.82039999961853 ], [ 8462199.746399998664856, 3716822.260300002992153 ], [ 8462195.586800001561642, 3716830.76240000128746 ], [ 8462188.569200001657009, 3716847.566600002348423 ], [ 8462178.416499998420477, 3716894.151199996471405 ], [ 8462165.626800000667572, 3716973.176899999380112 ], [ 8462165.534000001847744, 3716979.818499997258186 ], [ 8462186.158500000834465, 3717050.484999999403954 ], [ 8462192.246800001710653, 3717071.34570000320673 ], [ 8462240.522999998182058, 3717130.824600003659725 ], [ 8462262.546500001102686, 3717146.242399998009205 ], [ 8462311.062399998307228, 3717211.567699998617172 ], [ 8462329.2445, 3717236.049400001764297 ], [ 8462331.035599999129772, 3717252.149700000882149 ], [ 8462338.055399999022484, 3717262.247299998998642 ], [ 8462335.172600001096725, 3717289.337700001895428 ], [ 8462335.2018, 3717289.60080000013113 ], [ 8462335.082100000232458, 3717290.188500002026558 ], [ 8462332.489900000393391, 3717314.5493 ], [ 8462328.799199998378754, 3717321.004600003361702 ], [ 8462326.901799999177456, 3717330.310999996960163 ], [ 8462295.156800001859665, 3717385.725199997425079 ], [ 8462289.553899999707937, 3717389.651100002229214 ], [ 8462289.550200000405312, 3717389.6537000015378 ], [ 8462282.402300000190735, 3717402.156000003218651 ], [ 8462173.327100001275539, 3717471.454599998891354 ], [ 8462173.323300000280142, 3717471.457000002264977 ], [ 8462168.265900000929832, 3717474.639799997210503 ], [ 8462168.2621, 3717474.642200000584126 ], [ 8462117.527399998158216, 3717510.192299999296665 ], [ 8462117.523699998855591, 3717510.194899998605251 ], [ 8462071.360800001770258, 3717535.792900003492832 ], [ 8462071.356899999082088, 3717535.795100003480911 ], [ 8461952.038499999791384, 3717615.851800002157688 ], [ 8461924.087699998170137, 3717634.605400003492832 ], [ 8461924.084199998527765, 3717634.60809999704361 ], [ 8461892.166799999773502, 3717666.249799996614456 ], [ 8461892.163600001484156, 3717666.25280000269413 ], [ 8461848.99549999833107, 3717689.968199998140335 ], [ 8461848.991700001060963, 3717689.970299996435642 ], [ 8461774.9375, 3717699.180399999022484 ], [ 8461716.416799999773502, 3717688.561200000345707 ], [ 8461644.993099998682737, 3717686.925999999046326 ], [ 8461589.458999998867512, 3717702.873499996960163 ], [ 8461589.454999998211861, 3717702.874799996614456 ], [ 8461578.330200001597404, 3717707.287100002169609 ], [ 8461578.326200000941753, 3717707.288500003516674 ], [ 8461546.018199998885393, 3717714.360699996352196 ], [ 8461540.82039999961853, 3717715.649099998176098 ], [ 8461449.845100000500679, 3717738.200599998235703 ], [ 8461449.840999998152256, 3717738.201700001955032 ], [ 8461397.468800000846386, 3717756.175599999725819 ], [ 8461397.464699998497963, 3717756.177100002765656 ], [ 8461357.932599999010563, 3717775.397100001573563 ], [ 8461357.928599998354912, 3717775.399099998176098 ], [ 8461333.706700000911951, 3717792.651399999856949 ], [ 8461333.703200001269579, 3717792.654100000858307 ], [ 8461318.997099999338388, 3717810.269400000572205 ], [ 8461318.9945, 3717810.272600002586842 ], [ 8461297.07039999961853, 3717840.954300001263618 ], [ 8461275.295400001108646, 3717896.490199998021126 ], [ 8461271.899300001561642, 3717906.703500002622604 ], [ 8461260.345600001513958, 3717988.650700002908707 ], [ 8461245.231899999082088, 3718094.990199998021126 ], [ 8461238.440400000661612, 3718128.962099999189377 ], [ 8461233.907900001853704, 3718174.948299996554852 ], [ 8461225.260499998927116, 3718194.890699997544289 ], [ 8461223.6809, 3718202.792499996721745 ], [ 8461217.638599999248981, 3718242.006700001657009 ], [ 8461211.596500001847744, 3718281.221100002527237 ], [ 8461201.750999998301268, 3718365.675899997353554 ], [ 8461199.469500001519918, 3718379.237800002098083 ], [ 8461198.28940000012517, 3718415.558200001716614 ], [ 8461183.374400001019239, 3718474.90990000218153 ], [ 8461179.9391999989748, 3718495.330600000917912 ], [ 8461168.643800001591444, 3718546.606700003147125 ], [ 8461159.228900000452995, 3718596.004799999296665 ], [ 8461143.062600001692772, 3718642.002999998629093 ], [ 8461101.008499998599291, 3718718.810199998319149 ], [ 8461092.548500001430511, 3718741.17339999973774 ], [ 8461060.897100001573563, 3718794.930600002408028 ], [ 8461060.895199999213219, 3718794.9341000020504 ], [ 8461043.361200001090765, 3718828.683799996972084 ], [ 8461020.4847999997437, 3718863.56360000371933 ], [ 8460980.129799999296665, 3718932.100299999117851 ], [ 8460944.5121, 3719014.487300001084805 ], [ 8460928.929000001400709, 3719116.491599999368191 ], [ 8460926.735100001096725, 3719131.055699996650219 ], [ 8460911.917399998754263, 3719294.475000001490116 ], [ 8460899.096200000494719, 3719365.291299998760223 ], [ 8460892.679299999028444, 3719412.035499997437 ], [ 8460891.08390000090003, 3719474.820900000631809 ], [ 8460862.549699999392033, 3719600.233499996364117 ], [ 8460857.165100000798702, 3719628.2837999984622 ], [ 8460842.108899999409914, 3719711.532899998128414 ], [ 8460835.5143, 3719766.803800001740456 ], [ 8460834.9243, 3719772.825800001621246 ], [ 8460824.821600001305342, 3719875.936800003051758 ], [ 8460822.587999999523163, 3719968.439900003373623 ], [ 8460823.264400001615286, 3719993.105999998748302 ], [ 8460827.7434, 3720095.162600003182888 ], [ 8460838.767700001597404, 3720191.510499998927116 ], [ 8460836.228000000119209, 3720288.486000001430511 ], [ 8460837.356800001114607, 3720314.205300003290176 ], [ 8460834.184099998325109, 3720472.468500003218651 ], [ 8460825.035999998450279, 3720621.678099997341633 ], [ 8460820.004000000655651, 3720645.945500001311302 ], [ 8460812.052299998700619, 3720738.211300000548363 ], [ 8460811.7989999987185, 3720739.010200001299381 ], [ 8460790.904199998825788, 3720804.915500000119209 ], [ 8460770.869100000709295, 3720872.928099997341633 ], [ 8460752.742800001055002, 3720908.028300002217293 ], [ 8460706.5449, 3721015.149800002574921 ], [ 8460651.828699998557568, 3721088.120099999010563 ], [ 8460626.174100000411272, 3721127.975299999117851 ], [ 8460626.171999998390675, 3721127.978699997067451 ], [ 8460602.503100000321865, 3721158.399999998509884 ], [ 8460602.500500001013279, 3721158.403399996459484 ], [ 8460539.057900000363588, 3721249.726800002157688 ], [ 8460466.144200000911951, 3721388.360200002789497 ], [ 8460454.36710000038147, 3721417.096799999475479 ], [ 8460452.258699998259544, 3721429.979699999094009 ], [ 8460444.7434, 3721489.277900002896786 ], [ 8460444.743200000375509, 3721551.766800001263618 ], [ 8460420.255399998277426, 3721753.20269999653101 ], [ 8460412.49439999833703, 3721773.072200000286102 ], [ 8460407.61879999935627, 3721814.04559999704361 ], [ 8460388.204199999570847, 3721834.266000002622604 ], [ 8460388.201400000602007, 3721834.269199997186661 ], [ 8460364.294799998402596, 3721868.606700003147125 ], [ 8460349.019600000232458, 3721890.546700000762939 ], [ 8460308.219999998807907, 3722084.79389999806881 ], [ 8460307.538499999791384, 3722129.331299997866154 ], [ 8460312.287799999117851, 3722208.406999997794628 ], [ 8460302.159000001847744, 3722269.200099997222424 ], [ 8460292.438499998301268, 3722373.227200001478195 ], [ 8460262.389499999582767, 3722446.988499999046326 ], [ 8460206.685199998319149, 3722502.540799997746944 ], [ 8460206.682300001382828, 3722502.543999999761581 ], [ 8460168.789200000464916, 3722557.725000001490116 ], [ 8460158.264699999243021, 3722576.144299998879433 ], [ 8460156.459699999541044, 3722586.448600001633167 ], [ 8460138.534099999815226, 3722610.675499998033047 ], [ 8460134.9983000010252, 3722616.863899998366833 ], [ 8460096.940400000661612, 3722637.686899997293949 ], [ 8460096.936500001698732, 3722637.689000003039837 ], [ 8460085.293499998748302, 3722657.800700001418591 ], [ 8460077.9901, 3722730.983599998056889 ], [ 8460077.577599998563528, 3722769.928199999034405 ], [ 8460062.490200001746416, 3722807.75 ], [ 8460022.312100000679493, 3722879.899700000882149 ], [ 8459991.47749999910593, 3722943.167599998414516 ], [ 8459975.239599999040365, 3722988.078000001609325 ], [ 8459961.41950000077486, 3723046.548100002110004 ], [ 8459945.139499999582767, 3723082.022399999201298 ], [ 8459904.233300000429153, 3723122.909500002861023 ], [ 8459904.230200000107288, 3723122.912600003182888 ], [ 8459877.813299998641014, 3723148.588200002908707 ], [ 8459877.810100000351667, 3723148.591300003230572 ], [ 8459861.50279999896884, 3723164.649400003254414 ], [ 8459861.499699998646975, 3723164.652500003576279 ], [ 8459858.909400001168251, 3723167.598700001835823 ], [ 8459858.906500000506639, 3723167.601999998092651 ], [ 8459827.688900001347065, 3723204.088799998164177 ], [ 8459827.686000000685453, 3723204.092100001871586 ], [ 8459800.778900001198053, 3723224.266500003635883 ], [ 8459800.775299999862909, 3723224.269199997186661 ], [ 8459755.598299998790026, 3723233.561700001358986 ], [ 8459742.403200000524521, 3723236.602300003170967 ], [ 8459715.693799998611212, 3723249.6824000030756 ], [ 8459715.689899999648333, 3723249.6841000020504 ], [ 8459692.590700000524521, 3723254.62049999833107 ], [ 8459670.699099998921156, 3723281.49099999666214 ], [ 8459670.697000000625849, 3723281.494300000369549 ], [ 8459650.370200000703335, 3723331.143200002610683 ], [ 8459636.458500001579523, 3723370.144599996507168 ], [ 8459625.55290000140667, 3723426.241899996995926 ], [ 8459608.057199999690056, 3723453.463299997150898 ], [ 8459592.409099999815226, 3723497.186899997293949 ], [ 8459572.629700001329184, 3723537.98929999768734 ], [ 8459556.318399999290705, 3723566.974299997091293 ], [ 8459518.105900000780821, 3723588.1941 ], [ 8459518.102099999785423, 3723588.1963 ], [ 8459512.419300001114607, 3723591.535899996757507 ], [ 8459512.415500000119209, 3723591.538199998438358 ], [ 8459521.561999998986721, 3723670.96339999884367 ], [ 8459526.209199998527765, 3723790.703699998557568 ], [ 8459488.6831, 3723931.295500002801418 ], [ 8459435.177700001746416, 3724044.222199998795986 ], [ 8459370.556000001728535, 3724155.531900003552437 ], [ 8459350.691500000655651, 3724189.748199999332428 ], [ 8459370.140999998897314, 3724218.779899999499321 ], [ 8459374.336199998855591, 3724225.041900001466274 ], [ 8459437.508299998939037, 3724303.229000002145767 ], [ 8459509.885200001299381, 3724403.376999996602535 ], [ 8459510.186299998313189, 3724403.792499996721745 ], [ 8459496.295499999076128, 3724448.689900003373623 ], [ 8459453.971700001507998, 3724567.475199997425079 ], [ 8459400.339499998837709, 3724655.041199997067451 ], [ 8459369.950800001621246, 3724685.268799997866154 ], [ 8459369.947700001299381, 3724685.271899998188019 ], [ 8459281.551600001752377, 3724767.342600002884865 ], [ 8459281.54839999973774, 3724767.345600001513958 ], [ 8459219.667700000107288, 3724825.362999998033047 ], [ 8459182.536699999123812, 3724860.175899997353554 ], [ 8459182.533500000834465, 3724860.178900003433228 ], [ 8459119.092399999499321, 3724925.594300001859665 ], [ 8459119.089400000870228, 3724925.59740000218153 ], [ 8459109.147799998521805, 3724937.2837999984622 ], [ 8459109.144999999552965, 3724937.287100002169609 ], [ 8459050.205800000578165, 3725007.104099996387959 ], [ 8459050.2029, 3725007.107299998402596 ], [ 8459005.472500000149012, 3725117.643100000917912 ], [ 8459003.492199998348951, 3725199.674099996685982 ], [ 8458982.208099998533726, 3725298.8926 ], [ 8458949.272100001573563, 3725418.822499997913837 ], [ 8458947.287300001829863, 3725498.492799997329712 ], [ 8458949.074299998581409, 3725503.971600003540516 ], [ 8458965.736000001430511, 3725555.055600002408028 ], [ 8459024.363099999725819, 3725665.140699997544289 ], [ 8459005.677799999713898, 3725688.224200002849102 ], [ 8459005.675299998372793, 3725688.22749999910593 ], [ 8458933.412000000476837, 3725811.293799996376038 ], [ 8458835.708000000566244, 3725949.148100003600121 ], [ 8458818.562300000339746, 3725973.651399999856949 ], [ 8458798.554400000721216, 3726007.584100000560284 ], [ 8458798.552299998700619, 3726007.587600000202656 ], [ 8458785.524599999189377, 3726029.6809 ], [ 8458750.842500001192093, 3726088.861599996685982 ], [ 8458747.208599999547005, 3726091.299999997019768 ], [ 8458747.204999998211861, 3726091.302599996328354 ], [ 8458736.199999999254942, 3726099.26410000026226 ], [ 8458736.196400001645088, 3726099.266699999570847 ], [ 8458715.441100001335144, 3726112.617600001394749 ], [ 8458715.437300000339746, 3726112.619999997317791 ], [ 8458678.241999998688698, 3726137.579599998891354 ], [ 8458678.238400001078844, 3726137.58219999819994 ], [ 8458606.267099998891354, 3726196.315200001001358 ], [ 8458606.263700000941753, 3726196.318000003695488 ], [ 8458576.526799999177456, 3726243.068800002336502 ], [ 8458531.739900000393391, 3726339.460900001227856 ], [ 8458530.847699999809265, 3726340.5735 ], [ 8458530.844999998807907, 3726340.576800003647804 ], [ 8458473.328400000929832, 3726412.302299998700619 ], [ 8458473.3257, 3726412.305500000715256 ], [ 8458468.363400001078844, 3726415.213799998164177 ], [ 8458416.524000000208616, 3726445.596500001847744 ], [ 8458416.520300000905991, 3726445.598899997770786 ], [ 8458412.796399999409914, 3726448.696099996566772 ], [ 8458412.793099999427795, 3726448.699000000953674 ], [ 8458394.229699999094009, 3726466.157600000500679 ], [ 8458394.226500000804663, 3726466.160599999129772 ], [ 8458396.07209999859333, 3726471.653999999165535 ], [ 8458405.639600001275539, 3726509.378300003707409 ], [ 8458417.61710000038147, 3726584.139799997210503 ], [ 8458419.528599999845028, 3726596.070900000631809 ], [ 8458445.172800000756979, 3726685.6537000015378 ], [ 8458433.678599998354912, 3726741.769000001251698 ], [ 8458412.266600001603365, 3726812.668999999761581 ], [ 8458293.850499998778105, 3726996.137999996542931 ], [ 8458178.827599998563528, 3727148.311800003051758 ], [ 8458178.825300000607967, 3727148.3147 ], [ 8458178.744300000369549, 3727148.301899999380112 ], [ 8458177.4441, 3727150.035499997437 ], [ 8458177.44200000166893, 3727150.03830000013113 ], [ 8458159.86089999973774, 3727146.162699997425079 ], [ 8458125.52309999987483, 3727178.651500001549721 ], [ 8458125.519900001585484, 3727178.654500000178814 ], [ 8458036.369800001382828, 3727338.983000002801418 ], [ 8457994.385400000959635, 3727408.806000001728535 ], [ 8457996.878499999642372, 3727441.843800000846386 ], [ 8458015.737300001084805, 3727455.926700003445148 ], [ 8458041.588599998503923, 3727458.755999997258186 ], [ 8458045.790199998766184, 3727477.620800003409386 ], [ 8458038.878499999642372, 3727510.699100002646446 ], [ 8458038.51069999858737, 3727511.465899996459484 ], [ 8458038.309500001370907, 3727512.530199997127056 ], [ 8458034.282400000840425, 3727520.277900002896786 ], [ 8458015.6064000017941, 3727559.201200000941753 ], [ 8458004.048599999397993, 3727604.101800002157688 ], [ 8457980.144099999219179, 3727644.3412000015378 ], [ 8457977.9507, 3727679.762699998915195 ], [ 8457999.2555, 3727716.848399996757507 ], [ 8458015.9375, 3727768.704099997878075 ], [ 8457994.909299999475479, 3727797.130599997937679 ], [ 8457979.530699998140335, 3727825.057499997317791 ], [ 8457975.97749999910593, 3727831.846100002527237 ], [ 8457974.622299998998642, 3727845.867399998009205 ], [ 8457966.793999999761581, 3727947.152500003576279 ], [ 8457973.517299998551607, 3728008.507500000298023 ], [ 8457994.885899998247623, 3728057.993000000715256 ], [ 8457985.582600001245737, 3728078.69030000269413 ], [ 8457971.571899998933077, 3728099.992399998009205 ], [ 8457936.426399998366833, 3728121.389899998903275 ], [ 8457936.422600001096725, 3728121.392300002276897 ], [ 8457935.466400001198053, 3728121.958700001239777 ], [ 8457935.462499998509884, 3728121.961000002920628 ], [ 8457934.797499999403954, 3728122.376500003039837 ], [ 8457934.793699998408556, 3728122.378899998962879 ], [ 8457934.017700001597404, 3728122.816799998283386 ], [ 8457934.013900000602007, 3728122.818999998271465 ], [ 8457908.311000000685453, 3728138.03999999910593 ], [ 8457908.307100001722574, 3728138.042300000786781 ], [ 8457880.328899998217821, 3728185.384800001978874 ], [ 8457861.899099998176098, 3728269.859200000762939 ], [ 8457878.605500001460314, 3728328.805299997329712 ], [ 8457887.130399998277426, 3728358.1184 ], [ 8457892.322799999266863, 3728375.972499996423721 ], [ 8457877.7787000015378, 3728408.487300001084805 ], [ 8457849.639199998229742, 3728419.825400002300739 ], [ 8457849.635200001299381, 3728419.826999999582767 ], [ 8457824.456000000238419, 3728436.463299997150898 ], [ 8457824.452300000935793, 3728436.465800002217293 ], [ 8457823.603900000452995, 3728436.398400001227856 ], [ 8457823.4912, 3728436.473099999129772 ], [ 8457823.487500000745058, 3728436.475599996745586 ], [ 8457817.561700001358986, 3728435.918300002813339 ], [ 8457796.243500001728535, 3728434.224500000476837 ], [ 8457791.158900000154972, 3728433.046700000762939 ], [ 8457756.265000000596046, 3728424.963600002229214 ], [ 8457706.937399998307228, 3728427.545299999415874 ], [ 8457652.633299998939037, 3728433.443000003695488 ], [ 8457627.215999998152256, 3728436.389399997889996 ], [ 8457594.866399999707937, 3728452.82039999961853 ], [ 8457594.86259999871254, 3728452.822599999606609 ], [ 8457562.680799998342991, 3728478.934000000357628 ], [ 8457562.677400000393391, 3728478.936899997293949 ], [ 8457526.972600001841784, 3728507.417099997401237 ], [ 8457526.969000000506639, 3728507.4199 ], [ 8457481.236999999731779, 3728535.088100001215935 ], [ 8457481.233199998736382, 3728535.090400002896786 ], [ 8457465.089600000530481, 3728545.09910000115633 ], [ 8457465.085799999535084, 3728545.101599998772144 ], [ 8457463.98369999974966, 3728545.917400002479553 ], [ 8457463.980200000107288, 3728545.920100003480911 ], [ 8457436.192299999296665, 3728568.0154 ], [ 8457436.188799999654293, 3728568.018200002610683 ], [ 8457436.265000000596046, 3728584.546400003135204 ], [ 8457438.6809, 3728601.058399997651577 ], [ 8457459.006900001317263, 3728683.008100003004074 ], [ 8457459.14750000089407, 3728716.0641999989748 ], [ 8457458.410500001162291, 3728716.258900001645088 ], [ 8457458.406800001859665, 3728716.259999997913837 ], [ 8457458.406800001859665, 3728716.550999999046326 ], [ 8457453.246300000697374, 3728717.622100003063679 ], [ 8457440.965999998152256, 3728720.862800002098083 ], [ 8457440.961899999529123, 3728720.864 ], [ 8457426.889199998229742, 3728725.648999996483326 ], [ 8457426.885200001299381, 3728725.650700002908707 ], [ 8457403.49439999833703, 3728746.99099999666214 ], [ 8457403.491399999707937, 3728746.994099996984005 ], [ 8457387.14979999884963, 3728773.035099998116493 ], [ 8457387.14750000089407, 3728773.038400001823902 ], [ 8457359.111000001430511, 3728807.394500002264977 ], [ 8457359.1085, 3728807.397900000214577 ], [ 8457318.886399999260902, 3728877.216300003230572 ], [ 8457307.3213, 3728919.769400000572205 ], [ 8457308.24269999936223, 3728928.968299999833107 ], [ 8457315.0121, 3728996.553599998354912 ], [ 8457321.443399999290705, 3729060.763999998569489 ], [ 8457305.038899999111891, 3729070.277999997138977 ], [ 8457305.035100001841784, 3729070.280199997127056 ], [ 8457303.842999998480082, 3729069.844899997115135 ], [ 8457303.695599999278784, 3729069.925800003111362 ], [ 8457303.691799998283386, 3729069.92790000140667 ], [ 8457259.169799998402596, 3729055.530799999833107 ], [ 8457238.114199999719858, 3729049.903599999845028 ], [ 8457235.048799999058247, 3729049.345100000500679 ], [ 8457228.093199998140335, 3729072.986299999058247 ], [ 8457219.015700001269579, 3729146.206500001251698 ], [ 8457239.999000001698732, 3729244.693099997937679 ], [ 8457245.4408, 3729277.759400002658367 ], [ 8457253.879900000989437, 3729329.038699999451637 ], [ 8457237.711899999529123, 3729395.206900000572205 ], [ 8457216.118299998342991, 3729428.356600001454353 ], [ 8457218.821400001645088, 3729429.252099998295307 ], [ 8457222.437699999660254, 3729429.859700001776218 ], [ 8457243.241399999707937, 3729434.92119999974966 ], [ 8457256.110500000417233, 3729437.631700001657009 ], [ 8457296.055100001394749, 3729439.817199997603893 ], [ 8457338.907400000840425, 3729460.405500002205372 ], [ 8457349.627300001680851, 3729465.555799998342991 ], [ 8457401.470300000160933, 3729500.743199996650219 ], [ 8457468.568900000303984, 3729529.636 ], [ 8457499.157600000500679, 3729542.8074000030756 ], [ 8457542.892700001597404, 3729566.267300002276897 ], [ 8457543.909000001847744, 3729566.8125 ], [ 8457532.306099999696016, 3729601.096900001168251 ], [ 8457513.469300001859665, 3729726.914800003170967 ], [ 8457497.2577, 3729781.281999997794628 ], [ 8457473.521099999547005, 3729859.311300002038479 ], [ 8457403.12049999833107, 3730016.037600003182888 ], [ 8457399.60359999909997, 3730020.160800002515316 ], [ 8457335.911699999123812, 3730094.832900002598763 ], [ 8457335.908900000154972, 3730094.836199998855591 ], [ 8457262.742499999701977, 3730155.954700000584126 ], [ 8457262.739100001752377, 3730155.957500003278255 ], [ 8457216.681099999696016, 3730235.852799996733665 ], [ 8457199.09739999845624, 3730244.18860000371933 ], [ 8457199.093499999493361, 3730244.19030000269413 ], [ 8457159.793000001460314, 3730256.162799999117851 ], [ 8457159.789000000804663, 3730256.163900002837181 ], [ 8457131.602899998426437, 3730259.828500002622604 ], [ 8457131.598999999463558, 3730259.829199999570847 ], [ 8457134.168600000441074, 3730310.584600001573563 ], [ 8457126.127599999308586, 3730351.9419 ], [ 8457064.825300000607967, 3730439.574699997901917 ], [ 8457067.107299998402596, 3730450.815200001001358 ], [ 8457067.220800001174212, 3730451.374300003051758 ], [ 8457088.098000001162291, 3730451.27929999679327 ], [ 8457088.374299999326468, 3730451.278099998831749 ], [ 8457111.414299998432398, 3730481.28490000218153 ], [ 8457145.607299998402596, 3730511.242399998009205 ], [ 8457200.60359999909997, 3730667.364200003445148 ], [ 8457194.487399999052286, 3730688.595299996435642 ], [ 8457202.397700000554323, 3730703.450099997222424 ], [ 8457124.483300000429153, 3730984.8882 ], [ 8457092.513399999588728, 3731123.433200001716614 ], [ 8457038.2018, 3731358.798199996352196 ], [ 8457022.0810999982059, 3731428.657700002193451 ], [ 8456917.453699998557568, 3731668.221000000834465 ], [ 8456793.357599999755621, 3731883.243600003421307 ], [ 8456792.752599999308586, 3731883.327600002288818 ], [ 8456771.723200000822544, 3731868.016099996864796 ], [ 8456745.299100000411272, 3731965.6184 ], [ 8456680.83219999819994, 3732203.733400002121925 ], [ 8456587.067499998956919, 3732487.871100001037121 ], [ 8456520.856499999761581, 3732708.200099997222424 ], [ 8456400.527800001204014, 3732845.332800000905991 ], [ 8456400.524999998509884, 3732845.336000002920628 ], [ 8456303.360100001096725, 3732923.973399996757507 ], [ 8456303.356699999421835, 3732923.976300001144409 ], [ 8456259.525400001555681, 3732959.449400000274181 ], [ 8456206.180399999022484, 3733002.621899999678135 ], [ 8456206.176899999380112, 3733002.624700002372265 ], [ 8456193.087000001221895, 3733169.364200003445148 ], [ 8456186.982599999755621, 3733247.122400000691414 ], [ 8456186.835999999195337, 3733290.570100001990795 ], [ 8456186.835299998521805, 3733290.801100000739098 ], [ 8456186.177099999040365, 3733485.805699996650219 ], [ 8456185.555399999022484, 3733669.969700001180172 ], [ 8456153.667700000107288, 3733755.697400003671646 ], [ 8456033.6996, 3734078.218699999153614 ], [ 8455957.483600001782179, 3734298.589699998497963 ], [ 8455892.246599998325109, 3734494.376599997282028 ], [ 8455850.785799998790026, 3734618.8074000030756 ], [ 8455769.7314000017941, 3734677.358199998736382 ], [ 8455769.727800000458956, 3734677.360799998044968 ], [ 8455532.357799999415874, 3734726.608800001442432 ], [ 8455404.312699999660254, 3734799.978000000119209 ], [ 8455404.308899998664856, 3734799.980200000107288 ], [ 8455391.300299998372793, 3734804.717100001871586 ], [ 8455391.296300001442432, 3734804.718599997460842 ], [ 8455313.250999998301268, 3734833.138700000941753 ], [ 8455313.246899999678135, 3734833.14019999653101 ], [ 8455230.491999998688698, 3734835.567199997603893 ], [ 8455209.229699999094009, 3734836.190800003707409 ], [ 8455118.7467, 3734852.821699999272823 ], [ 8455060.018399998545647, 3734901.891599997878075 ], [ 8455060.015000000596046, 3734901.894400000572205 ], [ 8455040.9419, 3734939.124499998986721 ], [ 8455021.868599999696016, 3734976.354500003159046 ], [ 8455020.954100001603365, 3734981.726099997758865 ], [ 8455020.912099998444319, 3734981.973200000822544 ], [ 8455020.851199999451637, 3734982.397799998521805 ], [ 8455042.106600001454353, 3735167.451099999248981 ], [ 8455048.632100000977516, 3735224.26349999755621 ], [ 8455068.665500000119209, 3735560.806900002062321 ], [ 8455055.308299999684095, 3735728.427400000393391 ], [ 8454975.168499998748302, 3735863.3108000010252 ], [ 8454813.778900001198053, 3736030.931699998676777 ], [ 8454813.77589999884367, 3736030.934799998998642 ], [ 8454731.412599999457598, 3736129.149800002574921 ], [ 8454731.409699998795986, 3736129.152999997138977 ], [ 8454686.072799999266863, 3736230.607500001788139 ], [ 8454674.643800001591444, 3736256.183200001716614 ], [ 8454534.39809999987483, 3736685.739500001072884 ], [ 8454465.741399999707937, 3736853.857100002467632 ], [ 8454410.848700001835823, 3736988.271099999547005 ], [ 8454233.872699998319149, 3737327.4824 ], [ 8453652.857700001448393, 3738343.862700000405312 ], [ 8453285.435600001364946, 3738967.008599996566772 ], [ 8453274.418800000101328, 3738985.693000003695488 ], [ 8453231.307100001722574, 3739110.581900000572205 ], [ 8453272.41609999909997, 3739107.104500003159046 ], [ 8453272.41950000077486, 3739107.101599998772144 ], [ 8453314.730700001120567, 3739071.029799997806549 ], [ 8453314.734299998730421, 3739071.027199998497963 ], [ 8453580.919300001114607, 3738891.198700003325939 ], [ 8453580.923099998384714, 3738891.1963 ], [ 8453801.870099999010563, 3738753.946699999272823 ], [ 8453957.621800001710653, 3738724.867700003087521 ], [ 8454136.348000001162291, 3738750.706500001251698 ], [ 8454360.331999998539686, 3738786.556100003421307 ], [ 8454435.003699999302626, 3738795.938500002026558 ], [ 8454589.093100000172853, 3738902.144299998879433 ], [ 8454699.622900001704693, 3738924.5016999989748 ], [ 8454930.766800001263618, 3739094.446099996566772 ], [ 8455112.455600000917912, 3739152.7654 ], [ 8455188.891600001603365, 3739162.440499998629093 ], [ 8455265.315600000321865, 3739172.113899998366833 ], [ 8455398.175900001078844, 3739171.982600003480911 ], [ 8455491.090399999171495, 3739226.25620000064373 ], [ 8455572.387600000947714, 3739444.791500002145767 ], [ 8455614.7555, 3739503.2434 ], [ 8455637.668999999761581, 3739512.586099997162819 ], [ 8455838.808699999004602, 3739594.598099999129772 ], [ 8455981.412399999797344, 3739672.8596 ], [ 8455981.729499999433756, 3739673.0337999984622 ], [ 8456086.507399998605251, 3739806.662900000810623 ], [ 8456188.228500001132488, 3739936.391699999570847 ], [ 8456196.528499998152256, 3739946.976999998092651 ], [ 8456343.236299999058247, 3740109.17960000038147 ], [ 8456357.771899998188019, 3740125.250299997627735 ], [ 8456461.291499998420477, 3740184.2324 ], [ 8456507.178899999707937, 3740190.623400002717972 ], [ 8456646.5033, 3740210.027900002896786 ], [ 8456831.7060999982059, 3740219.879799999296665 ], [ 8456874.023200001567602, 3740212.737899996340275 ], [ 8456874.024999998509884, 3740212.735200002789497 ], [ 8457110.618599999696016, 3739827.224200002849102 ], [ 8457302.977200001478195, 3739506.845299996435642 ], [ 8457303.738400001078844, 3739505.57880000025034 ], [ 8457359.004200000315905, 3739508.479500003159046 ], [ 8457563.625100001692772, 3739547.238600000739098 ], [ 8457563.62779999896884, 3739547.235399998724461 ], [ 8457599.438700001686811, 3739501.699299998581409 ], [ 8457657.536100000143051, 3739397.049999997019768 ], [ 8457660.59739999845624, 3739224.478299997746944 ], [ 8457660.890099998563528, 3739207.977300003170967 ], [ 8457693.151200000196695, 3739129.35809999704361 ], [ 8457892.708399999886751, 3738794.126199997961521 ], [ 8457954.437199998646975, 3738801.1503000035882 ], [ 8458182.273400001227856, 3738890.552599996328354 ], [ 8458269.637800000607967, 3738924.834200002253056 ], [ 8458269.640900000929832, 3738924.831299997866154 ], [ 8458311.922400001436472, 3738885.199799999594688 ], [ 8458330.494100000709295, 3738848.979599997401237 ], [ 8458412.258099999278784, 3738689.515600003302097 ], [ 8458441.567400000989437, 3738610.908399999141693 ], [ 8458441.57149999961257, 3738610.906800001859665 ], [ 8458503.272199999541044, 3738587.79389999806881 ], [ 8458603.795800000429153, 3738600.66669999808073 ], [ 8458780.832800000905991, 3738693.791400000452995 ], [ 8458829.746199999004602, 3738811.306100003421307 ], [ 8458829.6952, 3738811.571599997580051 ], [ 8458830.754000000655651, 3738814.1206 ], [ 8458779.55290000140667, 3739081.338100001215935 ], [ 8458698.591899998486042, 3739201.8728 ], [ 8458687.927400000393391, 3739217.750100001692772 ], [ 8458695.198399998247623, 3739236.133400000631809 ], [ 8458775.137299999594688, 3739438.24379999935627 ], [ 8458775.025299999862909, 3739438.599399998784065 ], [ 8458776.212200000882149, 3739441.567900002002716 ], [ 8458716.921900000423193, 3739625.638599999248981 ], [ 8458711.654699999839067, 3739641.99099999666214 ], [ 8458450.091400001198053, 3739818.834100000560284 ], [ 8458450.087699998170137, 3739818.836599998176098 ], [ 8458401.333000000566244, 3739849.254000000655651 ], [ 8457969.253600001335144, 3740118.822899997234344 ], [ 8457969.249899998307228, 3740118.825400002300739 ], [ 8457692.102899998426437, 3740408.338600002229214 ], [ 8457692.099800001829863, 3740408.341700002551079 ], [ 8457605.672200001776218, 3740571.103299997746944 ], [ 8457605.670699998736382, 3740571.106299996376038 ], [ 8457565.427499998360872, 3740646.892200000584126 ], [ 8457480.619300000369549, 3740806.602200001478195 ], [ 8457375.996500000357628, 3740851.14360000193119 ], [ 8457375.992499999701977, 3740851.145400002598763 ], [ 8457346.860800001770258, 3740839.715599998831749 ], [ 8457225.731300000101328, 3740792.190600000321865 ], [ 8457198.438700001686811, 3740783.155599996447563 ], [ 8457154.496100001037121, 3740768.608599998056889 ], [ 8457112.2043999992311, 3740785.637900002300739 ], [ 8457112.200500000268221, 3740785.639700002968311 ], [ 8457076.585900001227856, 3740822.319200001657009 ], [ 8457076.582800000905991, 3740822.322200000286102 ], [ 8457061.847100000828505, 3741091.148000001907349 ], [ 8457040.962600000202656, 3741472.146499998867512 ], [ 8457008.339099999517202, 3741522.22749999910593 ], [ 8456835.243200000375509, 3741787.950300000607967 ], [ 8456799.4298, 3741842.928099997341633 ], [ 8456491.117899999022484, 3742106.277900002896786 ], [ 8456491.114500001072884, 3742106.280799999833107 ], [ 8456395.390700001269579, 3742515.08049999922514 ], [ 8456414.312199998646975, 3742618.5929000005126 ], [ 8456355.320000000298023, 3742788.931599996984005 ], [ 8456350.304400000721216, 3742811.965700000524521 ], [ 8456333.848999999463558, 3742887.537299998104572 ], [ 8456332.668999999761581, 3742887.469099998474121 ], [ 8456332.665699999779463, 3742887.469200000166893 ], [ 8456253.921999998390675, 3743252.710400000214577 ], [ 8456062.780600000172853, 3743948.574600003659725 ], [ 8455959.53999999910593, 3744278.499700002372265 ], [ 8455827.475699998438358, 3744540.969899997115135 ], [ 8455716.627000000327826, 3744761.270499996840954 ], [ 8455695.294399999082088, 3744803.667000003159046 ], [ 8455694.735100001096725, 3744804.891800001263618 ], [ 8455595.690999999642372, 3745021.782799996435642 ], [ 8455513.279199998825788, 3745202.251800000667572 ], [ 8455354.626899998635054, 3745544.564599998295307 ], [ 8455249.038600001484156, 3745772.380199998617172 ], [ 8455148.853900000452995, 3745921.566299997270107 ], [ 8455081.901700001209974, 3746021.265500001609325 ], [ 8455038.104499999433756, 3746086.484399996697903 ], [ 8454963.983800001442432, 3746276.723099999129772 ], [ 8454846.174100000411272, 3746579.085799999535084 ], [ 8454750.99210000038147, 3746823.373800002038479 ], [ 8454577.420299999415874, 3747158.9695999994874 ], [ 8454538.5165, 3747234.186999998986721 ], [ 8454412.02250000089407, 3747478.752700001001358 ], [ 8454252.227200001478195, 3747855.2632 ], [ 8454177.579, 3748031.149899996817112 ], [ 8454170.031800001859665, 3748048.932599999010563 ], [ 8454088.566599998623133, 3748130.129699997603893 ], [ 8453927.6418999992311, 3748290.524800002574921 ], [ 8453871.370200000703335, 3748346.611299999058247 ], [ 8453839.363899998366833, 3748400.13849999755621 ], [ 8453833.169399999082088, 3748410.4978 ], [ 8453817.89750000089407, 3748436.84570000320673 ], [ 8453753.697799999266863, 3748547.605599999427795 ], [ 8453712.888700000941753, 3748618.011 ], [ 8453660.681499999016523, 3748708.079800002276897 ], [ 8453614.429699998348951, 3748778.038199998438358 ], [ 8453613.36540000140667, 3748779.648199997842312 ], [ 8453555.489900000393391, 3748872.627899996936321 ], [ 8453505.572000000625849, 3748952.822700001299381 ], [ 8453460.54280000180006, 3749025.163500003516674 ], [ 8453442.971900001168251, 3749160.5945999994874 ], [ 8453452.55629999935627, 3749432.003499999642372 ], [ 8453416.857900001108646, 3749564.414899997413158 ], [ 8453413.808499999344349, 3749575.725900001823902 ], [ 8453413.738699998706579, 3749575.902900002896786 ], [ 8453392.253400001674891, 3749630.550200000405312 ], [ 8453345.66160000115633, 3749749.053400002419949 ], [ 8453330.847800001502037, 3749797.993299998342991 ], [ 8453301.61710000038147, 3749894.560699999332428 ], [ 8453249.447000000625849, 3749999.579300001263618 ], [ 8453226.971799999475479, 3750044.821699999272823 ], [ 8453149.546599999070168, 3750110.505900003015995 ], [ 8453106.999800000339746, 3750146.600599996745586 ], [ 8453103.476100001484156, 3750149.589900001883507 ], [ 8453090.681600000709295, 3750172.90089999884367 ], [ 8453069.38569999858737, 3750211.701300002634525 ], [ 8452998.825800001621246, 3750339.170000001788139 ], [ 8452931.830600000917912, 3750460.197899997234344 ], [ 8452710.724599998444319, 3750891.153399996459484 ], [ 8452675.088199999183416, 3750960.611900001764297 ], [ 8452582.690400000661612, 3751151.816799998283386 ], [ 8452305.591099999845028, 3751735.431999996304512 ], [ 8452246.445799998939037, 3751860.001400001347065 ], [ 8452092.669700000435114, 3752171.688900001347065 ], [ 8451910.163800001144409, 3752541.608800001442432 ], [ 8451872.089200001209974, 3752619.679300002753735 ], [ 8451786.810400001704693, 3752794.538400001823902 ], [ 8451785.156399998813868, 3752797.929799996316433 ], [ 8451784.926300000399351, 3752798.401799999177456 ], [ 8451779.57319999858737, 3752805.820699997246265 ], [ 8451629.070099998265505, 3753014.404399998486042 ], [ 8451569.105500001460314, 3753133.926299996674061 ], [ 8451473.243000000715256, 3753325.0 ], [ 8451451.914099998772144, 3753352.487300001084805 ], [ 8451433.531700000166893, 3753376.177299998700619 ], [ 8451393.206900000572205, 3753429.682800002396107 ], [ 8451342.31870000064373, 3753497.204599998891354 ], [ 8451300.384799998253584, 3753552.8445999994874 ], [ 8451286.176600001752377, 3753571.696800000965595 ], [ 8451230.886199999600649, 3753662.803800001740456 ], [ 8451032.653000000864267, 3753960.102099999785423 ], [ 8451029.71339999884367, 3753964.510600000619888 ], [ 8451007.010800000280142, 3754009.898900002241135 ], [ 8450997.615800000727177, 3754028.681999996304512 ], [ 8450909.113600000739098, 3754205.619699999690056 ], [ 8450878.565400000661612, 3754266.793999999761581 ], [ 8450824.43019999936223, 3754425.105400003492832 ], [ 8450752.144499998539686, 3754636.493500001728535 ], [ 8450594.543400000780821, 3755053.542700000107288 ], [ 8450435.141800001263618, 3755422.691299997270107 ], [ 8450367.20549999922514, 3755720.49889999628067 ], [ 8450339.329300001263618, 3755842.696199998259544 ], [ 8450350.735599998384714, 3756065.070600003004074 ], [ 8450355.925900001078844, 3756166.254799999296665 ], [ 8450348.1118, 3756401.874300003051758 ], [ 8450341.349599998444319, 3756605.777900002896786 ], [ 8450305.49379999935627, 3756772.617299996316433 ], [ 8450201.912399999797344, 3756877.356200002133846 ], [ 8449881.686700001358986, 3757025.94030000269413 ], [ 8449660.814899999648333, 3757086.869599997997284 ], [ 8449559.674400001764297, 3757114.770000003278255 ], [ 8449308.114900000393391, 3757404.550399996340275 ], [ 8449273.043699998408556, 3757444.949400000274181 ], [ 8449238.189599998295307, 3757480.539700001478195 ], [ 8449223.353799998760223, 3757495.688900001347065 ], [ 8449085.862799998372793, 3757636.08389999717474 ], [ 8448891.005800001323223, 3757793.498199999332428 ], [ 8448637.2989999987185, 3758038.476300001144409 ], [ 8448311.737500000745058, 3758303.584700003266335 ], [ 8447974.977000001817942, 3758485.276699997484684 ], [ 8447592.858199998736382, 3758622.5779 ], [ 8447584.602099999785423, 3758625.54450000077486 ], [ 8447320.830299999564886, 3758769.9287 ], [ 8447268.138700000941753, 3758802.80120000243187 ], [ 8447218.3794, 3758833.844300001859665 ], [ 8447222.0581, 3758860.902400001883507 ], [ 8447263.74720000103116, 3759167.543099999427795 ], [ 8447261.421100001782179, 3759192.221199996769428 ], [ 8447257.612100001424551, 3759235.723600000143051 ], [ 8447257.3202, 3759235.726400002837181 ], [ 8447257.277499999850988, 3759236.179999999701977 ], [ 8447192.816500000655651, 3759236.821400001645088 ], [ 8446958.143100000917912, 3759239.156599998474121 ], [ 8446726.83219999819994, 3759253.241599999368191 ], [ 8446619.7489, 3759260.04169999808073 ], [ 8446590.331500001251698, 3759262.261100001633167 ], [ 8446486.478500001132488, 3759275.262699998915195 ], [ 8446281.559300001710653, 3759311.352399997413158 ], [ 8445899.38399999961257, 3759489.452100001275539 ], [ 8445450.07880000025034, 3759656.287799999117851 ], [ 8445352.647799998521805, 3759667.930600002408028 ], [ 8445350.248500000685453, 3759668.217299997806549 ], [ 8445202.759799998253584, 3759685.84179999679327 ], [ 8445008.763399999588728, 3759693.204800002276897 ], [ 8444814.094999998807907, 3759700.590899996459484 ], [ 8444560.285799998790026, 3759765.643299996852875 ], [ 8444358.287799999117851, 3759880.405299998819828 ], [ 8444180.857599999755621, 3760149.105899997055531 ], [ 8444127.383900001645088, 3760230.085400000214577 ], [ 8444116.168800000101328, 3760246.102399997413158 ], [ 8443909.478900000452995, 3760556.086099997162819 ], [ 8443801.254900000989437, 3760710.55460000038147 ], [ 8443743.056000001728535, 3760867.32940000295639 ], [ 8443697.150199998170137, 3760975.709499999880791 ], [ 8443166.3059, 3760937.572300001978874 ], [ 8443165.146200001239777, 3760937.489 ], [ 8442660.676600001752377, 3760966.976999998092651 ], [ 8442423.8739, 3760984.125299997627735 ], [ 8442368.920800000429153, 3760988.104800000786781 ], [ 8442280.1699, 3761006.167700000107288 ], [ 8442151.789799999445677, 3761032.295999996364117 ], [ 8442112.160100001841784, 3761040.361599996685982 ], [ 8442041.670400001108646, 3761042.750500001013279 ], [ 8441949.026500001549721, 3761045.89019999653101 ], [ 8441948.483899999409914, 3761044.775799997150898 ], [ 8441919.23759999871254, 3761028.979299999773502 ], [ 8441906.114199999719858, 3761029.415899999439716 ], [ 8441747.475400000810623, 3761034.6925999969244 ], [ 8441713.793000001460314, 3761035.365599997341633 ], [ 8441598.3614999987185, 3761053.074000000953674 ], [ 8441419.293800000101328, 3761138.215199999511242 ], [ 8441263.209300000220537, 3761157.677400000393391 ], [ 8440941.065000001341105, 3761157.535899996757507 ], [ 8440696.664900001138449, 3761141.44539999961853 ], [ 8440431.602099999785423, 3761208.195100001990795 ], [ 8440191.9391999989748, 3761307.276500001549721 ], [ 8439777.145399998873472, 3761476.519100002944469 ], [ 8439267.5559, 3761736.032600000500679 ], [ 8439117.909200001507998, 3761839.332299999892712 ], [ 8438840.963100001215935, 3762030.505599997937679 ], [ 8438631.19819999858737, 3762172.410800002515316 ], [ 8438426.103700000792742, 3762355.7449000030756 ], [ 8438253.476100001484156, 3762437.307599999010563 ], [ 8438106.793400000780821, 3762479.825800001621246 ], [ 8437976.610300000756979, 3762499.255900003015995 ], [ 8437914.525600001215935, 3762546.407700002193451 ], [ 8437615.343800000846386, 3762773.628899998962879 ], [ 8437407.310400001704693, 3762939.910899996757507 ], [ 8437406.526299998164177, 3762940.537500001490116 ], [ 8437396.349800001829863, 3762948.671599999070168 ], [ 8437288.256099998950958, 3763036.766800001263618 ], [ 8437234.424199998378754, 3763069.36599999666214 ], [ 8437066.673000000417233, 3763170.95160000026226 ], [ 8436965.828499998897314, 3763276.089400000870228 ], [ 8436806.332400001585484, 3763323.283699996769428 ], [ 8436572.658700000494719, 3763390.789599999785423 ], [ 8436457.974199999123812, 3763459.752999998629093 ], [ 8436064.71169999986887, 3763716.092799998819828 ], [ 8436033.986299999058247, 3763736.12049999833107 ], [ 8435763.521000001579523, 3763929.192199997603893 ], [ 8435653.110500000417233, 3764058.519400000572205 ], [ 8435212.306099999696016, 3764687.117700003087521 ], [ 8435019.529500000178814, 3764922.44709999859333 ], [ 8434871.662099998444319, 3765102.954199999570847 ], [ 8434634.438099998980761, 3765416.712600000202656 ], [ 8434562.007500000298023, 3765488.757500000298023 ], [ 8434556.270599998533726, 3765494.463799998164177 ], [ 8434170.107700001448393, 3765865.432199999690056 ], [ 8434114.301199998706579, 3765933.644599996507168 ], [ 8434045.615600001066923, 3766035.651600003242493 ], [ 8434033.798300001770258, 3766053.082299999892712 ], [ 8433875.956900000572205, 3766285.90089999884367 ], [ 8433539.62950000166893, 3766819.569799996912479 ], [ 8433510.703699998557568, 3766859.601000003516674 ], [ 8433428.631700001657009, 3766973.181999996304512 ], [ 8433334.040800001472235, 3767086.490299999713898 ], [ 8433056.25, 3767474.385499998927116 ], [ 8433027.508499998599291, 3767527.738499999046326 ], [ 8432933.6996, 3767728.682099997997284 ], [ 8432820.344900000840425, 3767889.416900001466274 ], [ 8432648.809999998658895, 3768118.381099998950958 ], [ 8432577.641600001603365, 3768215.875 ], [ 8432540.1393, 3768267.249600000679493 ], [ 8432500.283300001174212, 3768295.07320000231266 ], [ 8432500.133900001645088, 3768295.177599996328354 ], [ 8432432.404699999839067, 3768311.917400002479553 ], [ 8432428.122000001370907, 3768310.05799999833107 ], [ 8432337.439899999648333, 3768270.686300002038479 ], [ 8432220.535199999809265, 3768315.610399998724461 ], [ 8432115.447000000625849, 3768355.992700003087521 ], [ 8431974.625100001692772, 3768384.699799999594688 ], [ 8431885.48759999871254, 3768402.870099999010563 ], [ 8431742.707800000905991, 3768442.199199996888638 ], [ 8431646.295699998736382, 3768479.597699999809265 ], [ 8431636.329500000923872, 3768482.249099999666214 ], [ 8431611.060699999332428, 3768488.971100002527237 ], [ 8431583.224300000816584, 3768481.534199997782707 ], [ 8431553.521800000220537, 3768462.915500000119209 ], [ 8431380.423700001090765, 3768364.001599997282028 ], [ 8431024.146299999207258, 3768226.393399998545647 ], [ 8430670.021299999207258, 3768146.741499997675419 ], [ 8430378.750799998641014, 3768079.905599996447563 ], [ 8430180.250700000673532, 3768055.856799997389317 ], [ 8430066.05970000103116, 3767882.309799998998642 ], [ 8429949.172899998724461, 3767852.586499996483326 ], [ 8429860.103000000119209, 3767806.054200001060963 ], [ 8429607.713599998503923, 3767657.121899999678135 ], [ 8429551.065699998289347, 3767649.038599997758865 ], [ 8429542.781100001186132, 3767647.856499999761581 ], [ 8429514.8301, 3767647.884499996900558 ], [ 8429494.566799998283386, 3767647.905000001192093 ], [ 8429463.057500001043081, 3767670.305699996650219 ], [ 8429412.069400001317263, 3767749.971400000154972 ], [ 8429372.29839999973774, 3767812.111100003123283 ], [ 8429350.058899998664856, 3767832.653399996459484 ], [ 8429118.6754, 3767938.346000000834465 ], [ 8429011.373799998313189, 3767987.358400002121925 ], [ 8429004.031800001859665, 3767991.321400001645088 ], [ 8428838.509500000625849, 3768080.6621999964118 ], [ 8428803.734200000762939, 3768099.431999996304512 ], [ 8428803.771000001579523, 3768145.530500002205372 ], [ 8428803.822000000625849, 3768209.453599996864796 ], [ 8428702.953899998217821, 3768287.681100003421307 ], [ 8428555.11089999973774, 3768408.758000001311302 ], [ 8428534.269499998539686, 3768425.826200000941753 ], [ 8428437.887200001627207, 3768500.505699999630451 ], [ 8428300.665199998766184, 3768565.885200001299381 ], [ 8428256.682300001382828, 3768603.345899999141693 ], [ 8428124.138700000941753, 3768716.233599998056889 ], [ 8428078.923700001090765, 3768754.742899999022484 ], [ 8427925.111900001764297, 3768952.545999996364117 ], [ 8427821.353999998420477, 3769101.828500002622604 ], [ 8427760.223200000822544, 3769224.972900003194809 ], [ 8427737.313299998641014, 3769305.179399996995926 ], [ 8427726.2347999997437, 3769376.058300003409386 ], [ 8427725.972899999469519, 3769555.602700002491474 ], [ 8427725.763900000602007, 3769698.999499998986721 ], [ 8427731.344999998807907, 3769719.508500002324581 ], [ 8427774.6721, 3769811.747299998998642 ], [ 8427699.749600000679493, 3769920.02250000089407 ], [ 8427526.339899998158216, 3770135.425300002098083 ], [ 8427235.550700001418591, 3770496.621799997985363 ], [ 8427105.71339999884367, 3770532.159699998795986 ], [ 8427070.479899998754263, 3770554.565399996936321 ], [ 8427011.139400001615286, 3770603.103699997067451 ], [ 8426920.597800001502037, 3770695.139600001275539 ], [ 8426854.896699998527765, 3770761.924999997019768 ], [ 8426699.164299998432398, 3770933.636100001633167 ], [ 8426619.426300000399351, 3770991.514799997210503 ], [ 8426508.974899999797344, 3771062.473200000822544 ], [ 8426460.146299999207258, 3771088.439400002360344 ], [ 8426429.568799998611212, 3771104.700000002980232 ], [ 8426381.176199998706579, 3771130.43469999730587 ], [ 8426257.107200000435114, 3771196.411200001835823 ], [ 8426209.057599999010563, 3771221.962600000202656 ], [ 8426178.844799999147654, 3771238.028999999165535 ], [ 8426112.069200001657009, 3771254.85809999704361 ], [ 8426030.452300000935793, 3771284.751299999654293 ], [ 8425885.025299999862909, 3771355.672799997031689 ], [ 8425426.773499999195337, 3771370.883100003004074 ], [ 8425334.021299999207258, 3771400.777199998497963 ], [ 8425330.442499998956919, 3771401.27929999679327 ], [ 8425267.232999999076128, 3771410.148400001227856 ], [ 8424918.445900000631809, 3771442.053400002419949 ], [ 8424841.754000000655651, 3771468.084100000560284 ], [ 8424732.31980000063777, 3771516.641099996864796 ], [ 8424603.546, 3771571.949199996888638 ], [ 8424467.056000001728535, 3771630.570000000298023 ], [ 8424390.795299999415874, 3771678.707099996507168 ], [ 8424357.623700000345707, 3771699.645300000905991 ], [ 8424300.121399998664856, 3771751.907200001180172 ], [ 8424194.426899999380112, 3771873.206399999558926 ], [ 8424094.249699998646975, 3771996.662299998104572 ], [ 8424015.676199998706579, 3772105.580700002610683 ], [ 8424001.495999999344349, 3772130.817500002682209 ], [ 8424005.263799998909235, 3772144.156599998474121 ], [ 8424040.528999999165535, 3772186.967799998819828 ], [ 8424049.822299998253584, 3772216.80969999730587 ], [ 8424099.278200000524521, 3772464.996899999678135 ], [ 8424104.86540000140667, 3772519.099299997091293 ], [ 8424088.189100001007318, 3772550.820799998939037 ], [ 8424062.216499999165535, 3772576.954700000584126 ], [ 8424034.397399999201298, 3772593.758000001311302 ], [ 8424006.0077, 3772599.223899997770786 ], [ 8423977.956799998879433, 3772596.1587999984622 ], [ 8423962.881000000983477, 3772608.873400002717972 ], [ 8423918.556600000709295, 3772646.255699999630451 ], [ 8423737.619300000369549, 3772746.195900000631809 ], [ 8423702.510400000959635, 3772765.588200002908707 ], [ 8423695.151799999177456, 3772768.100900001823902 ], [ 8423597.516699999570847, 3772851.146300002932549 ], [ 8423497.444299999624491, 3772856.7787000015378 ], [ 8423454.830299999564886, 3772888.476899996399879 ], [ 8423445.38569999858737, 3772890.85360000282526 ], [ 8423440.009300000965595, 3772892.207000002264977 ], [ 8423319.195000000298023, 3772892.260499998927116 ], [ 8423251.480399999767542, 3772911.043799996376038 ], [ 8423089.745999999344349, 3772975.364600002765656 ], [ 8422893.312600001692772, 3773032.160999998450279 ], [ 8422790.071199998259544, 3773037.391800001263618 ], [ 8422783.819299999624491, 3773074.8618 ], [ 8422783.670499999076128, 3773078.393700003623962 ], [ 8422783.115899998694658, 3773079.077200002968311 ], [ 8422776.067299999296665, 3773121.321000002324581 ], [ 8422754.85080000013113, 3773263.806599996984005 ], [ 8422693.692099999636412, 3773273.016199998557568 ], [ 8422682.205299999564886, 3773274.745899997651577 ], [ 8422607.010499998927116, 3773300.468500003218651 ], [ 8422530.834100000560284, 3773314.661399997770786 ], [ 8422368.238499999046326, 3773411.521799996495247 ], [ 8422282.998399998992682, 3773475.84740000218153 ], [ 8422231.1195, 3773515.944399997591972 ], [ 8422217.292500000447035, 3773519.070299997925758 ], [ 8422122.390900000929832, 3773516.579000003635883 ], [ 8422085.95890000090003, 3773515.622100003063679 ], [ 8421858.3268, 3773509.64360000193119 ], [ 8421796.707100000232458, 3773508.024599999189377 ], [ 8421687.382399998605251, 3773452.173500001430511 ], [ 8421631.102699998766184, 3773414.469400003552437 ], [ 8421592.876200001686811, 3773388.859700001776218 ], [ 8421529.874099999666214, 3773338.584700003266335 ], [ 8421298.22520000115037, 3773072.277099996805191 ], [ 8421179.245299998670816, 3773003.320299997925758 ], [ 8421008.775699999183416, 3772899.055299997329712 ], [ 8420969.872999999672174, 3772891.613099999725819 ], [ 8420941.9206000007689, 3772892.07379999756813 ], [ 8420705.475699998438358, 3772895.969999998807907 ], [ 8420512.268100000917912, 3772899.151299998164177 ], [ 8420419.624099999666214, 3772843.2971 ], [ 8420367.75450000166893, 3772826.535300001502037 ], [ 8420326.986900001764297, 3772822.8147 ], [ 8420143.370299998670816, 3772818.911200001835823 ], [ 8420091.491300001740456, 3772804.015100002288818 ], [ 8420013.687399998307228, 3772768.639700002968311 ], [ 8419920.035100001841784, 3772727.6316 ], [ 8419880.987799998372793, 3772710.533699996769428 ], [ 8419826.558299999684095, 3772686.699799999594688 ], [ 8419798.981199998408556, 3772699.229699999094009 ], [ 8419769.129200000315905, 3772712.793200001120567 ], [ 8419748.754599999636412, 3772723.9695999994874 ], [ 8419615.361699998378754, 3772729.56870000064373 ], [ 8419600.544100001454353, 3772737.01690000295639 ], [ 8419600.550700001418591, 3772817.118500001728535 ], [ 8419277.659600000828505, 3773083.840700000524521 ], [ 8419244.311099998652935, 3773091.297499999403954 ], [ 8419210.960499998182058, 3773085.711000002920628 ], [ 8419134.190499998629093, 3773052.681500002741814 ], [ 8418747.780799999833107, 3772886.425300002098083 ], [ 8418681.094300001859665, 3772877.117299996316433 ], [ 8418680.604899998754263, 3772877.096600003540516 ], [ 8418626.275600001215935, 3772874.788599997758865 ], [ 8418549.545800000429153, 3772871.528800003230572 ], [ 8418349.267299998551607, 3772862.486299999058247 ], [ 8418180.167899999767542, 3772854.851499997079372 ], [ 8418026.392499998211861, 3772843.670299999415874 ], [ 8417992.3169, 3772821.892200000584126 ], [ 8417787.439100001007318, 3772690.950900003314018 ], [ 8417787.410900000482798, 3772690.932899996638298 ], [ 8417626.246899999678135, 3772612.686099998652935 ], [ 8417007.28319999948144, 3772359.900399997830391 ], [ 8416884.0135000012815, 3772312.26519999653101 ], [ 8416279.152100000530481, 3772078.528399996459484 ], [ 8416144.923799999058247, 3772026.658500000834465 ], [ 8415993.638700000941753, 3771968.191699996590614 ], [ 8415945.472899999469519, 3771957.01240000128746 ], [ 8415927.789900001138449, 3771960.102200001478195 ], [ 8415902.861000001430511, 3771964.458200000226498 ], [ 8415867.657400000840425, 3771986.794299997389317 ], [ 8415839.865499999374151, 3772014.723499998450279 ], [ 8415826.889499999582767, 3772059.427000001072884 ], [ 8415826.879999998956919, 3772086.845499999821186 ], [ 8415826.8766999989748, 3772093.983999997377396 ], [ 8415826.872999999672174, 3772107.851700000464916 ], [ 8415833.521099999547005, 3772385.524300001561642 ], [ 8415381.5493, 3772353.085299998521805 ], [ 8415338.894000001251698, 3772350.023199997842312 ], [ 8415292.407900001853704, 3772373.377700001001358 ], [ 8415290.722199998795986, 3772374.224600002169609 ], [ 8415220.30629999935627, 3772441.259300000965595 ], [ 8415179.534299999475479, 3772485.951700001955032 ], [ 8415168.409299999475479, 3772525.066100001335144 ], [ 8415168.395599998533726, 3772551.139799997210503 ], [ 8415170.554699998348951, 3772562.00620000064373 ], [ 8415175.798300001770258, 3772588.395599998533726 ], [ 8415186.954500000923872, 3772611.881300002336502 ], [ 8415296.146200001239777, 3772841.744199998676777 ], [ 8415308.433899998664856, 3772871.663000002503395 ], [ 8415308.433899998664856, 3772899.604400001466274 ], [ 8415267.635600000619888, 3773026.255400002002716 ], [ 8415263.925500001758337, 3773046.745099999010563 ], [ 8415276.948800001293421, 3773086.063799999654293 ], [ 8415281.384199999272823, 3773099.454899996519089 ], [ 8415306.501499999314547, 3773175.28660000115633 ], [ 8415305.522799998521805, 3773195.263899996876717 ], [ 8415209.146099999547005, 3773295.830700002610683 ], [ 8415205.437800001353025, 3773318.175599999725819 ], [ 8415246.177299998700619, 3773415.045800000429153 ], [ 8415253.577199999243021, 3773448.581600002944469 ], [ 8415249.862399999052286, 3773463.483300000429153 ], [ 8415158.058299999684095, 3773585.688299998641014 ], [ 8415131.039099998772144, 3773621.654600001871586 ], [ 8415118.405200000852346, 3773638.472099997103214 ], [ 8415114.688299998641014, 3773679.449699997901917 ], [ 8415125.797499999403954, 3773705.539700001478195 ], [ 8415128.351300001144409, 3773708.01349999755621 ], [ 8415306.486000001430511, 3773880.568099997937679 ], [ 8415552.516600001603365, 3774118.884900003671646 ], [ 8415355.880199998617172, 3774623.719400003552437 ], [ 8415496.638099998235703, 3774828.802799999713898 ], [ 8415509.320500001311302, 3774851.87780000269413 ], [ 8415746.473000001162291, 3775283.362400002777576 ], [ 8415849.57209999859333, 3775536.243000000715256 ], [ 8415968.482900001108646, 3775541.934799998998642 ], [ 8416010.424499999731779, 3775543.942500002682209 ], [ 8416075.254000000655651, 3775547.045500002801418 ], [ 8416369.438099998980761, 3775574.988600000739098 ], [ 8416545.912799999117851, 3775548.277999997138977 ], [ 8416627.34910000115633, 3775535.951999999582767 ], [ 8416897.881900001317263, 3775544.157300002872944 ], [ 8416964.204199999570847, 3775546.168799996376038 ], [ 8416965.936900001019239, 3775546.221400000154972 ], [ 8416992.073699999600649, 3775580.527000002563 ], [ 8416992.363200001418591, 3775580.906999997794628 ], [ 8416992.537300001829863, 3775580.942199997603893 ], [ 8417255.981199998408556, 3775634.127899996936321 ], [ 8417257.776200000196695, 3775634.490299999713898 ], [ 8417329.212600000202656, 3775694.592399999499321 ], [ 8417514.388799998909235, 3775871.509700000286102 ], [ 8417638.460299998521805, 3775960.892800003290176 ], [ 8417640.386300001293421, 3775961.976300001144409 ], [ 8417696.475299999117851, 3775993.528099998831749 ], [ 8417747.722600001841784, 3776022.356299996376038 ], [ 8417754.91330000013113, 3776025.837700001895428 ], [ 8417865.894799999892712, 3776079.570100001990795 ], [ 8417920.816599998623133, 3776106.160700000822544 ], [ 8417965.0962999984622, 3776132.546300001442432 ], [ 8418020.824299998581409, 3776165.753700003027916 ], [ 8418242.685100000351667, 3776614.299800001084805 ], [ 8418251.331000000238419, 3776631.876800000667572 ], [ 8418371.599399998784065, 3776876.379799999296665 ], [ 8418421.614700000733137, 3776930.378600001335144 ], [ 8418573.477800000458956, 3777053.291599996387959 ], [ 8418666.089899998158216, 3777194.835199996829033 ], [ 8418694.122400000691414, 3777246.079599998891354 ], [ 8418706.837900001555681, 3777269.324000000953674 ], [ 8418716.481499999761581, 3777355.075599998235703 ], [ 8418744.270500000566244, 3777682.85980000346899 ], [ 8418808.4408, 3778127.907600000500679 ], [ 8418834.372600000351667, 3778377.482799999415874 ], [ 8418839.936900001019239, 3778498.54559999704361 ], [ 8418840.55799999833107, 3778666.259999997913837 ], [ 8418836.847600001841784, 3778694.203299999237061 ], [ 8418822.034200001507998, 3778710.967000000178814 ], [ 8418799.796799998730421, 3778725.871200002729893 ], [ 8418786.146600000560284, 3778729.23309999704361 ], [ 8418618.266100000590086, 3778770.580399997532368 ], [ 8418590.482900001108646, 3778791.0691 ], [ 8418584.927799999713898, 3778820.87049999833107 ], [ 8418587.875300001353025, 3778828.640600003302097 ], [ 8418592.749000001698732, 3778841.48870000243187 ], [ 8418596.054400000721216, 3778843.863899998366833 ], [ 8418598.290199998766184, 3778845.470499999821186 ], [ 8418791.876400001347065, 3778984.57490000128746 ], [ 8418976.698800001293421, 3779227.985299997031689 ], [ 8419032.347600001841784, 3779254.855899997055531 ], [ 8419168.739799998700619, 3779320.714100003242493 ], [ 8419634.521200001239777, 3779554.811200000345707 ], [ 8419904.393899999558926, 3779673.706799998879433 ], [ 8420231.499400001019239, 3779787.351499997079372 ], [ 8420610.434000000357628, 3779928.506899997591972 ], [ 8420778.657499998807907, 3780047.415299996733665 ], [ 8420794.884300000965595, 3780058.656199999153614 ], [ 8421099.878499999642372, 3780269.935900002717972 ], [ 8421148.61879999935627, 3780303.700000002980232 ], [ 8421167.799800001084805, 3780312.85249999910593 ], [ 8421173.092500001192093, 3780315.377999998629093 ], [ 8421649.701200000941753, 3780542.79619999974966 ], [ 8421952.847699999809265, 3780799.35639999806881 ], [ 8422024.208200000226498, 3780859.750500001013279 ], [ 8422165.485199999064207, 3780979.312700003385544 ], [ 8422575.97069999948144, 3781291.390900000929832 ], [ 8422656.262699998915195, 3781526.784500002861023 ], [ 8422709.981899999082088, 3781684.274499997496605 ], [ 8422773.923799999058247, 3781871.734499998390675 ], [ 8422795.012699998915195, 3781933.560900002717972 ], [ 8422795.032999999821186, 3781933.620399996638298 ], [ 8422841.714899998158216, 3782018.287399999797344 ], [ 8422966.908900000154972, 3782245.351000003516674 ], [ 8422975.236900001764297, 3782261.460400000214577 ], [ 8423166.3048, 3782631.057800002396107 ], [ 8423201.374600000679493, 3782709.952299997210503 ], [ 8423258.63459999859333, 3782838.766699999570847 ], [ 8423336.228799998760223, 3783087.284199997782707 ], [ 8423504.581300001591444, 3783587.070500001311302 ], [ 8423504.60190000012517, 3783587.131099998950958 ], [ 8423641.369800001382828, 3783850.873499996960163 ], [ 8423778.688499998301268, 3784027.922200001776218 ], [ 8423888.679900001734495, 3784169.737199999392033 ], [ 8423821.441199999302626, 3784201.012500002980232 ], [ 8423559.820900000631809, 3784322.699199996888638 ], [ 8423280.777399998158216, 3784452.489100001752377 ], [ 8422866.953499998897314, 3784644.953299999237061 ], [ 8422921.467500001192093, 3784921.979699999094009 ], [ 8422924.447799999266863, 3784937.124799996614456 ], [ 8422924.6404, 3784938.103299997746944 ], [ 8422991.8158, 3784925.333200000226498 ], [ 8423116.656700000166893, 3784901.600599996745586 ], [ 8423118.716499999165535, 3784901.208999998867512 ], [ 8423159.056000001728535, 3785063.199400000274181 ], [ 8423228.795899998396635, 3785468.196699999272823 ], [ 8423280.247900001704693, 3785895.296899996697903 ], [ 8423256.810600001364946, 3785901.033500000834465 ], [ 8423111.470600001513958, 3785936.606700003147125 ], [ 8423118.775600001215935, 3785978.005500003695488 ], [ 8423128.319600000977516, 3786032.089299999177456 ], [ 8423154.249699998646975, 3786179.03320000320673 ], [ 8423218.50620000064373, 3786543.168799996376038 ], [ 8423236.691399998962879, 3786646.222999997437 ], [ 8423202.105599999427795, 3786645.248999997973442 ], [ 8422919.956399999558926, 3786637.300599999725819 ], [ 8422309.996500000357628, 3786620.117499999701977 ], [ 8422303.21059999987483, 3786713.511900000274181 ], [ 8422300.383600000292063, 3786752.4199 ], [ 8422291.495900001376867, 3786874.7412 ], [ 8422295.139800000935793, 3786898.5559 ], [ 8422326.133400000631809, 3786938.847199998795986 ], [ 8422309.3246, 3787086.623000003397465 ], [ 8422326.101599998772144, 3787296.282999999821186 ], [ 8422327.015799999237061, 3787307.282300002872944 ], [ 8422318.82490000128746, 3787315.520400002598763 ], [ 8422317.666200000792742, 3787316.201999999582767 ], [ 8422313.835999999195337, 3787318.455899998545647 ], [ 8422086.320599999278784, 3787327.673799999058247 ], [ 8422075.397399999201298, 3787344.151100002229214 ], [ 8422075.197299998253584, 3787346.98139999806881 ], [ 8422070.528999999165535, 3787413.01519999653101 ], [ 8422070.253400001674891, 3787416.913000002503395 ], [ 8422070.216600000858307, 3787417.433899998664856 ], [ 8422071.174100000411272, 3787417.452799998223782 ], [ 8422404.11879999935627, 3787424.039700001478195 ], [ 8422406.393699999898672, 3787424.084700003266335 ], [ 8422410.070700000971556, 3787473.652000002563 ], [ 8422408.392799999564886, 3787615.57209999859333 ], [ 8422404.931600000709295, 3787908.315600000321865 ], [ 8422412.235399998724461, 3787916.578699998557568 ], [ 8422539.892200000584126, 3787947.467600002884865 ], [ 8422547.208599999547005, 3787965.8279 ], [ 8422555.879299998283386, 3788002.666299998760223 ], [ 8422555.985800001770258, 3788003.118699997663498 ], [ 8422577.612100001424551, 3788004.095600001513958 ], [ 8422579.801699999719858, 3788004.194499999284744 ], [ 8422644.976799998432398, 3788240.356100000441074 ], [ 8422645.1217, 3788240.881300002336502 ], [ 8422652.480399999767542, 3788240.958800002932549 ], [ 8422774.810199998319149, 3788229.267899997532368 ], [ 8422777.125199999660254, 3788229.046700000762939 ], [ 8422777.119100000709295, 3788241.749300003051758 ], [ 8422777.11879999935627, 3788242.270599998533726 ], [ 8422783.643199998885393, 3788242.339199997484684 ], [ 8422785.955299999564886, 3788242.363499999046326 ], [ 8422787.130699999630451, 3788486.842100001871586 ], [ 8422652.379599999636412, 3788491.399099998176098 ], [ 8422646.345100000500679, 3788604.466499999165535 ], [ 8422646.439100001007318, 3788677.298299998044968 ], [ 8422643.702500000596046, 3788678.686899997293949 ], [ 8422545.443, 3788679.517300002276897 ], [ 8422471.816799998283386, 3788694.256499998271465 ], [ 8422466.634700000286102, 3788775.535099998116493 ], [ 8422454.778400000184774, 3788784.714599996805191 ], [ 8422442.018300000578165, 3788788.380199998617172 ], [ 8422199.386300001293421, 3788795.79169999808073 ], [ 8422194.13399999961257, 3788799.315999999642372 ], [ 8422188.780000001192093, 3788927.4265 ], [ 8422084.212600000202656, 3788933.230899997055531 ], [ 8422085.02309999987483, 3789010.935000002384186 ], [ 8421961.977899998426437, 3789011.703199997544289 ], [ 8421896.846900001168251, 3789026.016800001263618 ], [ 8421911.1952, 3789174.814499996602535 ], [ 8421911.1891999989748, 3789175.401199996471405 ], [ 8421909.258200000971556, 3789175.164200000464916 ], [ 8421871.229499999433756, 3789170.496100001037121 ], [ 8421879.769299998879433, 3789238.200599998235703 ], [ 8421708.401700001209974, 3789223.593099996447563 ], [ 8421569.843100000172853, 3789203.473099999129772 ], [ 8421527.899000000208616, 3789186.99549999833107 ], [ 8421306.3717, 3789046.24099999666214 ], [ 8421147.329999998211861, 3788944.472599998116493 ], [ 8421016.091499999165535, 3788849.220299996435642 ], [ 8420932.364399999380112, 3788770.427400000393391 ], [ 8420786.7555, 3788653.38289999961853 ], [ 8420761.282999999821186, 3788647.90820000320673 ], [ 8419924.098299998790026, 3788626.501900002360344 ], [ 8419911.3597999997437, 3788615.528999999165535 ], [ 8419905.893899999558926, 3788591.750100001692772 ], [ 8419951.303300000727177, 3787958.832599997520447 ], [ 8419934.9276, 3787933.230200000107288 ], [ 8419889.089800000190735, 3787903.632700003683567 ], [ 8419598.4560999982059, 3787856.573399998247623 ], [ 8419593.912599999457598, 3787855.837700001895428 ], [ 8419408.102699998766184, 3787825.750699996948242 ], [ 8419396.558400001376867, 3787849.692100003361702 ], [ 8419373.480900000780821, 3787897.551600001752377 ], [ 8419233.556099999696016, 3788187.736599996685982 ], [ 8418941.2364999987185, 3788220.806999996304512 ], [ 8418506.181499999016523, 3788270.0253000035882 ], [ 8418482.550000000745058, 3788281.002099998295307 ], [ 8418480.232700001448393, 3788283.897100001573563 ], [ 8418451.279500000178814, 3788320.068000003695488 ], [ 8418451.273899998515844, 3788320.247500002384186 ], [ 8418447.269499998539686, 3788681.138599999248981 ], [ 8418459.304200001060963, 3788824.365699999034405 ], [ 8418467.333999998867512, 3788888.915500000119209 ], [ 8418529.505199998617172, 3789066.949299998581409 ], [ 8418577.147399999201298, 3789172.636 ], [ 8418623.131700001657009, 3789274.645000003278255 ], [ 8418655.903999999165535, 3789347.345299996435642 ], [ 8418732.523899998515844, 3789581.834700003266335 ], [ 8418738.545699998736382, 3789642.35980000346899 ], [ 8418746.567200001329184, 3789767.429799996316433 ], [ 8418781.177700001746416, 3790121.208599999547005 ], [ 8418789.654800001531839, 3790337.89299999922514 ], [ 8418795.226799998432398, 3790480.319499999284744 ], [ 8418783.235199999064207, 3790560.531499996781349 ], [ 8418747.121500000357628, 3790633.138999998569489 ], [ 8418723.054200001060963, 3790657.341600000858307 ], [ 8418578.607500001788139, 3790762.232799999415874 ], [ 8418558.544599998742342, 3790778.3662 ], [ 8418554.538199998438358, 3790822.745800003409386 ], [ 8418560.460799999535084, 3790886.112800002098083 ], [ 8418562.852600000798702, 3790911.703299999237061 ], [ 8418582.918699998408556, 3791060.963299997150898 ], [ 8418639.104899998754263, 3791355.459700003266335 ], [ 8418667.48930000141263, 3791476.911799997091293 ], [ 8418676.947599999606609, 3791517.382200002670288 ], [ 8418703.854899998754263, 3791632.513999998569489 ], [ 8418703.972300000488758, 3791633.016500003635883 ], [ 8418704.019999999552965, 3791633.018200002610683 ], [ 8418704.246199999004602, 3791633.026399999856949 ], [ 8419024.63230000063777, 3791645.101400002837181 ], [ 8419099.385800000280142, 3791652.186700001358986 ], [ 8419236.761100001633167, 3791665.207500003278255 ], [ 8419237.071199998259544, 3791665.236900001764297 ], [ 8419297.189300000667572, 3791681.354800000786781 ], [ 8419660.8607, 3791893.023699998855591 ], [ 8419906.483899999409914, 3792035.9846 ], [ 8419934.642700001597404, 3792068.59740000218153 ], [ 8420060.998100001364946, 3792391.1206 ], [ 8420072.059599999338388, 3792435.733999997377396 ], [ 8420072.059500001370907, 3792474.048900000751019 ], [ 8420064.045499999076128, 3792527.498199999332428 ], [ 8420016.92790000140667, 3792633.394000001251698 ], [ 8419942.807399999350309, 3792754.61259999871254 ], [ 8419938.794399999082088, 3792807.060999996960163 ], [ 8419954.8827, 3793107.572999998927116 ], [ 8419959.028000000864267, 3793299.081900000572205 ], [ 8419959.064300000667572, 3793300.760499998927116 ], [ 8419953.054699998348951, 3793395.551399998366833 ], [ 8419933.005699999630451, 3793512.539399996399879 ], [ 8419886.531700000166893, 3793652.778599999845028 ], [ 8419880.864799998700619, 3793669.878899998962879 ], [ 8419856.796399999409914, 3793702.151699997484684 ], [ 8419832.72069999948144, 3793730.398400001227856 ], [ 8419786.579599998891354, 3793744.514700002968311 ], [ 8419732.032600000500679, 3793747.714900001883507 ], [ 8419303.017499998211861, 3793772.877499997615814 ], [ 8419128.4662000015378, 3793782.978299997746944 ], [ 8418957.9309, 3793795.083499997854233 ], [ 8418701.4037000015378, 3793847.091899998486042 ], [ 8418701.3673, 3793847.099299997091293 ], [ 8418232.623700000345707, 3794032.688900001347065 ], [ 8417935.962400000542402, 3794147.533399999141693 ], [ 8417867.805399999022484, 3794187.832800000905991 ], [ 8417776.726500000804663, 3794257.776199996471405 ], [ 8417748.755100000649691, 3794279.2566 ], [ 8417745.808200001716614, 3794281.51969999819994 ], [ 8417738.776500001549721, 3794286.919600002467632 ], [ 8417727.748599998652935, 3794350.392899997532368 ], [ 8417726.747400000691414, 3794384.655199997127056 ], [ 8417731.756900001317263, 3794405.804999999701977 ], [ 8417744.191199999302626, 3794422.861299999058247 ], [ 8417744.306400001049042, 3794422.955300003290176 ], [ 8417746.758699998259544, 3794424.95610000193119 ], [ 8417956.531800001859665, 3794596.101999998092651 ], [ 8418072.723900001496077, 3794680.69820000231266 ], [ 8418261.040300000458956, 3794765.305600002408028 ], [ 8418361.664700001478195, 3794818.383299998939037 ], [ 8418505.44480000063777, 3794894.224399998784065 ], [ 8419002.299899999052286, 3795192.339299999177456 ], [ 8419174.5945999994874, 3795309.164399996399879 ], [ 8419423.572000000625849, 3795504.340899996459484 ], [ 8419423.600400000810623, 3795504.363200001418591 ], [ 8419648.022799998521805, 3795742.054899998009205 ], [ 8419702.1228, 3795806.508299998939037 ], [ 8419770.249099999666214, 3795909.23030000180006 ], [ 8419799.9846, 3795991.500100001692772 ], [ 8419851.706799998879433, 3796180.475100003182888 ], [ 8419897.619899999350309, 3796318.182199999690056 ], [ 8420040.406800001859665, 3796438.38910000026226 ], [ 8420167.117199998348951, 3796474.255900003015995 ], [ 8420192.7971, 3796474.794299997389317 ], [ 8420539.961500000208616, 3796482.071099996566772 ], [ 8420591.8651, 3796483.1587999984622 ], [ 8420870.256700001657009, 3796450.810699999332428 ], [ 8420904.400100000202656, 3796447.337399996817112 ], [ 8420916.570700000971556, 3796446.099500000476837 ], [ 8421075.613099999725819, 3796429.920500002801418 ], [ 8421441.611000001430511, 3796392.6875 ], [ 8421653.967500001192093, 3796347.767300002276897 ], [ 8421885.950300000607967, 3796306.436599999666214 ], [ 8422110.814599998295307, 3796331.48759999871254 ], [ 8422258.966299999505281, 3796406.804700002074242 ], [ 8422583.815900001674891, 3796562.813199996948242 ], [ 8422758.527699999511242, 3796594.29619999974966 ], [ 8422986.952300000935793, 3796619.887699998915195 ], [ 8423029.806400001049042, 3796624.688900001347065 ], [ 8423197.594200000166893, 3796694.613499999046326 ], [ 8423344.775100000202656, 3796791.416299998760223 ], [ 8423347.545499999076128, 3796793.238399997353554 ], [ 8423369.037399999797344, 3796811.195699997246265 ], [ 8423496.958999998867512, 3796918.079099997878075 ], [ 8423498.018100000917912, 3796918.40990000218153 ], [ 8423737.926199998706579, 3796993.339199997484684 ], [ 8423820.437100000679493, 3797031.120700001716614 ], [ 8423961.06529999896884, 3797095.513700000941753 ], [ 8424209.201999999582767, 3797222.808899998664856 ], [ 8424364.921300001442432, 3797285.400399997830391 ], [ 8424422.02589999884367, 3797308.35360000282526 ], [ 8424620.771000001579523, 3797388.239399999380112 ], [ 8424694.75620000064373, 3797438.531199999153614 ], [ 8424736.822900000959635, 3797467.126199997961521 ], [ 8424915.376899998635054, 3797612.390900000929832 ], [ 8425127.827100001275539, 3797725.332800000905991 ], [ 8425267.581199999898672, 3797774.94879999756813 ], [ 8425782.584499999880791, 3797957.765000000596046 ], [ 8426148.245000001043081, 3798087.567100003361702 ], [ 8426236.727400001138449, 3798118.976999998092651 ], [ 8426647.339299999177456, 3798256.886900000274181 ], [ 8426836.16950000077486, 3798334.276799999177456 ], [ 8427281.160500001162291, 3798516.651399999856949 ], [ 8427323.801600001752377, 3798540.25450000166893 ], [ 8427794.113800000399351, 3798800.582099996507168 ], [ 8427829.851300001144409, 3798820.363600000739098 ], [ 8427980.761999998241663, 3798923.578299999237061 ], [ 8428031.665199998766184, 3798958.393200002610683 ], [ 8428370.967599999159575, 3799151.948600001633167 ], [ 8428489.629299998283386, 3799163.945699997246265 ], [ 8428707.49439999833703, 3799185.972699999809265 ], [ 8428732.896800000220537, 3799188.540899999439716 ], [ 8429182.782400000840425, 3799247.37049999833107 ], [ 8429632.401200000196695, 3799302.826499998569489 ], [ 8429634.043099999427795, 3799303.028999999165535 ], [ 8429912.54839999973774, 3799344.049400001764297 ], [ 8430098.6085, 3799376.142800003290176 ], [ 8430140.202300000935793, 3799383.317199997603893 ], [ 8430315.985800001770258, 3799413.637299999594688 ], [ 8430316.037599999457598, 3799413.646200001239777 ], [ 8430361.208999998867512, 3799419.229900002479553 ], [ 8430829.967799998819828, 3799477.171700000762939 ], [ 8431379.86939999833703, 3799569.916500002145767 ], [ 8431875.313299998641014, 3799714.171599999070168 ], [ 8432159.14979999884963, 3799842.91950000077486 ], [ 8432348.269200000911951, 3799928.700300000607967 ], [ 8432366.851500000804663, 3799951.833800002932549 ], [ 8432457.170400001108646, 3800009.202799998223782 ], [ 8432458.376899998635054, 3800009.640000000596046 ], [ 8432460.463599998503923, 3800010.396099999547005 ], [ 8432515.109299998730421, 3800045.029600001871586 ], [ 8432521.010499998927116, 3800048.76969999819994 ], [ 8432716.208500001579523, 3800172.482900001108646 ], [ 8432742.648299999535084, 3800185.858300000429153 ], [ 8433128.693300001323223, 3800373.198700003325939 ], [ 8433512.329199999570847, 3800566.428300000727177 ], [ 8433697.915600001811981, 3800661.999099999666214 ], [ 8433760.882100000977516, 3800694.424699999392033 ], [ 8433816.574799999594688, 3800723.104599997401237 ], [ 8433816.357799999415874, 3800723.485399998724461 ], [ 8433816.216400001198053, 3800723.733599998056889 ], [ 8433816.104499999433756, 3800723.887800000607967 ], [ 8433845.754000000655651, 3800739.17400000244379 ], [ 8434328.59569999948144, 3800988.100699998438358 ], [ 8434741.479899998754263, 3801265.452600002288818 ], [ 8435011.752999998629093, 3801473.363300003111362 ], [ 8435011.767799999564886, 3801473.374700002372265 ], [ 8435011.8125, 3801473.409100003540516 ], [ 8435055.870799999684095, 3801705.890799999237061 ], [ 8435158.889600001275539, 3802002.716600000858307 ], [ 8435188.182199999690056, 3802235.1919 ], [ 8435335.527399998158216, 3802492.506700001657009 ], [ 8435472.865600001066923, 3802928.652500003576279 ], [ 8435620.711100000888109, 3803193.183799996972084 ], [ 8435654.498599998652935, 3803364.068599998950958 ], [ 8435658.856899999082088, 3803371.641400001943111 ], [ 8435958.151099998503923, 3803891.681500002741814 ], [ 8435959.776200000196695, 3803952.45549999922514 ], [ 8436088.519000001251698, 3804114.262800000607967 ], [ 8436201.248599998652935, 3804212.081399999558926 ], [ 8436332.150400001555681, 3804315.170000001788139 ], [ 8436493.085099998861551, 3804452.77929999679327 ], [ 8436528.475099999457598, 3804486.365599997341633 ], [ 8436528.977699998766184, 3804486.842600002884865 ], [ 8436609.708599999547005, 3804563.458999998867512 ], [ 8436758.7949, 3804688.398100003600121 ], [ 8436836.836599998176098, 3804756.829499997198582 ], [ 8436973.088599998503923, 3804946.319700002670288 ], [ 8437004.925000000745058, 3805034.981899999082088 ], [ 8437042.642099998891354, 3805125.331699997186661 ], [ 8437072.005399998277426, 3805175.995800003409386 ], [ 8437195.9331, 3805353.933200001716614 ], [ 8437330.819400001317263, 3805485.045500002801418 ], [ 8437407.906199999153614, 3805549.594200000166893 ], [ 8437561.71510000154376, 3805734.614900000393391 ], [ 8437642.694400001317263, 3805840.601800002157688 ], [ 8437774.410300001502037, 3805998.851300001144409 ], [ 8437842.10530000180006, 3806044.175899997353554 ], [ 8437903.375700000673532, 3806099.094899997115135 ], [ 8437963.794700000435114, 3806165.823299996554852 ], [ 8437976.034400001168251, 3806194.883400000631809 ], [ 8438264.980099998414516, 3806467.23030000180006 ], [ 8438373.268300000578165, 3806511.805399999022484 ], [ 8438548.636799998581409, 3806569.592799998819828 ], [ 8438637.262800000607967, 3806582.706900000572205 ], [ 8438641.638000000268221, 3806583.416799999773502 ], [ 8438667.093199998140335, 3806587.5471 ], [ 8438825.3662, 3806611.536300003528595 ], [ 8438982.931099999696016, 3806627.902999997138977 ], [ 8439089.155799999833107, 3806641.906400002539158 ], [ 8439269.101199999451637, 3806664.982699997723103 ], [ 8439600.706199999898672, 3806724.194499999284744 ], [ 8439627.652399998158216, 3806731.894000001251698 ], [ 8439697.731800001114607, 3806751.918200001120567 ], [ 8439713.221700001507998, 3806756.344200000166893 ], [ 8439706.450399998575449, 3806843.294299997389317 ], [ 8439672.755800001323223, 3806985.956200003623962 ], [ 8439575.896000001579523, 3807321.835900001227856 ], [ 8439543.9243, 3807413.840599998831749 ], [ 8439519.532900001853704, 3807476.308499999344349 ], [ 8439417.656899999827147, 3807571.274700000882149 ], [ 8439319.352400001138449, 3807645.5176 ], [ 8439282.10530000180006, 3807679.008299998939037 ], [ 8439279.014800000935793, 3807681.787100002169609 ], [ 8439153.171900000423193, 3807806.976000003516674 ], [ 8438947.570799998939037, 3808082.380599997937679 ], [ 8438898.794300001114607, 3808171.007799997925758 ], [ 8438901.104299999773502, 3808263.069899998605251 ], [ 8438936.328400000929832, 3808348.369300000369549 ], [ 8438995.314100001007318, 3808465.518500000238419 ], [ 8438998.7195999994874, 3808472.281900003552437 ], [ 8439151.513399999588728, 3808829.899700000882149 ], [ 8439267.319299999624491, 3809151.039499998092651 ], [ 8439433.9945, 3809185.509300000965595 ], [ 8439725.874099999666214, 3809190.727799996733665 ], [ 8439726.322000000625849, 3809190.735699996352196 ], [ 8439982.829199999570847, 3809191.565800003707409 ], [ 8440123.74549999833107, 3809185.781300000846386 ], [ 8440124.796399999409914, 3809185.738200001418591 ], [ 8440298.675000000745058, 3809192.578000001609325 ], [ 8440412.885299999266863, 3809210.841700002551079 ], [ 8440477.592300001531839, 3809221.1891999989748 ], [ 8440639.700199998915195, 3809259.263899996876717 ], [ 8440708.561799999326468, 3809283.778200000524521 ], [ 8440820.883299998939037, 3809334.5320999994874 ], [ 8440941.820099998265505, 3809378.5016999989748 ], [ 8441026.653799999505281, 3809411.477600000798702 ], [ 8441173.619899999350309, 3809498.508299998939037 ], [ 8441245.159299999475479, 3809554.534500002861023 ], [ 8441312.341400001198053, 3809607.768399998545647 ], [ 8441351.798099998384714, 3809660.141400001943111 ], [ 8441436.593899998813868, 3809797.8169 ], [ 8441489.466499999165535, 3809901.705399997532368 ], [ 8441578.52589999884367, 3810047.088699996471405 ], [ 8441615.473999999463558, 3810092.707500003278255 ], [ 8441686.845400001853704, 3810159.450900003314018 ], [ 8441839.055500000715256, 3810250.353200003504753 ], [ 8441885.2511, 3810268.94879999756813 ], [ 8441971.781399998813868, 3810275.72919999808073 ], [ 8442059.993900001049042, 3810272.388300001621246 ], [ 8442169.207299999892712, 3810264.825000002980232 ], [ 8442253.219799999147654, 3810249.65259999781847 ], [ 8442329.789200000464916, 3810220.094099998474121 ], [ 8442467.58559999987483, 3810151.741599999368191 ], [ 8442606.212099999189377, 3810087.598499998450279 ], [ 8442689.977099999785423, 3810058.455899998545647 ], [ 8442785.743999999016523, 3810055.107299998402596 ], [ 8442870.577100001275539, 3810073.7179000005126 ], [ 8442934.41780000180006, 3810111.735299997031689 ], [ 8442983.972600001841784, 3810159.04389999806881 ], [ 8443014.203600000590086, 3810195.357100002467632 ], [ 8443065.438400000333786, 3810315.181900002062321 ], [ 8443078.839400000870228, 3810473.094099998474121 ], [ 8443083.328699998557568, 3810499.703299999237061 ], [ 8443108.303800001740456, 3810647.73759999871254 ], [ 8443109.962999999523163, 3810657.57209999859333 ], [ 8443107.423700001090765, 3810720.909500002861023 ], [ 8443087.250199999660254, 3810765.661300003528595 ], [ 8443068.257100000977516, 3810790.087600000202656 ], [ 8443094.614, 3810860.057800002396107 ], [ 8443099.583399999886751, 3811003.907999999821186 ], [ 8443171.62220000103116, 3811269.930200003087521 ], [ 8443178.655799999833107, 3811295.903800003230572 ], [ 8443208.21169999986887, 3811518.451700001955032 ], [ 8443286.52140000090003, 3811716.573899999260902 ], [ 8443338.711599998176098, 3811863.256899997591972 ], [ 8443249.324099998921156, 3811934.296599999070168 ], [ 8443246.465199999511242, 3811933.851199999451637 ], [ 8443247.096999999135733, 3811935.704700000584126 ], [ 8443226.898400001227856, 3812091.941600002348423 ], [ 8443210.271899998188019, 3812160.578299999237061 ], [ 8443204.187699999660254, 3812185.694700002670288 ], [ 8443202.537599999457598, 3812277.733000002801418 ], [ 8443227.245000001043081, 3812343.560599997639656 ], [ 8443233.606499999761581, 3812360.509300000965595 ], [ 8443269.742400001734495, 3812436.034999996423721 ], [ 8443293.402100000530481, 3812485.484999999403954 ], [ 8443410.163899999111891, 3812623.196099996566772 ], [ 8443507.322500001639128, 3812744.300999999046326 ], [ 8443545.11769999936223, 3812801.751400001347065 ], [ 8443614.003400001674891, 3812890.459299996495247 ], [ 8443719.410000000149012, 3813032.909599997103214 ], [ 8443804.252599999308586, 3813151.180100001394749 ], [ 8443905.772199999541044, 3813296.431400001049042 ], [ 8444006.031399998813868, 3813462.363300003111362 ], [ 8444094.240800000727177, 3813584.86150000244379 ], [ 8444205.610100001096725, 3813783.717699997127056 ], [ 8444259.3772, 3813860.596400000154972 ], [ 8444312.312100000679493, 3813922.275100000202656 ], [ 8444387.934300001710653, 3813969.592699997127056 ], [ 8444450.115899998694658, 3814002.548900000751019 ], [ 8444673.254799999296665, 3814139.410899996757507 ], [ 8444724.5143, 3814171.516000002622604 ], [ 8444821.99549999833107, 3814223.064599998295307 ], [ 8444871.573800001293421, 3814253.476099997758865 ], [ 8444956.4474, 3814293.195100001990795 ], [ 8445155.807599999010563, 3814397.498999997973442 ], [ 8445275.973400000482798, 3814490.431900002062321 ], [ 8445767.416799999773502, 3814893.801399998366833 ], [ 8445796.834800001233816, 3814921.6858000010252 ], [ 8445868.517099998891354, 3815029.468800000846386 ], [ 8445891.213199999183416, 3815097.058200001716614 ], [ 8445962.644900001585484, 3815168.866499997675419 ], [ 8446031.571400001645088, 3815223.676100000739098 ], [ 8446123.472899999469519, 3815296.7550999969244 ], [ 8446199.119199998676777, 3815344.068300001323223 ], [ 8446279.794599998742342, 3815375.332699999213219 ], [ 8446437.80290000140667, 3815370.263899996876717 ], [ 8446545.373399998992682, 3815392.744000002741814 ], [ 8446657.991599999368191, 3815422.306500002741814 ], [ 8446897.524099998176098, 3815435.814499996602535 ], [ 8447070.670899998396635, 3815441.478000000119209 ], [ 8447232.880800001323223, 3815438.92400000244379 ], [ 8447598.414099998772144, 3815428.762199997901917 ], [ 8447598.545200001448393, 3815428.758599996566772 ], [ 8447722.922899998724461, 3815417.7588 ], [ 8447787.625300001353025, 3815343.412699997425079 ], [ 8447858.990299999713898, 3815274.782200001180172 ], [ 8447884.269400000572205, 3815250.471799999475479 ], [ 8447968.0777000002563, 3815181.760899998247623 ], [ 8448157.996899999678135, 3815085.435199998319149 ], [ 8448297.49720000103116, 3815061.749300003051758 ], [ 8448354.594500001519918, 3815054.567699998617172 ], [ 8448364.72520000115037, 3815053.293399997055531 ], [ 8448455.779899999499321, 3815042.985100001096725 ], [ 8448457.839400000870228, 3815042.751900002360344 ], [ 8448595.9309, 3815057.737300001084805 ], [ 8448671.5760000012815, 3815082.230800002813339 ], [ 8448760.662599999457598, 3815111.772399999201298 ], [ 8448839.670899998396635, 3815126.117899999022484 ], [ 8448953.348799999803305, 3815131.123800002038479 ], [ 8449086.582899998873472, 3815110.163500003516674 ], [ 8449087.807799998670816, 3815109.970799997448921 ], [ 8449184.125100001692772, 3815107.556800000369549 ], [ 8449250.086800001561642, 3815082.20380000025034 ], [ 8449290.851700000464916, 3815079.65259999781847 ], [ 8449461.865800000727177, 3815129.988799996674061 ], [ 8449516.497999999672174, 3815155.3158999979496 ], [ 8449548.86430000141263, 3815177.280799999833107 ], [ 8449585.013900000602007, 3815219.931800000369549 ], [ 8449653.735399998724461, 3815278.69879999756813 ], [ 8449678.107799999415874, 3815292.631899997591972 ], [ 8449731.05970000103116, 3815296.829899996519089 ], [ 8449763.6743, 3815293.665200002491474 ], [ 8449765.938700001686811, 3815293.445500001311302 ], [ 8449793.369300000369549, 3815279.261900000274181 ], [ 8449838.742199998348951, 3815260.239399999380112 ], [ 8449876.981300000101328, 3815231.086599998176098 ], [ 8449927.807, 3815180.802199997007847 ], [ 8449964.358600001782179, 3815157.550700001418591 ], [ 8450018.8004, 3815140.760099999606609 ], [ 8450159.930300001055002, 3815136.612700000405312 ], [ 8450420.690000001341105, 3815162.0713 ], [ 8450461.034400001168251, 3815182.755400002002716 ], [ 8450494.657499998807907, 3815202.175700001418591 ], [ 8450610.026200000196695, 3815315.722699999809265 ], [ 8450646.180100001394749, 3815356.679799996316433 ], [ 8450750.370200000703335, 3815421.575099997222424 ], [ 8450826.773400001227856, 3815495.270499996840954 ], [ 8450843.656599998474121, 3815509.680600002408028 ], [ 8450868.817800000309944, 3815531.156199999153614 ], [ 8450886.890599999576807, 3815539.181199997663498 ], [ 8450898.785799998790026, 3815539.616400003433228 ], [ 8450943.212600000202656, 3815541.241800002753735 ], [ 8450978.916900001466274, 3815516.295199997723103 ], [ 8450981.647399999201298, 3815513.700499996542931 ], [ 8451024.279199998825788, 3815473.1897 ], [ 8451167.553199999034405, 3815379.4507 ], [ 8451201.569299999624491, 3815340.561499997973442 ], [ 8451230.136999998241663, 3815328.304099999368191 ], [ 8451263.3429000005126, 3815327.86710000038147 ], [ 8451308.199999999254942, 3815377.618199996650219 ], [ 8451353.19370000064373, 3815436.31139999628067 ], [ 8451424.10190000012517, 3815488.644199997186661 ], [ 8451532.519799999892712, 3815487.755500003695488 ], [ 8451566.138700000941753, 3815474.648400001227856 ], [ 8451622.386500000953674, 3815396.801399998366833 ], [ 8451666.709499999880791, 3815303.479299999773502 ], [ 8451681.816799998283386, 3815253.625900000333786 ], [ 8451681.100299999117851, 3815184.404799997806549 ], [ 8451672.371800001710653, 3815142.262699998915195 ], [ 8451660.890900000929832, 3815086.831500001251698 ], [ 8451645.747299998998642, 3815049.66780000180006 ], [ 8451642.041600000113249, 3815027.829599998891354 ], [ 8451622.465300001204014, 3814912.463699996471405 ], [ 8451627.480399999767542, 3814867.272699996829033 ], [ 8451653.73930000141263, 3814830.775700002908707 ], [ 8451653.935100000351667, 3814830.503600001335144 ], [ 8451705.1891999989748, 3814792.044299997389317 ], [ 8451747.618000000715256, 3814778.92960000038147 ], [ 8451773.832299999892712, 3814777.899899996817112 ], [ 8451820.101500000804663, 3814776.082400001585484 ], [ 8451884.400699999183416, 3814791.268299996852875 ], [ 8451958.370799999684095, 3814830.932800002396107 ], [ 8452038.616099998354912, 3814898.57660000026226 ], [ 8452047.338700000196695, 3814906.2029 ], [ 8452110.079799998551607, 3814961.058200001716614 ], [ 8452195.206500001251698, 3815055.788999997079372 ], [ 8452254.483899999409914, 3815111.942100003361702 ], [ 8452289.709100000560284, 3815136.9679000005126 ], [ 8452340.051100000739098, 3815172.733499996364117 ], [ 8452364.425299998372793, 3815187.921999998390675 ], [ 8452386.282999999821186, 3815196.786799997091293 ], [ 8452431.248199999332428, 3815199.292000003159046 ], [ 8452465.701099999248981, 3815187.443400003015995 ], [ 8452493.85080000013113, 3815172.232100002467632 ], [ 8452520.3081, 3815151.9331 ], [ 8452608.284600000828505, 3815013.903999999165535 ], [ 8452628.712799999862909, 3814976.967699997127056 ], [ 8452657.830299999564886, 3814924.320200003683567 ], [ 8452732.606300000101328, 3814843.374700002372265 ], [ 8452759.899399999529123, 3814820.964400000870228 ], [ 8452807.7956000007689, 3814808.689400002360344 ], [ 8452846.881299998611212, 3814819.648800000548363 ], [ 8452871.414900001138449, 3814839.472599998116493 ], [ 8452898.363600000739098, 3814861.247900001704693 ], [ 8452934.525100000202656, 3814896.704099997878075 ], [ 8452976.579100001603365, 3814971.021600000560284 ], [ 8453018.650600001215935, 3815059.712399996817112 ], [ 8453049.1722999997437, 3815209.6743 ], [ 8453063.508299998939037, 3815297.538099996745586 ], [ 8453081.200500000268221, 3815357.509800001978874 ], [ 8453135.326999999582767, 3815470.9425999969244 ], [ 8453175.697599999606609, 3815523.306000001728535 ], [ 8453211.87049999833107, 3815591.708400003612041 ], [ 8453128.971700001507998, 3815615.771999999880791 ], [ 8453022.246300000697374, 3815647.098700001835823 ], [ 8452806.367199998348951, 3815747.256300002336502 ], [ 8452736.644000001251698, 3815803.902199998497963 ], [ 8452664.408300001174212, 3815895.184299997985363 ], [ 8452526.556400001049042, 3816090.791500002145767 ], [ 8452490.452199999243021, 3816155.02419999986887 ], [ 8452460.219999998807907, 3816199.822800002992153 ], [ 8452284.6151, 3816427.918399997055531 ], [ 8452144.64640000090003, 3816583.069200001657009 ], [ 8452069.039000000804663, 3816668.448299996554852 ], [ 8452002.662000000476837, 3816730.158699996769428 ], [ 8451901.736900001764297, 3816822.217100001871586 ], [ 8451842.93129999935627, 3816879.708200000226498 ], [ 8451669.977899998426437, 3817061.197300001978874 ], [ 8451580.085299998521805, 3817166.007100000977516 ], [ 8451425.145799998193979, 3817359.503799997270107 ], [ 8451405.324499998241663, 3817383.324000000953674 ], [ 8451405.322599999606609, 3817383.326399996876717 ], [ 8451364.656399998813868, 3817432.196900002658367 ], [ 8451289.883200000971556, 3817526.876400001347065 ], [ 8451225.969300001859665, 3817676.04839999973774 ], [ 8451212.168999999761581, 3817703.825400002300739 ], [ 8451194.059900000691414, 3817740.274700000882149 ], [ 8451154.58500000089407, 3817834.9391999989748 ], [ 8451117.335900001227856, 3817967.106899999082088 ], [ 8451110.637800000607967, 3818047.391699999570847 ], [ 8451106.468100000172853, 3818133.582400001585484 ], [ 8451109.873399998992682, 3818213.022200003266335 ], [ 8451128.755100000649691, 3818398.498000003397465 ], [ 8451176.440000001341105, 3818622.157999999821186 ], [ 8451200.861999999731779, 3818707.49210000038147 ], [ 8451243.327399998903275, 3818903.907999999821186 ], [ 8451327.416900001466274, 3819137.538400001823902 ], [ 8451361.084699999541044, 3819243.160499997437 ], [ 8451392.231499999761581, 3819330.193400003015995 ], [ 8451444.756999999284744, 3819593.752099998295307 ], [ 8451449.848400000482798, 3819695.161399997770786 ], [ 8451443.727400001138449, 3819772.867700003087521 ], [ 8451419.359099999070168, 3819821.901699997484684 ], [ 8451368.256999999284744, 3819898.011500000953674 ], [ 8451298.50279999896884, 3819967.350299999117851 ], [ 8451220.330299999564886, 3820012.166199997067451 ], [ 8451109.076299998909235, 3820060.860600002110004 ], [ 8451093.111000001430511, 3820067.848300002515316 ], [ 8451018.982099998742342, 3820101.314599998295307 ], [ 8450954.028400000184774, 3820128.722999997437 ], [ 8450743.0559, 3820221.062799997627735 ], [ 8450579.138700000941753, 3820299.716499999165535 ], [ 8450474.05290000140667, 3820363.139200001955032 ], [ 8450389.568500000983477, 3820409.573700003325939 ], [ 8450354.774700000882149, 3820428.697200000286102 ], [ 8450226.393699999898672, 3820499.258199997246265 ], [ 8450183.528599999845028, 3820533.915399998426437 ], [ 8450121.3293999992311, 3820618.461999997496605 ], [ 8450029.721400000154972, 3820742.72749999910593 ], [ 8449842.35020000115037, 3821034.008400000631809 ], [ 8449790.271699998527765, 3821125.309000000357628 ], [ 8449777.238499999046326, 3821214.569600000977516 ], [ 8449698.446600001305342, 3821433.54900000244379 ], [ 8449580.726100001484156, 3821760.718900002539158 ], [ 8449542.003100000321865, 3821920.778499998152256 ], [ 8449535.211800001561642, 3822183.097900003194809 ], [ 8449503.529599998146296, 3822278.55290000140667 ], [ 8449480.086300000548363, 3822310.563000001013279 ], [ 8449446.576699998229742, 3822356.0581 ], [ 8449434.864799998700619, 3822426.807899996638298 ], [ 8449414.60080000013113, 3822702.617299996316433 ], [ 8449377.764800000935793, 3822817.177400000393391 ], [ 8449346.531700000166893, 3822889.207099996507168 ], [ 8449312.196199998259544, 3822934.703500002622604 ], [ 8449079.391199998557568, 3823094.464299999177456 ], [ 8448824.3772, 3823205.475900001823902 ], [ 8448769.629999998956919, 3823232.100699998438358 ], [ 8448645.907400000840425, 3823292.269900001585484 ], [ 8448453.161499999463558, 3823379.424400001764297 ], [ 8448364.3268, 3823402.173699997365475 ], [ 8448217.6809, 3823446.851499997079372 ], [ 8448141.428399998694658, 3823482.23589999973774 ], [ 8448079.428100001066923, 3823534.470799997448921 ], [ 8447996.930300001055002, 3823632.27080000191927 ], [ 8447942.469700001180172, 3823715.67230000346899 ], [ 8447896.1261, 3823810.391599997878075 ], [ 8447877.700100000947714, 3823834.399099998176098 ], [ 8447848.790699999779463, 3823902.633500002324581 ], [ 8447735.682100001722574, 3824108.160899996757507 ], [ 8447684.6996, 3824208.267800003290176 ], [ 8447658.722199998795986, 3824249.55629999935627 ], [ 8447556.866900000721216, 3824332.0493 ], [ 8447507.414299998432398, 3824344.308899998664856 ], [ 8447495.688000001013279, 3824347.215899996459484 ], [ 8447441.143800001591444, 3824353.682899996638298 ], [ 8447377.323100000619888, 3824361.249799996614456 ], [ 8447325.890799999237061, 3824386.460799999535084 ], [ 8447288.692299999296665, 3824479.009999997913837 ], [ 8447294.420200001448393, 3824618.354400001466274 ], [ 8447167.181000001728535, 3824727.399800002574921 ], [ 8447067.705400001257658, 3824949.051899999380112 ], [ 8447065.416299998760223, 3824954.152500003576279 ], [ 8447064.716400001198053, 3824955.711999997496605 ], [ 8446826.533500000834465, 3825218.578500002622604 ], [ 8446590.765000000596046, 3825367.76240000128746 ], [ 8446549.981300000101328, 3825482.36150000244379 ], [ 8446350.755100000649691, 3825300.348999999463558 ], [ 8446350.214999999850988, 3825301.232699997723103 ], [ 8446317.521000001579523, 3825338.302500002086163 ], [ 8446274.774099998176098, 3825396.85360000282526 ], [ 8446228.309999998658895, 3825446.423699997365475 ], [ 8446188.085900001227856, 3825502.023999996483326 ], [ 8446059.00620000064373, 3825615.766800001263618 ], [ 8446003.686599999666214, 3825676.421099998056889 ], [ 8445936.307700000703335, 3825767.093900002539158 ], [ 8445894.399099998176098, 3825849.656999997794628 ], [ 8445847.085999999195337, 3825916.701300002634525 ], [ 8445679.527499999850988, 3826154.137699998915195 ], [ 8445614.981899999082088, 3826241.761900000274181 ], [ 8445563.002700001001358, 3826289.777500003576279 ], [ 8445511.030999999493361, 3826327.696599997580051 ], [ 8445315.68019999936223, 3826440.374200001358986 ], [ 8445150.235199999064207, 3826528.071800000965595 ], [ 8444966.55689999833703, 3826622.637900002300739 ], [ 8444760.317699998617172, 3826762.531499996781349 ], [ 8444663.914599999785423, 3826817.278200000524521 ], [ 8444562.161400001496077, 3826884.148900002241135 ], [ 8444500.127399999648333, 3826945.649300001561642 ], [ 8444428.863299999386072, 3826999.565099999308586 ], [ 8444274.479499999433756, 3827178.844200000166893 ], [ 8443970.64750000089407, 3827498.68469999730587 ], [ 8443927.043099999427795, 3827571.20099999755621 ], [ 8443893.306699998676777, 3827627.306400001049042 ], [ 8443834.791799999773502, 3827741.429099999368191 ], [ 8443764.1228, 3827887.513599999248981 ], [ 8443692.832899998873472, 3828034.881700001657009 ], [ 8443598.136199999600649, 3828173.282999999821186 ], [ 8443503.733600001782179, 3828320.74719999730587 ], [ 8443403.43189999833703, 3828524.2324 ], [ 8443350.67339999973774, 3828639.467000000178814 ], [ 8443274.505399998277426, 3828736.467299997806549 ], [ 8443478.430700000375509, 3828885.712700001895428 ], [ 8443434.813499998301268, 3828973.950900003314018 ], [ 8443337.031199999153614, 3829093.368600003421307 ], [ 8443255.233199998736382, 3829209.952600002288818 ], [ 8443178.902300000190735, 3829504.045299999415874 ], [ 8443056.988499999046326, 3829995.465999998152256 ], [ 8442893.375300001353025, 3830328.110299997031689 ], [ 8442653.728000000119209, 3830605.291000001132488 ], [ 8442574.741900000721216, 3830652.930100001394749 ], [ 8442331.678599998354912, 3830799.529200002551079 ], [ 8442329.642099998891354, 3830799.589100003242493 ], [ 8442083.567099999636412, 3830806.829099997878075 ], [ 8441904.245999999344349, 3830677.806400001049042 ], [ 8441845.037200000137091, 3830679.436099998652935 ], [ 8441726.680300001055002, 3830884.009800001978874 ], [ 8441730.793499998748302, 3830991.3279 ], [ 8441734.353199999779463, 3831084.2051 ], [ 8441796.648299999535084, 3831160.409199997782707 ], [ 8442016.469099998474121, 3831132.603900000452995 ], [ 8442303.017900001257658, 3831064.074699997901917 ], [ 8442366.879999998956919, 3831048.80179999768734 ], [ 8442532.362500000745058, 3831096.748700000345707 ], [ 8442621.655900001525879, 3831116.009999997913837 ], [ 8442608.207299999892712, 3831184.981799997389317 ], [ 8442482.15089999884367, 3831472.723099999129772 ], [ 8442401.243000000715256, 3831732.272699996829033 ], [ 8442464.495799999684095, 3832043.766800001263618 ], [ 8442527.872299998998642, 3832125.699400000274181 ], [ 8442616.672800000756979, 3832240.499799996614456 ], [ 8442902.341600000858307, 3832295.48589999973774 ], [ 8442921.64469999819994, 3832306.371299996972084 ], [ 8443139.354100000113249, 3832429.142499998211861 ], [ 8443257.598999999463558, 3832495.82320000231266 ], [ 8443427.690900001674891, 3832596.871299996972084 ], [ 8443605.728500001132488, 3832702.639700002968311 ], [ 8443874.850699998438358, 3832757.101300001144409 ], [ 8443981.281700000166893, 3832778.639499999582767 ], [ 8444020.674100000411272, 3832791.433499999344349 ], [ 8444209.417700000107288, 3832852.734399996697903 ], [ 8444370.440699998289347, 3832960.193099997937679 ], [ 8444528.19649999961257, 3833221.902199998497963 ], [ 8444528.737500000745058, 3833332.709200002253056 ], [ 8444457.007199998944998, 3833749.086099997162819 ], [ 8444449.454, 3834128.5066 ], [ 8444535.131700001657009, 3834203.961199998855591 ], [ 8444680.4087999984622, 3834331.9037000015378 ], [ 8444806.770399998873472, 3834408.61429999768734 ], [ 8445113.570799998939037, 3834594.86429999768734 ], [ 8445600.043200001120567, 3834961.953699998557568 ], [ 8445944.445500001311302, 3835217.577600002288818 ], [ 8446184.117199998348951, 3835465.930500000715256 ], [ 8446365.420400001108646, 3835653.800800003111362 ], [ 8446494.376400001347065, 3835785.993699997663498 ], [ 8446527.50279999896884, 3835898.306000001728535 ], [ 8446592.533900000154972, 3836128.269199997186661 ], [ 8446532.288899999111891, 3836329.874099999666214 ], [ 8446511.014899998903275, 3836401.065800003707409 ], [ 8446478.839200001209974, 3836443.326499998569489 ], [ 8446291.98200000077486, 3836688.750900000333786 ], [ 8446089.048000000417233, 3836919.49379999935627 ], [ 8445921.126400001347065, 3837110.405699998140335 ], [ 8445716.267400000244379, 3837504.295299999415874 ], [ 8445758.476199999451637, 3837684.638700000941753 ], [ 8446021.282499998807907, 3837903.446099996566772 ], [ 8446118.700599998235703, 3837984.554499998688698 ], [ 8446499.078600000590086, 3838066.280000001192093 ], [ 8446546.474399998784065, 3838076.463200002908707 ], [ 8446850.779399998486042, 3838214.381099998950958 ], [ 8446932.4408, 3838336.728699997067451 ], [ 8446951.758900001645088, 3838365.671700000762939 ], [ 8447017.611400000751019, 3838464.33389999717474 ], [ 8447110.931400001049042, 3838723.202200002968311 ], [ 8447177.616900000721216, 3839082.565399996936321 ], [ 8447234.526299998164177, 3839392.983000002801418 ], [ 8447212.549499999731779, 3839611.525399997830391 ], [ 8447181.113299999386072, 3839931.328199997544289 ], [ 8447126.42339999973774, 3840171.336599998176098 ], [ 8447077.819600000977516, 3840384.636100001633167 ], [ 8447030.124099999666214, 3840540.989799998700619 ], [ 8447156.97069999948144, 3840742.367299996316433 ], [ 8447164.053599998354912, 3840746.596199996769428 ], [ 8447288.096500001847744, 3840863.019799999892712 ], [ 8447288.098799999803305, 3840863.021899998188019 ], [ 8447303.150400001555681, 3840877.148999996483326 ], [ 8447422.942499998956919, 3840987.146499998867512 ], [ 8447449.942099999636412, 3841011.938500002026558 ], [ 8447486.179499998688698, 3841025.842399999499321 ], [ 8447724.874000001698732, 3841117.426899999380112 ], [ 8447970.732099998742342, 3841128.471000000834465 ], [ 8448201.178599998354912, 3841046.814000003039837 ], [ 8448238.495900001376867, 3841033.590899996459484 ], [ 8448549.930300001055002, 3840971.274899996817112 ], [ 8448567.726199999451637, 3840967.843099996447563 ], [ 8448653.759399998933077, 3840991.47860000282526 ], [ 8448805.27930000051856, 3841033.104999996721745 ], [ 8448910.29839999973774, 3841061.956399999558926 ], [ 8449122.598099999129772, 3841138.270700000226498 ], [ 8449244.185699999332428, 3841225.73309999704361 ], [ 8449373.710099998861551, 3841378.239600002765656 ], [ 8449437.827500000596046, 3841509.228100001811981 ], [ 8449482.709499999880791, 3841600.91950000077486 ], [ 8449688.814899999648333, 3841947.223399996757507 ], [ 8450030.982900001108646, 3842557.591099999845028 ], [ 8450067.41330000013113, 3842833.93639999628067 ], [ 8450074.845499999821186, 3843210.201399996876717 ], [ 8450169.489199999719858, 3843462.598600000143051 ], [ 8450316.7027000002563, 3843638.528399996459484 ], [ 8450391.974800001829863, 3843692.196099996566772 ], [ 8450633.166400000452995, 3843864.161499999463558 ], [ 8450745.303100001066923, 3843934.619699999690056 ], [ 8450920.717599999159575, 3844044.836800001561642 ], [ 8450912.465300001204014, 3844190.757799997925758 ], [ 8450909.921300001442432, 3844235.741099998354912 ], [ 8450906.711800001561642, 3844292.49379999935627 ], [ 8450968.421799998730421, 3844716.906400002539158 ], [ 8451078.557599999010563, 3844900.348600000143051 ], [ 8451137.954300001263618, 3844999.279600001871586 ], [ 8451145.465300001204014, 3845042.111900001764297 ], [ 8451161.278499998152256, 3845132.288900002837181 ], [ 8451170.891199998557568, 3845187.106600001454353 ], [ 8451179.200899999588728, 3845234.493500001728535 ], [ 8451163.087000001221895, 3845331.365099996328354 ], [ 8451153.775100000202656, 3845387.345399998128414 ], [ 8451121.955800000578165, 3845578.633500002324581 ], [ 8451120.676899999380112, 3845586.321900002658367 ], [ 8450985.893899999558926, 3845733.262299999594688 ], [ 8450905.530499998480082, 3845820.874600000679493 ], [ 8450904.526000000536442, 3845821.969700001180172 ], [ 8450874.941599998623133, 3845991.929399996995926 ], [ 8450879.259399998933077, 3845999.767899997532368 ], [ 8450935.873199999332428, 3846102.538000002503395 ], [ 8450946.024700000882149, 3846120.972599998116493 ], [ 8451039.683600001037121, 3846181.511900000274181 ], [ 8451191.612799998372793, 3846279.715999998152256 ], [ 8451249.582100000232458, 3846391.525100000202656 ], [ 8451214.7346, 3846579.393700003623962 ], [ 8451217.167199999094009, 3846635.522399999201298 ], [ 8451220.596900001168251, 3846714.655599996447563 ], [ 8451437.222300000488758, 3846896.167000003159046 ], [ 8451465.680100001394749, 3846927.99379999935627 ], [ 8451604.877500001341105, 3847083.670800000429153 ], [ 8451642.188700001686811, 3847125.39919999986887 ], [ 8451840.586599998176098, 3847196.13120000064373 ], [ 8451974.813799999654293, 3847090.098099999129772 ], [ 8452022.104200001806021, 3846929.103000000119209 ], [ 8452065.852099999785423, 3846780.167999997735023 ], [ 8452080.153599999845028, 3846731.479999996721745 ], [ 8452161.704100001603365, 3846508.85419999808073 ], [ 8452337.58559999987483, 3846438.412100002169609 ], [ 8452409.697000000625849, 3846451.490099996328354 ], [ 8452430.786200001835823, 3846455.314800001680851 ], [ 8452500.913400001823902, 3846490.792400002479553 ], [ 8452542.055599998682737, 3846543.664200000464916 ], [ 8452556.874600000679493, 3846595.593199998140335 ], [ 8452591.346200000494719, 3846716.388999998569489 ], [ 8452591.6385000012815, 3846717.413199998438358 ], [ 8452591.997499998658895, 3846718.671300001442432 ], [ 8452591.575599998235703, 3846719.598600000143051 ], [ 8452559.379900000989437, 3846790.366300001740456 ], [ 8452505.706000000238419, 3846908.344099998474121 ], [ 8452468.1739999987185, 3846990.840899996459484 ], [ 8452466.7654, 3846993.936800003051758 ], [ 8452466.534000001847744, 3846995.360600002110004 ], [ 8452377.518699999898672, 3847193.282799996435642 ], [ 8452377.384700000286102, 3847193.87049999833107 ], [ 8452375.873500000685453, 3847200.4949000030756 ], [ 8452375.821800000965595, 3847200.721500001847744 ], [ 8452367.133299998939037, 3847220.040700003504753 ], [ 8452356.84569999948144, 3847242.915200002491474 ], [ 8452377.615499999374151, 3847391.838500000536442 ], [ 8452392.709499999880791, 3847420.322400003671646 ], [ 8452481.613099999725819, 3847588.092100001871586 ], [ 8452579.746899999678135, 3847644.583599999547005 ], [ 8452679.014499999582767, 3847701.727700002491474 ], [ 8452751.321899998933077, 3847783.684399999678135 ], [ 8452824.981199998408556, 3847867.173199996352196 ], [ 8452913.227099999785423, 3847967.195000000298023 ], [ 8452932.405099999159575, 3848108.179799996316433 ], [ 8452951.151399999856949, 3848245.990900002419949 ], [ 8452904.5537, 3848457.792599998414516 ], [ 8452919.506400000303984, 3848466.752999998629093 ], [ 8453240.572500001639128, 3848659.150799997150898 ], [ 8453216.550299998372793, 3848697.56700000166893 ], [ 8453167.246800001710653, 3848715.059799998998642 ], [ 8452848.44819999858737, 3848556.262900002300739 ], [ 8452710.698800001293421, 3848487.648500002920628 ], [ 8452645.106100000441074, 3848445.356299996376038 ], [ 8452346.695000000298023, 3848253.229400001466274 ], [ 8452273.585999999195337, 3848202.720899999141693 ], [ 8452138.744800001382828, 3848109.563799999654293 ], [ 8451928.717799998819828, 3848099.980700001120567 ], [ 8451899.267799999564886, 3848098.637000001966953 ], [ 8451630.868700001388788, 3848175.752499997615814 ], [ 8451396.821600001305342, 3848146.975500002503395 ], [ 8451296.495000001043081, 3848187.418700002133846 ], [ 8451205.735599998384714, 3848224.005199998617172 ], [ 8451192.420400001108646, 3848229.3728 ], [ 8451099.7652000002563, 3848370.556599996984005 ], [ 8451113.166600000113249, 3848747.050200000405312 ], [ 8451200.2331000007689, 3848983.989799998700619 ], [ 8451267.869600001722574, 3849199.299900002777576 ], [ 8451268.066399998962879, 3849273.258699998259544 ], [ 8451213.670800000429153, 3849464.295699998736382 ], [ 8451027.376600001007318, 3849593.978299997746944 ], [ 8450754.199999999254942, 3849887.581900000572205 ], [ 8450608.408700000494719, 3849983.00620000064373 ], [ 8450445.313499998301268, 3850095.582400001585484 ], [ 8450433.433400001376867, 3850098.466700002551079 ], [ 8450432.637299999594688, 3850098.989399999380112 ], [ 8450431.652300000190735, 3850099.636200003325939 ], [ 8450159.066199999302626, 3850172.518500000238419 ], [ 8450121.176600001752377, 3850155.144400000572205 ], [ 8449878.095800001174212, 3850043.680799998342991 ], [ 8449845.668800000101328, 3850015.463500000536442 ], [ 8449513.966699998825788, 3849726.822400003671646 ], [ 8449102.698800001293421, 3849251.485100001096725 ], [ 8448772.040300000458956, 3848892.557199999690056 ], [ 8448604.236600000411272, 3848894.114699997007847 ], [ 8448533.724899999797344, 3848920.387199997901917 ], [ 8448382.011599998921156, 3848976.915200002491474 ], [ 8448067.4847999997437, 3849129.895900003612041 ], [ 8447986.274099998176098, 3849230.613399997353554 ], [ 8447963.56980000063777, 3849365.827500000596046 ], [ 8448004.944299999624491, 3849495.020700000226498 ], [ 8448152.589699998497963, 3849649.346199996769428 ], [ 8448246.057500001043081, 3849747.042900003492832 ], [ 8448674.995200000703335, 3850240.4695999994874 ], [ 8448775.974800001829863, 3850635.670699998736382 ], [ 8448762.547400001436472, 3850809.152699999511242 ], [ 8448622.258299998939037, 3851082.393899999558926 ], [ 8448765.582400001585484, 3851330.015000000596046 ], [ 8448982.910900000482798, 3851494.748199999332428 ], [ 8449199.780299998819828, 3851636.79280000180006 ], [ 8449249.034200001507998, 3851738.049099996685982 ], [ 8449208.1587999984622, 3851835.554799996316433 ], [ 8449171.78770000115037, 3851978.433700002729893 ], [ 8449269.475600000470877, 3852117.084600001573563 ], [ 8449416.217199999839067, 3852285.996200002729893 ], [ 8449433.3662, 3852402.490299999713898 ], [ 8449402.613200001418591, 3852494.710600003600121 ], [ 8449245.407299999147654, 3852712.9551 ], [ 8449218.144799999892712, 3853030.76519999653101 ], [ 8449241.199099998921156, 3853147.320299997925758 ], [ 8449290.261100001633167, 3853395.361400000751019 ], [ 8449273.14640000090003, 3853550.727600000798702 ], [ 8449232.797499999403954, 3853917.012199997901917 ], [ 8449422.664200000464916, 3854230.135499998927116 ], [ 8449417.996500000357628, 3854430.005300000309944 ], [ 8449539.650400001555681, 3854744.949000000953674 ], [ 8449569.444600000977516, 3854935.57880000025034 ], [ 8449514.681600000709295, 3855077.14639999717474 ], [ 8449457.145799998193979, 3855146.969499997794628 ], [ 8449276.359700001776218, 3855366.364200003445148 ], [ 8449393.883299998939037, 3855678.313000001013279 ], [ 8449569.8260000012815, 3856091.340700000524521 ], [ 8449665.638099998235703, 3856316.260600000619888 ], [ 8449748.793699998408556, 3856515.132299996912479 ], [ 8450000.901999998837709, 3856849.123000003397465 ], [ 8450076.550999999046326, 3857010.330600000917912 ], [ 8450066.1266999989748, 3857179.765900000929832 ], [ 8450186.41330000013113, 3857318.065999999642372 ], [ 8450301.715599998831749, 3857499.912600003182888 ], [ 8450258.954999998211861, 3857723.9978 ], [ 8450312.496399998664856, 3857915.465899996459484 ], [ 8450604.529899999499321, 3858117.904200002551079 ], [ 8451190.260299999266863, 3858657.69990000128746 ], [ 8451341.343499999493361, 3859032.67679999768734 ], [ 8451491.974700000137091, 3859272.74210000038147 ], [ 8451612.504299998283386, 3859483.2971 ], [ 8451644.199299998581409, 3859768.941799998283386 ], [ 8451645.19539999961853, 3860024.492799997329712 ], [ 8451610.226199999451637, 3860149.748700000345707 ], [ 8451586.493000000715256, 3860234.758400000631809 ], [ 8451665.606100000441074, 3860417.654600001871586 ], [ 8451723.09180000051856, 3860550.551700003445148 ], [ 8451828.444899998605251, 3860715.628100000321865 ], [ 8451859.446400001645088, 3860910.543399997055531 ], [ 8452055.248199999332428, 3861256.104500003159046 ], [ 8452057.050200000405312, 3861586.919399999082088 ], [ 8452045.126200001686811, 3861612.504600003361702 ], [ 8451890.714600000530481, 3861943.822400003671646 ], [ 8451643.332699999213219, 3862246.906199999153614 ], [ 8451628.981899999082088, 3862267.098499998450279 ], [ 8451530.890799999237061, 3862514.103100001811981 ], [ 8451296.153200000524521, 3862779.67790000140667 ], [ 8450982.480500001460314, 3863150.886600002646446 ], [ 8450831.034800000488758, 3863378.943199999630451 ], [ 8450690.339600000530481, 3863596.34179999679327 ], [ 8450575.361999999731779, 3863776.342200003564358 ], [ 8450392.201499998569489, 3863940.824699997901917 ], [ 8450256.888399999588728, 3864147.523400001227856 ], [ 8450183.869600001722574, 3864253.811999998986721 ], [ 8450042.545099999755621, 3864364.903999999165535 ], [ 8449780.366099998354912, 3864535.2820999994874 ], [ 8449586.526200000196695, 3864694.302799999713898 ], [ 8449424.196199998259544, 3864842.828199997544289 ], [ 8449299.104100000113249, 3865022.741999998688698 ], [ 8449231.76630000025034, 3865170.890000000596046 ], [ 8449237.650499999523163, 3865287.420199997723103 ], [ 8449239.849300000816584, 3865352.093000002205372 ], [ 8449243.765000000596046, 3865467.26129999756813 ], [ 8449249.704999998211861, 3865573.034000001847744 ], [ 8449160.9386, 3865626.038199998438358 ], [ 8449060.675999999046326, 3865610.840700000524521 ], [ 8448939.900199998170137, 3865653.413500003516674 ], [ 8448798.391600001603365, 3865791.372299998998642 ], [ 8448697.596500001847744, 3865906.09179999679327 ], [ 8448453.554099999368191, 3866183.84740000218153 ], [ 8448322.280200000852346, 3866295.016599997878075 ], [ 8448118.587799999862909, 3866507.113200001418591 ], [ 8448077.270500000566244, 3866671.627899996936321 ], [ 8447988.741300001740456, 3866888.300800003111362 ], [ 8447974.271499998867512, 3867132.51410000026226 ], [ 8447980.727699998766184, 3867354.799800001084805 ], [ 8448002.531800001859665, 3867487.022100001573563 ], [ 8447987.436799999326468, 3867635.045000001788139 ], [ 8447956.862700000405312, 3867788.922200001776218 ], [ 8448004.713100001215935, 3867936.905000001192093 ], [ 8448036.978999998420477, 3868111.637999996542931 ], [ 8448032.659800000488758, 3868243.630800001323223 ], [ 8447949.482999999076128, 3868455.608199998736382 ], [ 8447903.190000001341105, 3868657.150499999523163 ], [ 8447866.616900000721216, 3868740.484200000762939 ], [ 8447835.795099999755621, 3868810.713299997150898 ], [ 8447873.653299998492002, 3869043.473399996757507 ], [ 8447900.280699998140335, 3869164.996799997985363 ], [ 8447905.947999998927116, 3869212.843800000846386 ], [ 8447774.723999999463558, 3869308.494999997317791 ], [ 8447696.27760000154376, 3869419.546400003135204 ], [ 8447702.550999999046326, 3869567.786799997091293 ], [ 8447697.788800001144409, 3869673.51129999756813 ], [ 8447640.189800001680851, 3869774.585799999535084 ], [ 8447515.064899999648333, 3869944.392200000584126 ], [ 8447436.573300000280142, 3870060.821400001645088 ], [ 8447400.585400000214577, 3870224.836599998176098 ], [ 8447348.454300001263618, 3870404.834399998188019 ], [ 8447180.987700000405312, 3870500.772699996829033 ], [ 8446986.369600001722574, 3870564.806999996304512 ], [ 8446744.440400000661612, 3870591.362499997019768 ], [ 8446581.237399999052286, 3870565.418700002133846 ], [ 8446381.741700001060963, 3870650.307899996638298 ], [ 8446266.220199998468161, 3870698.292599998414516 ], [ 8446019.447599999606609, 3870740.9265 ], [ 8445751.244300000369549, 3870688.95099999755621 ], [ 8445836.320799998939037, 3870969.37219999730587 ], [ 8445805.992800001055002, 3871175.870899997651577 ], [ 8445822.432799998670816, 3871409.082299999892712 ], [ 8445839.599500000476837, 3871620.789899997413158 ], [ 8445598.820999998599291, 3871848.732799999415874 ], [ 8445264.07880000025034, 3872293.975400000810623 ], [ 8445029.083700001239777, 3872643.903800003230572 ], [ 8444899.264800000935793, 3872804.586400002241135 ], [ 8444699.262299999594688, 3873052.138300001621246 ], [ 8444645.52140000090003, 3873133.987199999392033 ], [ 8444524.770700000226498, 3873317.144900001585484 ], [ 8444475.915300000458956, 3873370.87950000166893 ], [ 8444333.954799998551607, 3873527.017499998211861 ], [ 8444093.450300000607967, 3873701.766999997198582 ], [ 8443964.850400000810623, 3873743.040100000798702 ], [ 8443882.766600001603365, 3873757.248700000345707 ], [ 8443756.869100000709295, 3873745.944600000977516 ], [ 8443749.991700001060963, 3873734.338799998164177 ], [ 8443747.272799998521805, 3873729.750600002706051 ], [ 8443665.702799998223782, 3873592.09910000115633 ], [ 8443600.539200000464916, 3873754.689800001680851 ], [ 8443549.887699998915195, 3873816.337899997830391 ], [ 8443532.298300001770258, 3873837.746100001037121 ], [ 8443453.1305, 3873859.742200002074242 ], [ 8443414.125399999320507, 3873875.891599997878075 ], [ 8443413.333500001579523, 3873876.219499997794628 ], [ 8443387.660300001502037, 3873887.480999998748302 ], [ 8443296.999400001019239, 3873934.830300003290176 ], [ 8443272.334199998527765, 3873984.215300001204014 ], [ 8443223.843100000172853, 3874139.189000003039837 ], [ 8443145.4206000007689, 3874329.749300003051758 ], [ 8443078.177499998360872, 3874538.951800003647804 ], [ 8443020.801399998366833, 3874688.461300000548363 ], [ 8442955.2357, 3874721.339900001883507 ], [ 8442840.183400001376867, 3874779.469200000166893 ], [ 8442670.709100000560284, 3874799.439999997615814 ], [ 8442486.806800000369549, 3874843.778800003230572 ], [ 8442363.625599998980761, 3874871.344300001859665 ], [ 8442273.318599998950958, 3874868.715499997138977 ], [ 8442207.254000000655651, 3874885.4408999979496 ], [ 8442144.60190000012517, 3874927.312600001692772 ], [ 8441969.287000000476837, 3874929.874099999666214 ], [ 8441854.102000001817942, 3874913.871500000357628 ], [ 8441843.636700000613928, 3875065.611100003123283 ], [ 8441802.70890000090003, 3875148.325800001621246 ], [ 8441718.697999998927116, 3875277.87049999833107 ], [ 8441664.114, 3875358.067299999296665 ], [ 8441544.502000000327826, 3875480.10419999808073 ], [ 8441489.922600001096725, 3875559.698899999260902 ], [ 8441410.1809, 3875576.892899997532368 ], [ 8441314.375500001013279, 3875596.335100002586842 ], [ 8441262.579700000584126, 3875610.194499999284744 ], [ 8441152.777899999171495, 3875682.116899996995926 ], [ 8441097.980599999427795, 3875727.21000000089407 ], [ 8440975.354299999773502, 3875828.120200000703335 ], [ 8440868.624000001698732, 3875883.925399996340275 ], [ 8440753.635400000959635, 3875928.2871999964118 ], [ 8440632.986000001430511, 3875930.747000001370907 ], [ 8440619.574799999594688, 3875983.224299997091293 ], [ 8440636.573100000619888, 3876113.114 ], [ 8440612.323699999600649, 3876187.6228 ], [ 8440521.892299998551607, 3876295.574000000953674 ], [ 8440505.808200001716614, 3876395.271300002932549 ], [ 8440495.610599998384714, 3876502.787900000810623 ], [ 8440468.2483000010252, 3876599.383299998939037 ], [ 8440408.523600000888109, 3876737.525100000202656 ], [ 8440324.249800000339746, 3876812.063299998641014 ], [ 8440187.525800000876188, 3876908.830200001597404 ], [ 8440042.201400000602007, 3876955.899499997496605 ], [ 8439900.604499999433756, 3876956.923900000751019 ], [ 8439853.176899999380112, 3876958.9070999994874 ], [ 8439765.261199999600649, 3876950.905199997127056 ], [ 8439749.339200001209974, 3877116.361299999058247 ], [ 8439735.375199999660254, 3877212.324799999594688 ], [ 8439706.418999999761581, 3877411.318000003695488 ], [ 8439718.229400001466274, 3877607.534000001847744 ], [ 8439662.810100000351667, 3877980.299900002777576 ], [ 8439651.742400001734495, 3878054.744199998676777 ], [ 8439630.178800001740456, 3878170.537799999117851 ], [ 8439576.085700001567602, 3878355.397699996829033 ], [ 8439478.801300000399351, 3878598.439300000667572 ], [ 8439339.3915, 3878830.324500001966953 ], [ 8439304.461899999529123, 3878990.843800000846386 ], [ 8439279.972500000149012, 3879100.635399997234344 ], [ 8439230.768399998545647, 3879171.327299997210503 ], [ 8439123.693300001323223, 3879273.17230000346899 ], [ 8438971.4353, 3879375.779100000858307 ], [ 8438866.055100001394749, 3879491.985500000417233 ], [ 8438808.782400000840425, 3879521.939800001680851 ], [ 8438757.827500000596046, 3879586.626800000667572 ], [ 8438662.076400000602007, 3879683.195100001990795 ], [ 8438597.354100000113249, 3879744.76349999755621 ], [ 8438549.631799999624491, 3879787.971100002527237 ], [ 8438452.1996, 3879868.368100002408028 ], [ 8438324.390299998223782, 3879956.850100003182888 ], [ 8438223.159099999815226, 3880071.905699998140335 ], [ 8438168.029699999839067, 3880137.755500003695488 ], [ 8438397.855000000447035, 3880175.835100002586842 ], [ 8438516.110300000756979, 3880232.792199999094009 ], [ 8438543.050799999386072, 3880245.986100003123283 ], [ 8438662.32209999859333, 3880370.329000003635883 ], [ 8438737.67790000140667, 3880484.076700001955032 ], [ 8438899.834100000560284, 3880597.448399998247623 ], [ 8439261.059799998998642, 3880818.576999999582767 ], [ 8439508.762299999594688, 3881035.033900000154972 ], [ 8439735.496800001710653, 3881186.092799998819828 ], [ 8439972.589299999177456, 3881299.571099996566772 ], [ 8440075.247900001704693, 3881423.751800000667572 ], [ 8440221.589800000190735, 3881780.998700000345707 ], [ 8440405.713599998503923, 3881996.854400001466274 ], [ 8440497.673099998384714, 3882121.523400001227856 ], [ 8440546.962499998509884, 3882316.385600000619888 ], [ 8440720.626600001007318, 3882776.20160000026226 ], [ 8440721.371899999678135, 3882938.911100000143051 ], [ 8440722.18470000103116, 3883182.371299996972084 ], [ 8440761.149500001221895, 3883231.878100000321865 ], [ 8440862.581000000238419, 3883360.751000002026558 ], [ 8441175.646499998867512, 3883598.174400001764297 ], [ 8441353.54619999974966, 3883771.522900000214577 ], [ 8441402.175599999725819, 3883885.038500003516674 ], [ 8441554.224599998444319, 3884198.720600001513958 ], [ 8441706.339800000190735, 3884501.659199997782707 ], [ 8441884.219399999827147, 3884679.78830000013113 ], [ 8442035.592700000852346, 3884820.593900002539158 ], [ 8442084.2423, 3884934.115099996328354 ], [ 8442101.583099998533726, 3885107.185699999332428 ], [ 8442150.489100001752377, 3885275.158600002527237 ], [ 8442280.391699999570847, 3885426.531499996781349 ], [ 8442458.007399998605251, 3885556.209499999880791 ], [ 8442603.749699998646975, 3885647.900600001215935 ], [ 8442712.395799998193979, 3885869.670699998736382 ], [ 8442734.060600001364946, 3885924.318099997937679 ], [ 8442863.068599998950958, 3885935.087999999523163 ], [ 8443029.881400000303984, 3885891.141500003635883 ], [ 8443239.257199998944998, 3885890.674699999392033 ], [ 8443427.995299998670816, 3885955.822400003671646 ], [ 8443589.489, 3886003.964199997484684 ], [ 8443787.925500001758337, 3885846.625200003385544 ], [ 8443975.1385000012815, 3885678.402199998497963 ], [ 8444270.415199998766184, 3885537.4949000030756 ], [ 8444436.954700000584126, 3885537.204499997198582 ], [ 8444614.5320999994874, 3885580.692800000309944 ], [ 8444792.174899999052286, 3885612.815099999308586 ], [ 8445087.915899999439716, 3885590.348700001835823 ], [ 8445356.7179000005126, 3885497.639300003647804 ], [ 8445807.230700001120567, 3885253.38400000333786 ], [ 8446065.455400001257658, 3885237.136699996888638 ], [ 8446280.669300001114607, 3885252.822200000286102 ], [ 8446480.219999998807907, 3885301.263599999248981 ], [ 8446705.885899998247623, 3885360.098899997770786 ], [ 8446749.056099999696016, 3885300.655599996447563 ], [ 8446839.699299998581409, 3885159.662699997425079 ], [ 8446962.373799998313189, 3884932.194399997591972 ], [ 8447128.100099999457598, 3884763.752700001001358 ], [ 8447369.605399999767542, 3884655.198899999260902 ], [ 8447756.842799998819828, 3884643.635200001299381 ], [ 8447955.427999999374151, 3884551.451700001955032 ], [ 8448136.602200001478195, 3884280.225100003182888 ], [ 8448292.255899999290705, 3884204.418200001120567 ], [ 8448464.126200001686811, 3884101.214900001883507 ], [ 8448706.1798, 3884100.329899996519089 ], [ 8448904.465900000184774, 3884056.580300003290176 ], [ 8449054.857599999755621, 3883963.968400001525879 ], [ 8449349.9507, 3883839.094999998807907 ], [ 8449704.570700000971556, 3883805.659000001847744 ], [ 8450000.636599998921156, 3883821.358800001442432 ], [ 8450140.651700001209974, 3883880.591700002551079 ], [ 8450419.117400001734495, 3883641.878700003027916 ], [ 8450665.686099998652935, 3883468.108599998056889 ], [ 8450911.71680000051856, 3883283.55799999833107 ], [ 8451266.052299998700619, 3883082.568999998271465 ], [ 8451470.196800000965595, 3883049.598800003528595 ], [ 8451743.706799998879433, 3882946.021300002932549 ], [ 8451883.298599999397993, 3882864.652900002896786 ], [ 8452064.469399999827147, 3882571.866400003433228 ], [ 8452127.94370000064373, 3882382.171400003135204 ], [ 8452174.985199999064207, 3882149.284400001168251 ], [ 8452153.104600001126528, 3882019.298100002110004 ], [ 8452307.9879, 3881856.704499997198582 ], [ 8452430.390999998897314, 3881650.77929999679327 ], [ 8452537.199999999254942, 3881471.6316 ], [ 8452589.999000001698732, 3881271.695299997925758 ], [ 8452685.913699999451637, 3881125.366400003433228 ], [ 8452846.0912000015378, 3880859.346699997782707 ], [ 8453011.735800001770258, 3880680.69370000064373 ], [ 8453140.011100001633167, 3880485.585299998521805 ], [ 8453439.299800001084805, 3880214.154200002551079 ], [ 8453749.570099998265505, 3879888.3816 ], [ 8453952.669100001454353, 3879704.053800001740456 ], [ 8454219.658399999141693, 3879351.614399999380112 ], [ 8454412.502300001680851, 3879194.126299999654293 ], [ 8454658.910300001502037, 3879020.3158999979496 ], [ 8454915.305700000375509, 3878754.50450000166893 ], [ 8455108.149599999189377, 3878591.623000003397465 ], [ 8455137.7335, 3878541.713899999856949 ], [ 8455156.1294, 3878510.679300002753735 ], [ 8455431.473099999129772, 3878715.637299999594688 ], [ 8455581.997600000351667, 3878807.15429999679327 ], [ 8455738.77419999986887, 3878952.531900003552437 ], [ 8455873.526999998837709, 3878990.0929000005126 ], [ 8456024.209300000220537, 3879049.313100002706051 ], [ 8456185.97580000013113, 3879151.684299997985363 ], [ 8456262.226700000464916, 3879238.407399997115135 ], [ 8456331.8739, 3879335.843500003218651 ], [ 8456467.219099998474121, 3879492.426399998366833 ], [ 8456580.093100000172853, 3879508.273299999535084 ], [ 8456661.261300001293421, 3879562.144199997186661 ], [ 8456709.756999999284744, 3879610.383299998939037 ], [ 8456807.710700001567602, 3879756.489100001752377 ], [ 8456963.759700000286102, 3879815.744199998676777 ], [ 8457076.779100000858307, 3879804.080200001597404 ], [ 8457093.041400000452995, 3879880.160599999129772 ], [ 8457179.868599999696016, 3879993.290899999439716 ], [ 8457449.395599998533726, 3880187.415600001811981 ], [ 8457643.808499999344349, 3880306.167000003159046 ], [ 8457837.704500000923872, 3880408.182199999690056 ], [ 8458009.52309999987483, 3880407.739 ], [ 8458138.695700000971556, 3880375.264399997889996 ], [ 8458166.083299998193979, 3880488.519000001251698 ], [ 8458285.686200000345707, 3880710.156400002539158 ], [ 8458449.002099998295307, 3881110.380400002002716 ], [ 8458565.756000000983477, 3881289.877599999308586 ], [ 8458578.830800000578165, 3881309.97860000282526 ], [ 8458698.420800000429153, 3881537.015299998223782 ], [ 8458930.483399998396635, 3881623.165200002491474 ], [ 8459005.535500001162291, 3881595.638599999248981 ], [ 8459140.318399999290705, 3881633.177599996328354 ], [ 8459334.506299998611212, 3881805.7588 ], [ 8459555.729400001466274, 3881924.120300002396107 ], [ 8459873.065699998289347, 3881961.259700000286102 ], [ 8460023.180100001394749, 3881993.371500000357628 ], [ 8460099.36540000140667, 3882009.668200001120567 ], [ 8460243.745799999684095, 3882066.200599998235703 ], [ 8460428.173099998384714, 3882138.411100000143051 ], [ 8460704.899399999529123, 3882341.52929999679327 ], [ 8460705.572799999266863, 3882449.203599996864796 ], [ 8460706.764499999582767, 3882448.614600002765656 ], [ 8460943.436799999326468, 3882404.735399998724461 ], [ 8461081.698699999600649, 3882379.099899999797344 ], [ 8461097.618700001388788, 3882409.722000002861023 ], [ 8461218.269900001585484, 3882547.639300003647804 ], [ 8461407.885899998247623, 3882818.265600003302097 ], [ 8461521.422899998724461, 3882954.92960000038147 ], [ 8461688.287999998778105, 3883133.263099998235703 ], [ 8461743.152800001204014, 3883228.798600003123283 ], [ 8461748.126600001007318, 3883235.390600003302097 ], [ 8461799.899399999529123, 3883304.006700001657009 ], [ 8461840.799899999052286, 3883331.837399996817112 ], [ 8461885.537599999457598, 3883345.559399999678135 ], [ 8461954.808299999684095, 3883366.8059 ], [ 8462163.837699998170137, 3883431.788099996745586 ], [ 8462207.099300000816584, 3883463.819700002670288 ], [ 8462278.072999998927116, 3883547.518500000238419 ], [ 8462368.773400001227856, 3883611.015799999237061 ], [ 8462547.243900001049042, 3883726.623499996960163 ], [ 8462649.444200001657009, 3883745.935400001704693 ], [ 8462819.94819999858737, 3883913.535999998450279 ], [ 8462919.098400000482798, 3883957.568099997937679 ], [ 8463263.896999999880791, 3884110.686300002038479 ], [ 8463345.254200000315905, 3884135.829199999570847 ], [ 8463531.183400001376867, 3884185.07150000333786 ], [ 8463738.808400001376867, 3884224.774400003254414 ], [ 8463755.787599999457598, 3884228.020999997854233 ], [ 8463855.567699998617172, 3884257.466899998486042 ], [ 8463916.794599998742342, 3884322.299199998378754 ], [ 8463975.589200001209974, 3884384.555500000715256 ], [ 8463975.611000001430511, 3884384.578500002622604 ], [ 8464031.964499998837709, 3884444.249499998986721 ], [ 8464266.444699998944998, 3884677.517499998211861 ], [ 8464398.8706, 3884856.198299996554852 ], [ 8464520.728000000119209, 3885008.469400003552437 ], [ 8464543.975299999117851, 3885131.299999997019768 ], [ 8464526.681400001049042, 3885276.568499997258186 ], [ 8464458.677299998700619, 3885443.369499996304512 ], [ 8464398.017299998551607, 3885592.155100002884865 ], [ 8464384.613499999046326, 3885664.458099998533726 ], [ 8464397.940999999642372, 3885742.333800002932549 ], [ 8464542.383000001311302, 3886035.407600000500679 ], [ 8464558.7324, 3886104.935199998319149 ], [ 8464634.4353, 3886336.476400002837181 ], [ 8464662.783599998801947, 3886383.957500003278255 ], [ 8464760.475900001823902, 3886487.602099999785423 ], [ 8465010.246599998325109, 3886773.671599999070168 ], [ 8465099.15430000051856, 3886856.443499997258186 ], [ 8465099.188499998301268, 3886856.475299999117851 ], [ 8465162.497299998998642, 3886915.414300002157688 ], [ 8465280.474599998444319, 3886995.047200001776218 ], [ 8465364.15430000051856, 3887051.528999999165535 ], [ 8465620.282000001519918, 3887110.2456 ], [ 8465904.373500000685453, 3887169.752700001001358 ], [ 8466195.645599998533726, 3887203.045999996364117 ], [ 8466195.814100001007318, 3887203.065200001001358 ], [ 8466267.647900000214577, 3887211.275200001895428 ], [ 8466387.661800000816584, 3887246.679899998009205 ], [ 8466475.589800000190735, 3887272.618699997663498 ], [ 8466547.979200001806021, 3887283.108800001442432 ], [ 8466771.0625, 3887315.434399999678135 ], [ 8466908.403200000524521, 3887330.771700002253056 ], [ 8466996.35020000115037, 3887354.745899997651577 ], [ 8467365.210400000214577, 3887487.839599996805191 ], [ 8467501.8429000005126, 3887531.892899997532368 ], [ 8467662.177400000393391, 3887600.059500001370907 ], [ 8467720.228199999779463, 3887660.910700000822544 ], [ 8467772.230099998414516, 3887743.8699000030756 ], [ 8467917.188200000673532, 3887937.009400002658367 ], [ 8468052.074099998921156, 3888119.307700000703335 ], [ 8468054.959899999201298, 3888139.672499999403954 ], [ 8468081.914299998432398, 3888240.410099998116493 ], [ 8468107.067400000989437, 3888342.937600001692772 ], [ 8468185.537399999797344, 3888503.887100003659725 ], [ 8468355.905799999833107, 3888742.102399997413158 ], [ 8468420.672899998724461, 3888983.602600000798702 ], [ 8468433.261599998921156, 3889030.542400002479553 ], [ 8468453.397100001573563, 3889052.831000000238419 ], [ 8468569.167399998754263, 3889092.030799999833107 ], [ 8468569.218899998813868, 3889092.048299998044968 ], [ 8468785.517499998211861, 3889165.284800000488758 ], [ 8469029.685899998992682, 3889253.188199996948242 ], [ 8469301.426600001752377, 3889294.580799996852875 ], [ 8469435.150499999523163, 3889329.031700000166893 ], [ 8469654.469000000506639, 3889386.813500002026558 ], [ 8469982.711300000548363, 3889430.98309999704361 ], [ 8470091.345499999821186, 3889493.985799998044968 ], [ 8470124.460099998861551, 3889546.286799997091293 ], [ 8470125.008299998939037, 3889558.263999998569489 ], [ 8470127.149999998509884, 3889618.130900003015995 ], [ 8470123.311099998652935, 3889686.341600000858307 ], [ 8470057.227200001478195, 3889847.505400002002716 ], [ 8470039.845400001853704, 3890030.557899996638298 ], [ 8470008.899300001561642, 3890333.837300002574921 ], [ 8470112.346200000494719, 3890353.701499998569489 ], [ 8470331.7971, 3890381.549900002777576 ], [ 8470506.644799999892712, 3890404.897399999201298 ], [ 8470770.063299998641014, 3890449.202299997210503 ], [ 8470949.537200000137091, 3890507.896499998867512 ], [ 8471115.919199999421835, 3890566.489799998700619 ], [ 8471336.9358000010252, 3890808.651799999177456 ], [ 8471361.096599999815226, 3890868.674099996685982 ], [ 8471450.066500000655651, 3891098.553599998354912 ], [ 8471533.444299999624491, 3891238.605700001120567 ], [ 8471640.744199998676777, 3891342.309600003063679 ], [ 8471821.648600000888109, 3891654.244000002741814 ], [ 8471890.038699999451637, 3891980.987000003457069 ], [ 8472013.134100001305342, 3892160.231499999761581 ], [ 8472088.510800000280142, 3892370.87950000166893 ], [ 8472126.2434, 3892465.734700001776218 ], [ 8472226.246599998325109, 3892775.948299996554852 ], [ 8472273.861000001430511, 3892931.337999999523163 ], [ 8472337.298500001430511, 3893153.907600000500679 ], [ 8472372.804299999028444, 3893210.431000001728535 ], [ 8472607.203099999576807, 3893552.695500001311302 ], [ 8472700.133200000971556, 3893690.443000003695488 ], [ 8472703.016399998217821, 3893874.2871999964118 ], [ 8472693.999800000339746, 3893897.579700000584126 ], [ 8472656.215999998152256, 3893973.373199999332428 ], [ 8472426.5724, 3894264.049400001764297 ], [ 8472456.55629999935627, 3894361.266400001943111 ], [ 8472603.303199999034405, 3894751.490000002086163 ], [ 8472629.216899998486042, 3894825.909599997103214 ], [ 8472742.160999998450279, 3895183.582699999213219 ], [ 8472780.113099999725819, 3895382.659500002861023 ], [ 8472836.537500001490116, 3895575.872100003063679 ], [ 8472810.2346, 3895766.14919999986887 ], [ 8472812.880100000649691, 3895855.40429999679327 ], [ 8472787.622699998319149, 3895985.909800000488758 ], [ 8472783.1316, 3896009.115099996328354 ], [ 8472785.613600000739098, 3896142.096000000834465 ], [ 8472975.522100001573563, 3896140.360299997031689 ], [ 8473119.530600000172853, 3896155.701499998569489 ], [ 8473254.611200001090765, 3896168.575499996542931 ], [ 8473378.410500001162291, 3896177.774400003254414 ], [ 8473496.131000000983477, 3896219.282799996435642 ], [ 8473639.428899999707937, 3896266.349899999797344 ], [ 8473763.032400000840425, 3896325.258000001311302 ], [ 8473837.910399999469519, 3896360.494599997997284 ], [ 8473995.687800001353025, 3896358.535499997437 ], [ 8474078.97069999948144, 3896373.461199998855591 ], [ 8474257.527499999850988, 3896386.011100001633167 ], [ 8474369.370000001043081, 3896407.106299996376038 ], [ 8474568.19370000064373, 3896411.401500001549721 ], [ 8474720.024599999189377, 3896404.600699998438358 ], [ 8474801.569200001657009, 3896385.23589999973774 ], [ 8474801.627300001680851, 3896385.222099997103214 ], [ 8474803.44200000166893, 3896384.791199997067451 ], [ 8474883.904199998825788, 3896356.55799999833107 ], [ 8475019.102400001138449, 3896340.070100001990795 ], [ 8475166.047200001776218, 3896369.766999997198582 ], [ 8475364.041200000792742, 3896437.532799996435642 ], [ 8475573.971599999815226, 3896502.373099997639656 ], [ 8475803.546100001782179, 3896564.951099999248981 ], [ 8475944.075800001621246, 3896618.583599999547005 ], [ 8475944.114700000733137, 3896618.598399996757507 ], [ 8475950.3935999982059, 3896620.994699999690056 ], [ 8476033.70380000025034, 3896632.904600001871586 ], [ 8476234.959300000220537, 3896622.814400002360344 ], [ 8476319.863499999046326, 3896598.345899999141693 ], [ 8476319.9452, 3896598.322400003671646 ], [ 8476442.340599998831749, 3896563.048600003123283 ], [ 8476553.856699999421835, 3896507.450599998235703 ], [ 8476715.326999999582767, 3896467.752899996936321 ], [ 8476913.8629, 3896382.170500002801418 ], [ 8477097.88459999859333, 3896363.563799999654293 ], [ 8477290.85700000077486, 3896335.430399999022484 ], [ 8477472.547800000756979, 3896301.836099997162819 ], [ 8477754.203600000590086, 3896280.839699998497963 ], [ 8477947.162099998444319, 3896255.704099997878075 ], [ 8478099.594099998474121, 3896245.267200000584126 ], [ 8478291.953099999576807, 3896223.102899998426437 ], [ 8478490.827500000596046, 3896212.958400003612041 ], [ 8478631.337600000202656, 3896208.436200000345707 ], [ 8478777.705899998545647, 3896232.70830000191927 ], [ 8478872.220100000500679, 3896274.011 ], [ 8478909.670299999415874, 3896294.007700003683567 ], [ 8479036.320500001311302, 3896341.4983000010252 ], [ 8479162.325199998915195, 3896402.767899997532368 ], [ 8479294.898499999195337, 3896461.680799998342991 ], [ 8479363.923700001090765, 3896470.485699996352196 ], [ 8479469.713100001215935, 3896526.236599996685982 ], [ 8479619.521600000560284, 3896596.632100000977516 ], [ 8479731.079700000584126, 3896710.513800002634525 ], [ 8479823.008000001311302, 3896823.6787 ], [ 8479945.632199998944998, 3897018.483999997377396 ], [ 8480023.183499999344349, 3897157.9121999964118 ], [ 8480169.002900000661612, 3897361.853299997746944 ], [ 8480280.906100001186132, 3897561.993100002408028 ], [ 8480349.467199999839067, 3897724.73929999768734 ], [ 8480403.951400000602007, 3897820.907399997115135 ], [ 8480486.964999999850988, 3897931.023000001907349 ], [ 8480541.536800000816584, 3897995.450300000607967 ], [ 8480641.995099999010563, 3898050.562399998307228 ], [ 8480799.658399999141693, 3898089.258199997246265 ], [ 8480984.148600000888109, 3898116.718800000846386 ], [ 8481067.470600001513958, 3898128.602899998426437 ], [ 8481153.832699999213219, 3898117.735100001096725 ], [ 8481343.38120000064373, 3898049.378600001335144 ], [ 8481484.6081000007689, 3898012.479999996721745 ], [ 8481625.909200001507998, 3897949.815399996936321 ], [ 8481798.778000000864267, 3897878.367499999701977 ], [ 8482034.805100001394749, 3897795.897600002586842 ], [ 8482179.070900000631809, 3897735.65089999884367 ], [ 8482270.792100001126528, 3897724.80969999730587 ], [ 8482478.0608000010252, 3897699.670100003480911 ], [ 8482563.852899998426437, 3897678.007200002670288 ], [ 8482868.886100001633167, 3897613.299400001764297 ], [ 8483029.763099998235703, 3897570.50900000333786 ], [ 8483182.318900000303984, 3897522.269199997186661 ], [ 8483372.249499998986721, 3897517.980200000107288 ], [ 8483510.373100001364946, 3897521.176100000739098 ], [ 8483657.417199999094009, 3897525.019400000572205 ], [ 8483855.639800000935793, 3897538.136600002646446 ], [ 8484125.9679000005126, 3897530.705399997532368 ], [ 8484329.514499999582767, 3897558.819200001657009 ], [ 8484438.978399999439716, 3897588.197800002992153 ], [ 8484519.285000000149012, 3897612.008500002324581 ], [ 8484594.19200000166893, 3897655.563699997961521 ], [ 8484705.781700000166893, 3897780.790899999439716 ], [ 8484743.148499999195337, 3897833.1199000030756 ], [ 8484863.4983000010252, 3898021.898199997842312 ], [ 8484938.288600001484156, 3898106.176600001752377 ], [ 8485087.2434, 3898286.728799998760223 ], [ 8485119.133900001645088, 3898305.23589999973774 ], [ 8485167.507399998605251, 3898333.308600001037121 ], [ 8485316.761100001633167, 3898406.6338 ], [ 8485429.170099999755621, 3898450.997100003063679 ], [ 8485555.36259999871254, 3898466.077600002288818 ], [ 8485737.088799998164177, 3898420.369400002062321 ], [ 8485852.05629999935627, 3898403.637199997901917 ], [ 8486001.69200000166893, 3898329.595100000500679 ], [ 8486099.446400001645088, 3898289.404899999499321 ], [ 8486235.934599999338388, 3898238.045999996364117 ], [ 8486368.164000000804663, 3898219.603900000452995 ], [ 8486800.964999999850988, 3898170.60419999808073 ], [ 8486813.854400001466274, 3898169.093900002539158 ], [ 8486814.069200001657009, 3898170.095100000500679 ], [ 8486950.995799999684095, 3898180.432700000703335 ], [ 8487173.292899999767542, 3898190.184900000691414 ], [ 8487200.446899998933077, 3898191.37610000371933 ], [ 8487545.222600001841784, 3898174.081200003623962 ], [ 8487828.065000001341105, 3898166.024999998509884 ], [ 8487936.315000001341105, 3898213.937600001692772 ], [ 8488039.645100001245737, 3898324.125600002706051 ], [ 8488105.337400000542402, 3898490.414399996399879 ], [ 8488147.162799999117851, 3898670.950800001621246 ], [ 8488217.342199999839067, 3898951.6941 ], [ 8488255.270199999213219, 3899023.198100000619888 ], [ 8488400.657699998468161, 3899227.661100000143051 ], [ 8488595.047600001096725, 3899364.700800001621246 ], [ 8488608.132399998605251, 3899373.756800003349781 ], [ 8488706.975400000810623, 3899376.086300000548363 ], [ 8488761.129200000315905, 3899388.347199998795986 ], [ 8488805.732599999755621, 3899410.750699996948242 ], [ 8488868.155299998819828, 3899453.028599999845028 ], [ 8488916.889199998229742, 3899497.015500001609325 ], [ 8489055.312399998307228, 3899631.360299997031689 ], [ 8489174.700599998235703, 3899760.200000002980232 ], [ 8489278.581799998879433, 3899898.555500000715256 ], [ 8489320.805799998342991, 3899926.9358000010252 ], [ 8489388.073100000619888, 3899934.472900003194809 ], [ 8489464.849199999123812, 3899954.651900000870228 ], [ 8489580.844000000506639, 3900010.980499997735023 ], [ 8489722.380300000309944, 3900093.213600002229214 ], [ 8489905.662999998778105, 3900152.885899998247623 ], [ 8490004.4276, 3900187.556500002741814 ], [ 8490076.485300000756979, 3900189.72919999808073 ], [ 8490241.565000001341105, 3900135.464199997484684 ], [ 8490355.977299999445677, 3900104.913400001823902 ], [ 8490576.403999999165535, 3900064.108300000429153 ], [ 8490726.991900000721216, 3900096.648299999535084 ], [ 8490918.0168999992311, 3900156.349799998104572 ], [ 8491113.236699998378754, 3900208.278399996459484 ], [ 8491179.853799998760223, 3900245.760799996554852 ], [ 8491276.746300000697374, 3900322.35530000180006 ], [ 8491378.315099999308586, 3900444.49719999730587 ], [ 8491473.682700000703335, 3900684.051100000739098 ], [ 8491506.150600001215935, 3900815.445600003004074 ], [ 8491529.260600000619888, 3901143.914599999785423 ], [ 8491555.323100000619888, 3901486.19879999756813 ], [ 8491593.585299998521805, 3901694.319600000977516 ], [ 8491629.638900000602007, 3902093.004900000989437 ], [ 8491664.593699999153614, 3902183.060000002384186 ], [ 8491733.490600001066923, 3902273.899300001561642 ], [ 8492040.913100000470877, 3902515.171499997377396 ], [ 8492152.172499999403954, 3902569.667499996721745 ], [ 8492226.589200001209974, 3902591.612499997019768 ], [ 8492403.331500001251698, 3902665.620099999010563 ], [ 8492589.60249999910593, 3902743.258900001645088 ], [ 8492750.767299998551607, 3902866.917000003159046 ], [ 8492837.637299999594688, 3902914.0912000015378 ], [ 8492923.951699998229742, 3902939.097300000488758 ], [ 8493028.198399998247623, 3902939.013599999248981 ], [ 8493156.843800000846386, 3902943.85530000180006 ], [ 8493237.035399999469519, 3903348.77589999884367 ], [ 8493255.864399999380112, 3903754.612400002777576 ], [ 8493234.551600001752377, 3903981.062899999320507 ], [ 8493169.198399998247623, 3904189.315399996936321 ], [ 8493118.080200001597404, 3904425.201800003647804 ], [ 8493088.219799999147654, 3904460.418999999761581 ], [ 8492947.497099999338388, 3904522.651000000536442 ], [ 8492797.129000000655651, 3904645.374200001358986 ], [ 8492644.29280000180006, 3904796.856200002133846 ], [ 8492494.432700000703335, 3904954.938900001347065 ], [ 8492470.45160000026226, 3905024.941500000655651 ], [ 8492403.688000001013279, 3905610.237199999392033 ], [ 8492399.047899998724461, 3905834.401600003242493 ], [ 8492412.595600001513958, 3906188.740900002419949 ], [ 8492402.052000001072884, 3906668.859399996697903 ], [ 8492434.980000000447035, 3906875.845100000500679 ], [ 8492495.351100001484156, 3907064.99549999833107 ], [ 8492722.4265, 3907612.895099997520447 ], [ 8492839.621199999004602, 3907994.186999998986721 ], [ 8492904.805300001055002, 3908170.783699996769428 ], [ 8493037.716499999165535, 3908446.043700002133846 ], [ 8493047.703400000929832, 3908518.040500000119209 ], [ 8493038.050700001418591, 3908572.554999999701977 ], [ 8492841.336500000208616, 3908886.95610000193119 ], [ 8492767.190900001674891, 3909006.501299999654293 ], [ 8492936.196199998259544, 3909125.474200002849102 ], [ 8493455.753499999642372, 3909480.034000001847744 ], [ 8493769.285100001841784, 3909753.217799998819828 ], [ 8494059.5724, 3910035.282999999821186 ], [ 8494369.517799999564886, 3910328.837499998509884 ], [ 8494515.81870000064373, 3910498.065200001001358 ], [ 8494623.495200000703335, 3910906.374300003051758 ], [ 8494708.93129999935627, 3911113.088100001215935 ], [ 8494755.927799999713898, 3911160.696800000965595 ], [ 8494922.577599998563528, 3911294.637500002980232 ], [ 8495252.499000001698732, 3911451.564599998295307 ], [ 8495525.261, 3911585.407700002193451 ], [ 8495835.611600000411272, 3911699.043300002813339 ], [ 8495883.221599999815226, 3911743.659500002861023 ], [ 8495898.042199999094009, 3911788.10360000282526 ], [ 8495921.075800001621246, 3911902.763999998569489 ], [ 8495945.434000000357628, 3911946.660099998116493 ], [ 8495949.604699999094009, 3911954.171400003135204 ], [ 8495949.5929000005126, 3911954.189499996602535 ], [ 8495968.022799998521805, 3911987.554799996316433 ], [ 8495991.398600000888109, 3912014.5044 ], [ 8496077.783700000494719, 3912042.504799999296665 ], [ 8496126.18299999833107, 3912052.403300002217293 ], [ 8496126.246899999678135, 3912052.416299998760223 ], [ 8496390.038699999451637, 3912106.363499999046326 ], [ 8496534.219300001859665, 3912153.81870000064373 ], [ 8496727.86879999935627, 3912201.519000001251698 ], [ 8497074.774900000542402, 3912226.531700000166893 ], [ 8497133.7467, 3912245.997400000691414 ], [ 8497186.167100001126528, 3912270.234399996697903 ], [ 8497265.365699999034405, 3912317.978299997746944 ], [ 8497507.427299998700619, 3912653.787100002169609 ], [ 8497681.745400000363588, 3912858.517300002276897 ], [ 8497766.227099999785423, 3912967.473800003528595 ], [ 8498059.707699999213219, 3913225.538000002503395 ], [ 8498201.396499998867512, 3913344.357699997723103 ], [ 8498771.043600000441074, 3913904.803999997675419 ], [ 8498909.135299999266863, 3914052.388899996876717 ], [ 8499244.863699998706579, 3914398.231600001454353 ], [ 8499356.8191, 3914482.709100000560284 ], [ 8499540.318500000983477, 3914579.512999996542931 ], [ 8499783.353500001132488, 3914731.772799998521805 ], [ 8500217.021699998527765, 3915003.64299999922514 ], [ 8500561.916499998420477, 3915237.929700002074242 ], [ 8500971.744199998676777, 3915531.284299999475479 ], [ 8501264.210799999535084, 3915750.930699996650219 ], [ 8501351.211199998855591, 3915792.705799996852875 ], [ 8501369.218800000846386, 3915796.125100001692772 ], [ 8501369.286899998784065, 3915796.137900002300739 ], [ 8501457.924400001764297, 3915812.967500001192093 ], [ 8501586.007599998265505, 3915778.316500000655651 ], [ 8501586.092199999839067, 3915778.293600000441074 ], [ 8501663.129700001329184, 3915757.451700001955032 ], [ 8501737.089699998497963, 3915747.563400000333786 ], [ 8501836.077199999243021, 3915747.383699998259544 ], [ 8501905.222300000488758, 3915762.083400003612041 ], [ 8501973.177700001746416, 3915784.568300001323223 ], [ 8502027.36879999935627, 3915834.000399999320507 ], [ 8502095.83390000090003, 3915918.884099997580051 ], [ 8502164.278499998152256, 3916020.569200001657009 ], [ 8502203.497699998319149, 3916126.927599996328354 ], [ 8502337.181099999696016, 3916497.684600003063679 ], [ 8502407.25620000064373, 3916727.180699996650219 ], [ 8502451.493200000375509, 3916795.927199997007847 ], [ 8502479.269400000572205, 3916839.092799998819828 ], [ 8502789.487300001084805, 3917218.409500002861023 ], [ 8502886.514699999243021, 3917362.829999998211861 ], [ 8502926.306600000709295, 3917401.032700002193451 ], [ 8503003.275400001555681, 3917474.927400000393391 ], [ 8503308.9864999987185, 3917668.8147 ], [ 8503445.974700000137091, 3917812.793300002813339 ], [ 8503572.836100000888109, 3917957.332099996507168 ], [ 8503774.235399998724461, 3918118.98369999974966 ], [ 8503899.990200001746416, 3918194.50789999961853 ], [ 8503959.576499998569489, 3918243.965999998152256 ], [ 8504074.017900001257658, 3918303.839100003242493 ], [ 8504259.427700001746416, 3918375.397799998521805 ], [ 8504433.4934, 3918457.719400003552437 ], [ 8504481.171999998390675, 3918494.519199997186661 ], [ 8504602.709600001573563, 3918614.429200001060963 ], [ 8504936.120200000703335, 3919173.888099998235703 ], [ 8505080.894200000911951, 3919328.104400001466274 ], [ 8505185.69539999961853, 3919499.57320000231266 ], [ 8505260.153400000184774, 3919594.092000000178814 ], [ 8505312.607999999076128, 3919626.703400000929832 ], [ 8505361.712699998170137, 3919631.392899997532368 ], [ 8505515.989599999040365, 3919646.126199997961521 ], [ 8505622.124299999326468, 3919695.750399999320507 ], [ 8505677.542199999094009, 3919752.9912 ], [ 8505736.527199998497963, 3919814.435400001704693 ], [ 8505840.7357, 3919988.305399999022484 ], [ 8505882.170000001788139, 3920029.138999998569489 ], [ 8505934.899999998509884, 3920081.10419999808073 ], [ 8505972.470600001513958, 3920090.245200000703335 ], [ 8506076.871199999004602, 3920077.452799998223782 ], [ 8506346.534499999135733, 3920047.299999997019768 ], [ 8506540.610100001096725, 3920016.526500001549721 ], [ 8506540.744100000709295, 3920016.505300000309944 ], [ 8506653.188299998641014, 3919998.6743 ], [ 8506900.774099998176098, 3919963.622599996626377 ], [ 8507076.739199999719858, 3919980.494599997997284 ], [ 8507128.6085, 3920005.3091000020504 ], [ 8507356.971500001847744, 3920122.006300002336502 ], [ 8507566.597899999469519, 3920227.072700001299381 ], [ 8507566.6118, 3920227.079700000584126 ], [ 8507764.827599998563528, 3920326.423900000751019 ], [ 8507881.854299999773502, 3920197.819300003349781 ], [ 8508011.410700000822544, 3920056.667400002479553 ], [ 8508201.782000001519918, 3919971.551399998366833 ], [ 8508325.311799999326468, 3919906.587200000882149 ], [ 8508369.475400000810623, 3919881.541199997067451 ], [ 8508409.468800000846386, 3919844.476599998772144 ], [ 8508458.410700000822544, 3919801.4463 ], [ 8508502.6081000007689, 3919729.59910000115633 ], [ 8508554.561000000685453, 3919669.3412000015378 ], [ 8508642.913499999791384, 3919566.864200003445148 ], [ 8508728.534000001847744, 3919571.117600001394749 ], [ 8508982.311700001358986, 3919583.722300000488758 ], [ 8509051.522999998182058, 3919558.170800000429153 ], [ 8509229.370799999684095, 3919441.186099998652935 ], [ 8509291.974599998444319, 3919406.103399999439716 ], [ 8509292.001800000667572, 3919406.088200002908707 ], [ 8509342.154399998486042, 3919377.982900001108646 ], [ 8509471.01410000026226, 3919343.04169999808073 ], [ 8509567.647999998182058, 3919340.386200003325939 ], [ 8509711.394000001251698, 3919350.500200003385544 ], [ 8509839.645300000905991, 3919339.561300002038479 ], [ 8509958.924600001424551, 3919361.5962999984622 ], [ 8510028.099599998444319, 3919391.847599998116493 ], [ 8510130.078699998557568, 3919428.830300003290176 ], [ 8510198.047800000756979, 3919452.403800003230572 ], [ 8510198.072299998253584, 3919452.4121999964118 ], [ 8510308.389400001615286, 3919490.672499999403954 ], [ 8510486.738400001078844, 3919497.914800003170967 ], [ 8510580.996599998325109, 3919480.240500003099442 ], [ 8510669.8871, 3919447.539300002157688 ], [ 8510764.773299999535084, 3919370.459700003266335 ], [ 8510885.107999999076128, 3919291.163900002837181 ], [ 8510885.147599998861551, 3919291.137699998915195 ], [ 8510939.616900000721216, 3919255.244099996984005 ], [ 8511018.955800000578165, 3919235.104099996387959 ], [ 8511143.033599998801947, 3919224.734999999403954 ], [ 8511175.015900000929832, 3919223.0945999994874 ], [ 8511175.113200001418591, 3919223.089599996805191 ], [ 8511351.21339999884367, 3919214.055699996650219 ], [ 8511377.685899998992682, 3919215.6908999979496 ], [ 8511377.761500000953674, 3919215.695600003004074 ], [ 8511546.854699999094009, 3919226.138800002634525 ], [ 8511611.260400000959635, 3919233.564000003039837 ], [ 8511728.7588, 3919262.775700002908707 ], [ 8511924.972600001841784, 3919324.657200001180172 ], [ 8512100.898600000888109, 3919386.469999998807907 ], [ 8512326.380800001323223, 3919386.034199997782707 ], [ 8512405.702599998563528, 3919400.70610000193119 ], [ 8512519.015700001269579, 3919437.697999998927116 ], [ 8512658.508900001645088, 3919551.901100002229214 ], [ 8512658.514699999243021, 3919551.905799999833107 ], [ 8512672.854400001466274, 3919563.645700000226498 ], [ 8512712.2212999984622, 3919591.3926 ], [ 8512770.066100001335144, 3919605.986599996685982 ], [ 8512785.114500001072884, 3919607.589400000870228 ], [ 8512886.378199998289347, 3919618.374600000679493 ], [ 8512994.952300000935793, 3919603.130300000309944 ], [ 8513066.547699999064207, 3919577.569300003349781 ], [ 8513239.5625, 3919479.708099998533726 ], [ 8513419.749200001358986, 3919355.466399997472763 ], [ 8513538.313299998641014, 3919294.189300000667572 ], [ 8513538.464099999517202, 3919294.111400000751019 ], [ 8513595.145899999886751, 3919264.816399998962879 ], [ 8513667.586899999529123, 3919243.535499997437 ], [ 8513783.065600000321865, 3919209.610500000417233 ], [ 8513990.64809999987483, 3919171.882100000977516 ], [ 8514200.027899999171495, 3919141.347999997437 ], [ 8514328.861400000751019, 3919128.551600001752377 ], [ 8514379.428199999034405, 3919132.662600003182888 ], [ 8514379.456300001591444, 3919132.664899997413158 ], [ 8514390.302400000393391, 3919133.546700000762939 ], [ 8514469.6294, 3919145.209499999880791 ], [ 8514596.072000000625849, 3919182.817100003361702 ], [ 8514656.304400000721216, 3919222.027000002563 ], [ 8514783.929000001400709, 3919296.251400001347065 ], [ 8514978.357900001108646, 3919427.693400003015995 ], [ 8515125.068599998950958, 3919546.991599999368191 ], [ 8515194.253899998962879, 3919599.417900003492832 ], [ 8515310.554499998688698, 3919662.8081 ], [ 8515493.668200001120567, 3919755.801100000739098 ], [ 8515770.423799999058247, 3919895.909500002861023 ], [ 8516011.385299999266863, 3920067.100699998438358 ], [ 8516163.4835, 3920161.1941 ], [ 8516334.675999999046326, 3920285.963100001215935 ], [ 8516501.689500000327826, 3920422.122100003063679 ], [ 8516825.597100000828505, 3920591.157899998128414 ], [ 8517064.808299999684095, 3920772.542700000107288 ], [ 8517214.5337999984622, 3920870.225400000810623 ], [ 8517289.7029, 3920949.683899998664856 ], [ 8517411.984499998390675, 3921121.1118 ], [ 8517516.385600000619888, 3921261.886100001633167 ], [ 8517555.96000000089407, 3921309.176100000739098 ], [ 8517555.963899999856949, 3921309.180799998342991 ], [ 8517587.384799998253584, 3921346.72749999910593 ], [ 8517682.236699998378754, 3921396.834100000560284 ], [ 8517735.339499998837709, 3921417.393899999558926 ], [ 8518034.821899998933077, 3921373.837600000202656 ], [ 8518193.51069999858737, 3921347.893100000917912 ], [ 8518655.866500001400709, 3921352.811999998986721 ], [ 8518860.947700001299381, 3921378.55179999768734 ], [ 8518861.027800001204014, 3921378.561899997293949 ], [ 8519262.6129, 3921428.956799998879433 ], [ 8519460.096900001168251, 3921474.523500002920628 ], [ 8519840.157699998468161, 3921652.055600002408028 ], [ 8519970.185499999672174, 3921712.925499998033047 ], [ 8520015.567899998277426, 3921734.170400001108646 ], [ 8520145.028599999845028, 3921820.164899997413158 ], [ 8520145.05350000038743, 3921820.181400001049042 ], [ 8520168.915800001472235, 3921836.031800001859665 ], [ 8520351.50789999961853, 3921919.375500001013279 ], [ 8520494.10359999909997, 3921939.563699997961521 ], [ 8520753.641800001263618, 3921978.072599999606609 ], [ 8520963.656199999153614, 3921985.839100003242493 ], [ 8521082.976599998772144, 3921983.149700000882149 ], [ 8521128.314399998635054, 3921972.463299997150898 ], [ 8521137.851700000464916, 3921961.088899999856949 ], [ 8521372.898200001567602, 3921868.048699997365475 ], [ 8521659.832499999552965, 3921760.742399998009205 ], [ 8521666.811200000345707, 3921759.57940000295639 ], [ 8521666.826999999582767, 3921759.576800003647804 ], [ 8521791.081799998879433, 3921738.869300000369549 ], [ 8521891.314899999648333, 3921749.33389999717474 ], [ 8521980.833799999207258, 3921811.98480000346899 ], [ 8522253.968600001186132, 3922128.99379999935627 ], [ 8522307.921399999409914, 3922191.613099999725819 ], [ 8522586.10190000012517, 3922553.719200000166893 ], [ 8522717.41270000115037, 3922687.3213 ], [ 8523028.386199999600649, 3922928.837999999523163 ], [ 8523142.033900000154972, 3923014.673900000751019 ], [ 8523315.48369999974966, 3923145.674900002777576 ], [ 8523448.590300001204014, 3923246.264300003647804 ], [ 8523686.035799998790026, 3923174.786300003528595 ], [ 8523970.585900001227856, 3923052.995300002396107 ], [ 8524162.644900001585484, 3922917.171099998056889 ], [ 8524772.966499999165535, 3922803.936499997973442 ], [ 8525242.523400001227856, 3922774.9912 ], [ 8525428.704100001603365, 3922797.023299999535084 ], [ 8525587.443500000983477, 3922838.804399996995926 ], [ 8525974.688499998301268, 3922856.478399999439716 ], [ 8526139.342700000852346, 3922819.625900000333786 ], [ 8526383.965500000864267, 3922799.146300002932549 ], [ 8526621.340999998152256, 3922666.98139999806881 ], [ 8526728.008299998939037, 3922629.5050999969244 ], [ 8526729.085200000554323, 3922629.1266999989748 ], [ 8526765.691500000655651, 3922616.265299998223782 ], [ 8526916.739599999040365, 3922675.415100000798702 ], [ 8526916.818599998950958, 3922675.446000002324581 ], [ 8526924.445099998265505, 3922678.4324000030756 ], [ 8527083.824700001627207, 3922761.027300000190735 ], [ 8527193.023499999195337, 3922783.462300002574921 ], [ 8527268.200500000268221, 3922776.420699998736382 ], [ 8527364.815400000661612, 3922712.381999999284744 ], [ 8527531.171500001102686, 3922577.652500003576279 ], [ 8527664.1081000007689, 3922443.4529 ], [ 8527687.926899999380112, 3922388.264700002968311 ], [ 8527675.332499999552965, 3922311.395300000905991 ], [ 8527525.150800000876188, 3921790.004000000655651 ], [ 8527464.57149999961257, 3921404.483499996364117 ], [ 8527484.504000000655651, 3920977.124700002372265 ], [ 8527532.098999999463558, 3920823.557300001382828 ], [ 8527672.1184, 3920612.553000003099442 ], [ 8527843.432900000363588, 3920467.912100002169609 ], [ 8527843.453000001609325, 3920467.895099997520447 ], [ 8527892.67790000140667, 3920426.33389999717474 ], [ 8527960.418800000101328, 3920486.632299996912479 ], [ 8528097.458799999207258, 3920608.615099996328354 ], [ 8528187.003199998289347, 3920682.627599999308586 ], [ 8528311.727299999445677, 3920724.902699999511242 ], [ 8528451.290300000458956, 3920701.76860000193119 ], [ 8528668.961599998176098, 3920624.76799999922514 ], [ 8528795.369600001722574, 3920554.183899998664856 ], [ 8528903.243599999696016, 3920451.152400001883507 ], [ 8529045.61089999973774, 3920226.339000001549721 ], [ 8529107.457100000232458, 3920031.38740000128746 ], [ 8529121.594999998807907, 3919850.151000000536442 ], [ 8529090.362300001084805, 3919626.210699997842312 ], [ 8529069.93019999936223, 3919465.319600000977516 ], [ 8529080.446600001305342, 3919243.259199999272823 ], [ 8529096.976199999451637, 3919059.039700001478195 ], [ 8529124.015900000929832, 3918648.575199998915195 ], [ 8529130.9967, 3918469.1503000035882 ], [ 8529479.645399998873472, 3918205.151399999856949 ], [ 8530100.084399998188019, 3917780.82150000333786 ], [ 8530408.1706000007689, 3917547.347599998116493 ], [ 8530446.901500001549721, 3917513.813100002706051 ], [ 8530667.50730000063777, 3917453.588799998164177 ], [ 8530813.638300001621246, 3917474.863799996674061 ], [ 8530975.828899998217821, 3917447.540600001811981 ], [ 8531343.079999998211861, 3917332.365800000727177 ], [ 8531554.669599998742342, 3917228.919600002467632 ], [ 8531726.288499999791384, 3917107.987099997699261 ], [ 8531882.991500001400709, 3916994.244599997997284 ], [ 8532140.507100000977516, 3916898.057499997317791 ], [ 8532229.915500000119209, 3916865.206399999558926 ], [ 8532393.91950000077486, 3916869.069899998605251 ], [ 8532587.7566, 3916884.391999997198582 ], [ 8532735.705200001597404, 3916915.235799998044968 ], [ 8532827.010499998927116, 3916962.79280000180006 ], [ 8532947.597699999809265, 3917060.789499998092651 ], [ 8533097.44200000166893, 3917176.249300003051758 ], [ 8533150.547400001436472, 3917200.341399997472763 ], [ 8533344.39469999819994, 3917214.445699997246265 ], [ 8533523.279199998825788, 3917194.31360000371933 ], [ 8533622.034499999135733, 3917174.102399997413158 ], [ 8533622.057199999690056, 3917174.097800001502037 ], [ 8533718.246100001037121, 3917154.411100000143051 ], [ 8533913.865899998694658, 3917161.304200001060963 ], [ 8533986.682300001382828, 3917205.227899998426437 ], [ 8534076.296100001782179, 3917315.782899998128414 ], [ 8534200.5929000005126, 3917495.988200001418591 ], [ 8534269.897199999541044, 3917581.313799999654293 ], [ 8534567.834699999541044, 3917813.398900002241135 ], [ 8534706.905999999493361, 3917887.415299996733665 ], [ 8534775.015900000929832, 3917975.0574000030756 ], [ 8534775.019799999892712, 3917975.0625 ], [ 8534822.230999998748302, 3918035.812200002372265 ], [ 8534871.853100001811981, 3918112.703599996864796 ], [ 8534942.887699998915195, 3918153.614600002765656 ], [ 8535023.407400000840425, 3918155.521799996495247 ], [ 8535309.610100001096725, 3918098.915100000798702 ], [ 8535725.884799998253584, 3918083.281000003218651 ], [ 8535966.864999998360872, 3918098.0154 ], [ 8536297.431400001049042, 3918188.465899996459484 ], [ 8536534.921, 3918255.39190000295639 ], [ 8537110.156599998474121, 3918422.361900001764297 ], [ 8537301.693500000983477, 3918465.814900003373623 ], [ 8537518.799400001764297, 3918466.080799996852875 ], [ 8537704.878400001674891, 3918460.299400001764297 ], [ 8537895.106100000441074, 3918435.311200000345707 ], [ 8538090.041799999773502, 3918380.323700003325939 ], [ 8538200.9386, 3918352.844300001859665 ], [ 8538576.136399999260902, 3918355.047600001096725 ], [ 8538576.172699999064207, 3918355.047899998724461 ], [ 8538581.47069999948144, 3918355.078900001943111 ], [ 8538975.284800000488758, 3918449.733000002801418 ], [ 8539347.222899999469519, 3918634.982100002467632 ], [ 8539500.751899998635054, 3918770.18299999833107 ], [ 8539663.796700000762939, 3918877.788599997758865 ], [ 8539792.279699999839067, 3919011.160499997437 ], [ 8539857.4386, 3919263.405199997127056 ], [ 8539857.44029999896884, 3919263.411899998784065 ], [ 8539878.815000001341105, 3919346.1570999994874 ], [ 8539893.255800001323223, 3919416.994000002741814 ], [ 8540336.960099998861551, 3919367.620399996638298 ], [ 8540583.940499998629093, 3919384.054700002074242 ], [ 8540781.401700001209974, 3919398.044600002467632 ], [ 8540962.237500000745058, 3919449.83330000191927 ], [ 8541099.554000001400709, 3919510.574100002646446 ], [ 8541168.814899999648333, 3919543.650200001895428 ], [ 8541220.079900000244379, 3919526.285700000822544 ], [ 8541371.359299998730421, 3919408.779399998486042 ], [ 8541717.957699999213219, 3919136.58330000191927 ], [ 8541935.341899998486042, 3918972.309799998998642 ], [ 8542013.374699998646975, 3918924.35530000180006 ], [ 8542092.070900000631809, 3918907.6199000030756 ], [ 8542254.934000000357628, 3918920.959600001573563 ], [ 8542351.627599999308586, 3918948.640100002288818 ], [ 8542550.965799998492002, 3919002.818000003695488 ], [ 8542735.323699999600649, 3919025.157999999821186 ], [ 8542923.830200001597404, 3919036.703299999237061 ], [ 8543380.328699998557568, 3919105.075099997222424 ], [ 8543403.80460000038147, 3919108.590499997138977 ], [ 8543581.876400001347065, 3919135.257399998605251 ], [ 8543576.360300000756979, 3919189.327200002968311 ], [ 8543572.602600000798702, 3919524.7128000035882 ], [ 8543632.755300000309944, 3919712.195699997246265 ], [ 8543698.866799999028444, 3919899.854900002479553 ], [ 8543808.416299998760223, 3920028.873400002717972 ], [ 8543913.396999999880791, 3920109.828400000929832 ], [ 8543958.803399998694658, 3920189.042099997401237 ], [ 8543973.729299999773502, 3920291.330700002610683 ], [ 8543963.264800000935793, 3920446.800499998033047 ], [ 8543945.628899998962879, 3920644.0022 ], [ 8544003.819299999624491, 3920693.63459999859333 ], [ 8544050.95160000026226, 3920721.4265 ], [ 8544185.562800001353025, 3920800.799999997019768 ], [ 8544194.721200000494719, 3920806.004199996590614 ], [ 8544396.751800000667572, 3920920.806699998676777 ], [ 8544603.024700000882149, 3921004.718500003218651 ], [ 8544807.223299998790026, 3921160.467000000178814 ], [ 8544858.595100000500679, 3921239.85700000077486 ], [ 8545010.8114, 3921543.88289999961853 ], [ 8545100.087900001555681, 3921756.19990000128746 ], [ 8545171.319200001657009, 3921973.985100001096725 ], [ 8545280.549499999731779, 3922114.983900003135204 ], [ 8545411.368299998342991, 3922334.509099997580051 ], [ 8545476.647999998182058, 3922552.127300001680851 ], [ 8545551.688900001347065, 3922638.203400000929832 ], [ 8545668.785700000822544, 3922713.51969999819994 ], [ 8545743.3103, 3922817.5574000030756 ], [ 8545764.726799998432398, 3922902.072999998927116 ], [ 8545764.641399998217821, 3923111.802100002765656 ], [ 8545785.712999999523163, 3923208.293799996376038 ], [ 8545892.278799999505281, 3923235.364799998700619 ], [ 8546105.066300000995398, 3923301.479999996721745 ], [ 8546186.24549999833107, 3923381.742899999022484 ], [ 8546266.390599999576807, 3923497.931000001728535 ], [ 8546285.740899998694658, 3923654.299699999392033 ], [ 8546240.405999999493361, 3923778.82599999755621 ], [ 8546241.534499999135733, 3923946.652999997138977 ], [ 8546346.648400001227856, 3924231.367799997329712 ], [ 8546525.000700000673532, 3924458.286499999463558 ], [ 8546631.059000000357628, 3924503.318199999630451 ], [ 8546739.013700000941753, 3924482.482799999415874 ], [ 8546816.4831000007689, 3924484.732799999415874 ], [ 8546826.678300000727177, 3924544.957800000905991 ], [ 8546842.143699999898672, 3924629.307800002396107 ], [ 8546836.630199998617172, 3924820.922700002789497 ], [ 8546880.342099998146296, 3924960.031700000166893 ], [ 8546965.081700000911951, 3925124.305399999022484 ], [ 8546981.065200001001358, 3925190.693899996578693 ], [ 8546940.312699999660254, 3925363.312899999320507 ], [ 8546920.02250000089407, 3925446.628799997270107 ], [ 8546936.797499999403954, 3925692.840499997138977 ], [ 8547073.044100001454353, 3926140.308300003409386 ], [ 8547205.576900001615286, 3926509.762000001966953 ], [ 8547214.331300001591444, 3926827.681800000369549 ], [ 8547149.392400000244379, 3927011.604900002479553 ], [ 8547057.92339999973774, 3927080.876199997961521 ], [ 8546863.7522, 3927132.7971 ], [ 8546835.501899998635054, 3927140.351199999451637 ], [ 8546586.996300000697374, 3927276.986299999058247 ], [ 8546512.886799998581409, 3927364.741800002753735 ], [ 8546499.962200000882149, 3927458.804999999701977 ], [ 8546499.070599999278784, 3927465.293999999761581 ], [ 8546475.152100000530481, 3927639.3699000030756 ], [ 8546431.973000001162291, 3927895.862000003457069 ], [ 8546379.976599998772144, 3928044.205300003290176 ], [ 8546364.777800001204014, 3928157.653999999165535 ], [ 8546349.923799999058247, 3928259.125100001692772 ], [ 8546289.109999999403954, 3928299.317100003361702 ], [ 8546263.050000000745058, 3928296.808899998664856 ], [ 8546250.399700000882149, 3928317.9507 ], [ 8546250.946899998933077, 3928320.510799996554852 ], [ 8546250.9518, 3928320.533500000834465 ], [ 8546257.753699999302626, 3928352.354400001466274 ], [ 8546302.160500001162291, 3928467.538400001823902 ], [ 8546399.697000000625849, 3928602.250600002706051 ], [ 8546503.88569999858737, 3928713.179099999368191 ], [ 8546614.898899998515844, 3928794.333099998533726 ], [ 8546720.469399999827147, 3928857.345100000500679 ], [ 8546802.886999998241663, 3928895.70610000193119 ], [ 8546933.164200000464916, 3928929.46169999986887 ], [ 8547099.379299998283386, 3928958.265100002288818 ], [ 8547301.704599998891354, 3928976.124799996614456 ], [ 8547310.356600001454353, 3928976.375799998641014 ], [ 8547310.544599998742342, 3928976.381300002336502 ], [ 8547397.07880000025034, 3928978.891400001943111 ], [ 8547462.992800001055002, 3928968.814000003039837 ], [ 8547529.594999998807907, 3928934.777900002896786 ], [ 8547596.02479999884963, 3928906.731299996376038 ], [ 8547650.016699999570847, 3928896.307499997317791 ], [ 8547691.570599999278784, 3928903.506399996578693 ], [ 8547839.90430000051856, 3928931.783399999141693 ], [ 8547975.629099998623133, 3928983.671899996697903 ], [ 8548046.300299998372793, 3929015.691699996590614 ], [ 8548131.143899999558926, 3929066.920699998736382 ], [ 8548131.147999998182058, 3929066.93639999628067 ], [ 8548140.128199998289347, 3929072.360100001096725 ], [ 8548216.2456, 3929122.520700000226498 ], [ 8548274.996199999004602, 3929154.194499999284744 ], [ 8548381.434599999338388, 3929187.248499996960163 ], [ 8548493.834600001573563, 3929220.474200002849102 ], [ 8548529.257100000977516, 3929233.488399997353554 ], [ 8548628.362300001084805, 3929314.285700000822544 ], [ 8548682.69819999858737, 3929291.878700003027916 ], [ 8548760.7060999982059, 3929276.150700002908707 ], [ 8548832.581500001251698, 3929266.239500001072884 ], [ 8548916.893399998545647, 3929238.703699998557568 ] ] ] } }
]
}
